evaluation_sample,comparison_id,candidate_id,reference_id,block_id,experiment_arm,primary_atomic,evaluation_checkpoint,metric,better_direction,paired_months,mean_candidate_minus_reference,median_candidate_minus_reference,bootstrap_lower,bootstrap_upper,bootstrap_probability_candidate_better,mean_block_benefit,block_benefit_lower,block_benefit_upper,bootstrap_probability_block_beneficial,centered_two_sided_p_value,block_length_months,calendar_segments,replications,random_seed,holm_adjusted_p_value_price,holm_adjusted_p_value_consumer,holm_adjusted_p_value_business,holm_adjusted_p_value_claims
excluding_2020_03_through_2020_05,all_revised_candidate__vs__partial_only,all_revised_candidate,partial_only,combined,add_one,False,after_employment_situation,hard_quadrant_correct,higher,180,0.0,0.0,-0.027777777777777776,0.027777777777777776,0.4254,0.0,-0.027777777777777776,0.027777777777777776,0.4254,1.0,12,2,5000,20260722,,,,
excluding_2020_03_through_2020_05,all_revised_candidate__vs__student_t_7_combined,all_revised_candidate,student_t_7_combined,combined,add_one,False,after_employment_situation,hard_quadrant_correct,higher,180,-0.005555555555555556,0.0,-0.03333333333333333,0.022222222222222223,0.2604,-0.005555555555555556,-0.03333333333333333,0.022222222222222223,0.2604,0.6844631073785243,12,2,5000,20260722,,,,
excluding_2020_03_through_2020_05,business_activity_only__vs__business_none,business_activity_only,business_none,core_capital_goods_shipments_log_change,add_one,True,after_employment_situation,hard_quadrant_correct,higher,180,0.0,0.0,0.0,0.0,0.0,0.0,0.0,0.0,0.0,1.0,12,2,5000,20260722,,,1.0,
excluding_2020_03_through_2020_05,business_activity_only__vs__business_revised_joint,business_activity_only,business_revised_joint,core_capital_goods_orders_shipments_gap_log_change,leave_one_out,False,after_employment_situation,hard_quadrant_correct,higher,180,0.0,0.0,0.0,0.0,0.0,-0.0,-0.0,0.0,0.0,1.0,12,2,5000,20260722,,,1.0,
excluding_2020_03_through_2020_05,business_pipeline_only__vs__business_none,business_pipeline_only,business_none,core_capital_goods_orders_shipments_gap_log_change,add_one,True,after_employment_situation,hard_quadrant_correct,higher,180,0.0,0.0,0.0,0.0,0.0,0.0,0.0,0.0,0.0,1.0,12,2,5000,20260722,,,1.0,
excluding_2020_03_through_2020_05,business_pipeline_only__vs__business_revised_joint,business_pipeline_only,business_revised_joint,core_capital_goods_shipments_log_change,leave_one_out,False,after_employment_situation,hard_quadrant_correct,higher,180,0.0,0.0,0.0,0.0,0.0,-0.0,-0.0,0.0,0.0,1.0,12,2,5000,20260722,,,1.0,
excluding_2020_03_through_2020_05,business_revised_joint__vs__business_legacy,business_revised_joint,business_legacy,business,add_one,False,after_employment_situation,hard_quadrant_correct,higher,180,0.0,0.0,0.0,0.0,0.0,0.0,0.0,0.0,0.0,1.0,12,2,5000,20260722,,,1.0,
excluding_2020_03_through_2020_05,claims_ccsa_conditional_only__vs__claims_none,claims_ccsa_conditional_only,claims_none,continued_claims_innovation,add_one,True,after_employment_situation,hard_quadrant_correct,higher,180,0.005555555555555556,0.0,-0.016666666666666666,0.03333333333333333,0.5656,0.005555555555555556,-0.016666666666666666,0.03333333333333333,0.5656,0.6814637072585483,12,2,5000,20260722,,,,1.0
excluding_2020_03_through_2020_05,claims_conditional_joint__vs__claims_ccsa_conditional_only,claims_conditional_joint,claims_ccsa_conditional_only,initial_claims_innovation,add_one,True,after_employment_situation,hard_quadrant_correct,higher,180,0.0,0.0,-0.022222222222222223,0.027777777777777776,0.396,0.0,-0.022222222222222223,0.027777777777777776,0.396,1.0,12,2,5000,20260722,,,,1.0
excluding_2020_03_through_2020_05,claims_conditional_joint__vs__claims_icsa_only,claims_conditional_joint,claims_icsa_only,continued_claims_innovation,add_one,True,after_employment_situation,hard_quadrant_correct,higher,180,0.0,0.0,-0.022222222222222223,0.027777777777777776,0.4186,0.0,-0.022222222222222223,0.027777777777777776,0.4186,1.0,12,2,5000,20260722,,,,1.0
excluding_2020_03_through_2020_05,claims_conditional_joint__vs__claims_independent,claims_conditional_joint,claims_independent,claims,add_one,False,after_employment_situation,hard_quadrant_correct,higher,180,0.0,0.0,0.0,0.0,0.0,0.0,0.0,0.0,0.0,1.0,12,2,5000,20260722,,,,1.0
excluding_2020_03_through_2020_05,claims_icsa_only__vs__claims_none,claims_icsa_only,claims_none,initial_claims_innovation,add_one,True,after_employment_situation,hard_quadrant_correct,higher,180,0.005555555555555556,0.0,-0.011111111111111112,0.027777777777777776,0.5976,0.005555555555555556,-0.011111111111111112,0.027777777777777776,0.5976,0.5894821035792841,12,2,5000,20260722,,,,1.0
excluding_2020_03_through_2020_05,claims_independent__vs__claims_icsa_only,claims_independent,claims_icsa_only,continued_claims_innovation,add_one,True,after_employment_situation,hard_quadrant_correct,higher,180,0.0,0.0,-0.022222222222222223,0.022222222222222223,0.4136,0.0,-0.022222222222222223,0.022222222222222223,0.4136,1.0,12,2,5000,20260722,,,,1.0
excluding_2020_03_through_2020_05,consumer_implicit_only__vs__consumer_none,consumer_implicit_only,consumer_none,implicit_retail_price_log_change,add_one,True,after_employment_situation,hard_quadrant_correct,higher,180,0.0,0.0,0.0,0.0,0.0,0.0,0.0,0.0,0.0,1.0,12,2,5000,20260722,,1.0,,
excluding_2020_03_through_2020_05,consumer_real_implicit_joint_only__vs__consumer_revised_full,consumer_real_implicit_joint_only,consumer_revised_full,total_vehicle_unit_sales_log_change,leave_one_out,False,after_employment_situation,hard_quadrant_correct,higher,180,0.005555555555555556,0.0,-0.022222222222222223,0.03333333333333333,0.5828,-0.005555555555555556,-0.03333333333333333,0.022222222222222223,0.2806,0.7066586682663467,12,2,5000,20260722,,1.0,,
excluding_2020_03_through_2020_05,consumer_real_only__vs__consumer_none,consumer_real_only,consumer_none,real_retail_and_food_services_log_change,add_one,True,after_employment_situation,hard_quadrant_correct,higher,180,0.0,0.0,0.0,0.0,0.0,0.0,0.0,0.0,0.0,1.0,12,2,5000,20260722,,1.0,,
excluding_2020_03_through_2020_05,consumer_revised_full__vs__consumer_legacy,consumer_revised_full,consumer_legacy,consumer,add_one,False,after_employment_situation,hard_quadrant_correct,higher,180,-0.005555555555555556,0.0,-0.03333333333333333,0.022222222222222223,0.2872,-0.005555555555555556,-0.03333333333333333,0.022222222222222223,0.2872,0.7060587882423516,12,2,5000,20260722,,1.0,,
excluding_2020_03_through_2020_05,consumer_vehicle_only__vs__consumer_none,consumer_vehicle_only,consumer_none,total_vehicle_unit_sales_log_change,add_one,True,after_employment_situation,hard_quadrant_correct,higher,180,-0.005555555555555556,0.0,-0.03333333333333333,0.022222222222222223,0.2812,-0.005555555555555556,-0.03333333333333333,0.022222222222222223,0.2812,0.7204559088182364,12,2,5000,20260722,,1.0,,
excluding_2020_03_through_2020_05,consumer_without_implicit__vs__consumer_revised_full,consumer_without_implicit,consumer_revised_full,implicit_retail_price_log_change,leave_one_out,False,after_employment_situation,hard_quadrant_correct,higher,180,0.0,0.0,0.0,0.0,0.0,-0.0,-0.0,0.0,0.0,1.0,12,2,5000,20260722,,1.0,,
excluding_2020_03_through_2020_05,consumer_without_real__vs__consumer_revised_full,consumer_without_real,consumer_revised_full,real_retail_and_food_services_log_change,leave_one_out,False,after_employment_situation,hard_quadrant_correct,higher,180,0.0,0.0,0.0,0.0,0.0,-0.0,-0.0,0.0,0.0,1.0,12,2,5000,20260722,,1.0,,
excluding_2020_03_through_2020_05,price_import__vs__structural_reduced_input,price_import,structural_reduced_input,price,add_one,False,after_employment_situation,hard_quadrant_correct,higher,180,0.0,0.0,0.0,0.0,0.0,0.0,0.0,0.0,0.0,1.0,12,2,5000,20260722,1.0,,,
excluding_2020_03_through_2020_05,price_import__vs__structural_reduced_no_price,price_import,structural_reduced_no_price,price,add_one,True,after_employment_situation,hard_quadrant_correct,higher,180,-0.005555555555555556,0.0,-0.016666666666666666,0.0,0.0,-0.005555555555555556,-0.016666666666666666,0.0,0.0,0.27214557088582286,12,2,5000,20260722,0.788242351529694,,,
excluding_2020_03_through_2020_05,structural_reduced_input__vs__structural_reduced_no_price,structural_reduced_input,structural_reduced_no_price,price,add_one,True,after_employment_situation,hard_quadrant_correct,higher,180,-0.005555555555555556,0.0,-0.016666666666666666,0.0,0.0,-0.005555555555555556,-0.016666666666666666,0.0,0.0,0.262747450509898,12,2,5000,20260722,0.788242351529694,,,
excluding_2020_03_through_2020_05,all_revised_candidate__vs__partial_only,all_revised_candidate,partial_only,combined,add_one,False,after_employment_situation,quadrant_brier_distance_to_exact_score_map,lower,180,-0.0005452971641508271,0.0,-0.0016104100608046348,0.0004953007149684363,0.8456,0.0005452971641508271,-0.0004953007149684365,0.0016104100608046348,0.8456,0.3089382123575285,12,2,5000,20260722,,,,
excluding_2020_03_through_2020_05,all_revised_candidate__vs__student_t_7_combined,all_revised_candidate,student_t_7_combined,combined,add_one,False,after_employment_situation,quadrant_brier_distance_to_exact_score_map,lower,180,-0.0005393867056478096,0.0,-0.0014888420236913085,0.00039604024274533513,0.8712,0.0005393867056478096,-0.0003960402427453352,0.001488842023691308,0.8712,0.26194761047790444,12,2,5000,20260722,,,,
excluding_2020_03_through_2020_05,business_activity_only__vs__business_none,business_activity_only,business_none,core_capital_goods_shipments_log_change,add_one,True,after_employment_situation,quadrant_brier_distance_to_exact_score_map,lower,180,-1.2378259055459404e-06,0.0,-3.721018180563797e-06,7.067864858327376e-09,0.7318,1.2378259055459404e-06,-7.067864858327377e-09,3.721018180563797e-06,0.7318,0.4939012197560488,12,2,5000,20260722,,,1.0,
excluding_2020_03_through_2020_05,business_activity_only__vs__business_revised_joint,business_activity_only,business_revised_joint,core_capital_goods_orders_shipments_gap_log_change,leave_one_out,False,after_employment_situation,quadrant_brier_distance_to_exact_score_map,lower,180,5.672001195654031e-07,0.0,-2.3841576941041908e-08,1.7029828521162304e-06,0.2526,5.672001195654031e-07,-2.3841576941041908e-08,1.7029828521162304e-06,0.7474,0.4553089382123575,12,2,5000,20260722,,,1.0,
excluding_2020_03_through_2020_05,business_pipeline_only__vs__business_none,business_pipeline_only,business_none,core_capital_goods_orders_shipments_gap_log_change,add_one,True,after_employment_situation,quadrant_brier_distance_to_exact_score_map,lower,180,-4.006030794420567e-08,0.0,-9.845476805244069e-08,-4.782725403495529e-11,0.9858,4.006030794420567e-08,4.782725403495523e-11,9.845476805244069e-08,0.9858,0.08358328334333133,12,2,5000,20260722,,,0.41791641671665664,
excluding_2020_03_through_2020_05,business_pipeline_only__vs__business_revised_joint,business_pipeline_only,business_revised_joint,core_capital_goods_shipments_log_change,leave_one_out,False,after_employment_situation,quadrant_brier_distance_to_exact_score_map,lower,180,1.764965717167138e-06,0.0,-4.344082338372924e-08,5.341428519238265e-06,0.2968,1.764965717167138e-06,-4.344082338372924e-08,5.341428519238265e-06,0.7032,0.5138972205558888,12,2,5000,20260722,,,1.0,
excluding_2020_03_through_2020_05,business_revised_joint__vs__business_legacy,business_revised_joint,business_legacy,business,add_one,False,after_employment_situation,quadrant_brier_distance_to_exact_score_map,lower,180,-2.5499170599242205e-07,0.0,-7.650616240170679e-07,8.279488867016455e-08,0.868,2.5499170599242205e-07,-8.279488867016455e-08,7.650616240170679e-07,0.868,0.26974605078984204,12,2,5000,20260722,,,1.0,
excluding_2020_03_through_2020_05,claims_ccsa_conditional_only__vs__claims_none,claims_ccsa_conditional_only,claims_none,continued_claims_innovation,add_one,True,after_employment_situation,quadrant_brier_distance_to_exact_score_map,lower,180,-6.860006909765798e-05,0.0,-0.0003982295755027504,0.00028907509107485617,0.642,6.860006909765798e-05,-0.00028907509107485617,0.00039822957550275027,0.642,0.6884623075384922,12,2,5000,20260722,,,,1.0
excluding_2020_03_through_2020_05,claims_conditional_joint__vs__claims_ccsa_conditional_only,claims_conditional_joint,claims_ccsa_conditional_only,initial_claims_innovation,add_one,True,after_employment_situation,quadrant_brier_distance_to_exact_score_map,lower,180,-7.618078219180204e-05,0.0,-0.0003355373656218618,0.00012526269768184668,0.7146,7.618078219180204e-05,-0.00012526269768184676,0.0003355373656218616,0.7146,0.5320935812837433,12,2,5000,20260722,,,,1.0
excluding_2020_03_through_2020_05,claims_conditional_joint__vs__claims_icsa_only,claims_conditional_joint,claims_icsa_only,continued_claims_innovation,add_one,True,after_employment_situation,quadrant_brier_distance_to_exact_score_map,lower,180,-0.00013605739721505122,0.0,-0.0005376171435107124,0.00024893552515849795,0.7472,0.00013605739721505122,-0.00024893552515849854,0.000537617143510712,0.7472,0.5062987402519497,12,2,5000,20260722,,,,1.0
excluding_2020_03_through_2020_05,claims_conditional_joint__vs__claims_independent,claims_conditional_joint,claims_independent,claims,add_one,False,after_employment_situation,quadrant_brier_distance_to_exact_score_map,lower,180,1.0881976795253106e-05,0.0,-2.980020889303875e-05,5.740760507035041e-05,0.32,-1.0881976795253106e-05,-5.740760507035044e-05,2.9800208893038717e-05,0.32,0.6186762647470506,12,2,5000,20260722,,,,1.0
excluding_2020_03_through_2020_05,claims_icsa_only__vs__claims_none,claims_icsa_only,claims_none,initial_claims_innovation,add_one,True,after_employment_situation,quadrant_brier_distance_to_exact_score_map,lower,180,-8.723454074408845e-06,0.0,-0.0002090639051018806,0.0001451580718506373,0.511,8.723454074408845e-06,-0.00014515807185063733,0.0002090639051018805,0.511,0.9250149970005999,12,2,5000,20260722,,,,1.0
excluding_2020_03_through_2020_05,claims_independent__vs__claims_icsa_only,claims_independent,claims_icsa_only,continued_claims_innovation,add_one,True,after_employment_situation,quadrant_brier_distance_to_exact_score_map,lower,180,-0.0001469393740103043,0.0,-0.0005480486023261141,0.0002558375824002237,0.7604,0.0001469393740103043,-0.0002558375824002238,0.0005480486023261141,0.7604,0.48170365926814634,12,2,5000,20260722,,,,1.0
excluding_2020_03_through_2020_05,consumer_implicit_only__vs__consumer_none,consumer_implicit_only,consumer_none,implicit_retail_price_log_change,add_one,True,after_employment_situation,quadrant_brier_distance_to_exact_score_map,lower,180,-1.7279475844897985e-05,0.0,-6.161744235874951e-05,2.0656141797913645e-05,0.692,1.7279475844897985e-05,-2.0656141797913648e-05,6.161744235874943e-05,0.692,0.5478904219156169,12,2,5000,20260722,,1.0,,
excluding_2020_03_through_2020_05,consumer_real_implicit_joint_only__vs__consumer_revised_full,consumer_real_implicit_joint_only,consumer_revised_full,total_vehicle_unit_sales_log_change,leave_one_out,False,after_employment_situation,quadrant_brier_distance_to_exact_score_map,lower,180,0.00036373798152525717,0.0,-0.0004267833650702604,0.001255507201994619,0.2104,0.00036373798152525717,-0.0004267833650702604,0.001255507201994619,0.7896,0.40311937612477505,12,2,5000,20260722,,1.0,,
excluding_2020_03_through_2020_05,consumer_real_only__vs__consumer_none,consumer_real_only,consumer_none,real_retail_and_food_services_log_change,add_one,True,after_employment_situation,quadrant_brier_distance_to_exact_score_map,lower,180,-7.65904312259996e-06,0.0,-4.439919191428817e-05,2.9240085000645646e-05,0.6676,7.65904312259996e-06,-2.9240085000645714e-05,4.439919191428816e-05,0.6676,0.672865426914617,12,2,5000,20260722,,1.0,,
excluding_2020_03_through_2020_05,consumer_revised_full__vs__consumer_legacy,consumer_revised_full,consumer_legacy,consumer,add_one,False,after_employment_situation,quadrant_brier_distance_to_exact_score_map,lower,180,-0.0003851570657229604,0.0,-0.0012499348777010313,0.0003733084798075802,0.8142,0.0003851570657229604,-0.00037330847980758026,0.001249934877701031,0.8142,0.3649270145970806,12,2,5000,20260722,,1.0,,
excluding_2020_03_through_2020_05,consumer_vehicle_only__vs__consumer_none,consumer_vehicle_only,consumer_none,total_vehicle_unit_sales_log_change,add_one,True,after_employment_situation,quadrant_brier_distance_to_exact_score_map,lower,180,-0.00036618110341413087,0.0,-0.0012672806318588848,0.000401382536084657,0.8006,0.00036618110341413087,-0.0004013825360846571,0.0012672806318588848,0.8006,0.39892021595680865,12,2,5000,20260722,,1.0,,
excluding_2020_03_through_2020_05,consumer_without_implicit__vs__consumer_revised_full,consumer_without_implicit,consumer_revised_full,implicit_retail_price_log_change,leave_one_out,False,after_employment_situation,quadrant_brier_distance_to_exact_score_map,lower,180,2.9545891184605803e-05,0.0,-1.4931913632084934e-05,9.159680946821909e-05,0.1392,2.9545891184605803e-05,-1.4931913632084934e-05,9.159680946821909e-05,0.8608,0.27974405118976203,12,2,5000,20260722,,1.0,,
excluding_2020_03_through_2020_05,consumer_without_real__vs__consumer_revised_full,consumer_without_real,consumer_revised_full,real_retail_and_food_services_log_change,leave_one_out,False,after_employment_situation,quadrant_brier_distance_to_exact_score_map,lower,180,2.17485658592792e-05,0.0,-1.8890523330464966e-05,8.008847938716446e-05,0.2102,2.17485658592792e-05,-1.8890523330464966e-05,8.008847938716446e-05,0.7898,0.4165166966606679,12,2,5000,20260722,,1.0,,
excluding_2020_03_through_2020_05,price_import__vs__structural_reduced_input,price_import,structural_reduced_input,price,add_one,False,after_employment_situation,quadrant_brier_distance_to_exact_score_map,lower,180,-6.604402168838966e-05,0.0,-0.0002086908469831923,2.054881607298782e-05,0.7274,6.604402168838966e-05,-2.054881607298783e-05,0.0002086908469831923,0.7274,0.48470305938812236,12,2,5000,20260722,1.0,,,
excluding_2020_03_through_2020_05,price_import__vs__structural_reduced_no_price,price_import,structural_reduced_no_price,price,add_one,True,after_employment_situation,quadrant_brier_distance_to_exact_score_map,lower,180,-4.113734666980499e-05,0.0,-0.00014411844441306656,2.454488525805825e-05,0.74,4.113734666980499e-05,-2.4544885258058252e-05,0.00014411844441306656,0.74,0.48170365926814634,12,2,5000,20260722,1.0,,,
excluding_2020_03_through_2020_05,structural_reduced_input__vs__structural_reduced_no_price,structural_reduced_input,structural_reduced_no_price,price,add_one,True,after_employment_situation,quadrant_brier_distance_to_exact_score_map,lower,180,2.490667501858469e-05,0.0,-2.5549340756579287e-08,7.474959576457913e-05,0.2544,-2.490667501858469e-05,-7.474959576457913e-05,2.554934075657927e-08,0.2544,0.45870825834833034,12,2,5000,20260722,1.0,,,
excluding_2020_03_through_2020_05,all_revised_candidate__vs__partial_only,all_revised_candidate,partial_only,combined,add_one,False,after_employment_situation,quadrant_cross_entropy_to_exact_score_map,lower,180,-0.0012619378841647144,0.0,-0.00329986040484054,0.00042561048719933387,0.921,0.0012619378841647144,-0.00042561048719933436,0.00329986040484054,0.921,0.1801639672065587,12,2,5000,20260722,,,,
excluding_2020_03_through_2020_05,all_revised_candidate__vs__student_t_7_combined,all_revised_candidate,student_t_7_combined,combined,add_one,False,after_employment_situation,quadrant_cross_entropy_to_exact_score_map,lower,180,-0.0011319702293360095,0.0,-0.0029193142086274895,0.000432074803524515,0.9178,0.0011319702293360095,-0.0004320748035245155,0.0029193142086274895,0.9178,0.1767646470705859,12,2,5000,20260722,,,,
excluding_2020_03_through_2020_05,business_activity_only__vs__business_none,business_activity_only,business_none,core_capital_goods_shipments_log_change,add_one,True,after_employment_situation,quadrant_cross_entropy_to_exact_score_map,lower,180,-2.5298538986627694e-06,0.0,-7.606710657456001e-06,1.9559075103872955e-08,0.756,2.5298538986627694e-06,-1.955907510387297e-08,7.606710657456001e-06,0.756,0.4465106978604279,12,2,5000,20260722,,,1.0,
excluding_2020_03_through_2020_05,business_activity_only__vs__business_revised_joint,business_activity_only,business_revised_joint,core_capital_goods_orders_shipments_gap_log_change,leave_one_out,False,after_employment_situation,quadrant_cross_entropy_to_exact_score_map,lower,180,1.1559439604341076e-06,0.0,-4.902719259375353e-08,3.4729830500868393e-06,0.3268,1.1559439604341076e-06,-4.902719259375353e-08,3.4729830500868393e-06,0.6732,0.5722855428914218,12,2,5000,20260722,,,1.0,
excluding_2020_03_through_2020_05,business_pipeline_only__vs__business_none,business_pipeline_only,business_none,core_capital_goods_orders_shipments_gap_log_change,add_one,True,after_employment_situation,quadrant_cross_entropy_to_exact_score_map,lower,180,-8.291654779600686e-08,0.0,-2.093791261405011e-07,-8.76814123159286e-11,0.9846,8.291654779600686e-08,8.768141231592836e-11,2.093791261405011e-07,0.9846,0.08978204359128174,12,2,5000,20260722,,,0.4489102179564087,
excluding_2020_03_through_2020_05,business_pipeline_only__vs__business_revised_joint,business_pipeline_only,business_revised_joint,core_capital_goods_shipments_log_change,leave_one_out,False,after_employment_situation,quadrant_cross_entropy_to_exact_score_map,lower,180,3.60288131130087e-06,0.0,-1.0139407494435628e-07,1.093027155720308e-05,0.2986,3.60288131130087e-06,-1.0139407494435628e-07,1.093027155720308e-05,0.7014,0.5142971405718856,12,2,5000,20260722,,,1.0,
excluding_2020_03_through_2020_05,business_revised_joint__vs__business_legacy,business_revised_joint,business_legacy,business,add_one,False,after_employment_situation,quadrant_cross_entropy_to_exact_score_map,lower,180,-5.197123975696987e-07,0.0,-1.559373552368749e-06,1.6957005881353587e-07,0.842,5.197123975696987e-07,-1.695700588135359e-07,1.559373552368749e-06,0.842,0.3007398520295941,12,2,5000,20260722,,,1.0,
excluding_2020_03_through_2020_05,claims_ccsa_conditional_only__vs__claims_none,claims_ccsa_conditional_only,claims_none,continued_claims_innovation,add_one,True,after_employment_situation,quadrant_cross_entropy_to_exact_score_map,lower,180,-0.0001660625569328802,0.0,-0.0007248460107866436,0.0003625810393713903,0.7136,0.0001660625569328802,-0.0003625810393713903,0.0007248460107866432,0.7136,0.555488902219556,12,2,5000,20260722,,,,1.0
excluding_2020_03_through_2020_05,claims_conditional_joint__vs__claims_ccsa_conditional_only,claims_conditional_joint,claims_ccsa_conditional_only,initial_claims_innovation,add_one,True,after_employment_situation,quadrant_cross_entropy_to_exact_score_map,lower,180,-0.0002304145796948419,0.0,-0.0006504959217198585,0.00014516760778213468,0.8682,0.0002304145796948419,-0.0001451676077821348,0.0006504959217198584,0.8682,0.26914617076584685,12,2,5000,20260722,,,,1.0
excluding_2020_03_through_2020_05,claims_conditional_joint__vs__claims_icsa_only,claims_conditional_joint,claims_icsa_only,continued_claims_innovation,add_one,True,after_employment_situation,quadrant_cross_entropy_to_exact_score_map,lower,180,-0.00025947822849922296,0.0,-0.0008127439685219081,0.00024021899979158068,0.832,0.00025947822849922296,-0.00024021899979158074,0.0008127439685219077,0.832,0.34293141371725655,12,2,5000,20260722,,,,1.0
excluding_2020_03_through_2020_05,claims_conditional_joint__vs__claims_independent,claims_conditional_joint,claims_independent,claims,add_one,False,after_employment_situation,quadrant_cross_entropy_to_exact_score_map,lower,180,1.4388780693562938e-05,0.0,-6.368257662996869e-05,9.984199736753608e-05,0.3826,-1.4388780693562938e-05,-9.984199736753614e-05,6.368257662996867e-05,0.3826,0.7208558288342332,12,2,5000,20260722,,,,1.0
excluding_2020_03_through_2020_05,claims_icsa_only__vs__claims_none,claims_icsa_only,claims_none,initial_claims_innovation,add_one,True,after_employment_situation,quadrant_cross_entropy_to_exact_score_map,lower,180,-0.00013699890812849915,0.0,-0.0005209161790145771,0.0001896032836729704,0.7662,0.00013699890812849915,-0.00018960328367297047,0.000520916179014577,0.7662,0.4657068586282743,12,2,5000,20260722,,,,1.0
excluding_2020_03_through_2020_05,claims_independent__vs__claims_icsa_only,claims_independent,claims_icsa_only,continued_claims_innovation,add_one,True,after_employment_situation,quadrant_cross_entropy_to_exact_score_map,lower,180,-0.0002738670091927859,0.0,-0.0008157249974993225,0.000250568829862544,0.8416,0.0002738670091927859,-0.00025056882986254425,0.0008157249974993223,0.8416,0.3243351329734053,12,2,5000,20260722,,,,1.0
excluding_2020_03_through_2020_05,consumer_implicit_only__vs__consumer_none,consumer_implicit_only,consumer_none,implicit_retail_price_log_change,add_one,True,after_employment_situation,quadrant_cross_entropy_to_exact_score_map,lower,180,-3.304524412020868e-05,0.0,-0.00011348558751478297,4.443172855139305e-05,0.6806,3.304524412020868e-05,-4.443172855139305e-05,0.00011348558751478297,0.6806,0.5614877024595081,12,2,5000,20260722,,1.0,,
excluding_2020_03_through_2020_05,consumer_real_implicit_joint_only__vs__consumer_revised_full,consumer_real_implicit_joint_only,consumer_revised_full,total_vehicle_unit_sales_log_change,leave_one_out,False,after_employment_situation,quadrant_cross_entropy_to_exact_score_map,lower,180,0.0007892081282990546,0.0,-0.0007207408724639175,0.0026133175190334265,0.1918,0.0007892081282990546,-0.0007207408724639175,0.0026133175190334265,0.8082,0.3667266546690662,12,2,5000,20260722,,1.0,,
excluding_2020_03_through_2020_05,consumer_real_only__vs__consumer_none,consumer_real_only,consumer_none,real_retail_and_food_services_log_change,add_one,True,after_employment_situation,quadrant_cross_entropy_to_exact_score_map,lower,180,-1.6839760532495287e-05,0.0,-9.493164778915498e-05,5.183757548092377e-05,0.6764,1.6839760532495287e-05,-5.183757548092391e-05,9.493164778915498e-05,0.6764,0.6566686662667467,12,2,5000,20260722,,1.0,,
excluding_2020_03_through_2020_05,consumer_revised_full__vs__consumer_legacy,consumer_revised_full,consumer_legacy,consumer,add_one,False,after_employment_situation,quadrant_cross_entropy_to_exact_score_map,lower,180,-0.0008335815358390989,0.0,-0.0026151530009526987,0.0006582194054567193,0.8312,0.0008335815358390989,-0.0006582194054567194,0.0026151530009526974,0.8312,0.3291341731653669,12,2,5000,20260722,,1.0,,
excluding_2020_03_through_2020_05,consumer_vehicle_only__vs__consumer_none,consumer_vehicle_only,consumer_none,total_vehicle_unit_sales_log_change,add_one,True,after_employment_situation,quadrant_cross_entropy_to_exact_score_map,lower,180,-0.000789366550325422,0.0,-0.002593458638876656,0.0006769727956958175,0.8128,0.000789366550325422,-0.0006769727956958177,0.002593458638876656,0.8128,0.3697260547890422,12,2,5000,20260722,,1.0,,
excluding_2020_03_through_2020_05,consumer_without_implicit__vs__consumer_revised_full,consumer_without_implicit,consumer_revised_full,implicit_retail_price_log_change,leave_one_out,False,after_employment_situation,quadrant_cross_entropy_to_exact_score_map,lower,180,6.320588293564356e-05,0.0,-3.613706289661638e-05,0.00019851545017126958,0.153,6.320588293564356e-05,-3.613706289661638e-05,0.00019851545017126958,0.847,0.2989402119576085,12,2,5000,20260722,,1.0,,
excluding_2020_03_through_2020_05,consumer_without_real__vs__consumer_revised_full,consumer_without_real,consumer_revised_full,real_retail_and_food_services_log_change,leave_one_out,False,after_employment_situation,quadrant_cross_entropy_to_exact_score_map,lower,180,4.7163031383197035e-05,0.0,-4.0016911264533285e-05,0.000169862725614985,0.2208,4.7163031383197035e-05,-4.0016911264533285e-05,0.000169862725614985,0.7792,0.42231553689262147,12,2,5000,20260722,,1.0,,
excluding_2020_03_through_2020_05,price_import__vs__structural_reduced_input,price_import,structural_reduced_input,price,add_one,False,after_employment_situation,quadrant_cross_entropy_to_exact_score_map,lower,180,-0.00013041057702312952,0.0,-0.00042104174517914824,4.763286865940524e-05,0.7146,0.00013041057702312952,-4.763286865940526e-05,0.0004210417451791482,0.7146,0.509498100379924,12,2,5000,20260722,1.0,,,
excluding_2020_03_through_2020_05,price_import__vs__structural_reduced_no_price,price_import,structural_reduced_no_price,price,add_one,True,after_employment_situation,quadrant_cross_entropy_to_exact_score_map,lower,180,-7.809259707990987e-05,0.0,-0.00027688593133661936,5.857058407668727e-05,0.7056,7.809259707990987e-05,-5.85705840766873e-05,0.00027688593133661936,0.7056,0.520495900819836,12,2,5000,20260722,1.0,,,
excluding_2020_03_through_2020_05,structural_reduced_input__vs__structural_reduced_no_price,structural_reduced_input,structural_reduced_no_price,price,add_one,True,after_employment_situation,quadrant_cross_entropy_to_exact_score_map,lower,180,5.231797994321965e-05,0.0,-4.739475340116551e-08,0.00015701276516678287,0.2612,-5.231797994321965e-05,-0.00015701276516678287,4.7394753401165503e-08,0.2612,0.46230753849230155,12,2,5000,20260722,1.0,,,
excluding_2020_03_through_2020_05,all_revised_candidate__vs__partial_only,all_revised_candidate,partial_only,combined,add_one,False,after_employment_situation,score_center_negative_log_predictive_density,lower,180,-0.011592250002351243,-4.440892098500626e-16,-0.016299527847326793,-0.007106484682658915,1.0,0.011592250002351243,0.007106484682658914,0.01629952784732679,1.0,0.0001999600079984003,12,2,5000,20260722,,,,
excluding_2020_03_through_2020_05,all_revised_candidate__vs__student_t_7_combined,all_revised_candidate,student_t_7_combined,combined,add_one,False,after_employment_situation,score_center_negative_log_predictive_density,lower,180,-0.008593375210902199,-4.440892098500626e-16,-0.013917852833968451,-0.0033036097103601027,1.0,0.008593375210902199,0.0033036097103601,0.013917852833968448,1.0,0.0011997600479904018,12,2,5000,20260722,,,,
excluding_2020_03_through_2020_05,business_activity_only__vs__business_none,business_activity_only,business_none,core_capital_goods_shipments_log_change,add_one,True,after_employment_situation,score_center_negative_log_predictive_density,lower,180,-6.405011694686954e-06,0.0,-1.9244604261964017e-05,4.4918726439694133e-08,0.8062,6.405011694686954e-06,-4.491872643969416e-08,1.9244604261964017e-05,0.8062,0.3665266946610678,12,2,5000,20260722,,,1.0,
excluding_2020_03_through_2020_05,business_activity_only__vs__business_revised_joint,business_activity_only,business_revised_joint,core_capital_goods_orders_shipments_gap_log_change,leave_one_out,False,after_employment_situation,score_center_negative_log_predictive_density,lower,180,3.8144315828936294e-06,0.0,-1.0809920640634456e-07,1.1474030097563668e-05,0.333,3.8144315828936294e-06,-1.0809920640634456e-07,1.1474030097563668e-05,0.667,0.5812837432513497,12,2,5000,20260722,,,1.0,
excluding_2020_03_through_2020_05,business_pipeline_only__vs__business_none,business_pipeline_only,business_none,core_capital_goods_orders_shipments_gap_log_change,add_one,True,after_employment_situation,score_center_negative_log_predictive_density,lower,180,-2.828593644623672e-07,0.0,-7.197608583630433e-07,4.367880514337838e-10,0.9576,2.828593644623672e-07,-4.367880514337853e-10,7.197608583630433e-07,0.9576,0.1231753649270146,12,2,5000,20260722,,,0.615876824635073,
excluding_2020_03_through_2020_05,business_pipeline_only__vs__business_revised_joint,business_pipeline_only,business_revised_joint,core_capital_goods_shipments_log_change,leave_one_out,False,after_employment_situation,score_center_negative_log_predictive_density,lower,180,9.936583913118216e-06,0.0,-3.059610499405012e-07,3.018549993566439e-05,0.2744,9.936583913118216e-06,-3.059610499405012e-07,3.018549993566439e-05,0.7256,0.5002999400119976,12,2,5000,20260722,,,1.0,
excluding_2020_03_through_2020_05,business_revised_joint__vs__business_legacy,business_revised_joint,business_legacy,business,add_one,False,after_employment_situation,score_center_negative_log_predictive_density,lower,180,-1.885678490703054e-06,0.0,-5.663333486219468e-06,3.5606996370451945e-07,0.7054,1.885678490703054e-06,-3.5606996370451945e-07,5.663333486219468e-06,0.7054,0.5148970205958808,12,2,5000,20260722,,,1.0,
excluding_2020_03_through_2020_05,claims_ccsa_conditional_only__vs__claims_none,claims_ccsa_conditional_only,claims_none,continued_claims_innovation,add_one,True,after_employment_situation,score_center_negative_log_predictive_density,lower,180,-0.0025358050728989602,0.0,-0.00571632998569788,0.0024280696136132845,0.8632,0.0025358050728989602,-0.0024280696136132875,0.005716329985697878,0.8632,0.23295340931813638,12,2,5000,20260722,,,,0.3011397720455909
excluding_2020_03_through_2020_05,claims_conditional_joint__vs__claims_ccsa_conditional_only,claims_conditional_joint,claims_ccsa_conditional_only,initial_claims_innovation,add_one,True,after_employment_situation,score_center_negative_log_predictive_density,lower,180,-0.0033179089933109583,0.0,-0.004739426104754488,-0.0018256504618171633,0.9998,0.0033179089933109583,0.0018256504618171633,0.004739426104754485,0.9998,0.0003999200159968006,12,2,5000,20260722,,,,0.001999600079984003
excluding_2020_03_through_2020_05,claims_conditional_joint__vs__claims_icsa_only,claims_conditional_joint,claims_icsa_only,continued_claims_innovation,add_one,True,after_employment_situation,score_center_negative_log_predictive_density,lower,180,-0.0028301031352825864,0.0,-0.005931602204196845,0.0019071508007619884,0.9,0.0028301031352825864,-0.001907150800761992,0.005931602204196845,0.9,0.15056988602279545,12,2,5000,20260722,,,,0.3011397720455909
excluding_2020_03_through_2020_05,claims_conditional_joint__vs__claims_independent,claims_conditional_joint,claims_independent,claims,add_one,False,after_employment_situation,score_center_negative_log_predictive_density,lower,180,0.000571943048603138,0.0,0.00014925852871544503,0.0009936077402591613,0.0052,-0.000571943048603138,-0.0009936077402591616,-0.00014925852871544554,0.0052,0.010197960407918417,12,2,5000,20260722,,,,0.04079184163167367
excluding_2020_03_through_2020_05,claims_icsa_only__vs__claims_none,claims_icsa_only,claims_none,initial_claims_innovation,add_one,True,after_employment_situation,score_center_negative_log_predictive_density,lower,180,-0.003023610930927333,0.0,-0.004248245178228097,-0.001766011250296765,1.0,0.003023610930927333,0.0017660112502967643,0.004248245178228097,1.0,0.0001999600079984003,12,2,5000,20260722,,,,0.0011997600479904018
excluding_2020_03_through_2020_05,claims_independent__vs__claims_icsa_only,claims_independent,claims_icsa_only,continued_claims_innovation,add_one,True,after_employment_situation,score_center_negative_log_predictive_density,lower,180,-0.003402046183885724,0.0,-0.006768960922301561,0.0016380420060270406,0.9326,0.003402046183885724,-0.0016380420060270462,0.006768960922301561,0.9326,0.09098180363927215,12,2,5000,20260722,,,,0.27294541091781643
excluding_2020_03_through_2020_05,consumer_implicit_only__vs__consumer_none,consumer_implicit_only,consumer_none,implicit_retail_price_log_change,add_one,True,after_employment_situation,score_center_negative_log_predictive_density,lower,180,-0.0003492582596030355,0.0,-0.0010546140330923825,1.0418232913312227e-05,0.7586,0.0003492582596030355,-1.0418232913312229e-05,0.0010546140330923823,0.7586,0.4169166166766647,12,2,5000,20260722,,1.0,,
excluding_2020_03_through_2020_05,consumer_real_implicit_joint_only__vs__consumer_revised_full,consumer_real_implicit_joint_only,consumer_revised_full,total_vehicle_unit_sales_log_change,leave_one_out,False,after_employment_situation,score_center_negative_log_predictive_density,lower,180,0.0051881923452544035,0.0,0.0007752339728773386,0.010783569371207107,0.0072,0.0051881923452544035,0.0007752339728773386,0.010783569371207107,0.9928,0.039192161567686463,12,2,5000,20260722,,0.2351529694061188,,
excluding_2020_03_through_2020_05,consumer_real_only__vs__consumer_none,consumer_real_only,consumer_none,real_retail_and_food_services_log_change,add_one,True,after_employment_situation,score_center_negative_log_predictive_density,lower,180,-0.00010103531839870294,0.0,-0.0003687691368705194,0.00015986393785368525,0.769,0.00010103531839870294,-0.00015986393785368525,0.0003687691368705194,0.769,0.46130773845230955,12,2,5000,20260722,,1.0,,
excluding_2020_03_through_2020_05,consumer_revised_full__vs__consumer_legacy,consumer_revised_full,consumer_legacy,consumer,add_one,False,after_employment_situation,score_center_negative_log_predictive_density,lower,180,-0.005651438588475298,-2.220446049250313e-16,-0.011056871990830719,-0.0013822258766944154,0.9976,0.005651438588475298,0.0013822258766944147,0.011056871990830717,0.9976,0.021595680863827234,12,2,5000,20260722,,0.15116976604679064,,
excluding_2020_03_through_2020_05,consumer_vehicle_only__vs__consumer_none,consumer_vehicle_only,consumer_none,total_vehicle_unit_sales_log_change,add_one,True,after_employment_situation,score_center_negative_log_predictive_density,lower,180,-0.005171982229387008,0.0,-0.01085956564591807,-0.0007957135224032361,0.9936,0.005171982229387008,0.0007957135224032331,0.010859565645918069,0.9936,0.04339132173565287,12,2,5000,20260722,,0.2351529694061188,,
excluding_2020_03_through_2020_05,consumer_without_implicit__vs__consumer_revised_full,consumer_without_implicit,consumer_revised_full,implicit_retail_price_log_change,leave_one_out,False,after_employment_situation,score_center_negative_log_predictive_density,lower,180,0.0004916475851336628,0.0,-1.8698023085861967e-05,0.001466332231289279,0.1308,0.0004916475851336628,-1.8698023085861967e-05,0.001466332231289279,0.8692,0.25574885022995403,12,2,5000,20260722,,1.0,,
excluding_2020_03_through_2020_05,consumer_without_real__vs__consumer_revised_full,consumer_without_real,consumer_revised_full,real_retail_and_food_services_log_change,leave_one_out,False,after_employment_situation,score_center_negative_log_predictive_density,lower,180,0.00023434447334381487,0.0,-0.0001181589632294517,0.0007157169717860034,0.138,0.00023434447334381487,-0.0001181589632294517,0.0007157169717860034,0.862,0.28134373125374923,12,2,5000,20260722,,1.0,,
excluding_2020_03_through_2020_05,price_import__vs__structural_reduced_input,price_import,structural_reduced_input,price,add_one,False,after_employment_situation,score_center_negative_log_predictive_density,lower,180,-0.0005066493140804597,0.0,-0.0015621436451470952,9.678671606240448e-05,0.7456,0.0005066493140804597,-9.678671606240458e-05,0.0015621436451470952,0.7456,0.46350729854029193,12,2,5000,20260722,1.0,,,
excluding_2020_03_through_2020_05,price_import__vs__structural_reduced_no_price,price_import,structural_reduced_no_price,price,add_one,True,after_employment_situation,score_center_negative_log_predictive_density,lower,180,-0.00034037483716179876,0.0,-0.0010634864037573704,0.00014788941836587092,0.723,0.00034037483716179876,-0.00014788941836587098,0.0010634864037573704,0.723,0.5036992601479704,12,2,5000,20260722,1.0,,,
excluding_2020_03_through_2020_05,structural_reduced_input__vs__structural_reduced_no_price,structural_reduced_input,structural_reduced_no_price,price,add_one,True,after_employment_situation,score_center_negative_log_predictive_density,lower,180,0.00016627447691866095,0.0,-1.1210635870910632e-07,0.0004989593416185524,0.2714,-0.00016627447691866095,-0.0004989593416185524,1.121063587091063e-07,0.2714,0.47690461907618475,12,2,5000,20260722,1.0,,,
excluding_2020_03_through_2020_05,all_revised_candidate__vs__partial_only,all_revised_candidate,partial_only,combined,add_one,False,after_midmonth_defining_releases,hard_quadrant_correct,higher,180,-0.07777777777777778,0.0,-0.12222222222222222,-0.027777777777777776,0.0,-0.07777777777777778,-0.12222222222222222,-0.027777777777777776,0.0,0.0001999600079984003,12,2,5000,20260722,,,,
excluding_2020_03_through_2020_05,all_revised_candidate__vs__student_t_7_combined,all_revised_candidate,student_t_7_combined,combined,add_one,False,after_midmonth_defining_releases,hard_quadrant_correct,higher,180,-0.022222222222222223,0.0,-0.06666666666666667,0.016666666666666666,0.125,-0.022222222222222223,-0.06666666666666667,0.016666666666666666,0.125,0.31333733253349333,12,2,5000,20260722,,,,
excluding_2020_03_through_2020_05,business_activity_only__vs__business_none,business_activity_only,business_none,core_capital_goods_shipments_log_change,add_one,True,after_midmonth_defining_releases,hard_quadrant_correct,higher,180,-0.005555555555555556,0.0,-0.016666666666666666,0.0,0.0,-0.005555555555555556,-0.016666666666666666,0.0,0.0,0.2549490101979604,12,2,5000,20260722,,,1.0,
excluding_2020_03_through_2020_05,business_activity_only__vs__business_revised_joint,business_activity_only,business_revised_joint,core_capital_goods_orders_shipments_gap_log_change,leave_one_out,False,after_midmonth_defining_releases,hard_quadrant_correct,higher,180,0.0,0.0,0.0,0.0,0.0,-0.0,-0.0,0.0,0.0,1.0,12,2,5000,20260722,,,1.0,
excluding_2020_03_through_2020_05,business_pipeline_only__vs__business_none,business_pipeline_only,business_none,core_capital_goods_orders_shipments_gap_log_change,add_one,True,after_midmonth_defining_releases,hard_quadrant_correct,higher,180,0.0,0.0,0.0,0.0,0.0,0.0,0.0,0.0,0.0,1.0,12,2,5000,20260722,,,1.0,
excluding_2020_03_through_2020_05,business_pipeline_only__vs__business_revised_joint,business_pipeline_only,business_revised_joint,core_capital_goods_shipments_log_change,leave_one_out,False,after_midmonth_defining_releases,hard_quadrant_correct,higher,180,0.005555555555555556,0.0,0.0,0.016666666666666666,0.6702,-0.005555555555555556,-0.016666666666666666,0.0,0.0,0.2705458908218356,12,2,5000,20260722,,,1.0,
excluding_2020_03_through_2020_05,business_revised_joint__vs__business_legacy,business_revised_joint,business_legacy,business,add_one,False,after_midmonth_defining_releases,hard_quadrant_correct,higher,180,0.0,0.0,0.0,0.0,0.0,0.0,0.0,0.0,0.0,1.0,12,2,5000,20260722,,,1.0,
excluding_2020_03_through_2020_05,claims_ccsa_conditional_only__vs__claims_none,claims_ccsa_conditional_only,claims_none,continued_claims_innovation,add_one,True,after_midmonth_defining_releases,hard_quadrant_correct,higher,180,-0.005555555555555556,0.0,-0.022222222222222223,0.011111111111111112,0.1878,-0.005555555555555556,-0.022222222222222223,0.011111111111111112,0.1878,0.5552889422115577,12,2,5000,20260722,,,,1.0
excluding_2020_03_through_2020_05,claims_conditional_joint__vs__claims_ccsa_conditional_only,claims_conditional_joint,claims_ccsa_conditional_only,initial_claims_innovation,add_one,True,after_midmonth_defining_releases,hard_quadrant_correct,higher,180,0.0,0.0,-0.011111111111111112,0.011111111111111112,0.2636,0.0,-0.011111111111111112,0.011111111111111112,0.2636,1.0,12,2,5000,20260722,,,,1.0
excluding_2020_03_through_2020_05,claims_conditional_joint__vs__claims_icsa_only,claims_conditional_joint,claims_icsa_only,continued_claims_innovation,add_one,True,after_midmonth_defining_releases,hard_quadrant_correct,higher,180,-0.005555555555555556,0.0,-0.022222222222222223,0.011111111111111112,0.1918,-0.005555555555555556,-0.022222222222222223,0.011111111111111112,0.1918,0.5618876224755049,12,2,5000,20260722,,,,1.0
excluding_2020_03_through_2020_05,claims_conditional_joint__vs__claims_independent,claims_conditional_joint,claims_independent,claims,add_one,False,after_midmonth_defining_releases,hard_quadrant_correct,higher,180,0.0,0.0,0.0,0.0,0.0,0.0,0.0,0.0,0.0,1.0,12,2,5000,20260722,,,,1.0
excluding_2020_03_through_2020_05,claims_icsa_only__vs__claims_none,claims_icsa_only,claims_none,initial_claims_innovation,add_one,True,after_midmonth_defining_releases,hard_quadrant_correct,higher,180,0.0,0.0,0.0,0.0,0.0,0.0,0.0,0.0,0.0,1.0,12,2,5000,20260722,,,,1.0
excluding_2020_03_through_2020_05,claims_independent__vs__claims_icsa_only,claims_independent,claims_icsa_only,continued_claims_innovation,add_one,True,after_midmonth_defining_releases,hard_quadrant_correct,higher,180,-0.005555555555555556,0.0,-0.022222222222222223,0.011111111111111112,0.182,-0.005555555555555556,-0.022222222222222223,0.011111111111111112,0.182,0.555488902219556,12,2,5000,20260722,,,,1.0
excluding_2020_03_through_2020_05,consumer_implicit_only__vs__consumer_none,consumer_implicit_only,consumer_none,implicit_retail_price_log_change,add_one,True,after_midmonth_defining_releases,hard_quadrant_correct,higher,180,0.005555555555555556,0.0,-0.027777777777777776,0.03888888888888889,0.5618,0.005555555555555556,-0.027777777777777776,0.03888888888888889,0.5618,0.7396520695860828,12,2,5000,20260722,,1.0,,
excluding_2020_03_through_2020_05,consumer_real_implicit_joint_only__vs__consumer_revised_full,consumer_real_implicit_joint_only,consumer_revised_full,total_vehicle_unit_sales_log_change,leave_one_out,False,after_midmonth_defining_releases,hard_quadrant_correct,higher,180,0.011111111111111112,0.0,0.0,0.027777777777777776,0.902,-0.011111111111111112,-0.027777777777777776,0.0,0.0,0.11737652469506099,12,2,5000,20260722,,0.6442711457708459,,
excluding_2020_03_through_2020_05,consumer_real_only__vs__consumer_none,consumer_real_only,consumer_none,real_retail_and_food_services_log_change,add_one,True,after_midmonth_defining_releases,hard_quadrant_correct,higher,180,-0.05,0.0,-0.08333333333333333,-0.016666666666666666,0.001,-0.05,-0.08333333333333333,-0.016666666666666666,0.001,0.003799240151969606,12,2,5000,20260722,,0.02659468106378724,,
excluding_2020_03_through_2020_05,consumer_revised_full__vs__consumer_legacy,consumer_revised_full,consumer_legacy,consumer,add_one,False,after_midmonth_defining_releases,hard_quadrant_correct,higher,180,-0.005555555555555556,0.0,-0.03888888888888889,0.027777777777777776,0.2992,-0.005555555555555556,-0.03888888888888889,0.027777777777777776,0.2992,0.7320535892821436,12,2,5000,20260722,,1.0,,
excluding_2020_03_through_2020_05,consumer_vehicle_only__vs__consumer_none,consumer_vehicle_only,consumer_none,total_vehicle_unit_sales_log_change,add_one,True,after_midmonth_defining_releases,hard_quadrant_correct,higher,180,0.005555555555555556,0.0,-0.016666666666666666,0.022222222222222223,0.616,0.005555555555555556,-0.016666666666666666,0.022222222222222223,0.616,0.6022795440911818,12,2,5000,20260722,,1.0,,
excluding_2020_03_through_2020_05,consumer_without_implicit__vs__consumer_revised_full,consumer_without_implicit,consumer_revised_full,implicit_retail_price_log_change,leave_one_out,False,after_midmonth_defining_releases,hard_quadrant_correct,higher,180,0.0,0.0,-0.016666666666666666,0.016666666666666666,0.3646,-0.0,-0.016666666666666666,0.016666666666666666,0.3534,1.0,12,2,5000,20260722,,1.0,,
excluding_2020_03_through_2020_05,consumer_without_real__vs__consumer_revised_full,consumer_without_real,consumer_revised_full,real_retail_and_food_services_log_change,leave_one_out,False,after_midmonth_defining_releases,hard_quadrant_correct,higher,180,0.044444444444444446,0.0,-0.005555555555555556,0.1,0.9402,-0.044444444444444446,-0.1,0.005555555555555556,0.0376,0.10737852429514097,12,2,5000,20260722,,0.6442711457708459,,
excluding_2020_03_through_2020_05,price_import__vs__structural_reduced_input,price_import,structural_reduced_input,price,add_one,False,after_midmonth_defining_releases,hard_quadrant_correct,higher,180,-0.011111111111111112,0.0,-0.03888888888888889,0.011111111111111112,0.136,-0.011111111111111112,-0.03888888888888889,0.011111111111111112,0.136,0.3825234953009398,12,2,5000,20260722,1.0,,,
excluding_2020_03_through_2020_05,price_import__vs__structural_reduced_no_price,price_import,structural_reduced_no_price,price,add_one,True,after_midmonth_defining_releases,hard_quadrant_correct,higher,180,-0.011111111111111112,0.0,-0.03888888888888889,0.011111111111111112,0.1402,-0.011111111111111112,-0.03888888888888889,0.011111111111111112,0.1402,0.38132373525294944,12,2,5000,20260722,1.0,,,
excluding_2020_03_through_2020_05,structural_reduced_input__vs__structural_reduced_no_price,structural_reduced_input,structural_reduced_no_price,price,add_one,True,after_midmonth_defining_releases,hard_quadrant_correct,higher,180,0.0,0.0,-0.011111111111111112,0.011111111111111112,0.2202,0.0,-0.011111111111111112,0.011111111111111112,0.2202,1.0,12,2,5000,20260722,1.0,,,
excluding_2020_03_through_2020_05,all_revised_candidate__vs__partial_only,all_revised_candidate,partial_only,combined,add_one,False,after_midmonth_defining_releases,quadrant_brier_distance_to_exact_score_map,lower,180,0.00010691644886914875,-0.0002642515759067464,-0.002396656586307607,0.0025578370280618756,0.4656,-0.00010691644886914875,-0.0025578370280618756,0.0023966565863076062,0.4656,0.9342131573685263,12,2,5000,20260722,,,,
excluding_2020_03_through_2020_05,all_revised_candidate__vs__student_t_7_combined,all_revised_candidate,student_t_7_combined,combined,add_one,False,after_midmonth_defining_releases,quadrant_brier_distance_to_exact_score_map,lower,180,-6.331103857087381e-05,-0.00013685109324959504,-0.00241688557531136,0.0022083532465640705,0.516,6.331103857087381e-05,-0.0022083532465640714,0.002416885575311359,0.516,0.9594081183763248,12,2,5000,20260722,,,,
excluding_2020_03_through_2020_05,business_activity_only__vs__business_none,business_activity_only,business_none,core_capital_goods_shipments_log_change,add_one,True,after_midmonth_defining_releases,quadrant_brier_distance_to_exact_score_map,lower,180,1.007558470348198e-05,0.0,-4.911635330440141e-07,3.0227619624607215e-05,0.1924,-1.007558470348198e-05,-3.0227619624607215e-05,4.911635330440141e-07,0.1924,0.3577284543091382,12,2,5000,20260722,,,1.0,
excluding_2020_03_through_2020_05,business_activity_only__vs__business_revised_joint,business_activity_only,business_revised_joint,core_capital_goods_orders_shipments_gap_log_change,leave_one_out,False,after_midmonth_defining_releases,quadrant_brier_distance_to_exact_score_map,lower,180,-2.768035150363415e-06,0.0,-8.306307036926492e-06,6.491114111013248e-07,0.6664,-2.768035150363415e-06,-8.306307036926492e-06,6.491114111013248e-07,0.3336,0.5764847030593881,12,2,5000,20260722,,,1.0,
excluding_2020_03_through_2020_05,business_pipeline_only__vs__business_none,business_pipeline_only,business_none,core_capital_goods_orders_shipments_gap_log_change,add_one,True,after_midmonth_defining_releases,quadrant_brier_distance_to_exact_score_map,lower,180,-5.7059448354861884e-08,0.0,-1.680397124561758e-07,5.5758974319142765e-11,0.95,5.7059448354861884e-08,-5.575897431914306e-11,1.680397124561758e-07,0.95,0.15076984603079385,12,2,5000,20260722,,,0.7538492301539692,
excluding_2020_03_through_2020_05,business_pipeline_only__vs__business_revised_joint,business_pipeline_only,business_revised_joint,core_capital_goods_shipments_log_change,leave_one_out,False,after_midmonth_defining_releases,quadrant_brier_distance_to_exact_score_map,lower,180,-1.2900679302200255e-05,0.0,-3.870436764837262e-05,1.1094883204341526e-06,0.8552,-1.2900679302200255e-05,-3.870436764837262e-05,1.1094883204341526e-06,0.1448,0.29414117176564686,12,2,5000,20260722,,,1.0,
excluding_2020_03_through_2020_05,business_revised_joint__vs__business_legacy,business_revised_joint,business_legacy,business,add_one,False,after_midmonth_defining_releases,quadrant_brier_distance_to_exact_score_map,lower,180,-1.0289404699907855e-07,0.0,-4.790140335199857e-07,2.7318721161985815e-07,0.883,1.0289404699907855e-07,-2.7318721161985815e-07,4.790140335199857e-07,0.883,0.26034793041391724,12,2,5000,20260722,,,1.0,
excluding_2020_03_through_2020_05,claims_ccsa_conditional_only__vs__claims_none,claims_ccsa_conditional_only,claims_none,continued_claims_innovation,add_one,True,after_midmonth_defining_releases,quadrant_brier_distance_to_exact_score_map,lower,180,-0.00010334366559992461,0.0,-0.00024598009000609126,1.563435883823429e-05,0.9482,0.00010334366559992461,-1.563435883823438e-05,0.00024598009000609115,0.9482,0.121375724855029,12,2,5000,20260722,,,,0.27994401119776047
excluding_2020_03_through_2020_05,claims_conditional_joint__vs__claims_ccsa_conditional_only,claims_conditional_joint,claims_ccsa_conditional_only,initial_claims_innovation,add_one,True,after_midmonth_defining_releases,quadrant_brier_distance_to_exact_score_map,lower,180,0.00011430945255991698,0.0,-2.2404853188884074e-06,0.0002333796145284289,0.0274,-0.00011430945255991698,-0.00023337961452842893,2.2404853188883587e-06,0.0274,0.05838832233553289,12,2,5000,20260722,,,,0.27994401119776047
excluding_2020_03_through_2020_05,claims_conditional_joint__vs__claims_icsa_only,claims_conditional_joint,claims_icsa_only,continued_claims_innovation,add_one,True,after_midmonth_defining_releases,quadrant_brier_distance_to_exact_score_map,lower,180,-0.0001133774336951811,0.0,-0.0002616659025417692,1.4837785561485697e-05,0.95,0.0001133774336951811,-1.4837785561485721e-05,0.000261665902541769,0.95,0.11257748450309939,12,2,5000,20260722,,,,0.27994401119776047
excluding_2020_03_through_2020_05,claims_conditional_joint__vs__claims_independent,claims_conditional_joint,claims_independent,claims,add_one,False,after_midmonth_defining_releases,quadrant_brier_distance_to_exact_score_map,lower,180,2.3044311431854482e-05,0.0,7.223357610909571e-06,4.2363976398651954e-05,0.0004,-2.3044311431854482e-05,-4.236397639865196e-05,-7.223357610909583e-06,0.0004,0.013597280543891222,12,2,5000,20260722,,,,0.08158368326334733
excluding_2020_03_through_2020_05,claims_icsa_only__vs__claims_none,claims_icsa_only,claims_none,initial_claims_innovation,add_one,True,after_midmonth_defining_releases,quadrant_brier_distance_to_exact_score_map,lower,180,0.00012434322065517343,0.0,1.1700840326069744e-06,0.00025781303944091377,0.0238,-0.00012434322065517343,-0.0002578130394409139,-1.1700840326070777e-06,0.0238,0.05598880223955209,12,2,5000,20260722,,,,0.27994401119776047
excluding_2020_03_through_2020_05,claims_independent__vs__claims_icsa_only,claims_independent,claims_icsa_only,continued_claims_innovation,add_one,True,after_midmonth_defining_releases,quadrant_brier_distance_to_exact_score_map,lower,180,-0.00013642174512703558,0.0,-0.00029033318432201586,-1.5969687662647479e-06,0.976,0.00013642174512703558,1.596968766264703e-06,0.00029033318432201586,0.976,0.0639872025594881,12,2,5000,20260722,,,,0.27994401119776047
excluding_2020_03_through_2020_05,consumer_implicit_only__vs__consumer_none,consumer_implicit_only,consumer_none,implicit_retail_price_log_change,add_one,True,after_midmonth_defining_releases,quadrant_brier_distance_to_exact_score_map,lower,180,-0.001772480860344958,-1.5187391624997028e-06,-0.0038048330878758013,0.00020010165221242215,0.958,0.001772480860344958,-0.00020010165221242234,0.0038048330878758005,0.958,0.08878224355128975,12,2,5000,20260722,,0.355128974205159,,
excluding_2020_03_through_2020_05,consumer_real_implicit_joint_only__vs__consumer_revised_full,consumer_real_implicit_joint_only,consumer_revised_full,total_vehicle_unit_sales_log_change,leave_one_out,False,after_midmonth_defining_releases,quadrant_brier_distance_to_exact_score_map,lower,180,-0.0005180759133302847,0.0,-0.0007966997215698255,-0.000249985189654582,1.0,-0.0005180759133302847,-0.0007966997215698255,-0.000249985189654582,0.0,0.0003999200159968006,12,2,5000,20260722,,0.0027994401119776045,,
excluding_2020_03_through_2020_05,consumer_real_only__vs__consumer_none,consumer_real_only,consumer_none,real_retail_and_food_services_log_change,add_one,True,after_midmonth_defining_releases,quadrant_brier_distance_to_exact_score_map,lower,180,0.0006502383513516438,-5.1259505673070804e-08,-0.0006497968945175872,0.002198711121363265,0.2028,-0.0006502383513516438,-0.0021987111213632657,0.000649796894517587,0.2028,0.3945210957808438,12,2,5000,20260722,,0.7890421915616876,,
excluding_2020_03_through_2020_05,consumer_revised_full__vs__consumer_legacy,consumer_revised_full,consumer_legacy,consumer,add_one,False,after_midmonth_defining_releases,quadrant_brier_distance_to_exact_score_map,lower,180,-0.0005542881199846341,-7.206589577108389e-05,-0.002338124902972691,0.001189673788696915,0.7264,0.0005542881199846341,-0.0011896737886969166,0.00233812490297269,0.7264,0.5380923815236952,12,2,5000,20260722,,0.7890421915616876,,
excluding_2020_03_through_2020_05,consumer_vehicle_only__vs__consumer_none,consumer_vehicle_only,consumer_none,total_vehicle_unit_sales_log_change,add_one,True,after_midmonth_defining_releases,quadrant_brier_distance_to_exact_score_map,lower,180,-0.0002571075146446838,0.0,-0.00044275293190508547,-9.512725908390102e-05,0.9998,0.0002571075146446838,9.5127259083901e-05,0.00044275293190508536,0.9998,0.001999600079984003,12,2,5000,20260722,,0.01199760047990402,,
excluding_2020_03_through_2020_05,consumer_without_implicit__vs__consumer_revised_full,consumer_without_implicit,consumer_revised_full,implicit_retail_price_log_change,leave_one_out,False,after_midmonth_defining_releases,quadrant_brier_distance_to_exact_score_map,lower,180,0.0017742946889282923,1.0106767445302797e-08,0.00018953210701907103,0.0033189080838435694,0.0128,0.0017742946889282923,0.00018953210701907103,0.0033189080838435694,0.9872,0.024795040991801638,12,2,5000,20260722,,0.12397520495900818,,
excluding_2020_03_through_2020_05,consumer_without_real__vs__consumer_revised_full,consumer_without_real,consumer_revised_full,real_retail_and_food_services_log_change,leave_one_out,False,after_midmonth_defining_releases,quadrant_brier_distance_to_exact_score_map,lower,180,-0.001579380479867238,2.0583239534088978e-06,-0.004195355934753068,0.00033946117890895557,0.9302,-0.001579380479867238,-0.004195355934753068,0.00033946117890895557,0.0698,0.17776444711057787,12,2,5000,20260722,,0.5332933413317336,,
excluding_2020_03_through_2020_05,price_import__vs__structural_reduced_input,price_import,structural_reduced_input,price,add_one,False,after_midmonth_defining_releases,quadrant_brier_distance_to_exact_score_map,lower,180,0.0005828304382960149,0.0,-0.0007503705961876053,0.0019983200343302774,0.204,-0.0005828304382960149,-0.001998320034330278,0.0007503705961876051,0.204,0.40871825634873027,12,2,5000,20260722,0.7490501899620076,,,
excluding_2020_03_through_2020_05,price_import__vs__structural_reduced_no_price,price_import,structural_reduced_no_price,price,add_one,True,after_midmonth_defining_releases,quadrant_brier_distance_to_exact_score_map,lower,180,0.0006427138267209113,0.0,-0.0006904779502766637,0.002133075819207025,0.1864,-0.0006427138267209113,-0.002133075819207026,0.0006904779502766627,0.1864,0.3745250949810038,12,2,5000,20260722,0.7490501899620076,,,
excluding_2020_03_through_2020_05,structural_reduced_input__vs__structural_reduced_no_price,structural_reduced_input,structural_reduced_no_price,price,add_one,True,after_midmonth_defining_releases,quadrant_brier_distance_to_exact_score_map,lower,180,5.9883388424896484e-05,0.0,-2.0839829864171533e-05,0.00014733236434694884,0.0856,-5.9883388424896484e-05,-0.00014733236434694884,2.0839829864171493e-05,0.0856,0.16836632673465307,12,2,5000,20260722,0.5050989802039592,,,
excluding_2020_03_through_2020_05,all_revised_candidate__vs__partial_only,all_revised_candidate,partial_only,combined,add_one,False,after_midmonth_defining_releases,quadrant_cross_entropy_to_exact_score_map,lower,180,-0.0013774256727066966,-0.0008095890708911813,-0.007095422678687941,0.00525221012746639,0.6732,0.0013774256727066966,-0.00525221012746639,0.007095422678687935,0.6732,0.6646670665866826,12,2,5000,20260722,,,,
excluding_2020_03_through_2020_05,all_revised_candidate__vs__student_t_7_combined,all_revised_candidate,student_t_7_combined,combined,add_one,False,after_midmonth_defining_releases,quadrant_cross_entropy_to_exact_score_map,lower,180,-0.0017996559432716473,-0.00037630542936617495,-0.00767719031999667,0.004541358668429938,0.716,0.0017996559432716473,-0.004541358668429941,0.0076771903199966685,0.716,0.5600879824035193,12,2,5000,20260722,,,,
excluding_2020_03_through_2020_05,business_activity_only__vs__business_none,business_activity_only,business_none,core_capital_goods_shipments_log_change,add_one,True,after_midmonth_defining_releases,quadrant_cross_entropy_to_exact_score_map,lower,180,2.0144079525182452e-05,0.0,-1.0088802380449193e-06,6.0431404473240414e-05,0.0876,-2.0144079525182452e-05,-6.0431404473240414e-05,1.0088802380449193e-06,0.0876,0.20255948810237953,12,2,5000,20260722,,,0.8438312337532493,
excluding_2020_03_through_2020_05,business_activity_only__vs__business_revised_joint,business_activity_only,business_revised_joint,core_capital_goods_orders_shipments_gap_log_change,leave_one_out,False,after_midmonth_defining_releases,quadrant_cross_entropy_to_exact_score_map,lower,180,-5.248144756015489e-06,0.0,-1.5746579272814146e-05,1.3357174873766192e-06,0.6602,-5.248144756015489e-06,-1.5746579272814146e-05,1.3357174873766192e-06,0.3398,0.5790841831633673,12,2,5000,20260722,,,0.8438312337532493,
excluding_2020_03_through_2020_05,business_pipeline_only__vs__business_none,business_pipeline_only,business_none,core_capital_goods_orders_shipments_gap_log_change,add_one,True,after_midmonth_defining_releases,quadrant_cross_entropy_to_exact_score_map,lower,180,-1.1735444621074898e-07,0.0,-3.496645048868387e-07,1.5093102277245276e-10,0.9412,1.1735444621074898e-07,-1.5093102277245284e-10,3.496645048868387e-07,0.9412,0.16876624675064986,12,2,5000,20260722,,,0.8438312337532493,
excluding_2020_03_through_2020_05,business_pipeline_only__vs__business_revised_joint,business_pipeline_only,business_revised_joint,core_capital_goods_shipments_log_change,leave_one_out,False,after_midmonth_defining_releases,quadrant_cross_entropy_to_exact_score_map,lower,180,-2.550957872740869e-05,0.0,-7.652752553680083e-05,2.2836745108921475e-06,0.9018,-2.550957872740869e-05,-7.652752553680083e-05,2.2836745108921475e-06,0.0982,0.22095580883823235,12,2,5000,20260722,,,0.8438312337532493,
excluding_2020_03_through_2020_05,business_revised_joint__vs__business_legacy,business_revised_joint,business_legacy,business,add_one,False,after_midmonth_defining_releases,quadrant_cross_entropy_to_exact_score_map,lower,180,-1.7738887994118218e-07,0.0,-9.513165977606696e-07,5.96564751535004e-07,0.834,1.7738887994118218e-07,-5.96564751535004e-07,9.513165977606696e-07,0.834,0.3327334533093381,12,2,5000,20260722,,,0.8438312337532493,
excluding_2020_03_through_2020_05,claims_ccsa_conditional_only__vs__claims_none,claims_ccsa_conditional_only,claims_none,continued_claims_innovation,add_one,True,after_midmonth_defining_releases,quadrant_cross_entropy_to_exact_score_map,lower,180,-0.00010466496330361403,0.0,-0.0002870084375100539,5.9813832467827695e-05,0.8852,0.00010466496330361403,-5.9813832467827756e-05,0.0002870084375100538,0.8852,0.2349530093981204,12,2,5000,20260722,,,,0.7742451509698061
excluding_2020_03_through_2020_05,claims_conditional_joint__vs__claims_ccsa_conditional_only,claims_conditional_joint,claims_ccsa_conditional_only,initial_claims_innovation,add_one,True,after_midmonth_defining_releases,quadrant_cross_entropy_to_exact_score_map,lower,180,9.910378780720905e-05,0.0,-7.234751404275594e-05,0.0002634967055235708,0.1224,-9.910378780720905e-05,-0.0002634967055235709,7.234751404275558e-05,0.1224,0.2391521695660868,12,2,5000,20260722,,,,0.7742451509698061
excluding_2020_03_through_2020_05,claims_conditional_joint__vs__claims_icsa_only,claims_conditional_joint,claims_icsa_only,continued_claims_innovation,add_one,True,after_midmonth_defining_releases,quadrant_cross_entropy_to_exact_score_map,lower,180,-0.00012026912393055935,0.0,-0.00030519287448527394,4.792023452539874e-05,0.9068,0.00012026912393055935,-4.7920234525398805e-05,0.0003051928744852738,0.9068,0.19356128774245152,12,2,5000,20260722,,,,0.7742451509698061
excluding_2020_03_through_2020_05,claims_conditional_joint__vs__claims_independent,claims_conditional_joint,claims_independent,claims,add_one,False,after_midmonth_defining_releases,quadrant_cross_entropy_to_exact_score_map,lower,180,2.8638697022807957e-05,0.0,8.47631796023879e-06,5.2656662087071344e-05,0.0004,-2.8638697022807957e-05,-5.2656662087071365e-05,-8.476317960238793e-06,0.0004,0.01219756048790242,12,2,5000,20260722,,,,0.07318536292741451
excluding_2020_03_through_2020_05,claims_icsa_only__vs__claims_none,claims_icsa_only,claims_none,initial_claims_innovation,add_one,True,after_midmonth_defining_releases,quadrant_cross_entropy_to_exact_score_map,lower,180,0.00011470794843415436,0.0,-6.819072972992415e-05,0.0002904602690246779,0.1034,-0.00011470794843415436,-0.0002904602690246779,6.819072972992407e-05,0.1034,0.20135972805438912,12,2,5000,20260722,,,,0.7742451509698061
excluding_2020_03_through_2020_05,claims_independent__vs__claims_icsa_only,claims_independent,claims_icsa_only,continued_claims_innovation,add_one,True,after_midmonth_defining_releases,quadrant_cross_entropy_to_exact_score_map,lower,180,-0.0001489078209533673,0.0,-0.00033789488081233544,2.1572821179374777e-05,0.956,0.0001489078209533673,-2.1572821179374855e-05,0.00033789488081233533,0.956,0.10197960407918416,12,2,5000,20260722,,,,0.5098980203959208
excluding_2020_03_through_2020_05,consumer_implicit_only__vs__consumer_none,consumer_implicit_only,consumer_none,implicit_retail_price_log_change,add_one,True,after_midmonth_defining_releases,quadrant_cross_entropy_to_exact_score_map,lower,180,-0.0038782775369523427,-1.3191801663370306e-05,-0.00785234140941478,0.00028251931156775153,0.9634,0.0038782775369523427,-0.00028251931156775457,0.00785234140941478,0.9634,0.0655868826234753,12,2,5000,20260722,,0.2623475304939012,,
excluding_2020_03_through_2020_05,consumer_real_implicit_joint_only__vs__consumer_revised_full,consumer_real_implicit_joint_only,consumer_revised_full,total_vehicle_unit_sales_log_change,leave_one_out,False,after_midmonth_defining_releases,quadrant_cross_entropy_to_exact_score_map,lower,180,-0.000892819213376385,0.0,-0.001295415817372959,-0.0004850862562515488,1.0,-0.000892819213376385,-0.001295415817372959,-0.0004850862562515488,0.0,0.0001999600079984003,12,2,5000,20260722,,0.0013997200559888023,,
excluding_2020_03_through_2020_05,consumer_real_only__vs__consumer_none,consumer_real_only,consumer_none,real_retail_and_food_services_log_change,add_one,True,after_midmonth_defining_releases,quadrant_cross_entropy_to_exact_score_map,lower,180,0.0006119175386354752,-1.338928071747958e-07,-0.0013346668969816298,0.002594782554236331,0.2798,-0.0006119175386354752,-0.002594782554236331,0.0013346668969816294,0.2798,0.5438912217556489,12,2,5000,20260722,,0.5694861027794441,,
excluding_2020_03_through_2020_05,consumer_revised_full__vs__consumer_legacy,consumer_revised_full,consumer_legacy,consumer,add_one,False,after_midmonth_defining_releases,quadrant_cross_entropy_to_exact_score_map,lower,180,-0.0021731588559965927,-0.0001135326453139407,-0.0056105090037327394,0.002092000992694869,0.852,0.0021731588559965927,-0.0020920009926948765,0.005610509003732739,0.852,0.28474305138972206,12,2,5000,20260722,,0.5694861027794441,,
excluding_2020_03_through_2020_05,consumer_vehicle_only__vs__consumer_none,consumer_vehicle_only,consumer_none,total_vehicle_unit_sales_log_change,add_one,True,after_midmonth_defining_releases,quadrant_cross_entropy_to_exact_score_map,lower,180,-0.00042935197467162,0.0,-0.0007416700612835724,-0.0001698768327626809,1.0,0.00042935197467162,0.0001698768327626809,0.0007416700612835723,1.0,0.0033993201359728054,12,2,5000,20260722,,0.020395920815836834,,
excluding_2020_03_through_2020_05,consumer_without_implicit__vs__consumer_revised_full,consumer_without_implicit,consumer_revised_full,implicit_retail_price_log_change,leave_one_out,False,after_midmonth_defining_releases,quadrant_cross_entropy_to_exact_score_map,lower,180,0.0037131939057266847,3.27254112697517e-08,-0.00014078827787790586,0.0070766413125683955,0.0288,0.0037131939057266847,-0.00014078827787790586,0.0070766413125683955,0.9712,0.04279144171165767,12,2,5000,20260722,,0.21395720855828834,,
excluding_2020_03_through_2020_05,consumer_without_real__vs__consumer_revised_full,consumer_without_real,consumer_revised_full,real_retail_and_food_services_log_change,leave_one_out,False,after_midmonth_defining_releases,quadrant_cross_entropy_to_exact_score_map,lower,180,-0.002271321277732371,6.0601680135330405e-05,-0.005614591508753485,0.0006492764592640637,0.9182,-0.002271321277732371,-0.005614591508753485,0.0006492764592640637,0.0818,0.16956608678264348,12,2,5000,20260722,,0.5086982603479304,,
excluding_2020_03_through_2020_05,price_import__vs__structural_reduced_input,price_import,structural_reduced_input,price,add_one,False,after_midmonth_defining_releases,quadrant_cross_entropy_to_exact_score_map,lower,180,0.0004759703803529901,0.0,-0.0037356679380683095,0.00434745397199121,0.4128,-0.0004759703803529901,-0.00434745397199121,0.0037356679380683077,0.4128,0.8278344331133773,12,2,5000,20260722,1.0,,,
excluding_2020_03_through_2020_05,price_import__vs__structural_reduced_no_price,price_import,structural_reduced_no_price,price,add_one,True,after_midmonth_defining_releases,quadrant_cross_entropy_to_exact_score_map,lower,180,0.0005834849258316399,0.0,-0.0036525445613773003,0.004652668588265219,0.3908,-0.0005834849258316399,-0.00465266858826522,0.0036525445613773,0.3908,0.7900419916016796,12,2,5000,20260722,1.0,,,
excluding_2020_03_through_2020_05,structural_reduced_input__vs__structural_reduced_no_price,structural_reduced_input,structural_reduced_no_price,price,add_one,True,after_midmonth_defining_releases,quadrant_cross_entropy_to_exact_score_map,lower,180,0.00010751454547864981,0.0,-5.4905404957798316e-05,0.0002898260784785693,0.1066,-0.00010751454547864981,-0.0002898260784785694,5.4905404957798316e-05,0.1066,0.22075584883023394,12,2,5000,20260722,0.6622675464907019,,,
excluding_2020_03_through_2020_05,all_revised_candidate__vs__partial_only,all_revised_candidate,partial_only,combined,add_one,False,after_midmonth_defining_releases,score_center_negative_log_predictive_density,lower,180,-0.10590346770288302,-0.030613680816546474,-0.16283271161675725,-0.04801523105840555,1.0,0.10590346770288302,0.04801523105840554,0.16283271161675725,1.0,0.0001999600079984003,12,2,5000,20260722,,,,
excluding_2020_03_through_2020_05,all_revised_candidate__vs__student_t_7_combined,all_revised_candidate,student_t_7_combined,combined,add_one,False,after_midmonth_defining_releases,score_center_negative_log_predictive_density,lower,180,-0.05161875317991908,-0.0109844980763103,-0.13151099763602406,0.019912855342837665,0.9136,0.05161875317991908,-0.019912855342837665,0.13151099763602406,0.9136,0.17776444711057787,12,2,5000,20260722,,,,
excluding_2020_03_through_2020_05,business_activity_only__vs__business_none,business_activity_only,business_none,core_capital_goods_shipments_log_change,add_one,True,after_midmonth_defining_releases,score_center_negative_log_predictive_density,lower,180,0.00013465946802886499,0.0,-3.415646221373997e-06,0.0004039805508163015,0.114,-0.00013465946802886499,-0.0004039805508163015,3.415646221373997e-06,0.114,0.2411517696460708,12,2,5000,20260722,,,0.9646070785842832,
excluding_2020_03_through_2020_05,business_activity_only__vs__business_revised_joint,business_activity_only,business_revised_joint,core_capital_goods_orders_shipments_gap_log_change,leave_one_out,False,after_midmonth_defining_releases,score_center_negative_log_predictive_density,lower,180,-3.725325394186142e-05,0.0,-0.00011177035845867685,4.397801826957573e-06,0.7068,-3.725325394186142e-05,-0.00011177035845867685,4.397801826957573e-06,0.2932,0.5196960607878425,12,2,5000,20260722,,,0.9646070785842832,
excluding_2020_03_through_2020_05,business_pipeline_only__vs__business_none,business_pipeline_only,business_none,core_capital_goods_orders_shipments_gap_log_change,add_one,True,after_midmonth_defining_releases,score_center_negative_log_predictive_density,lower,180,-8.906249345593438e-07,0.0,-2.660072600016208e-06,1.318540902912062e-09,0.9378,8.906249345593438e-07,-1.3185409029121023e-09,2.660072600016208e-06,0.9378,0.17096580683863227,12,2,5000,20260722,,,0.8548290341931614,
excluding_2020_03_through_2020_05,business_pipeline_only__vs__business_revised_joint,business_pipeline_only,business_revised_joint,core_capital_goods_shipments_log_change,leave_one_out,False,after_midmonth_defining_releases,score_center_negative_log_predictive_density,lower,180,-0.00017280334690528574,0.0,-0.0005186004278651675,7.607763033075303e-06,0.888,-0.00017280334690528574,-0.0005186004278651675,7.607763033075303e-06,0.112,0.2421515696860628,12,2,5000,20260722,,,0.9646070785842832,
excluding_2020_03_through_2020_05,business_revised_joint__vs__business_legacy,business_revised_joint,business_legacy,business,add_one,False,after_midmonth_defining_releases,score_center_negative_log_predictive_density,lower,180,-2.4101086952005917e-06,0.0,-7.232269585850073e-06,1.3545809162987224e-07,0.8396,2.4101086952005917e-06,-1.3545809162987224e-07,7.232269585850073e-06,0.8396,0.3281343731253749,12,2,5000,20260722,,,0.9646070785842832,
excluding_2020_03_through_2020_05,claims_ccsa_conditional_only__vs__claims_none,claims_ccsa_conditional_only,claims_none,continued_claims_innovation,add_one,True,after_midmonth_defining_releases,score_center_negative_log_predictive_density,lower,180,-0.0010782588812892568,0.0,-0.0035526594883062705,0.0015956087621948546,0.7944,0.0010782588812892568,-0.0015956087621948557,0.003552659488306269,0.7944,0.4297140571885623,12,2,5000,20260722,,,,1.0
excluding_2020_03_through_2020_05,claims_conditional_joint__vs__claims_ccsa_conditional_only,claims_conditional_joint,claims_ccsa_conditional_only,initial_claims_innovation,add_one,True,after_midmonth_defining_releases,score_center_negative_log_predictive_density,lower,180,0.0006659697229925568,0.0,-0.0012130161272358349,0.00324637230674563,0.3294,-0.0006659697229925568,-0.0032463723067456306,0.001213016127235834,0.3294,0.595880823835233,12,2,5000,20260722,,,,1.0
excluding_2020_03_through_2020_05,claims_conditional_joint__vs__claims_icsa_only,claims_conditional_joint,claims_icsa_only,continued_claims_innovation,add_one,True,after_midmonth_defining_releases,score_center_negative_log_predictive_density,lower,180,-0.001236765779070708,0.0,-0.003662537042624615,0.001367272113830809,0.8394,0.001236765779070708,-0.0013672721138308095,0.0036625370426246148,0.8394,0.3287342531493701,12,2,5000,20260722,,,,1.0
excluding_2020_03_through_2020_05,claims_conditional_joint__vs__claims_independent,claims_conditional_joint,claims_independent,claims,add_one,False,after_midmonth_defining_releases,score_center_negative_log_predictive_density,lower,180,0.00040894971217860296,0.0,0.0001956345068958133,0.0006702288310779434,0.0,-0.00040894971217860296,-0.0006702288310779434,-0.0001956345068958134,0.0,0.0023995200959808036,12,2,5000,20260722,,,,0.014397120575884822
excluding_2020_03_through_2020_05,claims_icsa_only__vs__claims_none,claims_icsa_only,claims_none,initial_claims_innovation,add_one,True,after_midmonth_defining_releases,score_center_negative_log_predictive_density,lower,180,0.000824476620774008,0.0,-0.0010997567860948165,0.0034552838788863114,0.2672,-0.000824476620774008,-0.003455283878886312,0.001099756786094816,0.2672,0.5122975404919016,12,2,5000,20260722,,,,1.0
excluding_2020_03_through_2020_05,claims_independent__vs__claims_icsa_only,claims_independent,claims_icsa_only,continued_claims_innovation,add_one,True,after_midmonth_defining_releases,score_center_negative_log_predictive_density,lower,180,-0.001645715491249311,0.0,-0.004295487744153893,0.0009480207946901013,0.8968,0.001645715491249311,-0.0009480207946901022,0.004295487744153893,0.8968,0.20955808838232354,12,2,5000,20260722,,,,1.0
excluding_2020_03_through_2020_05,consumer_implicit_only__vs__consumer_none,consumer_implicit_only,consumer_none,implicit_retail_price_log_change,add_one,True,after_midmonth_defining_releases,score_center_negative_log_predictive_density,lower,180,-0.03562996121213626,-0.004541281376967521,-0.0785261855413971,0.007483011087146165,0.9446,0.03562996121213626,-0.007483011087146226,0.07852618554139709,0.9446,0.10877824435112977,12,2,5000,20260722,,0.32633473305338934,,
excluding_2020_03_through_2020_05,consumer_real_implicit_joint_only__vs__consumer_revised_full,consumer_real_implicit_joint_only,consumer_revised_full,total_vehicle_unit_sales_log_change,leave_one_out,False,after_midmonth_defining_releases,score_center_negative_log_predictive_density,lower,180,-0.005182371740349276,0.0,-0.00866217155693098,-0.001713409524734749,0.9996,-0.005182371740349276,-0.00866217155693098,-0.001713409524734749,0.0004,0.0021995600879824036,12,2,5000,20260722,,0.010997800439912019,,
excluding_2020_03_through_2020_05,consumer_real_only__vs__consumer_none,consumer_real_only,consumer_none,real_retail_and_food_services_log_change,add_one,True,after_midmonth_defining_releases,score_center_negative_log_predictive_density,lower,180,-0.0541933613067369,-0.02661614210937846,-0.07862449030211188,-0.030756808267198076,1.0,0.0541933613067369,0.030756808267198073,0.07862449030211188,1.0,0.0001999600079984003,12,2,5000,20260722,,0.0013997200559888023,,
excluding_2020_03_through_2020_05,consumer_revised_full__vs__consumer_legacy,consumer_revised_full,consumer_legacy,consumer,add_one,False,after_midmonth_defining_releases,score_center_negative_log_predictive_density,lower,180,-0.020548647284421864,-0.008858268916045353,-0.08953348520242477,0.04429464481048947,0.726,0.020548647284421864,-0.04429464481048949,0.08953348520242473,0.726,0.5468906218756249,12,2,5000,20260722,,0.5468906218756249,,
excluding_2020_03_through_2020_05,consumer_vehicle_only__vs__consumer_none,consumer_vehicle_only,consumer_none,total_vehicle_unit_sales_log_change,add_one,True,after_midmonth_defining_releases,score_center_negative_log_predictive_density,lower,180,-0.004171810249126161,0.0,-0.006658304244323595,-0.002184238932925852,1.0,0.004171810249126161,0.0021842389329258514,0.006658304244323595,1.0,0.0013997200559888023,12,2,5000,20260722,,0.008398320335932814,,
excluding_2020_03_through_2020_05,consumer_without_implicit__vs__consumer_revised_full,consumer_without_implicit,consumer_revised_full,implicit_retail_price_log_change,leave_one_out,False,after_midmonth_defining_releases,score_center_negative_log_predictive_density,lower,180,0.028544715087832205,0.0014589442207694203,-0.022573679609279713,0.07364326833045383,0.1194,0.028544715087832205,-0.022573679609279713,0.07364326833045383,0.8806,0.23235352929414116,12,2,5000,20260722,,0.4647070585882823,,
excluding_2020_03_through_2020_05,consumer_without_real__vs__consumer_revised_full,consumer_without_real,consumer_revised_full,real_retail_and_food_services_log_change,leave_one_out,False,after_midmonth_defining_releases,score_center_negative_log_predictive_density,lower,180,0.036909760249080555,0.022813182016692246,0.006687356235164045,0.0681208733666909,0.0068,0.036909760249080555,0.006687356235164045,0.0681208733666909,0.9932,0.01759648070385923,12,2,5000,20260722,,0.07038592281543692,,
excluding_2020_03_through_2020_05,price_import__vs__structural_reduced_input,price_import,structural_reduced_input,price,add_one,False,after_midmonth_defining_releases,score_center_negative_log_predictive_density,lower,180,-0.029997685936873714,0.0,-0.07310004671867999,0.003003313075893097,0.954,0.029997685936873714,-0.003003313075893098,0.07310004671867998,0.954,0.130373925214957,12,2,5000,20260722,0.391121775644871,,,
excluding_2020_03_through_2020_05,price_import__vs__structural_reduced_no_price,price_import,structural_reduced_no_price,price,add_one,True,after_midmonth_defining_releases,score_center_negative_log_predictive_density,lower,180,-0.029712530932279,0.0,-0.07433010172508954,0.002530739983893676,0.9552,0.029712530932279,-0.002530739983893694,0.07433010172508951,0.9552,0.13277344531093782,12,2,5000,20260722,0.391121775644871,,,
excluding_2020_03_through_2020_05,structural_reduced_input__vs__structural_reduced_no_price,structural_reduced_input,structural_reduced_no_price,price,add_one,True,after_midmonth_defining_releases,score_center_negative_log_predictive_density,lower,180,0.0002851550045947239,0.0,-0.0008121260736435543,0.0013298414501324524,0.3004,-0.0002851550045947239,-0.0013298414501324524,0.0008121260736435542,0.3004,0.6048790241951609,12,2,5000,20260722,0.6048790241951609,,,
excluding_2020_03_through_2020_05,all_revised_candidate__vs__partial_only,all_revised_candidate,partial_only,combined,add_one,False,before_any_defining_release,hard_quadrant_correct,higher,180,0.03888888888888889,0.0,0.016666666666666666,0.06666666666666667,0.9998,0.03888888888888889,0.016666666666666666,0.06666666666666667,0.9998,0.0003999200159968006,12,2,5000,20260722,,,,
excluding_2020_03_through_2020_05,all_revised_candidate__vs__student_t_7_combined,all_revised_candidate,student_t_7_combined,combined,add_one,False,before_any_defining_release,hard_quadrant_correct,higher,180,0.027777777777777776,0.0,0.0,0.05555555555555555,0.9474,0.027777777777777776,0.0,0.05555555555555555,0.9474,0.05638872225554889,12,2,5000,20260722,,,,
excluding_2020_03_through_2020_05,business_activity_only__vs__business_none,business_activity_only,business_none,core_capital_goods_shipments_log_change,add_one,True,before_any_defining_release,hard_quadrant_correct,higher,180,0.0,0.0,0.0,0.0,0.0,0.0,0.0,0.0,0.0,1.0,12,2,5000,20260722,,,1.0,
excluding_2020_03_through_2020_05,business_activity_only__vs__business_revised_joint,business_activity_only,business_revised_joint,core_capital_goods_orders_shipments_gap_log_change,leave_one_out,False,before_any_defining_release,hard_quadrant_correct,higher,180,0.0,0.0,0.0,0.0,0.0,-0.0,-0.0,0.0,0.0,1.0,12,2,5000,20260722,,,1.0,
excluding_2020_03_through_2020_05,business_pipeline_only__vs__business_none,business_pipeline_only,business_none,core_capital_goods_orders_shipments_gap_log_change,add_one,True,before_any_defining_release,hard_quadrant_correct,higher,180,0.0,0.0,0.0,0.0,0.0,0.0,0.0,0.0,0.0,1.0,12,2,5000,20260722,,,1.0,
excluding_2020_03_through_2020_05,business_pipeline_only__vs__business_revised_joint,business_pipeline_only,business_revised_joint,core_capital_goods_shipments_log_change,leave_one_out,False,before_any_defining_release,hard_quadrant_correct,higher,180,0.0,0.0,0.0,0.0,0.0,-0.0,-0.0,0.0,0.0,1.0,12,2,5000,20260722,,,1.0,
excluding_2020_03_through_2020_05,business_revised_joint__vs__business_legacy,business_revised_joint,business_legacy,business,add_one,False,before_any_defining_release,hard_quadrant_correct,higher,180,0.0,0.0,0.0,0.0,0.0,0.0,0.0,0.0,0.0,1.0,12,2,5000,20260722,,,1.0,
excluding_2020_03_through_2020_05,claims_ccsa_conditional_only__vs__claims_none,claims_ccsa_conditional_only,claims_none,continued_claims_innovation,add_one,True,before_any_defining_release,hard_quadrant_correct,higher,180,0.022222222222222223,0.0,0.0,0.05,0.9356,0.022222222222222223,0.0,0.05,0.9356,0.10497900419916016,12,2,5000,20260722,,,,0.6106778644271146
excluding_2020_03_through_2020_05,claims_conditional_joint__vs__claims_ccsa_conditional_only,claims_conditional_joint,claims_ccsa_conditional_only,initial_claims_innovation,add_one,True,before_any_defining_release,hard_quadrant_correct,higher,180,0.016666666666666666,0.0,-0.016666666666666666,0.05,0.7944,0.016666666666666666,-0.016666666666666666,0.05,0.7944,0.3149370125974805,12,2,5000,20260722,,,,0.764247150569886
excluding_2020_03_through_2020_05,claims_conditional_joint__vs__claims_icsa_only,claims_conditional_joint,claims_icsa_only,continued_claims_innovation,add_one,True,before_any_defining_release,hard_quadrant_correct,higher,180,0.022222222222222223,0.0,-0.005555555555555556,0.05,0.92,0.022222222222222223,-0.005555555555555556,0.05,0.92,0.10217956408718257,12,2,5000,20260722,,,,0.6106778644271146
excluding_2020_03_through_2020_05,claims_conditional_joint__vs__claims_independent,claims_conditional_joint,claims_independent,claims,add_one,False,before_any_defining_release,hard_quadrant_correct,higher,180,0.0,0.0,0.0,0.0,0.0,0.0,0.0,0.0,0.0,1.0,12,2,5000,20260722,,,,1.0
excluding_2020_03_through_2020_05,claims_icsa_only__vs__claims_none,claims_icsa_only,claims_none,initial_claims_innovation,add_one,True,before_any_defining_release,hard_quadrant_correct,higher,180,0.016666666666666666,0.0,-0.011111111111111112,0.044444444444444446,0.8238,0.016666666666666666,-0.011111111111111112,0.044444444444444446,0.8238,0.254749050189962,12,2,5000,20260722,,,,0.764247150569886
excluding_2020_03_through_2020_05,claims_independent__vs__claims_icsa_only,claims_independent,claims_icsa_only,continued_claims_innovation,add_one,True,before_any_defining_release,hard_quadrant_correct,higher,180,0.022222222222222223,0.0,-0.005555555555555556,0.044444444444444446,0.9242,0.022222222222222223,-0.005555555555555556,0.044444444444444446,0.9242,0.10177964407118577,12,2,5000,20260722,,,,0.6106778644271146
excluding_2020_03_through_2020_05,consumer_implicit_only__vs__consumer_none,consumer_implicit_only,consumer_none,implicit_retail_price_log_change,add_one,True,before_any_defining_release,hard_quadrant_correct,higher,180,0.0,0.0,0.0,0.0,0.0,0.0,0.0,0.0,0.0,1.0,12,2,5000,20260722,,1.0,,
excluding_2020_03_through_2020_05,consumer_real_implicit_joint_only__vs__consumer_revised_full,consumer_real_implicit_joint_only,consumer_revised_full,total_vehicle_unit_sales_log_change,leave_one_out,False,before_any_defining_release,hard_quadrant_correct,higher,180,-0.005555555555555556,0.0,-0.022222222222222223,0.011111111111111112,0.1832,0.005555555555555556,-0.011111111111111112,0.022222222222222223,0.617,0.5626874625074985,12,2,5000,20260722,,1.0,,
excluding_2020_03_through_2020_05,consumer_real_only__vs__consumer_none,consumer_real_only,consumer_none,real_retail_and_food_services_log_change,add_one,True,before_any_defining_release,hard_quadrant_correct,higher,180,0.0,0.0,0.0,0.0,0.0,0.0,0.0,0.0,0.0,1.0,12,2,5000,20260722,,1.0,,
excluding_2020_03_through_2020_05,consumer_revised_full__vs__consumer_legacy,consumer_revised_full,consumer_legacy,consumer,add_one,False,before_any_defining_release,hard_quadrant_correct,higher,180,0.005555555555555556,0.0,-0.011111111111111112,0.022222222222222223,0.6194,0.005555555555555556,-0.011111111111111112,0.022222222222222223,0.6194,0.5728854229154169,12,2,5000,20260722,,1.0,,
excluding_2020_03_through_2020_05,consumer_vehicle_only__vs__consumer_none,consumer_vehicle_only,consumer_none,total_vehicle_unit_sales_log_change,add_one,True,before_any_defining_release,hard_quadrant_correct,higher,180,0.005555555555555556,0.0,-0.011111111111111112,0.022222222222222223,0.6284,0.005555555555555556,-0.011111111111111112,0.022222222222222223,0.6284,0.5756848630273945,12,2,5000,20260722,,1.0,,
excluding_2020_03_through_2020_05,consumer_without_implicit__vs__consumer_revised_full,consumer_without_implicit,consumer_revised_full,implicit_retail_price_log_change,leave_one_out,False,before_any_defining_release,hard_quadrant_correct,higher,180,0.0,0.0,0.0,0.0,0.0,-0.0,-0.0,0.0,0.0,1.0,12,2,5000,20260722,,1.0,,
excluding_2020_03_through_2020_05,consumer_without_real__vs__consumer_revised_full,consumer_without_real,consumer_revised_full,real_retail_and_food_services_log_change,leave_one_out,False,before_any_defining_release,hard_quadrant_correct,higher,180,0.0,0.0,0.0,0.0,0.0,-0.0,-0.0,0.0,0.0,1.0,12,2,5000,20260722,,1.0,,
excluding_2020_03_through_2020_05,price_import__vs__structural_reduced_input,price_import,structural_reduced_input,price,add_one,False,before_any_defining_release,hard_quadrant_correct,higher,180,0.005555555555555556,0.0,0.0,0.016666666666666666,0.6646,0.005555555555555556,0.0,0.016666666666666666,0.6646,0.26914617076584685,12,2,5000,20260722,0.7894421115776844,,,
excluding_2020_03_through_2020_05,price_import__vs__structural_reduced_no_price,price_import,structural_reduced_no_price,price,add_one,True,before_any_defining_release,hard_quadrant_correct,higher,180,0.005555555555555556,0.0,0.0,0.016666666666666666,0.6722,0.005555555555555556,0.0,0.016666666666666666,0.6722,0.2631473705258948,12,2,5000,20260722,0.7894421115776844,,,
excluding_2020_03_through_2020_05,structural_reduced_input__vs__structural_reduced_no_price,structural_reduced_input,structural_reduced_no_price,price,add_one,True,before_any_defining_release,hard_quadrant_correct,higher,180,0.0,0.0,0.0,0.0,0.0,0.0,0.0,0.0,0.0,1.0,12,2,5000,20260722,1.0,,,
excluding_2020_03_through_2020_05,all_revised_candidate__vs__partial_only,all_revised_candidate,partial_only,combined,add_one,False,before_any_defining_release,quadrant_brier_distance_to_exact_score_map,lower,180,-0.001086476061340946,0.0,-0.003996393738844632,0.0012970721393097068,0.7716,0.001086476061340946,-0.0012970721393097077,0.003996393738844631,0.7716,0.4381123775244951,12,2,5000,20260722,,,,
excluding_2020_03_through_2020_05,all_revised_candidate__vs__student_t_7_combined,all_revised_candidate,student_t_7_combined,combined,add_one,False,before_any_defining_release,quadrant_brier_distance_to_exact_score_map,lower,180,-0.0011294983801157555,0.0,-0.002892755160895424,0.0004913587707754596,0.906,0.0011294983801157555,-0.0004913587707754597,0.002892755160895423,0.906,0.20155968806238753,12,2,5000,20260722,,,,
excluding_2020_03_through_2020_05,business_activity_only__vs__business_none,business_activity_only,business_none,core_capital_goods_shipments_log_change,add_one,True,before_any_defining_release,quadrant_brier_distance_to_exact_score_map,lower,180,-1.210304597977954e-06,0.0,-3.659965205489548e-06,3.0760361992223935e-08,0.7286,1.210304597977954e-06,-3.0760361992223955e-08,3.659965205489548e-06,0.7286,0.485502899420116,12,2,5000,20260722,,,0.971005798840232,
excluding_2020_03_through_2020_05,business_activity_only__vs__business_revised_joint,business_activity_only,business_revised_joint,core_capital_goods_orders_shipments_gap_log_change,leave_one_out,False,before_any_defining_release,quadrant_brier_distance_to_exact_score_map,lower,180,6.26137230016355e-07,0.0,-1.0088443007669936e-08,1.8736723674913646e-06,0.0946,6.26137230016355e-07,-1.0088443007669936e-08,1.8736723674913646e-06,0.9054,0.21595680863827235,12,2,5000,20260722,,,0.647870425914817,
excluding_2020_03_through_2020_05,business_pipeline_only__vs__business_none,business_pipeline_only,business_none,core_capital_goods_orders_shipments_gap_log_change,add_one,True,before_any_defining_release,quadrant_brier_distance_to_exact_score_map,lower,180,-7.196605185064596e-08,0.0,-1.8903618693203698e-07,-3.9286747330126527e-10,0.9872,7.196605185064596e-08,3.9286747330126424e-10,1.8903618693203698e-07,0.9872,0.08398320335932813,12,2,5000,20260722,,,0.41991601679664065,
excluding_2020_03_through_2020_05,business_pipeline_only__vs__business_revised_joint,business_pipeline_only,business_revised_joint,core_capital_goods_shipments_log_change,leave_one_out,False,before_any_defining_release,quadrant_brier_distance_to_exact_score_map,lower,180,1.7644757761436632e-06,0.0,-1.2624072191040329e-07,5.411230090720848e-06,0.2716,1.7644757761436632e-06,-1.2624072191040329e-07,5.411230090720848e-06,0.7284,0.48730253949210156,12,2,5000,20260722,,,0.971005798840232,
excluding_2020_03_through_2020_05,business_revised_joint__vs__business_legacy,business_revised_joint,business_legacy,business,add_one,False,before_any_defining_release,quadrant_brier_distance_to_exact_score_map,lower,180,-2.947592175284681e-07,0.0,-8.791170821123851e-07,7.28098048131949e-08,0.9514,2.947592175284681e-07,-7.28098048131949e-08,8.791170821123851e-07,0.9514,0.15176964607078583,12,2,5000,20260722,,,0.6070785842831433,
excluding_2020_03_through_2020_05,claims_ccsa_conditional_only__vs__claims_none,claims_ccsa_conditional_only,claims_none,continued_claims_innovation,add_one,True,before_any_defining_release,quadrant_brier_distance_to_exact_score_map,lower,180,-5.2389930535367515e-06,0.0,-0.0021920672823986668,0.0016120219113495825,0.4548,5.2389930535367515e-06,-0.0016120219113495828,0.002192067282398666,0.4548,0.9942011597680463,12,2,5000,20260722,,,,1.0
excluding_2020_03_through_2020_05,claims_conditional_joint__vs__claims_ccsa_conditional_only,claims_conditional_joint,claims_ccsa_conditional_only,initial_claims_innovation,add_one,True,before_any_defining_release,quadrant_brier_distance_to_exact_score_map,lower,180,-0.0008260932260052102,0.0,-0.002463833244147626,0.0004969611253765072,0.8698,0.0008260932260052102,-0.0004969611253765074,0.0024638332441476243,0.8698,0.2695460907818436,12,2,5000,20260722,,,,1.0
excluding_2020_03_through_2020_05,claims_conditional_joint__vs__claims_icsa_only,claims_conditional_joint,claims_icsa_only,continued_claims_innovation,add_one,True,before_any_defining_release,quadrant_brier_distance_to_exact_score_map,lower,180,-0.0008717546601913166,0.0,-0.0027083094214338265,0.0007449367967030828,0.827,0.0008717546601913166,-0.0007449367967030831,0.0027083094214338252,0.827,0.33813237352529496,12,2,5000,20260722,,,,1.0
excluding_2020_03_through_2020_05,claims_conditional_joint__vs__claims_independent,claims_conditional_joint,claims_independent,claims,add_one,False,before_any_defining_release,quadrant_brier_distance_to_exact_score_map,lower,180,4.768305458239507e-05,0.0,-0.00010458174510180256,0.00019842420292434613,0.2702,-4.768305458239507e-05,-0.0001984242029243462,0.00010458174510180237,0.2702,0.530493901219756,12,2,5000,20260722,,,,1.0
excluding_2020_03_through_2020_05,claims_icsa_only__vs__claims_none,claims_icsa_only,claims_none,initial_claims_innovation,add_one,True,before_any_defining_release,quadrant_brier_distance_to_exact_score_map,lower,180,4.0422441132569926e-05,0.0,-0.0014121333342686667,0.0011107581059159402,0.4422,-4.0422441132569926e-05,-0.0011107581059159404,0.0014121333342686664,0.4422,0.9448110377924415,12,2,5000,20260722,,,,1.0
excluding_2020_03_through_2020_05,claims_independent__vs__claims_icsa_only,claims_independent,claims_icsa_only,continued_claims_innovation,add_one,True,before_any_defining_release,quadrant_brier_distance_to_exact_score_map,lower,180,-0.0009194377147737117,0.0,-0.0026198994576257665,0.0006204045996641585,0.863,0.0009194377147737117,-0.0006204045996641587,0.0026198994576257665,0.863,0.27114577084583086,12,2,5000,20260722,,,,1.0
excluding_2020_03_through_2020_05,consumer_implicit_only__vs__consumer_none,consumer_implicit_only,consumer_none,implicit_retail_price_log_change,add_one,True,before_any_defining_release,quadrant_brier_distance_to_exact_score_map,lower,180,-4.52432043007883e-05,0.0,-0.00013929655842043258,3.977267359958278e-06,0.7676,4.52432043007883e-05,-3.977267359958278e-06,0.00013929655842043258,0.7676,0.4243151369726055,12,2,5000,20260722,,1.0,,
excluding_2020_03_through_2020_05,consumer_real_implicit_joint_only__vs__consumer_revised_full,consumer_real_implicit_joint_only,consumer_revised_full,total_vehicle_unit_sales_log_change,leave_one_out,False,before_any_defining_release,quadrant_brier_distance_to_exact_score_map,lower,180,-3.3651727264955426e-06,0.0,-0.0005299091695252074,0.0004432929814269392,0.4834,-3.3651727264955426e-06,-0.0005299091695252074,0.0004432929814269392,0.5166,0.9884023195360928,12,2,5000,20260722,,1.0,,
excluding_2020_03_through_2020_05,consumer_real_only__vs__consumer_none,consumer_real_only,consumer_none,real_retail_and_food_services_log_change,add_one,True,before_any_defining_release,quadrant_brier_distance_to_exact_score_map,lower,180,-1.6762577490400548e-05,0.0,-8.930872233028591e-05,5.5644934227885595e-05,0.6838,1.6762577490400548e-05,-5.56449342278856e-05,8.93087223302859e-05,0.6838,0.6404719056188762,12,2,5000,20260722,,1.0,,
excluding_2020_03_through_2020_05,consumer_revised_full__vs__consumer_legacy,consumer_revised_full,consumer_legacy,consumer,add_one,False,before_any_defining_release,quadrant_brier_distance_to_exact_score_map,lower,180,-4.9089647619104926e-05,0.0,-0.0005256311287246084,0.0005095827536653501,0.591,4.9089647619104926e-05,-0.0005095827536653513,0.0005256311287246084,0.591,0.8594281143771246,12,2,5000,20260722,,1.0,,
excluding_2020_03_through_2020_05,consumer_vehicle_only__vs__consumer_none,consumer_vehicle_only,consumer_none,total_vehicle_unit_sales_log_change,add_one,True,before_any_defining_release,quadrant_brier_distance_to_exact_score_map,lower,180,-4.7418005935603165e-06,0.0,-0.00045485386632384124,0.0005313506392900201,0.5264,4.7418005935603165e-06,-0.0005313506392900203,0.0004548538663238407,0.5264,0.9824035192961408,12,2,5000,20260722,,1.0,,
excluding_2020_03_through_2020_05,consumer_without_implicit__vs__consumer_revised_full,consumer_without_implicit,consumer_revised_full,implicit_retail_price_log_change,leave_one_out,False,before_any_defining_release,quadrant_brier_distance_to_exact_score_map,lower,180,5.785792478088221e-05,0.0,-7.275694678734218e-06,0.0001735353565950614,0.147,5.785792478088221e-05,-7.275694678734218e-06,0.0001735353565950614,0.853,0.29094181163767247,12,2,5000,20260722,,1.0,,
excluding_2020_03_through_2020_05,consumer_without_real__vs__consumer_revised_full,consumer_without_real,consumer_revised_full,real_retail_and_food_services_log_change,leave_one_out,False,before_any_defining_release,quadrant_brier_distance_to_exact_score_map,lower,180,2.6754889365341587e-05,0.0,-4.198304609752269e-05,9.963282392729023e-05,0.2162,2.6754889365341587e-05,-4.198304609752269e-05,9.963282392729023e-05,0.7838,0.44891021795640873,12,2,5000,20260722,,1.0,,
excluding_2020_03_through_2020_05,price_import__vs__structural_reduced_input,price_import,structural_reduced_input,price,add_one,False,before_any_defining_release,quadrant_brier_distance_to_exact_score_map,lower,180,-6.683076305835294e-05,0.0,-0.00022457052792796743,2.2212929492181462e-05,0.716,6.683076305835294e-05,-2.2212929492181472e-05,0.00022457052792796743,0.716,0.5048990201959608,12,2,5000,20260722,1.0,,,
excluding_2020_03_through_2020_05,price_import__vs__structural_reduced_no_price,price_import,structural_reduced_no_price,price,add_one,True,before_any_defining_release,quadrant_brier_distance_to_exact_score_map,lower,180,-4.020020334276811e-05,0.0,-0.00014310502777627112,2.6974984826436766e-05,0.7112,4.020020334276811e-05,-2.6974984826436773e-05,0.00014310502777627112,0.7112,0.5072985402919417,12,2,5000,20260722,1.0,,,
excluding_2020_03_through_2020_05,structural_reduced_input__vs__structural_reduced_no_price,structural_reduced_input,structural_reduced_no_price,price,add_one,True,before_any_defining_release,quadrant_brier_distance_to_exact_score_map,lower,180,2.6630559715584825e-05,0.0,-5.9065239819994054e-08,7.991856650060466e-05,0.1984,-2.6630559715584825e-05,-7.991856650060466e-05,5.9065239819994034e-08,0.1984,0.36472705458908217,12,2,5000,20260722,1.0,,,
excluding_2020_03_through_2020_05,all_revised_candidate__vs__partial_only,all_revised_candidate,partial_only,combined,add_one,False,before_any_defining_release,quadrant_cross_entropy_to_exact_score_map,lower,180,-0.003990628791999399,0.0,-0.010525508582505923,0.0011351263248769823,0.916,0.003990628791999399,-0.0011351263248769825,0.01052550858250592,0.916,0.19016196760647872,12,2,5000,20260722,,,,
excluding_2020_03_through_2020_05,all_revised_candidate__vs__student_t_7_combined,all_revised_candidate,student_t_7_combined,combined,add_one,False,before_any_defining_release,quadrant_cross_entropy_to_exact_score_map,lower,180,-0.002929266779846439,0.0,-0.00638182110093001,0.00014124843410153742,0.9662,0.002929266779846439,-0.00014124843410153758,0.0063818211009300085,0.9662,0.08218356328734253,12,2,5000,20260722,,,,
excluding_2020_03_through_2020_05,business_activity_only__vs__business_none,business_activity_only,business_none,core_capital_goods_shipments_log_change,add_one,True,before_any_defining_release,quadrant_cross_entropy_to_exact_score_map,lower,180,-2.652042232762867e-06,0.0,-8.009245510694239e-06,7.11652547924027e-08,0.7848,2.652042232762867e-06,-7.116525479240277e-08,8.009245510694239e-06,0.7848,0.39832033593281346,12,2,5000,20260722,,,1.0,
excluding_2020_03_through_2020_05,business_activity_only__vs__business_revised_joint,business_activity_only,business_revised_joint,core_capital_goods_orders_shipments_gap_log_change,leave_one_out,False,before_any_defining_release,quadrant_cross_entropy_to_exact_score_map,lower,180,1.2223849593897797e-06,0.0,-4.533893660501547e-08,3.672837687284658e-06,0.1822,1.2223849593897797e-06,-4.533893660501547e-08,3.672837687284658e-06,0.8178,0.3535292941411718,12,2,5000,20260722,,,1.0,
excluding_2020_03_through_2020_05,business_pipeline_only__vs__business_none,business_pipeline_only,business_none,core_capital_goods_orders_shipments_gap_log_change,add_one,True,before_any_defining_release,quadrant_cross_entropy_to_exact_score_map,lower,180,-1.411476225479349e-07,0.0,-3.73513790815473e-07,-7.312335034086965e-10,0.9904,1.411476225479349e-07,7.312335034086956e-10,3.73513790815473e-07,0.9904,0.08458308338332333,12,2,5000,20260722,,,0.42291541691661666,
excluding_2020_03_through_2020_05,business_pipeline_only__vs__business_revised_joint,business_pipeline_only,business_revised_joint,core_capital_goods_shipments_log_change,leave_one_out,False,before_any_defining_release,quadrant_cross_entropy_to_exact_score_map,lower,180,3.733279569604712e-06,0.0,-2.539975070543764e-07,1.1459009728450272e-05,0.2742,3.733279569604712e-06,-2.539975070543764e-07,1.1459009728450272e-05,0.7258,0.47790441911617676,12,2,5000,20260722,,,1.0,
excluding_2020_03_through_2020_05,business_revised_joint__vs__business_legacy,business_revised_joint,business_legacy,business,add_one,False,before_any_defining_release,quadrant_cross_entropy_to_exact_score_map,lower,180,-5.580003566553316e-07,0.0,-1.669886928123652e-06,1.711815573576957e-07,0.9432,5.580003566553316e-07,-1.711815573576957e-07,1.669886928123652e-06,0.9432,0.16096780643871225,12,2,5000,20260722,,,0.643871225754849,
excluding_2020_03_through_2020_05,claims_ccsa_conditional_only__vs__claims_none,claims_ccsa_conditional_only,claims_none,continued_claims_innovation,add_one,True,before_any_defining_release,quadrant_cross_entropy_to_exact_score_map,lower,180,-0.001589643558456836,0.0,-0.006729164317748725,0.0021439085045354606,0.7334,0.001589643558456836,-0.002143908504535461,0.006729164317748721,0.7334,0.5020995800839833,12,2,5000,20260722,,,,1.0
excluding_2020_03_through_2020_05,claims_conditional_joint__vs__claims_ccsa_conditional_only,claims_conditional_joint,claims_ccsa_conditional_only,initial_claims_innovation,add_one,True,before_any_defining_release,quadrant_cross_entropy_to_exact_score_map,lower,180,-0.0018739078561560449,0.0,-0.004944226014760456,0.0005486973206316686,0.913,0.0018739078561560449,-0.000548697320631669,0.0049442260147604545,0.913,0.1957608478304339,12,2,5000,20260722,,,,0.8618276344731053
excluding_2020_03_through_2020_05,claims_conditional_joint__vs__claims_icsa_only,claims_conditional_joint,claims_icsa_only,continued_claims_innovation,add_one,True,before_any_defining_release,quadrant_cross_entropy_to_exact_score_map,lower,180,-0.002397402289363338,0.0,-0.005985912047081823,0.0007541956795997217,0.9176,0.002397402289363338,-0.0007541956795997223,0.00598591204708182,0.9176,0.17236552689462106,12,2,5000,20260722,,,,0.8618276344731053
excluding_2020_03_through_2020_05,claims_conditional_joint__vs__claims_independent,claims_conditional_joint,claims_independent,claims,add_one,False,before_any_defining_release,quadrant_cross_entropy_to_exact_score_map,lower,180,0.00011092088341173774,0.0,-0.00015296343157441257,0.0003759277714919565,0.207,-0.00011092088341173774,-0.0003759277714919572,0.00015296343157441257,0.207,0.42131573685262946,12,2,5000,20260722,,,,1.0
excluding_2020_03_through_2020_05,claims_icsa_only__vs__claims_none,claims_icsa_only,claims_none,initial_claims_innovation,add_one,True,before_any_defining_release,quadrant_cross_entropy_to_exact_score_map,lower,180,-0.0010661491252495431,0.0,-0.004604439667702289,0.001339157617817637,0.7036,0.0010661491252495431,-0.0013391576178176377,0.0046044396677022885,0.7036,0.5450909818036392,12,2,5000,20260722,,,,1.0
excluding_2020_03_through_2020_05,claims_independent__vs__claims_icsa_only,claims_independent,claims_icsa_only,continued_claims_innovation,add_one,True,before_any_defining_release,quadrant_cross_entropy_to_exact_score_map,lower,180,-0.0025083231727750757,0.0,-0.0059183243713250375,0.0004892165024160288,0.9388,0.0025083231727750757,-0.000489216502416029,0.005918324371325035,0.9388,0.1329734053189362,12,2,5000,20260722,,,,0.7978404319136172
excluding_2020_03_through_2020_05,consumer_implicit_only__vs__consumer_none,consumer_implicit_only,consumer_none,implicit_retail_price_log_change,add_one,True,before_any_defining_release,quadrant_cross_entropy_to_exact_score_map,lower,180,-9.82465926866448e-05,0.0,-0.0002999902207340606,7.709315330977899e-06,0.7786,9.82465926866448e-05,-7.709315330977904e-06,0.0002999902207340606,0.7786,0.4003199360127974,12,2,5000,20260722,,1.0,,
excluding_2020_03_through_2020_05,consumer_real_implicit_joint_only__vs__consumer_revised_full,consumer_real_implicit_joint_only,consumer_revised_full,total_vehicle_unit_sales_log_change,leave_one_out,False,before_any_defining_release,quadrant_cross_entropy_to_exact_score_map,lower,180,-1.143961338546045e-05,0.0,-0.0009935002605099268,0.0008785886415115628,0.4854,-1.143961338546045e-05,-0.0009935002605099268,0.0008785886415115628,0.5146,0.9776044791041791,12,2,5000,20260722,,1.0,,
excluding_2020_03_through_2020_05,consumer_real_only__vs__consumer_none,consumer_real_only,consumer_none,real_retail_and_food_services_log_change,add_one,True,before_any_defining_release,quadrant_cross_entropy_to_exact_score_map,lower,180,-3.1436369951152546e-05,0.0,-0.00017261815875247761,0.00011842301040211556,0.6782,3.1436369951152546e-05,-0.00011842301040211563,0.00017261815875247761,0.6782,0.6484703059388123,12,2,5000,20260722,,1.0,,
excluding_2020_03_through_2020_05,consumer_revised_full__vs__consumer_legacy,consumer_revised_full,consumer_legacy,consumer,add_one,False,before_any_defining_release,quadrant_cross_entropy_to_exact_score_map,lower,180,-9.654336958192449e-05,0.0,-0.0009868262893569775,0.0009309639475272468,0.5976,9.654336958192449e-05,-0.0009309639475272475,0.0009868262893569773,0.5976,0.8446310737852429,12,2,5000,20260722,,1.0,,
excluding_2020_03_through_2020_05,consumer_vehicle_only__vs__consumer_none,consumer_vehicle_only,consumer_none,total_vehicle_unit_sales_log_change,add_one,True,before_any_defining_release,quadrant_cross_entropy_to_exact_score_map,lower,180,1.469915864757174e-05,0.0,-0.0008678049259688118,0.000985684554271953,0.519,-1.469915864757174e-05,-0.0009856845542719535,0.0008678049259688117,0.519,0.9722055588882224,12,2,5000,20260722,,1.0,,
excluding_2020_03_through_2020_05,consumer_without_implicit__vs__consumer_revised_full,consumer_without_implicit,consumer_revised_full,implicit_retail_price_log_change,leave_one_out,False,before_any_defining_release,quadrant_cross_entropy_to_exact_score_map,lower,180,0.00013922529545041252,0.0,-1.458022136815437e-05,0.00041509069005352036,0.1436,0.00013922529545041252,-1.458022136815437e-05,0.00041509069005352036,0.8564,0.28314337132573486,12,2,5000,20260722,,1.0,,
excluding_2020_03_through_2020_05,consumer_without_real__vs__consumer_revised_full,consumer_without_real,consumer_revised_full,real_retail_and_food_services_log_change,leave_one_out,False,before_any_defining_release,quadrant_cross_entropy_to_exact_score_map,lower,180,6.059789358591441e-05,0.0,-8.578165047089652e-05,0.00021933667581197934,0.2254,6.059789358591441e-05,-8.578165047089652e-05,0.00021933667581197934,0.7746,0.4391121775644871,12,2,5000,20260722,,1.0,,
excluding_2020_03_through_2020_05,price_import__vs__structural_reduced_input,price_import,structural_reduced_input,price,add_one,False,before_any_defining_release,quadrant_cross_entropy_to_exact_score_map,lower,180,-0.00012637599020334604,0.0,-0.0004170452607872363,5.9779726926495565e-05,0.702,0.00012637599020334604,-5.977972692649557e-05,0.0004170452607872363,0.702,0.5188962207558488,12,2,5000,20260722,1.0,,,
excluding_2020_03_through_2020_05,price_import__vs__structural_reduced_no_price,price_import,structural_reduced_no_price,price,add_one,True,before_any_defining_release,quadrant_cross_entropy_to_exact_score_map,lower,180,-6.893816492629718e-05,0.0,-0.00026787279849575015,7.131278285257657e-05,0.6744,6.893816492629718e-05,-7.131278285257668e-05,0.00026787279849575015,0.6744,0.5688862227554489,12,2,5000,20260722,1.0,,,
excluding_2020_03_through_2020_05,structural_reduced_input__vs__structural_reduced_no_price,structural_reduced_input,structural_reduced_no_price,price,add_one,True,before_any_defining_release,quadrant_cross_entropy_to_exact_score_map,lower,180,5.743782527704886e-05,0.0,-1.026811344193332e-07,0.00017239470403496252,0.2206,-5.743782527704886e-05,-0.00017239470403496252,1.0268113441933319e-07,0.2206,0.39952009598080385,12,2,5000,20260722,1.0,,,
excluding_2020_03_through_2020_05,all_revised_candidate__vs__partial_only,all_revised_candidate,partial_only,combined,add_one,False,before_any_defining_release,score_center_negative_log_predictive_density,lower,180,-0.041590910482524356,-8.881784197001252e-16,-0.04799455228940246,-0.03566808542508202,1.0,0.041590910482524356,0.03566808542508202,0.047994552289402456,1.0,0.0001999600079984003,12,2,5000,20260722,,,,
excluding_2020_03_through_2020_05,all_revised_candidate__vs__student_t_7_combined,all_revised_candidate,student_t_7_combined,combined,add_one,False,before_any_defining_release,score_center_negative_log_predictive_density,lower,180,-0.022244549570125796,-4.440892098500626e-16,-0.027439707771440416,-0.016005364482638083,1.0,0.022244549570125796,0.016005364482638083,0.027439707771440416,1.0,0.0001999600079984003,12,2,5000,20260722,,,,
excluding_2020_03_through_2020_05,business_activity_only__vs__business_none,business_activity_only,business_none,core_capital_goods_shipments_log_change,add_one,True,before_any_defining_release,score_center_negative_log_predictive_density,lower,180,-6.2573426132497524e-06,0.0,-1.8740884022687406e-05,5.515325090666491e-08,0.894,6.2573426132497524e-06,-5.5153250906664945e-08,1.8740884022687406e-05,0.894,0.23195360927814437,12,2,5000,20260722,,,0.9278144371125775,
excluding_2020_03_through_2020_05,business_activity_only__vs__business_revised_joint,business_activity_only,business_revised_joint,core_capital_goods_orders_shipments_gap_log_change,leave_one_out,False,before_any_defining_release,score_center_negative_log_predictive_density,lower,180,3.834067518276246e-06,0.0,-1.1327441157071539e-07,1.1560511424726037e-05,0.334,3.834067518276246e-06,-1.1327441157071539e-07,1.1560511424726037e-05,0.666,0.5914817036592681,12,2,5000,20260722,,,1.0,
excluding_2020_03_through_2020_05,business_pipeline_only__vs__business_none,business_pipeline_only,business_none,core_capital_goods_orders_shipments_gap_log_change,add_one,True,before_any_defining_release,score_center_negative_log_predictive_density,lower,180,-3.2657977844950825e-07,0.0,-8.130974305380222e-07,1.7734625047363334e-09,0.9296,3.2657977844950825e-07,-1.7734625047363354e-09,8.130974305380221e-07,0.9296,0.16016796640671865,12,2,5000,20260722,,,0.8008398320335932,
excluding_2020_03_through_2020_05,business_pipeline_only__vs__business_revised_joint,business_pipeline_only,business_revised_joint,core_capital_goods_shipments_log_change,leave_one_out,False,before_any_defining_release,score_center_negative_log_predictive_density,lower,180,9.76483035307649e-06,0.0,-4.0886507503297876e-07,2.977108292625444e-05,0.2418,9.76483035307649e-06,-4.0886507503297876e-07,2.977108292625444e-05,0.7582,0.45650869826034796,12,2,5000,20260722,,,1.0,
excluding_2020_03_through_2020_05,business_revised_joint__vs__business_legacy,business_revised_joint,business_legacy,business,add_one,False,before_any_defining_release,score_center_negative_log_predictive_density,lower,180,-1.9256951796735467e-06,0.0,-6.113852121478647e-06,3.3395577168671753e-07,0.721,1.9256951796735467e-06,-3.339557716867176e-07,6.113852121478647e-06,0.721,0.5162967406518696,12,2,5000,20260722,,,1.0,
excluding_2020_03_through_2020_05,claims_ccsa_conditional_only__vs__claims_none,claims_ccsa_conditional_only,claims_none,continued_claims_innovation,add_one,True,before_any_defining_release,score_center_negative_log_predictive_density,lower,180,-0.019372205274823903,0.0,-0.025698219812113766,-0.01112839787305185,1.0,0.019372205274823903,0.01112839787305185,0.025698219812113766,1.0,0.0001999600079984003,12,2,5000,20260722,,,,0.0011997600479904018
excluding_2020_03_through_2020_05,claims_conditional_joint__vs__claims_ccsa_conditional_only,claims_conditional_joint,claims_ccsa_conditional_only,initial_claims_innovation,add_one,True,before_any_defining_release,score_center_negative_log_predictive_density,lower,180,-0.019228569160011776,0.0,-0.023498271039028615,-0.015589768484727817,1.0,0.019228569160011776,0.015589768484727814,0.023498271039028608,1.0,0.0001999600079984003,12,2,5000,20260722,,,,0.0011997600479904018
excluding_2020_03_through_2020_05,claims_conditional_joint__vs__claims_icsa_only,claims_conditional_joint,claims_icsa_only,continued_claims_innovation,add_one,True,before_any_defining_release,score_center_negative_log_predictive_density,lower,180,-0.019241388695587773,0.0,-0.024633662814052493,-0.011603102042666876,1.0,0.019241388695587773,0.011603102042666874,0.024633662814052486,1.0,0.0001999600079984003,12,2,5000,20260722,,,,0.0011997600479904018
excluding_2020_03_through_2020_05,claims_conditional_joint__vs__claims_independent,claims_conditional_joint,claims_independent,claims,add_one,False,before_any_defining_release,score_center_negative_log_predictive_density,lower,180,0.002684605038388285,0.0,0.001724777019176501,0.0035167257667386947,0.0,-0.002684605038388285,-0.003516725766738695,-0.0017247770191765014,0.0,0.0001999600079984003,12,2,5000,20260722,,,,0.0011997600479904018
excluding_2020_03_through_2020_05,claims_icsa_only__vs__claims_none,claims_icsa_only,claims_none,initial_claims_innovation,add_one,True,before_any_defining_release,score_center_negative_log_predictive_density,lower,180,-0.019359385739247913,0.0,-0.023777885383557375,-0.015710256469056983,1.0,0.019359385739247913,0.015710256469056983,0.023777885383557375,1.0,0.0001999600079984003,12,2,5000,20260722,,,,0.0011997600479904018
excluding_2020_03_through_2020_05,claims_independent__vs__claims_icsa_only,claims_independent,claims_icsa_only,continued_claims_innovation,add_one,True,before_any_defining_release,score_center_negative_log_predictive_density,lower,180,-0.02192599373397606,0.0,-0.027779513485867137,-0.01352795876363947,1.0,0.02192599373397606,0.013527958763639467,0.027779513485867137,1.0,0.0001999600079984003,12,2,5000,20260722,,,,0.0011997600479904018
excluding_2020_03_through_2020_05,consumer_implicit_only__vs__consumer_none,consumer_implicit_only,consumer_none,implicit_retail_price_log_change,add_one,True,before_any_defining_release,score_center_negative_log_predictive_density,lower,180,-0.0004247273311673917,0.0,-0.0012890115778348937,1.7955541336610626e-05,0.7936,0.0004247273311673917,-1.7955541336610656e-05,0.0012890115778348937,0.7936,0.386122775444911,12,2,5000,20260722,,1.0,,
excluding_2020_03_through_2020_05,consumer_real_implicit_joint_only__vs__consumer_revised_full,consumer_real_implicit_joint_only,consumer_revised_full,total_vehicle_unit_sales_log_change,leave_one_out,False,before_any_defining_release,score_center_negative_log_predictive_density,lower,180,0.0015203620152483691,0.0,0.0003321704415223849,0.002901870760375954,0.003,0.0015203620152483691,0.0003321704415223849,0.002901870760375954,0.997,0.01999600079984003,12,2,5000,20260722,,0.12177564487102581,,
excluding_2020_03_through_2020_05,consumer_real_only__vs__consumer_none,consumer_real_only,consumer_none,real_retail_and_food_services_log_change,add_one,True,before_any_defining_release,score_center_negative_log_predictive_density,lower,180,-0.00015107698645369495,0.0,-0.0004984160560212941,0.00018532555705369296,0.813,0.00015107698645369495,-0.00018532555705369296,0.0004984160560212941,0.813,0.3759248150369926,12,2,5000,20260722,,1.0,,
excluding_2020_03_through_2020_05,consumer_revised_full__vs__consumer_legacy,consumer_revised_full,consumer_legacy,consumer,add_one,False,before_any_defining_release,score_center_negative_log_predictive_density,lower,180,-0.0020569919098992295,0.0,-0.003864460681450626,-0.0003838157737047501,0.9974,0.0020569919098992295,0.00038381577370475003,0.003864460681450625,0.9974,0.01739652069586083,12,2,5000,20260722,,0.12177564487102581,,
excluding_2020_03_through_2020_05,consumer_vehicle_only__vs__consumer_none,consumer_vehicle_only,consumer_none,total_vehicle_unit_sales_log_change,add_one,True,before_any_defining_release,score_center_negative_log_predictive_density,lower,180,-0.0015073389039879993,0.0,-0.002865380584262077,-0.0003310540854560887,0.9962,0.0015073389039879993,0.0003310540854560885,0.0028653805842620765,0.9962,0.01859628074385123,12,2,5000,20260722,,0.12177564487102581,,
excluding_2020_03_through_2020_05,consumer_without_implicit__vs__consumer_revised_full,consumer_without_implicit,consumer_revised_full,implicit_retail_price_log_change,leave_one_out,False,before_any_defining_release,score_center_negative_log_predictive_density,lower,180,0.0005594118429218362,0.0,-3.395618052335797e-05,0.0016893650852917727,0.1592,0.0005594118429218362,-3.395618052335797e-05,0.0016893650852917727,0.8408,0.3079384123175365,12,2,5000,20260722,,1.0,,
excluding_2020_03_through_2020_05,consumer_without_real__vs__consumer_revised_full,consumer_without_real,consumer_revised_full,real_retail_and_food_services_log_change,leave_one_out,False,before_any_defining_release,score_center_negative_log_predictive_density,lower,180,0.0002646001820759657,0.0,-0.00010061785256934264,0.0007682065643936367,0.1348,0.0002646001820759657,-0.00010061785256934264,0.0007682065643936367,0.8652,0.2621475704859028,12,2,5000,20260722,,1.0,,
excluding_2020_03_through_2020_05,price_import__vs__structural_reduced_input,price_import,structural_reduced_input,price,add_one,False,before_any_defining_release,score_center_negative_log_predictive_density,lower,180,-0.000540688460309661,0.0,-0.001672086916044588,0.00011404268273218108,0.7058,0.000540688460309661,-0.00011404268273218114,0.001672086916044588,0.7058,0.5070985802839432,12,2,5000,20260722,1.0,,,
excluding_2020_03_through_2020_05,price_import__vs__structural_reduced_no_price,price_import,structural_reduced_no_price,price,add_one,True,before_any_defining_release,score_center_negative_log_predictive_density,lower,180,-0.0003688286420604197,0.0,-0.0011534217044311596,0.00015532332995289686,0.7132,0.0003688286420604197,-0.00015532332995289694,0.0011534217044311594,0.7132,0.488502299540092,12,2,5000,20260722,1.0,,,
excluding_2020_03_through_2020_05,structural_reduced_input__vs__structural_reduced_no_price,structural_reduced_input,structural_reduced_no_price,price,add_one,True,before_any_defining_release,score_center_negative_log_predictive_density,lower,180,0.00017185981824924132,0.0,-1.8104191992952666e-07,0.0005157151344208198,0.2248,-0.00017185981824924132,-0.0005157151344208198,1.8104191992952656e-07,0.2248,0.41191761647670466,12,2,5000,20260722,1.0,,,
excluding_2020_03_through_2020_05,all_revised_candidate__vs__partial_only,all_revised_candidate,partial_only,combined,add_one,False,strict_pre_final_score_day,hard_quadrant_correct,higher,180,-0.10555555555555556,0.0,-0.15555555555555556,-0.05555555555555555,0.0,-0.10555555555555556,-0.15555555555555556,-0.05555555555555555,0.0,0.0001999600079984003,12,2,5000,20260722,,,,
excluding_2020_03_through_2020_05,all_revised_candidate__vs__student_t_7_combined,all_revised_candidate,student_t_7_combined,combined,add_one,False,strict_pre_final_score_day,hard_quadrant_correct,higher,180,-0.03888888888888889,0.0,-0.08333333333333333,0.005555555555555556,0.0326,-0.03888888888888889,-0.08333333333333333,0.005555555555555556,0.0326,0.08738252349530094,12,2,5000,20260722,,,,
excluding_2020_03_through_2020_05,business_activity_only__vs__business_none,business_activity_only,business_none,core_capital_goods_shipments_log_change,add_one,True,strict_pre_final_score_day,hard_quadrant_correct,higher,180,-0.011111111111111112,0.0,-0.027777777777777776,0.005555555555555556,0.0404,-0.011111111111111112,-0.027777777777777776,0.005555555555555556,0.0404,0.1943611277744451,12,2,5000,20260722,,,0.7774445110977805,
excluding_2020_03_through_2020_05,business_activity_only__vs__business_revised_joint,business_activity_only,business_revised_joint,core_capital_goods_orders_shipments_gap_log_change,leave_one_out,False,strict_pre_final_score_day,hard_quadrant_correct,higher,180,0.005555555555555556,0.0,0.0,0.016666666666666666,0.673,-0.005555555555555556,-0.016666666666666666,0.0,0.0,0.27234553089382124,12,2,5000,20260722,,,0.7960407918416317,
excluding_2020_03_through_2020_05,business_pipeline_only__vs__business_none,business_pipeline_only,business_none,core_capital_goods_orders_shipments_gap_log_change,add_one,True,strict_pre_final_score_day,hard_quadrant_correct,higher,180,0.0,0.0,0.0,0.0,0.0,0.0,0.0,0.0,0.0,1.0,12,2,5000,20260722,,,1.0,
excluding_2020_03_through_2020_05,business_pipeline_only__vs__business_revised_joint,business_pipeline_only,business_revised_joint,core_capital_goods_shipments_log_change,leave_one_out,False,strict_pre_final_score_day,hard_quadrant_correct,higher,180,0.016666666666666666,0.0,0.0,0.03333333333333333,0.9554,-0.016666666666666666,-0.03333333333333333,0.0,0.003,0.03719256148770246,12,2,5000,20260722,,,0.1859628074385123,
excluding_2020_03_through_2020_05,business_revised_joint__vs__business_legacy,business_revised_joint,business_legacy,business,add_one,False,strict_pre_final_score_day,hard_quadrant_correct,higher,180,-0.005555555555555556,0.0,-0.016666666666666666,0.0,0.0,-0.005555555555555556,-0.016666666666666666,0.0,0.0,0.2653469306138772,12,2,5000,20260722,,,0.7960407918416317,
excluding_2020_03_through_2020_05,claims_ccsa_conditional_only__vs__claims_none,claims_ccsa_conditional_only,claims_none,continued_claims_innovation,add_one,True,strict_pre_final_score_day,hard_quadrant_correct,higher,180,-0.011111111111111112,0.0,-0.027777777777777776,0.0,0.0,-0.011111111111111112,-0.027777777777777776,0.0,0.0,0.13897220555888823,12,2,5000,20260722,,,,0.8338332333533294
excluding_2020_03_through_2020_05,claims_conditional_joint__vs__claims_ccsa_conditional_only,claims_conditional_joint,claims_ccsa_conditional_only,initial_claims_innovation,add_one,True,strict_pre_final_score_day,hard_quadrant_correct,higher,180,0.0,0.0,0.0,0.0,0.0,0.0,0.0,0.0,0.0,1.0,12,2,5000,20260722,,,,1.0
excluding_2020_03_through_2020_05,claims_conditional_joint__vs__claims_icsa_only,claims_conditional_joint,claims_icsa_only,continued_claims_innovation,add_one,True,strict_pre_final_score_day,hard_quadrant_correct,higher,180,0.0,0.0,0.0,0.0,0.0,0.0,0.0,0.0,0.0,1.0,12,2,5000,20260722,,,,1.0
excluding_2020_03_through_2020_05,claims_conditional_joint__vs__claims_independent,claims_conditional_joint,claims_independent,claims,add_one,False,strict_pre_final_score_day,hard_quadrant_correct,higher,180,0.0,0.0,0.0,0.0,0.0,0.0,0.0,0.0,0.0,1.0,12,2,5000,20260722,,,,1.0
excluding_2020_03_through_2020_05,claims_icsa_only__vs__claims_none,claims_icsa_only,claims_none,initial_claims_innovation,add_one,True,strict_pre_final_score_day,hard_quadrant_correct,higher,180,-0.011111111111111112,0.0,-0.027777777777777776,0.0,0.0,-0.011111111111111112,-0.027777777777777776,0.0,0.0,0.14137172565486902,12,2,5000,20260722,,,,0.8338332333533294
excluding_2020_03_through_2020_05,claims_independent__vs__claims_icsa_only,claims_independent,claims_icsa_only,continued_claims_innovation,add_one,True,strict_pre_final_score_day,hard_quadrant_correct,higher,180,0.0,0.0,0.0,0.0,0.0,0.0,0.0,0.0,0.0,1.0,12,2,5000,20260722,,,,1.0
excluding_2020_03_through_2020_05,consumer_implicit_only__vs__consumer_none,consumer_implicit_only,consumer_none,implicit_retail_price_log_change,add_one,True,strict_pre_final_score_day,hard_quadrant_correct,higher,180,0.005555555555555556,0.0,-0.016666666666666666,0.027777777777777776,0.6134,0.005555555555555556,-0.016666666666666666,0.027777777777777776,0.6134,0.620875824835033,12,2,5000,20260722,,1.0,,
excluding_2020_03_through_2020_05,consumer_real_implicit_joint_only__vs__consumer_revised_full,consumer_real_implicit_joint_only,consumer_revised_full,total_vehicle_unit_sales_log_change,leave_one_out,False,strict_pre_final_score_day,hard_quadrant_correct,higher,180,-0.005555555555555556,0.0,-0.022222222222222223,0.005555555555555556,0.0802,0.005555555555555556,-0.005555555555555556,0.022222222222222223,0.6362,0.3863227354529094,12,2,5000,20260722,,1.0,,
excluding_2020_03_through_2020_05,consumer_real_only__vs__consumer_none,consumer_real_only,consumer_none,real_retail_and_food_services_log_change,add_one,True,strict_pre_final_score_day,hard_quadrant_correct,higher,180,-0.016666666666666666,0.0,-0.08333333333333333,0.03888888888888889,0.2796,-0.016666666666666666,-0.08333333333333333,0.03888888888888889,0.2796,0.6074785042991402,12,2,5000,20260722,,1.0,,
excluding_2020_03_through_2020_05,consumer_revised_full__vs__consumer_legacy,consumer_revised_full,consumer_legacy,consumer,add_one,False,strict_pre_final_score_day,hard_quadrant_correct,higher,180,0.0,0.0,-0.027777777777777776,0.03333333333333333,0.43,0.0,-0.027777777777777776,0.03333333333333333,0.43,1.0,12,2,5000,20260722,,1.0,,
excluding_2020_03_through_2020_05,consumer_vehicle_only__vs__consumer_none,consumer_vehicle_only,consumer_none,total_vehicle_unit_sales_log_change,add_one,True,strict_pre_final_score_day,hard_quadrant_correct,higher,180,0.0,0.0,-0.011111111111111112,0.011111111111111112,0.3064,0.0,-0.011111111111111112,0.011111111111111112,0.3064,1.0,12,2,5000,20260722,,1.0,,
excluding_2020_03_through_2020_05,consumer_without_implicit__vs__consumer_revised_full,consumer_without_implicit,consumer_revised_full,implicit_retail_price_log_change,leave_one_out,False,strict_pre_final_score_day,hard_quadrant_correct,higher,180,-0.011111111111111112,0.0,-0.03888888888888889,0.011111111111111112,0.115,0.011111111111111112,-0.011111111111111112,0.03888888888888889,0.7432,0.3607278544291142,12,2,5000,20260722,,1.0,,
excluding_2020_03_through_2020_05,consumer_without_real__vs__consumer_revised_full,consumer_without_real,consumer_revised_full,real_retail_and_food_services_log_change,leave_one_out,False,strict_pre_final_score_day,hard_quadrant_correct,higher,180,0.027777777777777776,0.0,-0.022222222222222223,0.09444444444444444,0.7714,-0.027777777777777776,-0.09444444444444444,0.022222222222222223,0.166,0.3437312537492502,12,2,5000,20260722,,1.0,,
excluding_2020_03_through_2020_05,price_import__vs__structural_reduced_input,price_import,structural_reduced_input,price,add_one,False,strict_pre_final_score_day,hard_quadrant_correct,higher,180,-0.011111111111111112,0.0,-0.03888888888888889,0.011111111111111112,0.1482,-0.011111111111111112,-0.03888888888888889,0.011111111111111112,0.1482,0.40631873625274945,12,2,5000,20260722,0.8126374725054989,,,
excluding_2020_03_through_2020_05,price_import__vs__structural_reduced_no_price,price_import,structural_reduced_no_price,price,add_one,True,strict_pre_final_score_day,hard_quadrant_correct,higher,180,0.0,0.0,-0.016666666666666666,0.016666666666666666,0.371,0.0,-0.016666666666666666,0.016666666666666666,0.371,1.0,12,2,5000,20260722,1.0,,,
excluding_2020_03_through_2020_05,structural_reduced_input__vs__structural_reduced_no_price,structural_reduced_input,structural_reduced_no_price,price,add_one,True,strict_pre_final_score_day,hard_quadrant_correct,higher,180,0.011111111111111112,0.0,0.0,0.03333333333333333,0.7598,0.011111111111111112,0.0,0.03333333333333333,0.7598,0.19636072785442912,12,2,5000,20260722,0.5890821835632873,,,
excluding_2020_03_through_2020_05,all_revised_candidate__vs__partial_only,all_revised_candidate,partial_only,combined,add_one,False,strict_pre_final_score_day,quadrant_brier_distance_to_exact_score_map,lower,180,0.0003480630484594755,-0.0003540636519205158,-0.0021452519133757196,0.003141486942266646,0.4132,-0.0003480630484594755,-0.0031414869422666464,0.002145251913375718,0.4132,0.8118376324735053,12,2,5000,20260722,,,,
excluding_2020_03_through_2020_05,all_revised_candidate__vs__student_t_7_combined,all_revised_candidate,student_t_7_combined,combined,add_one,False,strict_pre_final_score_day,quadrant_brier_distance_to_exact_score_map,lower,180,-0.0005751403287207749,-0.00016971518530787405,-0.003051330711860048,0.0019322549180975992,0.6588,0.0005751403287207749,-0.0019322549180976012,0.0030513307118600476,0.6588,0.6618676264747051,12,2,5000,20260722,,,,
excluding_2020_03_through_2020_05,business_activity_only__vs__business_none,business_activity_only,business_none,core_capital_goods_shipments_log_change,add_one,True,strict_pre_final_score_day,quadrant_brier_distance_to_exact_score_map,lower,180,0.0003792513631329904,0.0,6.406732219412675e-05,0.000714119405537973,0.0086,-0.0003792513631329904,-0.0007141194055379732,-6.40673221941268e-05,0.0086,0.022395520895820836,12,2,5000,20260722,,,0.08958208358328335,
excluding_2020_03_through_2020_05,business_activity_only__vs__business_revised_joint,business_activity_only,business_revised_joint,core_capital_goods_orders_shipments_gap_log_change,leave_one_out,False,strict_pre_final_score_day,quadrant_brier_distance_to_exact_score_map,lower,180,-5.479780318354096e-05,0.0,-0.00015506670616546612,3.7420442024164197e-05,0.8584,-5.479780318354096e-05,-0.00015506670616546612,3.7420442024164197e-05,0.1416,0.27534493101379726,12,2,5000,20260722,,,0.6772645470905819,
excluding_2020_03_through_2020_05,business_pipeline_only__vs__business_none,business_pipeline_only,business_none,core_capital_goods_orders_shipments_gap_log_change,add_one,True,strict_pre_final_score_day,quadrant_brier_distance_to_exact_score_map,lower,180,-1.737811757403978e-05,0.0,-4.781808102513373e-05,6.775789133932266e-06,0.8992,1.737811757403978e-05,-6.7757891339322706e-06,4.781808102513369e-05,0.8992,0.22575484903019397,12,2,5000,20260722,,,0.6772645470905819,
excluding_2020_03_through_2020_05,business_pipeline_only__vs__business_revised_joint,business_pipeline_only,business_revised_joint,core_capital_goods_shipments_log_change,leave_one_out,False,strict_pre_final_score_day,quadrant_brier_distance_to_exact_score_map,lower,180,-0.00045142728389057106,0.0,-0.000765497898060299,-0.00018047886537192129,1.0,-0.00045142728389057106,-0.000765497898060299,-0.00018047886537192129,0.0,0.003799240151969606,12,2,5000,20260722,,,0.01899620075984803,
excluding_2020_03_through_2020_05,business_revised_joint__vs__business_legacy,business_revised_joint,business_legacy,business,add_one,False,strict_pre_final_score_day,quadrant_brier_distance_to_exact_score_map,lower,180,1.0131087201802304e-06,0.0,-4.039473561653915e-05,3.816249406134504e-05,0.4706,-1.0131087201802304e-06,-3.816249406134507e-05,4.039473561653914e-05,0.4706,0.9650069986002799,12,2,5000,20260722,,,0.9650069986002799,
excluding_2020_03_through_2020_05,claims_ccsa_conditional_only__vs__claims_none,claims_ccsa_conditional_only,claims_none,continued_claims_innovation,add_one,True,strict_pre_final_score_day,quadrant_brier_distance_to_exact_score_map,lower,180,-0.00015003142776110742,0.0,-0.00037833274397314925,5.4818511996939084e-05,0.9068,0.00015003142776110742,-5.4818511996939124e-05,0.00037833274397314914,0.9068,0.1913617276544691,12,2,5000,20260722,,,,0.37972405518896224
excluding_2020_03_through_2020_05,claims_conditional_joint__vs__claims_ccsa_conditional_only,claims_conditional_joint,claims_ccsa_conditional_only,initial_claims_innovation,add_one,True,strict_pre_final_score_day,quadrant_brier_distance_to_exact_score_map,lower,180,9.867508842963304e-05,0.0,5.188885777955391e-06,0.00020083804469965436,0.0174,-9.867508842963304e-05,-0.0002008380446996544,-5.188885777955416e-06,0.0174,0.04819036192761448,12,2,5000,20260722,,,,0.2409518096380724
excluding_2020_03_through_2020_05,claims_conditional_joint__vs__claims_icsa_only,claims_conditional_joint,claims_icsa_only,continued_claims_innovation,add_one,True,strict_pre_final_score_day,quadrant_brier_distance_to_exact_score_map,lower,180,-0.00015716721884431305,0.0,-0.000385716053574251,5.323408485812198e-05,0.9168,0.00015716721884431305,-5.323408485812201e-05,0.000385716053574251,0.9168,0.16816636672665466,12,2,5000,20260722,,,,0.37972405518896224
excluding_2020_03_through_2020_05,claims_conditional_joint__vs__claims_independent,claims_conditional_joint,claims_independent,claims,add_one,False,strict_pre_final_score_day,quadrant_brier_distance_to_exact_score_map,lower,180,2.3655596244772427e-05,0.0,4.736998742530953e-06,4.5014195749615254e-05,0.0032,-2.3655596244772427e-05,-4.501419574961526e-05,-4.736998742530964e-06,0.0032,0.01759648070385923,12,2,5000,20260722,,,,0.10557888422315537
excluding_2020_03_through_2020_05,claims_icsa_only__vs__claims_none,claims_icsa_only,claims_none,initial_claims_innovation,add_one,True,strict_pre_final_score_day,quadrant_brier_distance_to_exact_score_map,lower,180,0.00010581087951283866,0.0,3.928380657837312e-06,0.00021512540403604175,0.02,-0.00010581087951283866,-0.00021512540403604178,-3.928380657837336e-06,0.02,0.04819036192761448,12,2,5000,20260722,,,,0.2409518096380724
excluding_2020_03_through_2020_05,claims_independent__vs__claims_icsa_only,claims_independent,claims_icsa_only,continued_claims_innovation,add_one,True,strict_pre_final_score_day,quadrant_brier_distance_to_exact_score_map,lower,180,-0.00018082281508908547,0.0,-0.0004189950117772103,3.778964806516332e-05,0.9434,0.00018082281508908547,-3.77896480651634e-05,0.0004189950117772103,0.9434,0.1265746850629874,12,2,5000,20260722,,,,0.37972405518896224
excluding_2020_03_through_2020_05,consumer_implicit_only__vs__consumer_none,consumer_implicit_only,consumer_none,implicit_retail_price_log_change,add_one,True,strict_pre_final_score_day,quadrant_brier_distance_to_exact_score_map,lower,180,-0.0015991806119858636,-1.7546528223438308e-05,-0.003716451019966481,0.00023466035751767096,0.9504,0.0015991806119858636,-0.00023466035751767186,0.0037164510199664807,0.9504,0.11497700459908018,12,2,5000,20260722,,0.45990801839632073,,
excluding_2020_03_through_2020_05,consumer_real_implicit_joint_only__vs__consumer_revised_full,consumer_real_implicit_joint_only,consumer_revised_full,total_vehicle_unit_sales_log_change,leave_one_out,False,strict_pre_final_score_day,quadrant_brier_distance_to_exact_score_map,lower,180,-0.0005438441415239474,0.0,-0.0007715253871705452,-0.00031811865212631355,1.0,-0.0005438441415239474,-0.0007715253871705452,-0.00031811865212631355,0.0,0.0001999600079984003,12,2,5000,20260722,,0.0013997200559888023,,
excluding_2020_03_through_2020_05,consumer_real_only__vs__consumer_none,consumer_real_only,consumer_none,real_retail_and_food_services_log_change,add_one,True,strict_pre_final_score_day,quadrant_brier_distance_to_exact_score_map,lower,180,0.0005711310232237178,-0.00011751019822776659,-0.0011270856352433014,0.002537601248464383,0.2986,-0.0005711310232237178,-0.0025376012484643836,0.0011270856352433014,0.2986,0.5626874625074985,12,2,5000,20260722,,0.8560287942411517,,
excluding_2020_03_through_2020_05,consumer_revised_full__vs__consumer_legacy,consumer_revised_full,consumer_legacy,consumer,add_one,False,strict_pre_final_score_day,quadrant_brier_distance_to_exact_score_map,lower,180,-0.0007250400862040259,-9.782360499710659e-05,-0.002414425186988145,0.0009752871786178248,0.7956,0.0007250400862040259,-0.0009752871786178251,0.0024144251869881437,0.7956,0.39952009598080385,12,2,5000,20260722,,0.8560287942411517,,
excluding_2020_03_through_2020_05,consumer_vehicle_only__vs__consumer_none,consumer_vehicle_only,consumer_none,total_vehicle_unit_sales_log_change,add_one,True,strict_pre_final_score_day,quadrant_brier_distance_to_exact_score_map,lower,180,-0.00019640110054361428,0.0,-0.0004173448687458715,2.170987842567793e-05,0.9602,0.00019640110054361428,-2.170987842567806e-05,0.00041734486874587146,0.9602,0.07618476304739052,12,2,5000,20260722,,0.3809238152369526,,
excluding_2020_03_through_2020_05,consumer_without_implicit__vs__consumer_revised_full,consumer_without_implicit,consumer_revised_full,implicit_retail_price_log_change,leave_one_out,False,strict_pre_final_score_day,quadrant_brier_distance_to_exact_score_map,lower,180,0.0015850454748272673,1.5297642457095823e-06,8.346765424103924e-05,0.0031112369112203525,0.0198,0.0015850454748272673,8.346765424103924e-05,0.0031112369112203525,0.9802,0.04019196160767846,12,2,5000,20260722,,0.24115176964607077,,
excluding_2020_03_through_2020_05,consumer_without_real__vs__consumer_revised_full,consumer_without_real,consumer_revised_full,real_retail_and_food_services_log_change,leave_one_out,False,strict_pre_final_score_day,quadrant_brier_distance_to_exact_score_map,lower,180,-0.0014915009889215729,0.00022788555677316885,-0.0044836545730346684,0.0007589060754650569,0.8548,-0.0014915009889215729,-0.0044836545730346684,0.0007589060754650569,0.1452,0.28534293141371725,12,2,5000,20260722,,0.8560287942411517,,
excluding_2020_03_through_2020_05,price_import__vs__structural_reduced_input,price_import,structural_reduced_input,price,add_one,False,strict_pre_final_score_day,quadrant_brier_distance_to_exact_score_map,lower,180,0.00025707363654904706,0.0,-0.0010914961558426146,0.001698995371022067,0.3676,-0.00025707363654904706,-0.0016989953710220673,0.0010914961558426142,0.3676,0.7248550289942012,12,2,5000,20260722,1.0,,,
excluding_2020_03_through_2020_05,price_import__vs__structural_reduced_no_price,price_import,structural_reduced_no_price,price,add_one,True,strict_pre_final_score_day,quadrant_brier_distance_to_exact_score_map,lower,180,0.00038832126270495454,0.0,-0.0009859172517347444,0.0018979828822131878,0.3072,-0.00038832126270495454,-0.0018979828822131878,0.000985917251734744,0.3072,0.6174765046990602,12,2,5000,20260722,1.0,,,
excluding_2020_03_through_2020_05,structural_reduced_input__vs__structural_reduced_no_price,structural_reduced_input,structural_reduced_no_price,price,add_one,True,strict_pre_final_score_day,quadrant_brier_distance_to_exact_score_map,lower,180,0.0001312476261559075,0.0,1.2359049699794559e-05,0.0002626635869999215,0.0154,-0.0001312476261559075,-0.0002626635869999217,-1.2359049699794759e-05,0.0154,0.04079184163167367,12,2,5000,20260722,0.122375524895021,,,
excluding_2020_03_through_2020_05,all_revised_candidate__vs__partial_only,all_revised_candidate,partial_only,combined,add_one,False,strict_pre_final_score_day,quadrant_cross_entropy_to_exact_score_map,lower,180,-0.001299801246269575,-0.00082330548298859,-0.0075820230098981095,0.005807552201144302,0.6564,0.001299801246269575,-0.005807552201144303,0.0075820230098981095,0.6564,0.7136572685462907,12,2,5000,20260722,,,,
excluding_2020_03_through_2020_05,all_revised_candidate__vs__student_t_7_combined,all_revised_candidate,student_t_7_combined,combined,add_one,False,strict_pre_final_score_day,quadrant_cross_entropy_to_exact_score_map,lower,180,-0.0032191073589435157,-0.0003790511390118212,-0.00940255029166471,0.0034975150025846093,0.8288,0.0032191073589435157,-0.0034975150025846097,0.00940255029166471,0.8288,0.33833233353329334,12,2,5000,20260722,,,,
excluding_2020_03_through_2020_05,business_activity_only__vs__business_none,business_activity_only,business_none,core_capital_goods_shipments_log_change,add_one,True,strict_pre_final_score_day,quadrant_cross_entropy_to_exact_score_map,lower,180,0.0007925525812650534,0.0,0.00019500893534832423,0.0014217558581130702,0.0026,-0.0007925525812650534,-0.0014217558581130709,-0.0001950089353483247,0.0026,0.010197960407918417,12,2,5000,20260722,,,0.04079184163167367,
excluding_2020_03_through_2020_05,business_activity_only__vs__business_revised_joint,business_activity_only,business_revised_joint,core_capital_goods_orders_shipments_gap_log_change,leave_one_out,False,strict_pre_final_score_day,quadrant_cross_entropy_to_exact_score_map,lower,180,-2.5079987004584925e-06,0.0,-0.00019225647275933322,0.0002229654971119687,0.5416,-2.5079987004584925e-06,-0.00019225647275933322,0.0002229654971119687,0.4584,0.9822035592881424,12,2,5000,20260722,,,1.0,
excluding_2020_03_through_2020_05,business_pipeline_only__vs__business_none,business_pipeline_only,business_none,core_capital_goods_orders_shipments_gap_log_change,add_one,True,strict_pre_final_score_day,quadrant_cross_entropy_to_exact_score_map,lower,180,-3.405715890561119e-05,0.0,-8.940928969469271e-05,9.785881143525393e-06,0.9204,3.405715890561119e-05,-9.785881143525413e-06,8.94092896946927e-05,0.9204,0.1899620075984803,12,2,5000,20260722,,,0.569886022795441,
excluding_2020_03_through_2020_05,business_pipeline_only__vs__business_revised_joint,business_pipeline_only,business_revised_joint,core_capital_goods_shipments_log_change,leave_one_out,False,strict_pre_final_score_day,quadrant_cross_entropy_to_exact_score_map,lower,180,-0.0008291177388711231,0.0,-0.0013236540085174331,-0.00035742795214803013,0.9998,-0.0008291177388711231,-0.0013236540085174331,-0.00035742795214803013,0.0002,0.0007998400319936012,12,2,5000,20260722,,,0.003999200159968006,
excluding_2020_03_through_2020_05,business_revised_joint__vs__business_legacy,business_revised_joint,business_legacy,business,add_one,False,strict_pre_final_score_day,quadrant_cross_entropy_to_exact_score_map,lower,180,-2.9633721046426477e-05,0.0,-0.00015288666934678457,5.549393548327429e-05,0.6718,2.9633721046426477e-05,-5.549393548327434e-05,0.00015288666934678454,0.6718,0.5964807038592281,12,2,5000,20260722,,,1.0,
excluding_2020_03_through_2020_05,claims_ccsa_conditional_only__vs__claims_none,claims_ccsa_conditional_only,claims_none,continued_claims_innovation,add_one,True,strict_pre_final_score_day,quadrant_cross_entropy_to_exact_score_map,lower,180,-0.00016133550175709524,0.0,-0.0004693794344075233,0.00011025535971775563,0.858,0.00016133550175709524,-0.00011025535971775573,0.00046937943440752316,0.858,0.28674265146970607,12,2,5000,20260722,,,,0.9748050389922015
excluding_2020_03_through_2020_05,claims_conditional_joint__vs__claims_ccsa_conditional_only,claims_conditional_joint,claims_ccsa_conditional_only,initial_claims_innovation,add_one,True,strict_pre_final_score_day,quadrant_cross_entropy_to_exact_score_map,lower,180,7.974262391556884e-05,0.0,-4.081475295486589e-05,0.0002064906524344936,0.1056,-7.974262391556884e-05,-0.00020649065243449365,4.08147529548657e-05,0.1056,0.21915616876624675,12,2,5000,20260722,,,,0.9748050389922015
excluding_2020_03_through_2020_05,claims_conditional_joint__vs__claims_icsa_only,claims_conditional_joint,claims_icsa_only,continued_claims_innovation,add_one,True,strict_pre_final_score_day,quadrant_cross_entropy_to_exact_score_map,lower,180,-0.00017151911332408213,0.0,-0.0004631051278155581,9.979541260970766e-05,0.8764,0.00017151911332408213,-9.979541260970786e-05,0.0004631051278155579,0.8764,0.24155168966206758,12,2,5000,20260722,,,,0.9748050389922015
excluding_2020_03_through_2020_05,claims_conditional_joint__vs__claims_independent,claims_conditional_joint,claims_independent,claims,add_one,False,strict_pre_final_score_day,quadrant_cross_entropy_to_exact_score_map,lower,180,3.060435553565166e-05,0.0,5.001201865244291e-06,6.106980801629944e-05,0.0056,-3.060435553565166e-05,-6.106980801629945e-05,-5.001201865244292e-06,0.0056,0.030193961207758448,12,2,5000,20260722,,,,0.1811637672465507
excluding_2020_03_through_2020_05,claims_icsa_only__vs__claims_none,claims_icsa_only,claims_none,initial_claims_innovation,add_one,True,strict_pre_final_score_day,quadrant_cross_entropy_to_exact_score_map,lower,180,8.992623548255573e-05,0.0,-4.167668523797968e-05,0.0002332063243141373,0.0952,-8.992623548255573e-05,-0.00023320632431413733,4.167668523797961e-05,0.0952,0.1949610077984403,12,2,5000,20260722,,,,0.9748050389922015
excluding_2020_03_through_2020_05,claims_independent__vs__claims_icsa_only,claims_independent,claims_icsa_only,continued_claims_innovation,add_one,True,strict_pre_final_score_day,quadrant_cross_entropy_to_exact_score_map,lower,180,-0.0002021234688597338,0.0,-0.0005166815742865899,8.969245774758178e-05,0.9042,0.0002021234688597338,-8.969245774758186e-05,0.0005166815742865896,0.9042,0.19876024795040992,12,2,5000,20260722,,,,0.9748050389922015
excluding_2020_03_through_2020_05,consumer_implicit_only__vs__consumer_none,consumer_implicit_only,consumer_none,implicit_retail_price_log_change,add_one,True,strict_pre_final_score_day,quadrant_cross_entropy_to_exact_score_map,lower,180,-0.0037796112813921947,-6.260035357191773e-05,-0.007942726822883986,-0.0001216112643666256,0.981,0.0037796112813921947,0.00012161126436662516,0.007942726822883982,0.981,0.054989002199560086,12,2,5000,20260722,,0.2699460107978404,,
excluding_2020_03_through_2020_05,consumer_real_implicit_joint_only__vs__consumer_revised_full,consumer_real_implicit_joint_only,consumer_revised_full,total_vehicle_unit_sales_log_change,leave_one_out,False,strict_pre_final_score_day,quadrant_cross_entropy_to_exact_score_map,lower,180,-0.0009952239191490459,0.0,-0.0013836925808982064,-0.0005829162641300519,1.0,-0.0009952239191490459,-0.0013836925808982064,-0.0005829162641300519,0.0,0.0001999600079984003,12,2,5000,20260722,,0.0013997200559888023,,
excluding_2020_03_through_2020_05,consumer_real_only__vs__consumer_none,consumer_real_only,consumer_none,real_retail_and_food_services_log_change,add_one,True,strict_pre_final_score_day,quadrant_cross_entropy_to_exact_score_map,lower,180,0.0006479762330786306,-0.00027741407640635707,-0.0022135751348706266,0.0038454640423242386,0.3442,-0.0006479762330786306,-0.0038454640423242416,0.002213575134870626,0.3442,0.6804639072185563,12,2,5000,20260722,,0.6804639072185563,,
excluding_2020_03_through_2020_05,consumer_revised_full__vs__consumer_legacy,consumer_revised_full,consumer_legacy,consumer,add_one,False,strict_pre_final_score_day,quadrant_cross_entropy_to_exact_score_map,lower,180,-0.002804207732513216,-0.0002336258309386663,-0.006018992539618074,0.0008947393649248013,0.9354,0.002804207732513216,-0.0008947393649248022,0.0060189925396180715,0.9354,0.11537692461507698,12,2,5000,20260722,,0.34613077384523094,,
excluding_2020_03_through_2020_05,consumer_vehicle_only__vs__consumer_none,consumer_vehicle_only,consumer_none,total_vehicle_unit_sales_log_change,add_one,True,strict_pre_final_score_day,quadrant_cross_entropy_to_exact_score_map,lower,180,-0.00031389254503946774,0.0,-0.000631898709502415,6.552370309201084e-06,0.9734,0.00031389254503946774,-6.552370309201169e-06,0.0006318987095024146,0.9734,0.05398920215956809,12,2,5000,20260722,,0.2699460107978404,,
excluding_2020_03_through_2020_05,consumer_without_implicit__vs__consumer_revised_full,consumer_without_implicit,consumer_revised_full,implicit_retail_price_log_change,leave_one_out,False,strict_pre_final_score_day,quadrant_cross_entropy_to_exact_score_map,lower,180,0.0037220150641456462,0.0,0.00035383527034994517,0.007027597758274085,0.014,0.0037220150641456462,0.00035383527034994517,0.007027597758274085,0.986,0.026994601079784044,12,2,5000,20260722,,0.16196760647870426,,
excluding_2020_03_through_2020_05,consumer_without_real__vs__consumer_revised_full,consumer_without_real,consumer_revised_full,real_retail_and_food_services_log_change,leave_one_out,False,strict_pre_final_score_day,quadrant_cross_entropy_to_exact_score_map,lower,180,-0.0021928178147567804,0.0005295903445279304,-0.006781415978504412,0.0015293861861865126,0.844,-0.0021928178147567804,-0.006781415978504412,0.0015293861861865126,0.156,0.3175364927014597,12,2,5000,20260722,,0.6350729854029195,,
excluding_2020_03_through_2020_05,price_import__vs__structural_reduced_input,price_import,structural_reduced_input,price,add_one,False,strict_pre_final_score_day,quadrant_cross_entropy_to_exact_score_map,lower,180,-0.00021327146306107905,0.0,-0.004150848031740374,0.003862060160674993,0.533,0.00021327146306107905,-0.003862060160674994,0.004150848031740373,0.533,0.9154169166166767,12,2,5000,20260722,1.0,,,
excluding_2020_03_through_2020_05,price_import__vs__structural_reduced_no_price,price_import,structural_reduced_no_price,price,add_one,True,strict_pre_final_score_day,quadrant_cross_entropy_to_exact_score_map,lower,180,3.209889031435265e-05,0.0,-0.004208739687895823,0.004401906667087763,0.4944,-3.209889031435265e-05,-0.004401906667087763,0.004208739687895822,0.4944,0.9916016796640672,12,2,5000,20260722,1.0,,,
excluding_2020_03_through_2020_05,structural_reduced_input__vs__structural_reduced_no_price,structural_reduced_input,structural_reduced_no_price,price,add_one,True,strict_pre_final_score_day,quadrant_cross_entropy_to_exact_score_map,lower,180,0.0002453703533754317,0.0,4.944309747526672e-06,0.0004925733608147503,0.0226,-0.0002453703533754317,-0.0004925733608147507,-4.944309747526751e-06,0.0226,0.04979004199160168,12,2,5000,20260722,0.14937012597480503,,,
excluding_2020_03_through_2020_05,all_revised_candidate__vs__partial_only,all_revised_candidate,partial_only,combined,add_one,False,strict_pre_final_score_day,score_center_negative_log_predictive_density,lower,180,-0.11465701243648692,-0.040687977194583835,-0.19580786193553246,-0.03740329226303871,0.9984,0.11465701243648692,0.03740329226303862,0.19580786193553246,0.9984,0.0033993201359728054,12,2,5000,20260722,,,,
excluding_2020_03_through_2020_05,all_revised_candidate__vs__student_t_7_combined,all_revised_candidate,student_t_7_combined,combined,add_one,False,strict_pre_final_score_day,score_center_negative_log_predictive_density,lower,180,-0.06280031553708612,-0.011332710267931145,-0.16059033185143282,0.02352176772618712,0.9176,0.06280031553708612,-0.023521767726187196,0.16059033185143273,0.9176,0.1739652069586083,12,2,5000,20260722,,,,
excluding_2020_03_through_2020_05,business_activity_only__vs__business_none,business_activity_only,business_none,core_capital_goods_shipments_log_change,add_one,True,strict_pre_final_score_day,score_center_negative_log_predictive_density,lower,180,0.005471847302668516,0.0,-0.0019351657560926258,0.014660118518845966,0.0882,-0.005471847302668516,-0.014660118518845968,0.0019351657560926258,0.0882,0.20535892821435714,12,2,5000,20260722,,,0.6342731453709258,
excluding_2020_03_through_2020_05,business_activity_only__vs__business_revised_joint,business_activity_only,business_revised_joint,core_capital_goods_orders_shipments_gap_log_change,leave_one_out,False,strict_pre_final_score_day,score_center_negative_log_predictive_density,lower,180,0.00025524343784845015,0.0,-0.0012156804102859426,0.0021663225384365276,0.416,0.00025524343784845015,-0.0012156804102859426,0.0021663225384365276,0.584,0.7814437112577485,12,2,5000,20260722,,,0.7814437112577485,
excluding_2020_03_through_2020_05,business_pipeline_only__vs__business_none,business_pipeline_only,business_none,core_capital_goods_orders_shipments_gap_log_change,add_one,True,strict_pre_final_score_day,score_center_negative_log_predictive_density,lower,180,-0.0004708879300245143,0.0,-0.0011314590416872108,3.053618356814721e-05,0.9638,0.0004708879300245143,-3.053618356814736e-05,0.0011314590416872103,0.9638,0.10657868426314737,12,2,5000,20260722,,,0.5328934213157368,
excluding_2020_03_through_2020_05,business_pipeline_only__vs__business_revised_joint,business_pipeline_only,business_revised_joint,core_capital_goods_shipments_log_change,leave_one_out,False,strict_pre_final_score_day,score_center_negative_log_predictive_density,lower,180,-0.005687491794844582,0.0,-0.014298164939506813,0.0011906483958630159,0.934,-0.005687491794844582,-0.014298164939506813,0.0011906483958630159,0.066,0.15856828634273146,12,2,5000,20260722,,,0.6342731453709258,
excluding_2020_03_through_2020_05,business_revised_joint__vs__business_legacy,business_revised_joint,business_legacy,business,add_one,False,strict_pre_final_score_day,score_center_negative_log_predictive_density,lower,180,-0.0004899129606751157,0.0,-0.001621219738072135,0.00033813719823183727,0.8184,0.0004899129606751157,-0.0003381371982318377,0.0016212197380721348,0.8184,0.36052789442111577,12,2,5000,20260722,,,0.7210557888422315,
excluding_2020_03_through_2020_05,claims_ccsa_conditional_only__vs__claims_none,claims_ccsa_conditional_only,claims_none,continued_claims_innovation,add_one,True,strict_pre_final_score_day,score_center_negative_log_predictive_density,lower,180,0.0001743840218425595,0.0,-0.0027155565634554295,0.003324917718225148,0.4662,-0.0001743840218425595,-0.003324917718225157,0.0027155565634554295,0.4662,0.9148170365926814,12,2,5000,20260722,,,,1.0
excluding_2020_03_through_2020_05,claims_conditional_joint__vs__claims_ccsa_conditional_only,claims_conditional_joint,claims_ccsa_conditional_only,initial_claims_innovation,add_one,True,strict_pre_final_score_day,score_center_negative_log_predictive_density,lower,180,0.0005806971762195159,0.0,-0.001870810019855352,0.003965173325194597,0.3912,-0.0005806971762195159,-0.003965173325194597,0.001870810019855352,0.3912,0.713257348530294,12,2,5000,20260722,,,,1.0
excluding_2020_03_through_2020_05,claims_conditional_joint__vs__claims_icsa_only,claims_conditional_joint,claims_icsa_only,continued_claims_innovation,add_one,True,strict_pre_final_score_day,score_center_negative_log_predictive_density,lower,180,-0.00010583135815151468,0.0,-0.0028081155104979104,0.0027297700801951893,0.5336,0.00010583135815151468,-0.0027297700801951906,0.002808115510497907,0.5336,0.9428114377124575,12,2,5000,20260722,,,,1.0
excluding_2020_03_through_2020_05,claims_conditional_joint__vs__claims_independent,claims_conditional_joint,claims_independent,claims,add_one,False,strict_pre_final_score_day,score_center_negative_log_predictive_density,lower,180,0.0003138348408503855,0.0,8.241684924328968e-05,0.000563703289264967,0.0042,-0.0003138348408503855,-0.000563703289264967,-8.241684924329e-05,0.0042,0.013797240551889621,12,2,5000,20260722,,,,0.08278344331133773
excluding_2020_03_through_2020_05,claims_icsa_only__vs__claims_none,claims_icsa_only,claims_none,initial_claims_innovation,add_one,True,strict_pre_final_score_day,score_center_negative_log_predictive_density,lower,180,0.0008609125562135901,0.0,-0.0019047342538223897,0.0047726880158457064,0.34,-0.0008609125562135901,-0.004772688015845707,0.0019047342538223897,0.34,0.6224755048990201,12,2,5000,20260722,,,,1.0
excluding_2020_03_through_2020_05,claims_independent__vs__claims_icsa_only,claims_independent,claims_icsa_only,continued_claims_innovation,add_one,True,strict_pre_final_score_day,score_center_negative_log_predictive_density,lower,180,-0.00041966619900190015,0.0,-0.0032116783419762745,0.0024986968755767816,0.634,0.00041966619900190015,-0.0024986968755767846,0.003211678341976273,0.634,0.7594481103779244,12,2,5000,20260722,,,,1.0
excluding_2020_03_through_2020_05,consumer_implicit_only__vs__consumer_none,consumer_implicit_only,consumer_none,implicit_retail_price_log_change,add_one,True,strict_pre_final_score_day,score_center_negative_log_predictive_density,lower,180,-0.04519687160832243,-0.006251947829681304,-0.09645718937634853,-0.002693445890762882,0.9812,0.04519687160832243,0.0026934458907628815,0.09645718937634848,0.9812,0.05878824235152969,12,2,5000,20260722,,0.23515296940611877,,
excluding_2020_03_through_2020_05,consumer_real_implicit_joint_only__vs__consumer_revised_full,consumer_real_implicit_joint_only,consumer_revised_full,total_vehicle_unit_sales_log_change,leave_one_out,False,strict_pre_final_score_day,score_center_negative_log_predictive_density,lower,180,-0.006596309391257598,0.0,-0.010327813573931427,-0.0028713530864707304,0.9998,-0.006596309391257598,-0.010327813573931427,-0.0028713530864707304,0.0002,0.0005998800239952009,12,2,5000,20260722,,0.004199160167966407,,
excluding_2020_03_through_2020_05,consumer_real_only__vs__consumer_none,consumer_real_only,consumer_none,real_retail_and_food_services_log_change,add_one,True,strict_pre_final_score_day,score_center_negative_log_predictive_density,lower,180,-0.05380705516205419,-0.039078349369397136,-0.08689640471717164,-0.015033224187716106,0.9964,0.05380705516205419,0.015033224187716061,0.08689640471717164,0.9964,0.003999200159968006,12,2,5000,20260722,,0.02399520095980804,,
excluding_2020_03_through_2020_05,consumer_revised_full__vs__consumer_legacy,consumer_revised_full,consumer_legacy,consumer,add_one,False,strict_pre_final_score_day,score_center_negative_log_predictive_density,lower,180,-0.03063842308316135,-0.009464182933500487,-0.10768491672112115,0.030990607992415254,0.8056,0.03063842308316135,-0.030990607992415285,0.1076849167211211,0.8056,0.3919216156768646,12,2,5000,20260722,,0.3919216156768646,,
excluding_2020_03_through_2020_05,consumer_vehicle_only__vs__consumer_none,consumer_vehicle_only,consumer_none,total_vehicle_unit_sales_log_change,add_one,True,strict_pre_final_score_day,score_center_negative_log_predictive_density,lower,180,-0.0032992991314636645,0.0,-0.005787236651717743,-0.000652195329129084,0.9918,0.0032992991314636645,0.0006521953291290824,0.005787236651717743,0.9918,0.014197160567886422,12,2,5000,20260722,,0.07098580283943211,,
excluding_2020_03_through_2020_05,consumer_without_implicit__vs__consumer_revised_full,consumer_without_implicit,consumer_revised_full,implicit_retail_price_log_change,leave_one_out,False,strict_pre_final_score_day,score_center_negative_log_predictive_density,lower,180,0.03981565238236168,0.0039052349940578157,-0.009181273197201639,0.09481478352544852,0.0586,0.03981565238236168,-0.009181273197201639,0.09481478352544852,0.9414,0.1299740051989602,12,2,5000,20260722,,0.2599480103979204,,
excluding_2020_03_through_2020_05,consumer_without_real__vs__consumer_revised_full,consumer_without_real,consumer_revised_full,real_retail_and_food_services_log_change,leave_one_out,False,strict_pre_final_score_day,score_center_negative_log_predictive_density,lower,180,0.03772403180823463,0.0322357075390689,-0.003341367938280419,0.07635898419326591,0.0346,0.03772403180823463,-0.003341367938280419,0.07635898419326591,0.9654,0.0625874825034993,12,2,5000,20260722,,0.23515296940611877,,
excluding_2020_03_through_2020_05,price_import__vs__structural_reduced_input,price_import,structural_reduced_input,price,add_one,False,strict_pre_final_score_day,score_center_negative_log_predictive_density,lower,180,-0.03139583944102166,0.0,-0.07338408039879012,0.007168991984425998,0.9376,0.03139583944102166,-0.007168991984426019,0.0733840803987901,0.9376,0.13357328534293142,12,2,5000,20260722,0.3629274145170966,,,
excluding_2020_03_through_2020_05,price_import__vs__structural_reduced_no_price,price_import,structural_reduced_no_price,price,add_one,True,strict_pre_final_score_day,score_center_negative_log_predictive_density,lower,180,-0.029814797380630687,0.0,-0.07587078392555789,0.009657800624622688,0.9238,0.029814797380630687,-0.0096578006246227,0.07587078392555789,0.9238,0.17376524695060988,12,2,5000,20260722,0.3629274145170966,,,
excluding_2020_03_through_2020_05,structural_reduced_input__vs__structural_reduced_no_price,structural_reduced_input,structural_reduced_no_price,price,add_one,True,strict_pre_final_score_day,score_center_negative_log_predictive_density,lower,180,0.0015810420603909728,0.0,-0.00030938338707984516,0.0036162799230262267,0.057,-0.0015810420603909728,-0.003616279923026228,0.00030938338707984473,0.057,0.1209758048390322,12,2,5000,20260722,0.3629274145170966,,,
full_sample,all_revised_candidate__vs__partial_only,all_revised_candidate,partial_only,combined,add_one,False,after_employment_situation,hard_quadrant_correct,higher,183,0.0,0.0,-0.0273224043715847,0.0273224043715847,0.4106,0.0,-0.0273224043715847,0.0273224043715847,0.4106,1.0,12,1,5000,20260722,,,,
full_sample,all_revised_candidate__vs__student_t_7_combined,all_revised_candidate,student_t_7_combined,combined,add_one,False,after_employment_situation,hard_quadrant_correct,higher,183,-0.00546448087431694,0.0,-0.0273224043715847,0.02185792349726776,0.254,-0.00546448087431694,-0.0273224043715847,0.02185792349726776,0.254,0.6808638272345531,12,1,5000,20260722,,,,
full_sample,business_activity_only__vs__business_none,business_activity_only,business_none,core_capital_goods_shipments_log_change,add_one,True,after_employment_situation,hard_quadrant_correct,higher,183,0.0,0.0,0.0,0.0,0.0,0.0,0.0,0.0,0.0,1.0,12,1,5000,20260722,,,1.0,
full_sample,business_activity_only__vs__business_revised_joint,business_activity_only,business_revised_joint,core_capital_goods_orders_shipments_gap_log_change,leave_one_out,False,after_employment_situation,hard_quadrant_correct,higher,183,0.0,0.0,0.0,0.0,0.0,-0.0,-0.0,0.0,0.0,1.0,12,1,5000,20260722,,,1.0,
full_sample,business_pipeline_only__vs__business_none,business_pipeline_only,business_none,core_capital_goods_orders_shipments_gap_log_change,add_one,True,after_employment_situation,hard_quadrant_correct,higher,183,0.0,0.0,0.0,0.0,0.0,0.0,0.0,0.0,0.0,1.0,12,1,5000,20260722,,,1.0,
full_sample,business_pipeline_only__vs__business_revised_joint,business_pipeline_only,business_revised_joint,core_capital_goods_shipments_log_change,leave_one_out,False,after_employment_situation,hard_quadrant_correct,higher,183,0.0,0.0,0.0,0.0,0.0,-0.0,-0.0,0.0,0.0,1.0,12,1,5000,20260722,,,1.0,
full_sample,business_revised_joint__vs__business_legacy,business_revised_joint,business_legacy,business,add_one,False,after_employment_situation,hard_quadrant_correct,higher,183,0.0,0.0,0.0,0.0,0.0,0.0,0.0,0.0,0.0,1.0,12,1,5000,20260722,,,1.0,
full_sample,claims_ccsa_conditional_only__vs__claims_none,claims_ccsa_conditional_only,claims_none,continued_claims_innovation,add_one,True,after_employment_situation,hard_quadrant_correct,higher,183,0.00546448087431694,0.0,-0.01639344262295082,0.03278688524590164,0.555,0.00546448087431694,-0.01639344262295082,0.03278688524590164,0.555,0.6844631073785243,12,1,5000,20260722,,,,1.0
full_sample,claims_conditional_joint__vs__claims_ccsa_conditional_only,claims_conditional_joint,claims_ccsa_conditional_only,initial_claims_innovation,add_one,True,after_employment_situation,hard_quadrant_correct,higher,183,0.0,0.0,-0.02185792349726776,0.0273224043715847,0.4004,0.0,-0.02185792349726776,0.0273224043715847,0.4004,1.0,12,1,5000,20260722,,,,1.0
full_sample,claims_conditional_joint__vs__claims_icsa_only,claims_conditional_joint,claims_icsa_only,continued_claims_innovation,add_one,True,after_employment_situation,hard_quadrant_correct,higher,183,0.0,0.0,-0.02185792349726776,0.0273224043715847,0.4118,0.0,-0.02185792349726776,0.0273224043715847,0.4118,1.0,12,1,5000,20260722,,,,1.0
full_sample,claims_conditional_joint__vs__claims_independent,claims_conditional_joint,claims_independent,claims,add_one,False,after_employment_situation,hard_quadrant_correct,higher,183,0.0,0.0,0.0,0.0,0.0,0.0,0.0,0.0,0.0,1.0,12,1,5000,20260722,,,,1.0
full_sample,claims_icsa_only__vs__claims_none,claims_icsa_only,claims_none,initial_claims_innovation,add_one,True,after_employment_situation,hard_quadrant_correct,higher,183,0.00546448087431694,0.0,-0.01092896174863388,0.0273224043715847,0.595,0.00546448087431694,-0.01092896174863388,0.0273224043715847,0.595,0.6164767046590682,12,1,5000,20260722,,,,1.0
full_sample,claims_independent__vs__claims_icsa_only,claims_independent,claims_icsa_only,continued_claims_innovation,add_one,True,after_employment_situation,hard_quadrant_correct,higher,183,0.0,0.0,-0.02185792349726776,0.0273224043715847,0.4038,0.0,-0.02185792349726776,0.0273224043715847,0.4038,1.0,12,1,5000,20260722,,,,1.0
full_sample,consumer_implicit_only__vs__consumer_none,consumer_implicit_only,consumer_none,implicit_retail_price_log_change,add_one,True,after_employment_situation,hard_quadrant_correct,higher,183,0.0,0.0,0.0,0.0,0.0,0.0,0.0,0.0,0.0,1.0,12,1,5000,20260722,,1.0,,
full_sample,consumer_real_implicit_joint_only__vs__consumer_revised_full,consumer_real_implicit_joint_only,consumer_revised_full,total_vehicle_unit_sales_log_change,leave_one_out,False,after_employment_situation,hard_quadrant_correct,higher,183,0.00546448087431694,0.0,-0.02185792349726776,0.03278688524590164,0.583,-0.00546448087431694,-0.03278688524590164,0.02185792349726776,0.2778,0.7054589082183563,12,1,5000,20260722,,1.0,,
full_sample,consumer_real_only__vs__consumer_none,consumer_real_only,consumer_none,real_retail_and_food_services_log_change,add_one,True,after_employment_situation,hard_quadrant_correct,higher,183,0.0,0.0,0.0,0.0,0.0,0.0,0.0,0.0,0.0,1.0,12,1,5000,20260722,,1.0,,
full_sample,consumer_revised_full__vs__consumer_legacy,consumer_revised_full,consumer_legacy,consumer,add_one,False,after_employment_situation,hard_quadrant_correct,higher,183,-0.00546448087431694,0.0,-0.03278688524590164,0.02185792349726776,0.2752,-0.00546448087431694,-0.03278688524590164,0.02185792349726776,0.2752,0.7050589882023596,12,1,5000,20260722,,1.0,,
full_sample,consumer_vehicle_only__vs__consumer_none,consumer_vehicle_only,consumer_none,total_vehicle_unit_sales_log_change,add_one,True,after_employment_situation,hard_quadrant_correct,higher,183,-0.00546448087431694,0.0,-0.03278688524590164,0.02185792349726776,0.2802,-0.00546448087431694,-0.03278688524590164,0.02185792349726776,0.2802,0.6906618676264747,12,1,5000,20260722,,1.0,,
full_sample,consumer_without_implicit__vs__consumer_revised_full,consumer_without_implicit,consumer_revised_full,implicit_retail_price_log_change,leave_one_out,False,after_employment_situation,hard_quadrant_correct,higher,183,0.0,0.0,0.0,0.0,0.0,-0.0,-0.0,0.0,0.0,1.0,12,1,5000,20260722,,1.0,,
full_sample,consumer_without_real__vs__consumer_revised_full,consumer_without_real,consumer_revised_full,real_retail_and_food_services_log_change,leave_one_out,False,after_employment_situation,hard_quadrant_correct,higher,183,0.0,0.0,0.0,0.0,0.0,-0.0,-0.0,0.0,0.0,1.0,12,1,5000,20260722,,1.0,,
full_sample,price_import__vs__structural_reduced_input,price_import,structural_reduced_input,price,add_one,False,after_employment_situation,hard_quadrant_correct,higher,183,0.0,0.0,0.0,0.0,0.0,0.0,0.0,0.0,0.0,1.0,12,1,5000,20260722,1.0,,,
full_sample,price_import__vs__structural_reduced_no_price,price_import,structural_reduced_no_price,price,add_one,True,after_employment_situation,hard_quadrant_correct,higher,183,-0.00546448087431694,0.0,-0.01639344262295082,0.0,0.0,-0.00546448087431694,-0.01639344262295082,0.0,0.0,0.45970805838832235,12,1,5000,20260722,1.0,,,
full_sample,structural_reduced_input__vs__structural_reduced_no_price,structural_reduced_input,structural_reduced_no_price,price,add_one,True,after_employment_situation,hard_quadrant_correct,higher,183,-0.00546448087431694,0.0,-0.01639344262295082,0.0,0.0,-0.00546448087431694,-0.01639344262295082,0.0,0.0,0.45550889822035595,12,1,5000,20260722,1.0,,,
full_sample,all_revised_candidate__vs__partial_only,all_revised_candidate,partial_only,combined,add_one,False,after_employment_situation,quadrant_brier_distance_to_exact_score_map,lower,183,-0.0004900773613443179,0.0,-0.0017852273669428339,0.0007640824179712004,0.7894,0.0004900773613443179,-0.0007640824179712006,0.0017852273669428334,0.7894,0.4321135772845431,12,1,5000,20260722,,,,
full_sample,all_revised_candidate__vs__student_t_7_combined,all_revised_candidate,student_t_7_combined,combined,add_one,False,after_employment_situation,quadrant_brier_distance_to_exact_score_map,lower,183,-0.0004853933851705101,0.0,-0.00170021787640511,0.0007046244101456933,0.794,0.0004853933851705101,-0.0007046244101456935,0.0017002178764051095,0.794,0.41151769646070785,12,1,5000,20260722,,,,
full_sample,business_activity_only__vs__business_none,business_activity_only,business_none,core_capital_goods_shipments_log_change,add_one,True,after_employment_situation,quadrant_brier_distance_to_exact_score_map,lower,183,-1.2175336846794646e-06,0.0,-3.6616880776652744e-06,7.167302359919674e-09,0.7164,1.2175336846794646e-06,-7.167302359919677e-09,3.6616880776652744e-06,0.7164,0.5030993801239753,12,1,5000,20260722,,,1.0,
full_sample,business_activity_only__vs__business_revised_joint,business_activity_only,business_revised_joint,core_capital_goods_orders_shipments_gap_log_change,leave_one_out,False,after_employment_situation,quadrant_brier_distance_to_exact_score_map,lower,183,5.579017543262958e-07,0.0,-2.3330211245296667e-08,1.697264288887375e-06,0.2674,5.579017543262958e-07,-2.3330211245296667e-08,1.697264288887375e-06,0.7326,0.473505298940212,12,1,5000,20260722,,,1.0,
full_sample,business_pipeline_only__vs__business_none,business_pipeline_only,business_none,core_capital_goods_orders_shipments_gap_log_change,add_one,True,after_employment_situation,quadrant_brier_distance_to_exact_score_map,lower,183,-3.940355971974448e-08,0.0,-9.987656646254148e-08,-5.1240568629070255e-11,0.9868,3.940355971974448e-08,5.124056862907003e-11,9.987656646254148e-08,0.9868,0.08938212357528494,12,1,5000,20260722,,,0.4469106178764247,
full_sample,business_pipeline_only__vs__business_revised_joint,business_pipeline_only,business_revised_joint,core_capital_goods_shipments_log_change,leave_one_out,False,after_employment_situation,quadrant_brier_distance_to_exact_score_map,lower,183,1.7360318792860158e-06,0.0,-5.5468299864498856e-08,5.270702807586623e-06,0.3216,1.7360318792860158e-06,-5.5468299864498856e-08,5.270702807586623e-06,0.6784,0.5364927014597081,12,1,5000,20260722,,,1.0,
full_sample,business_revised_joint__vs__business_legacy,business_revised_joint,business_legacy,business,add_one,False,after_employment_situation,quadrant_brier_distance_to_exact_score_map,lower,183,-2.508115144840351e-07,0.0,-8.338933569822978e-07,8.15009518518838e-08,0.852,2.508115144840351e-07,-8.15009518518838e-08,8.338933569822978e-07,0.852,0.29014197160567884,12,1,5000,20260722,,,1.0,
full_sample,claims_ccsa_conditional_only__vs__claims_none,claims_ccsa_conditional_only,claims_none,continued_claims_innovation,add_one,True,after_employment_situation,quadrant_brier_distance_to_exact_score_map,lower,183,-7.43703208317431e-05,0.0,-0.0004269368171043023,0.0002505594979522272,0.6708,7.43703208317431e-05,-0.0002505594979522272,0.0004269368171043021,0.6708,0.6548690261947611,12,1,5000,20260722,,,,1.0
full_sample,claims_conditional_joint__vs__claims_ccsa_conditional_only,claims_conditional_joint,claims_ccsa_conditional_only,initial_claims_innovation,add_one,True,after_employment_situation,quadrant_brier_distance_to_exact_score_map,lower,183,-7.380223444665889e-05,0.0,-0.00034856178815489085,0.0001264124427956278,0.691,7.380223444665889e-05,-0.00012641244279562786,0.0003485617881548908,0.691,0.5560887822435513,12,1,5000,20260722,,,,1.0
full_sample,claims_conditional_joint__vs__claims_icsa_only,claims_conditional_joint,claims_icsa_only,continued_claims_innovation,add_one,True,after_employment_situation,quadrant_brier_distance_to_exact_score_map,lower,183,-0.0001407217011941125,0.0,-0.0005630800317659474,0.00023047780824541678,0.7626,0.0001407217011941125,-0.00023047780824541684,0.0005630800317659471,0.7626,0.47070585882823435,12,1,5000,20260722,,,,1.0
full_sample,claims_conditional_joint__vs__claims_independent,claims_conditional_joint,claims_independent,claims,add_one,False,after_employment_situation,quadrant_brier_distance_to_exact_score_map,lower,183,1.7589801855371782e-06,0.0,-5.569610499864378e-05,5.5871868019647785e-05,0.458,-1.7589801855371782e-06,-5.5871868019647805e-05,5.569610499864375e-05,0.458,0.94501099780044,12,1,5000,20260722,,,,1.0
full_sample,claims_icsa_only__vs__claims_none,claims_icsa_only,claims_none,initial_claims_innovation,add_one,True,after_employment_situation,quadrant_brier_distance_to_exact_score_map,lower,183,-7.450854084289492e-06,0.0,-0.0002147576922243035,0.00014590763505914597,0.4942,7.450854084289492e-06,-0.000145907635059146,0.00021475769222430348,0.4942,0.9372125574885023,12,1,5000,20260722,,,,1.0
full_sample,claims_independent__vs__claims_icsa_only,claims_independent,claims_icsa_only,continued_claims_innovation,add_one,True,after_employment_situation,quadrant_brier_distance_to_exact_score_map,lower,183,-0.00014248068137964965,0.0,-0.0005755705745988093,0.00025377521518742824,0.7584,0.00014248068137964965,-0.00025377521518742845,0.0005755705745988093,0.7584,0.47990401919616077,12,1,5000,20260722,,,,1.0
full_sample,consumer_implicit_only__vs__consumer_none,consumer_implicit_only,consumer_none,implicit_retail_price_log_change,add_one,True,after_employment_situation,quadrant_brier_distance_to_exact_score_map,lower,183,-1.6996205312634933e-05,0.0,-6.233582215778999e-05,2.0007181476068297e-05,0.6786,1.6996205312634933e-05,-2.00071814760683e-05,6.233582215778999e-05,0.6786,0.5612877424515097,12,1,5000,20260722,,1.0,,
full_sample,consumer_real_implicit_joint_only__vs__consumer_revised_full,consumer_real_implicit_joint_only,consumer_revised_full,total_vehicle_unit_sales_log_change,leave_one_out,False,after_employment_situation,quadrant_brier_distance_to_exact_score_map,lower,183,0.0003055487535184286,0.0,-0.0005733657632331654,0.00132565224651208,0.2576,0.0003055487535184286,-0.0005733657632331654,0.00132565224651208,0.7424,0.5226954609078185,12,1,5000,20260722,,1.0,,
full_sample,consumer_real_only__vs__consumer_none,consumer_real_only,consumer_none,real_retail_and_food_services_log_change,add_one,True,after_employment_situation,quadrant_brier_distance_to_exact_score_map,lower,183,-7.5334635823344325e-06,0.0,-4.4238433687252396e-05,3.0402109308456263e-05,0.6462,7.5334635823344325e-06,-3.0402109308456273e-05,4.4238433687252396e-05,0.6462,0.6712657468506299,12,1,5000,20260722,,1.0,,
full_sample,consumer_revised_full__vs__consumer_legacy,consumer_revised_full,consumer_legacy,consumer,add_one,False,after_employment_situation,quadrant_brier_distance_to_exact_score_map,lower,183,-0.0003266167106301698,0.0,-0.0013277395575057999,0.0005906291162956406,0.7444,0.0003266167106301698,-0.0005906291162956406,0.0013277395575057994,0.7444,0.4953009398120376,12,1,5000,20260722,,1.0,,
full_sample,consumer_vehicle_only__vs__consumer_none,consumer_vehicle_only,consumer_none,total_vehicle_unit_sales_log_change,add_one,True,after_employment_situation,quadrant_brier_distance_to_exact_score_map,lower,183,-0.0003079518254007756,0.0,-0.001370487277867426,0.000586678882779659,0.7476,0.0003079518254007756,-0.0005866788827796595,0.0013704872778674253,0.7476,0.5134973005398921,12,1,5000,20260722,,1.0,,
full_sample,consumer_without_implicit__vs__consumer_revised_full,consumer_without_implicit,consumer_revised_full,implicit_retail_price_log_change,leave_one_out,False,after_employment_situation,quadrant_brier_distance_to_exact_score_map,lower,183,2.9061533503656585e-05,0.0,-1.2357815298213748e-05,9.454963325364718e-05,0.1396,2.9061533503656585e-05,-1.2357815298213748e-05,9.454963325364718e-05,0.8604,0.28214357128574286,12,1,5000,20260722,,1.0,,
full_sample,consumer_without_real__vs__consumer_revised_full,consumer_without_real,consumer_revised_full,real_retail_and_food_services_log_change,leave_one_out,False,after_employment_situation,quadrant_brier_distance_to_exact_score_map,lower,183,2.1392010570414953e-05,0.0,-1.98476400569402e-05,8.17888411422605e-05,0.2444,2.1392010570414953e-05,-1.98476400569402e-05,8.17888411422605e-05,0.7556,0.45150969806038793,12,1,5000,20260722,,1.0,,
full_sample,price_import__vs__structural_reduced_input,price_import,structural_reduced_input,price,add_one,False,after_employment_situation,quadrant_brier_distance_to_exact_score_map,lower,183,-6.49613280237005e-05,0.0,-0.00021727826894225486,1.9798917088757233e-05,0.7216,6.49613280237005e-05,-1.9798917088757233e-05,0.00021727826894225486,0.7216,0.4993001399720056,12,1,5000,20260722,1.0,,,
full_sample,price_import__vs__structural_reduced_no_price,price_import,structural_reduced_no_price,price,add_one,True,after_employment_situation,quadrant_brier_distance_to_exact_score_map,lower,183,-4.046295915296148e-05,0.0,-0.000147987697239525,2.44414408070801e-05,0.723,4.046295915296148e-05,-2.4441440807080106e-05,0.000147987697239525,0.723,0.5000999800039992,12,1,5000,20260722,1.0,,,
full_sample,structural_reduced_input__vs__structural_reduced_no_price,structural_reduced_input,structural_reduced_no_price,price,add_one,True,after_employment_situation,quadrant_brier_distance_to_exact_score_map,lower,183,2.449836887073904e-05,0.0,-2.622903684502485e-08,7.352762753041579e-05,0.2716,-2.449836887073904e-05,-7.352762753041579e-05,2.622903684502484e-08,0.2716,0.48890221955608876,12,1,5000,20260722,1.0,,,
full_sample,all_revised_candidate__vs__partial_only,all_revised_candidate,partial_only,combined,add_one,False,after_employment_situation,quadrant_cross_entropy_to_exact_score_map,lower,183,-0.0011669613040479665,0.0,-0.0035531599864933156,0.000835966674204807,0.8522,0.0011669613040479665,-0.0008359666742048084,0.0035531599864933147,0.8522,0.29214157168566285,12,1,5000,20260722,,,,
full_sample,all_revised_candidate__vs__student_t_7_combined,all_revised_candidate,student_t_7_combined,combined,add_one,False,after_employment_situation,quadrant_cross_entropy_to_exact_score_map,lower,183,-0.0010529994015066033,0.0,-0.0032995382507403324,0.0007654849408549438,0.8546,0.0010529994015066033,-0.0007654849408549445,0.0032995382507403324,0.8546,0.2939412117576485,12,1,5000,20260722,,,,
full_sample,business_activity_only__vs__business_none,business_activity_only,business_none,core_capital_goods_shipments_log_change,add_one,True,after_employment_situation,quadrant_cross_entropy_to_exact_score_map,lower,183,-2.488380892708028e-06,0.0,-7.482171716060651e-06,1.7993574323241347e-08,0.7566,2.488380892708028e-06,-1.7993574323241357e-08,7.482171716060651e-06,0.7566,0.4475104979004199,12,1,5000,20260722,,,1.0,
full_sample,business_activity_only__vs__business_revised_joint,business_activity_only,business_revised_joint,core_capital_goods_orders_shipments_gap_log_change,leave_one_out,False,after_employment_situation,quadrant_cross_entropy_to_exact_score_map,lower,183,1.136994056070248e-06,0.0,-4.8548654359106476e-08,3.4625176663748775e-06,0.33,1.136994056070248e-06,-4.8548654359106476e-08,3.4625176663748775e-06,0.67,0.5576884623075385,12,1,5000,20260722,,,1.0,
full_sample,business_pipeline_only__vs__business_none,business_pipeline_only,business_none,core_capital_goods_orders_shipments_gap_log_change,add_one,True,after_employment_situation,quadrant_cross_entropy_to_exact_score_map,lower,183,-8.155722589230988e-08,0.0,-2.010880368374813e-07,-7.593406579749634e-11,0.985,8.155722589230988e-08,7.593406579749582e-11,2.0108803683748128e-07,0.985,0.08918216356728655,12,1,5000,20260722,,,0.4459108178364327,
full_sample,business_pipeline_only__vs__business_revised_joint,business_pipeline_only,business_revised_joint,core_capital_goods_shipments_log_change,leave_one_out,False,after_employment_situation,quadrant_cross_entropy_to_exact_score_map,lower,183,3.543817722885966e-06,0.0,-1.1495719908350855e-07,1.0762853734026861e-05,0.2954,3.543817722885966e-06,-1.1495719908350855e-07,1.0762853734026861e-05,0.7046,0.5248950209958009,12,1,5000,20260722,,,1.0,
full_sample,business_revised_joint__vs__business_legacy,business_revised_joint,business_legacy,business,add_one,False,after_employment_situation,quadrant_cross_entropy_to_exact_score_map,lower,183,-5.111925227056741e-07,0.0,-1.700554195742979e-06,1.668811230642977e-07,0.8492,5.111925227056741e-07,-1.668811230642977e-07,1.700554195742979e-06,0.8492,0.30453909218156366,12,1,5000,20260722,,,1.0,
full_sample,claims_ccsa_conditional_only__vs__claims_none,claims_ccsa_conditional_only,claims_none,continued_claims_innovation,add_one,True,after_employment_situation,quadrant_cross_entropy_to_exact_score_map,lower,183,-0.0001722379654835833,0.0,-0.0007593690628169366,0.00033558345164728194,0.7308,0.0001722379654835833,-0.000335583451647282,0.0007593690628169362,0.7308,0.5258948210357929,12,1,5000,20260722,,,,1.0
full_sample,claims_conditional_joint__vs__claims_ccsa_conditional_only,claims_conditional_joint,claims_ccsa_conditional_only,initial_claims_innovation,add_one,True,after_employment_situation,quadrant_cross_entropy_to_exact_score_map,lower,183,-0.0002127674965962303,0.0,-0.0006950841293054285,0.00015527733498617324,0.835,0.0002127674965962303,-0.00015527733498617337,0.000695084129305428,0.835,0.33473305338932213,12,1,5000,20260722,,,,1.0
full_sample,claims_conditional_joint__vs__claims_icsa_only,claims_conditional_joint,claims_icsa_only,continued_claims_innovation,add_one,True,after_employment_situation,quadrant_cross_entropy_to_exact_score_map,lower,183,-0.00026412775835345427,0.0,-0.0008743268549517692,0.00020710974923554372,0.838,0.00026412775835345427,-0.0002071097492355439,0.0008743268549517685,0.838,0.3219356128774245,12,1,5000,20260722,,,,1.0
full_sample,claims_conditional_joint__vs__claims_independent,claims_conditional_joint,claims_independent,claims,add_one,False,after_employment_situation,quadrant_cross_entropy_to_exact_score_map,lower,183,-2.5358892142510358e-06,0.0,-0.00010244207098445308,9.498231172223646e-05,0.514,2.5358892142510358e-06,-9.498231172223646e-05,0.00010244207098445306,0.514,0.9572085582883423,12,1,5000,20260722,,,,1.0
full_sample,claims_icsa_only__vs__claims_none,claims_icsa_only,claims_none,initial_claims_innovation,add_one,True,after_employment_situation,quadrant_cross_entropy_to_exact_score_map,lower,183,-0.00012087770372635932,0.0,-0.0005450011989336337,0.00019636215550422568,0.722,0.00012087770372635932,-0.0001963621555042257,0.0005450011989336334,0.722,0.5358928214357128,12,1,5000,20260722,,,,1.0
full_sample,claims_independent__vs__claims_icsa_only,claims_independent,claims_icsa_only,continued_claims_innovation,add_one,True,after_employment_situation,quadrant_cross_entropy_to_exact_score_map,lower,183,-0.00026159186913920324,0.0,-0.0008685535156313851,0.00024122975282462426,0.82,0.00026159186913920324,-0.0002412297528246246,0.0008685535156313849,0.82,0.35112977404519097,12,1,5000,20260722,,,,1.0
full_sample,consumer_implicit_only__vs__consumer_none,consumer_implicit_only,consumer_none,implicit_retail_price_log_change,add_one,True,after_employment_situation,quadrant_cross_entropy_to_exact_score_map,lower,183,-3.2502858850934945e-05,0.0,-0.00013500554572591042,4.3580894718758486e-05,0.6582,3.2502858850934945e-05,-4.358089471875849e-05,0.0001350055457259104,0.6582,0.5890821835632873,12,1,5000,20260722,,1.0,,
full_sample,consumer_real_implicit_joint_only__vs__consumer_revised_full,consumer_real_implicit_joint_only,consumer_revised_full,total_vehicle_unit_sales_log_change,leave_one_out,False,after_employment_situation,quadrant_cross_entropy_to_exact_score_map,lower,183,0.0007066407804924509,0.0,-0.0009244449138406189,0.0027298440867111677,0.245,0.0007066407804924509,-0.0009244449138406189,0.0027298440867111677,0.755,0.44671065786842634,12,1,5000,20260722,,1.0,,
full_sample,consumer_real_only__vs__consumer_none,consumer_real_only,consumer_none,real_retail_and_food_services_log_change,add_one,True,after_employment_situation,quadrant_cross_entropy_to_exact_score_map,lower,183,-1.656628481469782e-05,0.0,-9.808951927655661e-05,6.238619294392181e-05,0.6602,1.656628481469782e-05,-6.238619294392182e-05,9.80895192765566e-05,0.6602,0.6632673465306939,12,1,5000,20260722,,1.0,,
full_sample,consumer_revised_full__vs__consumer_legacy,consumer_revised_full,consumer_legacy,consumer,add_one,False,after_employment_situation,quadrant_cross_entropy_to_exact_score_map,lower,183,-0.0007502889608194792,0.0,-0.0028382452602389524,0.0008410442135075102,0.7806,0.0007502889608194792,-0.0008410442135075104,0.0028382452602389507,0.7806,0.42551489702059586,12,1,5000,20260722,,1.0,,
full_sample,consumer_vehicle_only__vs__consumer_none,consumer_vehicle_only,consumer_none,total_vehicle_unit_sales_log_change,add_one,True,after_employment_situation,quadrant_cross_entropy_to_exact_score_map,lower,183,-0.0007067971183708351,0.0,-0.0027807301604073254,0.0008655254762754915,0.7604,0.0007067971183708351,-0.0008655254762754923,0.002780730160407324,0.7604,0.4631073785242951,12,1,5000,20260722,,1.0,,
full_sample,consumer_without_implicit__vs__consumer_revised_full,consumer_without_implicit,consumer_revised_full,implicit_retail_price_log_change,leave_one_out,False,after_employment_situation,quadrant_cross_entropy_to_exact_score_map,lower,183,6.216952489761464e-05,0.0,-3.442841357318781e-05,0.00021780955304422276,0.1536,6.216952489761464e-05,-3.442841357318781e-05,0.00021780955304422276,0.8464,0.3031393721255749,12,1,5000,20260722,,1.0,,
full_sample,consumer_without_real__vs__consumer_revised_full,consumer_without_real,consumer_revised_full,real_retail_and_food_services_log_change,leave_one_out,False,after_employment_situation,quadrant_cross_entropy_to_exact_score_map,lower,183,4.6392332810462083e-05,0.0,-4.5106150477913995e-05,0.00017925069253928134,0.2352,4.6392332810462083e-05,-4.5106150477913995e-05,0.00017925069253928134,0.7648,0.4501099780043991,12,1,5000,20260722,,1.0,,
full_sample,price_import__vs__structural_reduced_input,price_import,structural_reduced_input,price,add_one,False,after_employment_situation,quadrant_cross_entropy_to_exact_score_map,lower,183,-0.0001282716641550577,0.0,-0.00043729351972572464,4.6532258127133886e-05,0.6968,0.0001282716641550577,-4.6532258127133886e-05,0.0004372935197257246,0.6968,0.5290941811637673,12,1,5000,20260722,1.0,,,
full_sample,price_import__vs__structural_reduced_no_price,price_import,structural_reduced_no_price,price,add_one,True,after_employment_situation,quadrant_cross_entropy_to_exact_score_map,lower,183,-7.68113560141859e-05,0.0,-0.0002963364816546084,5.688125956489168e-05,0.69,7.68113560141859e-05,-5.688125956489169e-05,0.0002963364816546084,0.69,0.5384923015396921,12,1,5000,20260722,1.0,,,
full_sample,structural_reduced_input__vs__structural_reduced_no_price,structural_reduced_input,structural_reduced_no_price,price,add_one,True,after_employment_situation,quadrant_cross_entropy_to_exact_score_map,lower,183,5.146030814087179e-05,0.0,-4.545686326540834e-08,0.00015444139837452112,0.283,-5.146030814087179e-05,-0.00015444139837452112,4.545686326540834e-08,0.283,0.4939012197560488,12,1,5000,20260722,1.0,,,
full_sample,all_revised_candidate__vs__partial_only,all_revised_candidate,partial_only,combined,add_one,False,after_employment_situation,score_center_negative_log_predictive_density,lower,183,4.778231004071628,-4.440892098500626e-16,-0.08754383304210853,14.436474309859944,0.3576,-4.778231004071628,-14.436474309859944,0.08754383304210843,0.3576,0.6032793441311738,12,1,5000,20260722,,,,
full_sample,all_revised_candidate__vs__student_t_7_combined,all_revised_candidate,student_t_7_combined,combined,add_one,False,after_employment_situation,score_center_negative_log_predictive_density,lower,183,4.83029811429443,-4.440892098500626e-16,-0.023205806803996525,14.526006704934392,0.3514,-4.83029811429443,-14.526006704934392,0.02320580680399652,0.3514,0.597880423915217,12,1,5000,20260722,,,,
full_sample,business_activity_only__vs__business_none,business_activity_only,business_none,core_capital_goods_shipments_log_change,add_one,True,after_employment_situation,score_center_negative_log_predictive_density,lower,183,-6.2997351849373535e-06,0.0,-1.8940543756715413e-05,4.687464526247188e-08,0.8066,6.2997351849373535e-06,-4.6874645262471897e-08,1.8940543756715413e-05,0.8066,0.3737252549490102,12,1,5000,20260722,,,1.0,
full_sample,business_activity_only__vs__business_revised_joint,business_activity_only,business_revised_joint,core_capital_goods_orders_shipments_gap_log_change,leave_one_out,False,after_employment_situation,score_center_negative_log_predictive_density,lower,183,3.7518349179273733e-06,0.0,-1.0460392906040056e-07,1.1369337339112313e-05,0.3638,3.7518349179273733e-06,-1.0460392906040056e-07,1.1369337339112313e-05,0.6362,0.6096780643871226,12,1,5000,20260722,,,1.0,
full_sample,business_pipeline_only__vs__business_none,business_pipeline_only,business_none,core_capital_goods_orders_shipments_gap_log_change,add_one,True,after_employment_situation,score_center_negative_log_predictive_density,lower,183,-2.7052051085967053e-07,0.0,-6.821597991211589e-07,1.538653451441714e-08,0.9088,2.7052051085967053e-07,-1.5386534514417142e-08,6.821597991211588e-07,0.9088,0.1857628474305139,12,1,5000,20260722,,,0.9288142371525696,
full_sample,business_pipeline_only__vs__business_revised_joint,business_pipeline_only,business_revised_joint,core_capital_goods_shipments_log_change,leave_one_out,False,after_employment_situation,score_center_negative_log_predictive_density,lower,183,9.781049592005056e-06,0.0,-3.559322232941767e-07,2.9751165821492808e-05,0.2918,9.781049592005056e-06,-3.559322232941767e-07,2.9751165821492808e-05,0.7082,0.5078984203159368,12,1,5000,20260722,,,1.0,
full_sample,business_revised_joint__vs__business_legacy,business_revised_joint,business_legacy,business,add_one,False,after_employment_situation,score_center_negative_log_predictive_density,lower,183,-1.8547574235194517e-06,0.0,-5.9182588857610544e-06,3.5165450691556124e-07,0.7226,1.8547574235194517e-06,-3.5165450691556124e-07,5.9182588857610544e-06,0.7226,0.5078984203159368,12,1,5000,20260722,,,1.0,
full_sample,claims_ccsa_conditional_only__vs__claims_none,claims_ccsa_conditional_only,claims_none,continued_claims_innovation,add_one,True,after_employment_situation,score_center_negative_log_predictive_density,lower,183,0.0076611879590697905,0.0,-0.006649967559538919,0.03268192640601579,0.323,-0.0076611879590697905,-0.03268192640601579,0.006649967559538918,0.323,0.551489702059588,12,1,5000,20260722,,,,1.0
full_sample,claims_conditional_joint__vs__claims_ccsa_conditional_only,claims_conditional_joint,claims_ccsa_conditional_only,initial_claims_innovation,add_one,True,after_employment_situation,score_center_negative_log_predictive_density,lower,183,-0.05241639711573345,0.0,-0.1657438034820403,0.011991335347704014,0.9656,0.05241639711573345,-0.011991335347704014,0.16574380348204026,0.9656,0.13797240551889622,12,1,5000,20260722,,,,0.8062387522495501
full_sample,claims_conditional_joint__vs__claims_icsa_only,claims_conditional_joint,claims_icsa_only,continued_claims_innovation,add_one,True,after_employment_situation,score_center_negative_log_predictive_density,lower,183,0.007337206460184036,0.0,-0.007142379731631736,0.032590893863173404,0.3338,-0.007337206460184036,-0.032590893863173404,0.007142379731631735,0.3338,0.5736852629474105,12,1,5000,20260722,,,,1.0
full_sample,claims_conditional_joint__vs__claims_independent,claims_conditional_joint,claims_independent,claims,add_one,False,after_employment_situation,score_center_negative_log_predictive_density,lower,183,0.02211595795853905,0.0,-0.0154944713486351,0.08076471312012332,0.035,-0.02211595795853905,-0.08076471312012332,0.015494471348635094,0.035,0.14857028594281144,12,1,5000,20260722,,,,0.8062387522495501
full_sample,claims_icsa_only__vs__claims_none,claims_icsa_only,claims_none,initial_claims_innovation,add_one,True,after_employment_situation,score_center_negative_log_predictive_density,lower,183,-0.05209241561684772,0.0,-0.1659799379389956,0.01194704762671655,0.969,0.05209241561684772,-0.011947047626716565,0.1659799379389956,0.969,0.13437312537492502,12,1,5000,20260722,,,,0.8062387522495501
full_sample,claims_independent__vs__claims_icsa_only,claims_independent,claims_icsa_only,continued_claims_innovation,add_one,True,after_employment_situation,score_center_negative_log_predictive_density,lower,183,-0.014778751498355029,0.0,-0.05022792344228044,0.01836958497648926,0.9308,0.014778751498355029,-0.018369584976489273,0.050227923442280414,0.9308,0.1959608078384323,12,1,5000,20260722,,,,0.8062387522495501
full_sample,consumer_implicit_only__vs__consumer_none,consumer_implicit_only,consumer_none,implicit_retail_price_log_change,add_one,True,after_employment_situation,score_center_negative_log_predictive_density,lower,183,-0.0003470248524409405,0.0,-0.001047437169242346,8.442915450110982e-06,0.8372,0.0003470248524409405,-8.442915450110997e-06,0.001047437169242346,0.8372,0.3197360527894421,12,1,5000,20260722,,1.0,,
full_sample,consumer_real_implicit_joint_only__vs__consumer_revised_full,consumer_real_implicit_joint_only,consumer_revised_full,total_vehicle_unit_sales_log_change,leave_one_out,False,after_employment_situation,score_center_negative_log_predictive_density,lower,183,-4.837464748433925,0.0,-14.539084802496035,0.02283456530962174,0.643,-4.837464748433925,-14.539084802496035,0.02283456530962174,0.357,0.6002799440111978,12,1,5000,20260722,,1.0,,
full_sample,consumer_real_only__vs__consumer_none,consumer_real_only,consumer_none,real_retail_and_food_services_log_change,add_one,True,after_employment_situation,score_center_negative_log_predictive_density,lower,183,-8.551697204952652e-05,0.0,-0.0003683966261141876,0.00017397224694987954,0.7232,8.551697204952652e-05,-0.00017397224694987967,0.0003683966261141876,0.7232,0.5338932213557288,12,1,5000,20260722,,1.0,,
full_sample,consumer_revised_full__vs__consumer_legacy,consumer_revised_full,consumer_legacy,consumer,add_one,False,after_employment_situation,score_center_negative_log_predictive_density,lower,183,4.837020786928161,-2.220446049250313e-16,-0.02239289238896071,14.53899353763247,0.3512,-4.837020786928161,-14.53899353763247,0.022392892388960698,0.3512,0.6032793441311738,12,1,5000,20260722,,1.0,,
full_sample,consumer_vehicle_only__vs__consumer_none,consumer_vehicle_only,consumer_none,total_vehicle_unit_sales_log_change,add_one,True,after_employment_situation,score_center_negative_log_predictive_density,lower,183,4.837483617071453,0.0,-0.021652130687865645,14.539609151194307,0.3542,-4.837483617071453,-14.539609151194307,0.02165213068786564,0.3542,0.5874825034993001,12,1,5000,20260722,,1.0,,
full_sample,consumer_without_implicit__vs__consumer_revised_full,consumer_without_implicit,consumer_revised_full,implicit_retail_price_log_change,leave_one_out,False,after_employment_situation,score_center_negative_log_predictive_density,lower,183,0.0004846430068090932,0.0,-1.7410989486083257e-05,0.001466999289853177,0.129,0.0004846430068090932,-1.7410989486083257e-05,0.001466999289853177,0.871,0.28154369126174766,12,1,5000,20260722,,1.0,,
full_sample,consumer_without_real__vs__consumer_revised_full,consumer_without_real,consumer_revised_full,real_retail_and_food_services_log_change,leave_one_out,False,after_employment_situation,score_center_negative_log_predictive_density,lower,183,0.00021763080679456298,0.0,-0.00013257074159653203,0.0007342384371629826,0.1702,0.00021763080679456298,-0.00013257074159653203,0.0007342384371629826,0.8298,0.3375324935012997,12,1,5000,20260722,,1.0,,
full_sample,price_import__vs__structural_reduced_input,price_import,structural_reduced_input,price,add_one,False,after_employment_situation,score_center_negative_log_predictive_density,lower,183,-0.0005038199817352412,0.0,-0.0016228896704764862,5.732106331648608e-05,0.7802,0.0005038199817352412,-5.7321063316487153e-05,0.0016228896704764862,0.7802,0.41571685662867425,12,1,5000,20260722,1.0,,,
full_sample,price_import__vs__structural_reduced_no_price,price_import,structural_reduced_no_price,price,add_one,True,after_employment_situation,score_center_negative_log_predictive_density,lower,183,-0.00034027131591360757,0.0,-0.0011716764103293145,0.00013751792574782912,0.7554,0.00034027131591360757,-0.0001375179257478292,0.0011716764103293145,0.7554,0.4573085382923415,12,1,5000,20260722,1.0,,,
full_sample,structural_reduced_input__vs__structural_reduced_no_price,structural_reduced_input,structural_reduced_no_price,price,add_one,True,after_employment_situation,score_center_negative_log_predictive_density,lower,183,0.0001635486658216337,0.0,-1.1023858794685747e-07,0.0004907975486351633,0.2862,-0.0001635486658216337,-0.0004907975486351633,1.1023858794685747e-07,0.2862,0.4829034193161368,12,1,5000,20260722,1.0,,,
full_sample,all_revised_candidate__vs__partial_only,all_revised_candidate,partial_only,combined,add_one,False,after_midmonth_defining_releases,hard_quadrant_correct,higher,183,-0.07650273224043716,0.0,-0.14207650273224043,-0.02185792349726776,0.0012,-0.07650273224043716,-0.14207650273224043,-0.02185792349726776,0.0012,0.01759648070385923,12,1,5000,20260722,,,,
full_sample,all_revised_candidate__vs__student_t_7_combined,all_revised_candidate,student_t_7_combined,combined,add_one,False,after_midmonth_defining_releases,hard_quadrant_correct,higher,183,-0.02185792349726776,0.0,-0.07103825136612021,0.01639344262295082,0.1336,-0.02185792349726776,-0.07103825136612021,0.01639344262295082,0.1336,0.3509298140371926,12,1,5000,20260722,,,,
full_sample,business_activity_only__vs__business_none,business_activity_only,business_none,core_capital_goods_shipments_log_change,add_one,True,after_midmonth_defining_releases,hard_quadrant_correct,higher,183,-0.00546448087431694,0.0,-0.01639344262295082,0.0,0.0,-0.00546448087431694,-0.01639344262295082,0.0,0.0,0.44831033793241354,12,1,5000,20260722,,,1.0,
full_sample,business_activity_only__vs__business_revised_joint,business_activity_only,business_revised_joint,core_capital_goods_orders_shipments_gap_log_change,leave_one_out,False,after_midmonth_defining_releases,hard_quadrant_correct,higher,183,0.0,0.0,0.0,0.0,0.0,-0.0,-0.0,0.0,0.0,1.0,12,1,5000,20260722,,,1.0,
full_sample,business_pipeline_only__vs__business_none,business_pipeline_only,business_none,core_capital_goods_orders_shipments_gap_log_change,add_one,True,after_midmonth_defining_releases,hard_quadrant_correct,higher,183,0.0,0.0,0.0,0.0,0.0,0.0,0.0,0.0,0.0,1.0,12,1,5000,20260722,,,1.0,
full_sample,business_pipeline_only__vs__business_revised_joint,business_pipeline_only,business_revised_joint,core_capital_goods_shipments_log_change,leave_one_out,False,after_midmonth_defining_releases,hard_quadrant_correct,higher,183,0.00546448087431694,0.0,0.0,0.01639344262295082,0.6528,-0.00546448087431694,-0.01639344262295082,0.0,0.0,0.4379124175164967,12,1,5000,20260722,,,1.0,
full_sample,business_revised_joint__vs__business_legacy,business_revised_joint,business_legacy,business,add_one,False,after_midmonth_defining_releases,hard_quadrant_correct,higher,183,0.0,0.0,0.0,0.0,0.0,0.0,0.0,0.0,0.0,1.0,12,1,5000,20260722,,,1.0,
full_sample,claims_ccsa_conditional_only__vs__claims_none,claims_ccsa_conditional_only,claims_none,continued_claims_innovation,add_one,True,after_midmonth_defining_releases,hard_quadrant_correct,higher,183,-0.00546448087431694,0.0,-0.02185792349726776,0.01092896174863388,0.1754,-0.00546448087431694,-0.02185792349726776,0.01092896174863388,0.1754,0.585882823435313,12,1,5000,20260722,,,,1.0
full_sample,claims_conditional_joint__vs__claims_ccsa_conditional_only,claims_conditional_joint,claims_ccsa_conditional_only,initial_claims_innovation,add_one,True,after_midmonth_defining_releases,hard_quadrant_correct,higher,183,0.0,0.0,-0.01092896174863388,0.01092896174863388,0.2458,0.0,-0.01092896174863388,0.01092896174863388,0.2458,1.0,12,1,5000,20260722,,,,1.0
full_sample,claims_conditional_joint__vs__claims_icsa_only,claims_conditional_joint,claims_icsa_only,continued_claims_innovation,add_one,True,after_midmonth_defining_releases,hard_quadrant_correct,higher,183,-0.00546448087431694,0.0,-0.02185792349726776,0.01092896174863388,0.1812,-0.00546448087431694,-0.02185792349726776,0.01092896174863388,0.1812,0.5708858228354329,12,1,5000,20260722,,,,1.0
full_sample,claims_conditional_joint__vs__claims_independent,claims_conditional_joint,claims_independent,claims,add_one,False,after_midmonth_defining_releases,hard_quadrant_correct,higher,183,0.0,0.0,0.0,0.0,0.0,0.0,0.0,0.0,0.0,1.0,12,1,5000,20260722,,,,1.0
full_sample,claims_icsa_only__vs__claims_none,claims_icsa_only,claims_none,initial_claims_innovation,add_one,True,after_midmonth_defining_releases,hard_quadrant_correct,higher,183,0.0,0.0,0.0,0.0,0.0,0.0,0.0,0.0,0.0,1.0,12,1,5000,20260722,,,,1.0
full_sample,claims_independent__vs__claims_icsa_only,claims_independent,claims_icsa_only,continued_claims_innovation,add_one,True,after_midmonth_defining_releases,hard_quadrant_correct,higher,183,-0.00546448087431694,0.0,-0.02185792349726776,0.01092896174863388,0.1814,-0.00546448087431694,-0.02185792349726776,0.01092896174863388,0.1814,0.5890821835632873,12,1,5000,20260722,,,,1.0
full_sample,consumer_implicit_only__vs__consumer_none,consumer_implicit_only,consumer_none,implicit_retail_price_log_change,add_one,True,after_midmonth_defining_releases,hard_quadrant_correct,higher,183,0.00546448087431694,0.0,-0.02185792349726776,0.03825136612021858,0.5444,0.00546448087431694,-0.02185792349726776,0.03825136612021858,0.5444,0.7544491101779645,12,1,5000,20260722,,1.0,,
full_sample,consumer_real_implicit_joint_only__vs__consumer_revised_full,consumer_real_implicit_joint_only,consumer_revised_full,total_vehicle_unit_sales_log_change,leave_one_out,False,after_midmonth_defining_releases,hard_quadrant_correct,higher,183,0.01092896174863388,0.0,0.0,0.0273224043715847,0.8698,-0.01092896174863388,-0.0273224043715847,0.0,0.0,0.1793641271745651,12,1,5000,20260722,,0.9142171565686863,,
full_sample,consumer_real_only__vs__consumer_none,consumer_real_only,consumer_none,real_retail_and_food_services_log_change,add_one,True,after_midmonth_defining_releases,hard_quadrant_correct,higher,183,-0.04918032786885246,0.0,-0.09289617486338798,-0.01639344262295082,0.0004,-0.04918032786885246,-0.09289617486338798,-0.01639344262295082,0.0004,0.01219756048790242,12,1,5000,20260722,,0.08538292341531693,,
full_sample,consumer_revised_full__vs__consumer_legacy,consumer_revised_full,consumer_legacy,consumer,add_one,False,after_midmonth_defining_releases,hard_quadrant_correct,higher,183,-0.00546448087431694,0.0,-0.03825136612021858,0.0273224043715847,0.293,-0.00546448087431694,-0.03825136612021858,0.0273224043715847,0.293,0.7380523895220956,12,1,5000,20260722,,1.0,,
full_sample,consumer_vehicle_only__vs__consumer_none,consumer_vehicle_only,consumer_none,total_vehicle_unit_sales_log_change,add_one,True,after_midmonth_defining_releases,hard_quadrant_correct,higher,183,0.00546448087431694,0.0,-0.01639344262295082,0.02185792349726776,0.6256,0.00546448087431694,-0.01639344262295082,0.02185792349726776,0.6256,0.5776844631073785,12,1,5000,20260722,,1.0,,
full_sample,consumer_without_implicit__vs__consumer_revised_full,consumer_without_implicit,consumer_revised_full,implicit_retail_price_log_change,leave_one_out,False,after_midmonth_defining_releases,hard_quadrant_correct,higher,183,0.0,0.0,-0.01639344262295082,0.01639344262295082,0.3734,-0.0,-0.01639344262295082,0.01639344262295082,0.3656,1.0,12,1,5000,20260722,,1.0,,
full_sample,consumer_without_real__vs__consumer_revised_full,consumer_without_real,consumer_revised_full,real_retail_and_food_services_log_change,leave_one_out,False,after_midmonth_defining_releases,hard_quadrant_correct,higher,183,0.04371584699453552,0.0,-0.00546448087431694,0.1092896174863388,0.924,-0.04371584699453552,-0.1092896174863388,0.00546448087431694,0.0428,0.15236952609478105,12,1,5000,20260722,,0.9142171565686863,,
full_sample,price_import__vs__structural_reduced_input,price_import,structural_reduced_input,price,add_one,False,after_midmonth_defining_releases,hard_quadrant_correct,higher,183,-0.01092896174863388,0.0,-0.03825136612021858,0.01092896174863388,0.1344,-0.01092896174863388,-0.03825136612021858,0.01092896174863388,0.1344,0.4185162967406519,12,1,5000,20260722,1.0,,,
full_sample,price_import__vs__structural_reduced_no_price,price_import,structural_reduced_no_price,price,add_one,True,after_midmonth_defining_releases,hard_quadrant_correct,higher,183,-0.01092896174863388,0.0,-0.03825136612021858,0.01092896174863388,0.1382,-0.01092896174863388,-0.03825136612021858,0.01092896174863388,0.1382,0.4345130973805239,12,1,5000,20260722,1.0,,,
full_sample,structural_reduced_input__vs__structural_reduced_no_price,structural_reduced_input,structural_reduced_no_price,price,add_one,True,after_midmonth_defining_releases,hard_quadrant_correct,higher,183,0.0,0.0,-0.01092896174863388,0.01092896174863388,0.2236,0.0,-0.01092896174863388,0.01092896174863388,0.2236,1.0,12,1,5000,20260722,1.0,,,
full_sample,all_revised_candidate__vs__partial_only,all_revised_candidate,partial_only,combined,add_one,False,after_midmonth_defining_releases,quadrant_brier_distance_to_exact_score_map,lower,183,0.00011280407655134197,-0.00023573822802185063,-0.0021963345569842303,0.0026530799721714527,0.4934,-0.00011280407655134197,-0.0026530799721714527,0.002196334556984229,0.4934,0.9242151569686062,12,1,5000,20260722,,,,
full_sample,all_revised_candidate__vs__student_t_7_combined,all_revised_candidate,student_t_7_combined,combined,add_one,False,after_midmonth_defining_releases,quadrant_brier_distance_to_exact_score_map,lower,183,-5.6023496921663494e-05,-0.00013007900009371146,-0.00200661099999325,0.0021265528207408593,0.5474,5.6023496921663494e-05,-0.0021265528207408597,0.00200661099999325,0.5474,0.9546090781843631,12,1,5000,20260722,,,,
full_sample,business_activity_only__vs__business_none,business_activity_only,business_none,core_capital_goods_shipments_log_change,add_one,True,after_midmonth_defining_releases,quadrant_brier_distance_to_exact_score_map,lower,183,9.91041118340622e-06,0.0,-4.831865004277742e-07,3.0213808418994623e-05,0.1914,-9.91041118340622e-06,-3.0213808418994623e-05,4.831865004277742e-07,0.1914,0.357128574285143,12,1,5000,20260722,,,1.0,
full_sample,business_activity_only__vs__business_revised_joint,business_activity_only,business_revised_joint,core_capital_goods_orders_shipments_gap_log_change,leave_one_out,False,after_midmonth_defining_releases,quadrant_brier_distance_to_exact_score_map,lower,183,-2.722657525076294e-06,0.0,-8.170275339632765e-06,6.383019224036789e-07,0.6432,-2.722657525076294e-06,-8.170275339632765e-06,6.383019224036789e-07,0.3568,0.5996800639872025,12,1,5000,20260722,,,1.0,
full_sample,business_pipeline_only__vs__business_none,business_pipeline_only,business_none,core_capital_goods_orders_shipments_gap_log_change,add_one,True,after_midmonth_defining_releases,quadrant_brier_distance_to_exact_score_map,lower,183,-5.61240464666861e-08,0.0,-1.6682662219733313e-07,5.334155513962612e-09,0.941,5.61240464666861e-08,-5.334155513962612e-09,1.6682662219733313e-07,0.941,0.16076784643071385,12,1,5000,20260722,,,0.8038392321535692,
full_sample,business_pipeline_only__vs__business_revised_joint,business_pipeline_only,business_revised_joint,core_capital_goods_shipments_log_change,leave_one_out,False,after_midmonth_defining_releases,quadrant_brier_distance_to_exact_score_map,lower,183,-1.26891927549492e-05,0.0,-3.915176164697233e-05,1.089806531663787e-06,0.8534,-1.26891927549492e-05,-3.915176164697233e-05,1.089806531663787e-06,0.1466,0.2953409318136373,12,1,5000,20260722,,,1.0,
full_sample,business_revised_joint__vs__business_legacy,business_revised_joint,business_legacy,business,add_one,False,after_midmonth_defining_releases,quadrant_brier_distance_to_exact_score_map,lower,183,-1.0120725936246635e-07,0.0,-4.7148567563361784e-07,2.687282393023804e-07,0.8762,1.0120725936246635e-07,-2.687282393023804e-07,4.7148567563361784e-07,0.8762,0.27954409118176365,12,1,5000,20260722,,,1.0,
full_sample,claims_ccsa_conditional_only__vs__claims_none,claims_ccsa_conditional_only,claims_none,continued_claims_innovation,add_one,True,after_midmonth_defining_releases,quadrant_brier_distance_to_exact_score_map,lower,183,-0.0001019703229120589,0.0,-0.00026772518870606034,1.4158986444398805e-05,0.946,0.0001019703229120589,-1.415898644439885e-05,0.0002677251887060603,0.946,0.15156968606278745,12,1,5000,20260722,,,,0.42491501699660067
full_sample,claims_conditional_joint__vs__claims_ccsa_conditional_only,claims_conditional_joint,claims_ccsa_conditional_only,initial_claims_innovation,add_one,True,after_midmonth_defining_releases,quadrant_brier_distance_to_exact_score_map,lower,183,0.00011249232039474193,0.0,-9.185790364637945e-06,0.0002627699397294459,0.0398,-0.00011249232039474193,-0.00026276993972944605,9.18579036463793e-06,0.0398,0.10937812437512498,12,1,5000,20260722,,,,0.42491501699660067
full_sample,claims_conditional_joint__vs__claims_icsa_only,claims_conditional_joint,claims_icsa_only,continued_claims_innovation,add_one,True,after_midmonth_defining_releases,quadrant_brier_distance_to_exact_score_map,lower,183,-0.00011183996384023646,0.0,-0.0002772867872097095,1.1406515764142453e-05,0.958,0.00011183996384023646,-1.1406515764142509e-05,0.0002772867872097093,0.958,0.1227754449110178,12,1,5000,20260722,,,,0.42491501699660067
full_sample,claims_conditional_joint__vs__claims_independent,claims_conditional_joint,claims_independent,claims,add_one,False,after_midmonth_defining_releases,quadrant_brier_distance_to_exact_score_map,lower,183,2.220214154080465e-05,0.0,5.329795374833249e-06,4.333624048789569e-05,0.001,-2.220214154080465e-05,-4.3336240487895724e-05,-5.329795374833249e-06,0.001,0.020595880823835233,12,1,5000,20260722,,,,0.1235752849430114
full_sample,claims_icsa_only__vs__claims_none,claims_icsa_only,claims_none,initial_claims_innovation,add_one,True,after_midmonth_defining_releases,quadrant_brier_distance_to_exact_score_map,lower,183,0.00012236196132291946,0.0,-8.324663955731136e-06,0.0002842272448673991,0.0364,-0.00012236196132291946,-0.00028422724486739916,8.324663955731095e-06,0.0364,0.09978004399120176,12,1,5000,20260722,,,,0.42491501699660067
full_sample,claims_independent__vs__claims_icsa_only,claims_independent,claims_icsa_only,continued_claims_innovation,add_one,True,after_midmonth_defining_releases,quadrant_brier_distance_to_exact_score_map,lower,183,-0.0001340421053810411,0.0,-0.00031746616738567105,-4.20714777429994e-06,0.9796,0.0001340421053810411,4.207147774299906e-06,0.00031746616738567056,0.9796,0.08498300339932013,12,1,5000,20260722,,,,0.42491501699660067
full_sample,consumer_implicit_only__vs__consumer_none,consumer_implicit_only,consumer_none,implicit_retail_price_log_change,add_one,True,after_midmonth_defining_releases,quadrant_brier_distance_to_exact_score_map,lower,183,-0.0017599560149577438,-2.0169890147360772e-06,-0.004223082786788464,0.0001819441706674656,0.9564,0.0017599560149577438,-0.00018194417066746745,0.004223082786788463,0.9564,0.11417716456708658,12,1,5000,20260722,,0.45670865826834633,,
full_sample,consumer_real_implicit_joint_only__vs__consumer_revised_full,consumer_real_implicit_joint_only,consumer_revised_full,total_vehicle_unit_sales_log_change,leave_one_out,False,after_midmonth_defining_releases,quadrant_brier_distance_to_exact_score_map,lower,183,-0.0005114118085104572,0.0,-0.0009821420432957384,-0.00011938416882745123,0.9984,-0.0005114118085104572,-0.0009821420432957384,-0.00011938416882745123,0.0016,0.020795840831833633,12,1,5000,20260722,,0.14557088582283542,,
full_sample,consumer_real_only__vs__consumer_none,consumer_real_only,consumer_none,real_retail_and_food_services_log_change,add_one,True,after_midmonth_defining_releases,quadrant_brier_distance_to_exact_score_map,lower,183,0.0006406845208471082,-1.3701956309147834e-08,-0.0009473568474490569,0.002630591797009986,0.2758,-0.0006406845208471082,-0.002630591797009987,0.0009473568474490558,0.2758,0.5008998200359928,12,1,5000,20260722,,1.0,,
full_sample,consumer_revised_full__vs__consumer_legacy,consumer_revised_full,consumer_legacy,consumer,add_one,False,after_midmonth_defining_releases,quadrant_brier_distance_to_exact_score_map,lower,183,-0.0005435507562397769,-4.579015486177616e-05,-0.002100053272115021,0.0011421318125199142,0.74,0.0005435507562397769,-0.0011421318125199146,0.00210005327211502,0.74,0.509498100379924,12,1,5000,20260722,,1.0,,
full_sample,consumer_vehicle_only__vs__consumer_none,consumer_vehicle_only,consumer_none,total_vehicle_unit_sales_log_change,add_one,True,after_midmonth_defining_releases,quadrant_brier_distance_to_exact_score_map,lower,183,-0.00025107878558977364,0.0,-0.0004899438496948048,-5.897477715955335e-05,0.9986,0.00025107878558977364,5.897477715955313e-05,0.0004899438496948048,0.9986,0.02299540091981604,12,1,5000,20260722,,0.14557088582283542,,
full_sample,consumer_without_implicit__vs__consumer_revised_full,consumer_without_implicit,consumer_revised_full,implicit_retail_price_log_change,leave_one_out,False,after_midmonth_defining_releases,quadrant_brier_distance_to_exact_score_map,lower,183,0.0017451204280867483,3.5996699501369966e-10,6.212521543545784e-06,0.003890914126807316,0.0248,0.0017451204280867483,6.212521543545784e-06,0.003890914126807316,0.9752,0.07338532293541292,12,1,5000,20260722,,0.36692661467706456,,
full_sample,consumer_without_real__vs__consumer_revised_full,consumer_without_real,consumer_revised_full,real_retail_and_food_services_log_change,leave_one_out,False,after_midmonth_defining_releases,quadrant_brier_distance_to_exact_score_map,lower,183,-0.00157143434794227,9.926443213410796e-08,-0.004809839781863548,0.0006822476528712068,0.8668,-0.00157143434794227,-0.004809839781863548,0.0006822476528712068,0.1332,0.2725454909018196,12,1,5000,20260722,,0.8176364727054588,,
full_sample,price_import__vs__structural_reduced_input,price_import,structural_reduced_input,price,add_one,False,after_midmonth_defining_releases,quadrant_brier_distance_to_exact_score_map,lower,183,0.0005782070733576371,0.0,-0.0006942897533336983,0.0020584801427466514,0.2184,-0.0005782070733576371,-0.002058480142746652,0.0006942897533336978,0.2184,0.4205158968206359,12,1,5000,20260722,0.7790441911617676,,,
full_sample,price_import__vs__structural_reduced_no_price,price_import,structural_reduced_no_price,price,add_one,True,after_midmonth_defining_releases,quadrant_brier_distance_to_exact_score_map,lower,183,0.0006371087668903225,0.0,-0.0006391904453342625,0.002219707533793679,0.2006,-0.0006371087668903225,-0.00221970753379368,0.0006391904453342621,0.2006,0.3895220955808838,12,1,5000,20260722,0.7790441911617676,,,
full_sample,structural_reduced_input__vs__structural_reduced_no_price,structural_reduced_input,structural_reduced_no_price,price,add_one,True,after_midmonth_defining_releases,quadrant_brier_distance_to_exact_score_map,lower,183,5.890169353268507e-05,0.0,-2.0303120670950085e-05,0.000159821341138861,0.0852,-5.890169353268507e-05,-0.00015982134113886107,2.030312067095003e-05,0.0852,0.1933613277344531,12,1,5000,20260722,0.5800839832033593,,,
full_sample,all_revised_candidate__vs__partial_only,all_revised_candidate,partial_only,combined,add_one,False,after_midmonth_defining_releases,quadrant_cross_entropy_to_exact_score_map,lower,183,-0.0013345588125685773,-0.0007316754657029634,-0.006677059909788198,0.004985662273177031,0.6908,0.0013345588125685773,-0.004985662273177032,0.006677059909788197,0.6908,0.6520695860827834,12,1,5000,20260722,,,,
full_sample,all_revised_candidate__vs__student_t_7_combined,all_revised_candidate,student_t_7_combined,combined,add_one,False,after_midmonth_defining_releases,quadrant_cross_entropy_to_exact_score_map,lower,183,-0.0017593578229638546,-0.0003561916741292581,-0.007722864553504528,0.004469522248801298,0.7334,0.0017593578229638546,-0.004469522248801299,0.007722864553504528,0.7334,0.5448910217956409,12,1,5000,20260722,,,,
full_sample,business_activity_only__vs__business_none,business_activity_only,business_none,core_capital_goods_shipments_log_change,add_one,True,after_midmonth_defining_releases,quadrant_cross_entropy_to_exact_score_map,lower,183,1.9813848712764586e-05,0.0,-9.924143200710047e-07,6.0433225821094147e-05,0.0774,-1.9813848712764586e-05,-6.0433225821094147e-05,9.924143200710047e-07,0.0774,0.20635872825434912,12,1,5000,20260722,,,0.8968206358728255,
full_sample,business_activity_only__vs__business_revised_joint,business_activity_only,business_revised_joint,core_capital_goods_orders_shipments_gap_log_change,leave_one_out,False,after_midmonth_defining_releases,quadrant_cross_entropy_to_exact_score_map,lower,183,-5.162109596319537e-06,0.0,-1.6800691847451577e-05,1.313530615300045e-06,0.6768,-5.162109596319537e-06,-1.6800691847451577e-05,1.313530615300045e-06,0.323,0.5712857428514297,12,1,5000,20260722,,,0.8968206358728255,
full_sample,business_pipeline_only__vs__business_none,business_pipeline_only,business_none,core_capital_goods_orders_shipments_gap_log_change,add_one,True,after_midmonth_defining_releases,quadrant_cross_entropy_to_exact_score_map,lower,183,-1.1543059816366812e-07,0.0,-3.4512473124065325e-07,1.584565925988354e-08,0.9392,1.1543059816366812e-07,-1.584565925988354e-08,3.4512473124065325e-07,0.9392,0.1793641271745651,12,1,5000,20260722,,,0.8968206358728255,
full_sample,business_pipeline_only__vs__business_revised_joint,business_pipeline_only,business_revised_joint,core_capital_goods_shipments_log_change,leave_one_out,False,after_midmonth_defining_releases,quadrant_cross_entropy_to_exact_score_map,lower,183,-2.509138890724779e-05,0.0,-7.752096740818315e-05,2.246503524350875e-06,0.9066,-2.509138890724779e-05,-7.752096740818315e-05,2.246503524350875e-06,0.0934,0.23255348930213957,12,1,5000,20260722,,,0.8968206358728255,
full_sample,business_revised_joint__vs__business_legacy,business_revised_joint,business_legacy,business,add_one,False,after_midmonth_defining_releases,quadrant_cross_entropy_to_exact_score_map,lower,183,-1.7448086555140765e-07,0.0,-9.360113915721953e-07,5.867177788748223e-07,0.8364,1.7448086555140765e-07,-5.867177788748223e-07,9.360113915721953e-07,0.8364,0.33833233353329334,12,1,5000,20260722,,,0.8968206358728255,
full_sample,claims_ccsa_conditional_only__vs__claims_none,claims_ccsa_conditional_only,claims_none,continued_claims_innovation,add_one,True,after_midmonth_defining_releases,quadrant_cross_entropy_to_exact_score_map,lower,183,-0.00010328678870477174,0.0,-0.00030334521319347606,6.15368263384112e-05,0.8762,0.00010328678870477174,-6.15368263384112e-05,0.00030334521319347606,0.8762,0.2591481703659268,12,1,5000,20260722,,,,0.8110377924415118
full_sample,claims_conditional_joint__vs__claims_ccsa_conditional_only,claims_conditional_joint,claims_ccsa_conditional_only,initial_claims_innovation,add_one,True,after_midmonth_defining_releases,quadrant_cross_entropy_to_exact_score_map,lower,183,0.00010320066435155314,0.0,-7.035071691928003e-05,0.00029412758316276914,0.127,-0.00010320066435155314,-0.00029412758316276925,7.035071691927997e-05,0.127,0.2633473305338932,12,1,5000,20260722,,,,0.8110377924415118
full_sample,claims_conditional_joint__vs__claims_icsa_only,claims_conditional_joint,claims_icsa_only,continued_claims_innovation,add_one,True,after_midmonth_defining_releases,quadrant_cross_entropy_to_exact_score_map,lower,183,-0.00011863864337509393,0.0,-0.00031472405900836493,5.171598818355286e-05,0.904,0.00011863864337509393,-5.1715988183552864e-05,0.0003147240590083648,0.904,0.20275944811037794,12,1,5000,20260722,,,,0.8110377924415118
full_sample,claims_conditional_joint__vs__claims_independent,claims_conditional_joint,claims_independent,claims,add_one,False,after_midmonth_defining_releases,quadrant_cross_entropy_to_exact_score_map,lower,183,2.4733257593014836e-05,0.0,2.8705267246726588e-06,5.213515858877442e-05,0.0104,-2.4733257593014836e-05,-5.213515858877445e-05,-2.8705267246726626e-06,0.0104,0.04819036192761448,12,1,5000,20260722,,,,0.2891421715656869
full_sample,claims_icsa_only__vs__claims_none,claims_icsa_only,claims_none,initial_claims_innovation,add_one,True,after_midmonth_defining_releases,quadrant_cross_entropy_to_exact_score_map,lower,183,0.00011855251902187532,0.0,-6.063912194675288e-05,0.0003164354694931465,0.1038,-0.00011855251902187532,-0.00031643546949314656,6.063912194675284e-05,0.1038,0.21715656868626274,12,1,5000,20260722,,,,0.8110377924415118
full_sample,claims_independent__vs__claims_icsa_only,claims_independent,claims_icsa_only,continued_claims_innovation,add_one,True,after_midmonth_defining_releases,quadrant_cross_entropy_to_exact_score_map,lower,183,-0.00014337190096810876,0.0,-0.00035279290915455984,2.7879660706828016e-05,0.9444,0.00014337190096810876,-2.7879660706828043e-05,0.0003527929091545593,0.9444,0.13737252549490103,12,1,5000,20260722,,,,0.6868626274745051
full_sample,consumer_implicit_only__vs__consumer_none,consumer_implicit_only,consumer_none,implicit_retail_price_log_change,add_one,True,after_midmonth_defining_releases,quadrant_cross_entropy_to_exact_score_map,lower,183,-0.003856174750116626,-1.5173278879565544e-05,-0.008723663201065329,0.00023036342932028378,0.9668,0.003856174750116626,-0.00023036342932028866,0.008723663201065327,0.9668,0.08718256348730254,12,1,5000,20260722,,0.43591281743651267,,
full_sample,consumer_real_implicit_joint_only__vs__consumer_revised_full,consumer_real_implicit_joint_only,consumer_revised_full,total_vehicle_unit_sales_log_change,leave_one_out,False,after_midmonth_defining_releases,quadrant_cross_entropy_to_exact_score_map,lower,183,-0.0008825609747193341,0.0,-0.0016478630956633506,-0.00023394569745721614,0.9984,-0.0008825609747193341,-0.0016478630956633506,-0.00023394569745721614,0.0016,0.013997200559888023,12,1,5000,20260722,,0.09798040391921616,,
full_sample,consumer_real_only__vs__consumer_none,consumer_real_only,consumer_none,real_retail_and_food_services_log_change,add_one,True,after_midmonth_defining_releases,quadrant_cross_entropy_to_exact_score_map,lower,183,0.0006044174141926778,-7.483500819027711e-08,-0.0017847533036563763,0.00343799910441773,0.341,-0.0006044174141926778,-0.0034379991044177303,0.001784753303656376,0.341,0.6444711057788443,12,1,5000,20260722,,0.802639472105579,,
full_sample,consumer_revised_full__vs__consumer_legacy,consumer_revised_full,consumer_legacy,consumer,add_one,False,after_midmonth_defining_releases,quadrant_cross_entropy_to_exact_score_map,lower,183,-0.002135310783639537,-9.790440584867e-05,-0.005736289982211787,0.0018988484123912857,0.8566,0.002135310783639537,-0.0018988484123912872,0.005736289982211786,0.8566,0.26754649070185965,12,1,5000,20260722,,0.802639472105579,,
full_sample,consumer_vehicle_only__vs__consumer_none,consumer_vehicle_only,consumer_none,total_vehicle_unit_sales_log_change,add_one,True,after_midmonth_defining_releases,quadrant_cross_entropy_to_exact_score_map,lower,183,-0.00041794651942218976,0.0,-0.0008197396779767398,-0.00011744635109166586,0.9998,0.00041794651942218976,0.00011744635109166583,0.0008197396779767395,0.9998,0.021795640871825634,12,1,5000,20260722,,0.1307738452309538,,
full_sample,consumer_without_implicit__vs__consumer_revised_full,consumer_without_implicit,consumer_revised_full,implicit_retail_price_log_change,leave_one_out,False,after_midmonth_defining_releases,quadrant_cross_entropy_to_exact_score_map,lower,183,0.003653298082372705,2.3183017505701287e-08,-0.00015431319418831302,0.008333591409188334,0.0308,0.003653298082372705,-0.00015431319418831302,0.008333591409188334,0.9692,0.08858228354329134,12,1,5000,20260722,,0.43591281743651267,,
full_sample,consumer_without_real__vs__consumer_revised_full,consumer_without_real,consumer_revised_full,real_retail_and_food_services_log_change,leave_one_out,False,after_midmonth_defining_releases,quadrant_cross_entropy_to_exact_score_map,lower,183,-0.002277785536061112,5.344122160955145e-05,-0.0067346966032518244,0.0012818291653104124,0.8602,-0.002277785536061112,-0.0067346966032518244,0.0012818291653104124,0.1398,0.2803439312137572,12,1,5000,20260722,,0.802639472105579,,
full_sample,price_import__vs__structural_reduced_input,price_import,structural_reduced_input,price,add_one,False,after_midmonth_defining_releases,quadrant_cross_entropy_to_exact_score_map,lower,183,0.00047709927266479415,0.0,-0.003680446774841494,0.004579687486292348,0.412,-0.00047709927266479415,-0.004579687486292349,0.0036804467748414935,0.412,0.8070385922815437,12,1,5000,20260722,1.0,,,
full_sample,price_import__vs__structural_reduced_no_price,price_import,structural_reduced_no_price,price,add_one,True,after_midmonth_defining_releases,quadrant_cross_entropy_to_exact_score_map,lower,183,0.0005828512846110071,0.0,-0.0035756983797347857,0.004987824019354186,0.3868,-0.0005828512846110071,-0.004987824019354187,0.0035756983797347853,0.3868,0.7760447910417917,12,1,5000,20260722,1.0,,,
full_sample,structural_reduced_input__vs__structural_reduced_no_price,structural_reduced_input,structural_reduced_no_price,price,add_one,True,after_midmonth_defining_releases,quadrant_cross_entropy_to_exact_score_map,lower,183,0.00010575201194621294,0.0,-4.71122609160776e-05,0.0003075887511044776,0.1148,-0.00010575201194621294,-0.00030758875110447763,4.7112260916077364e-05,0.1148,0.2533493301339732,12,1,5000,20260722,0.7600479904019196,,,
full_sample,all_revised_candidate__vs__partial_only,all_revised_candidate,partial_only,combined,add_one,False,after_midmonth_defining_releases,score_center_negative_log_predictive_density,lower,183,2.9228311903654793,-0.031269626931379024,-0.17753263468740493,9.027003948055484,0.365,-2.9228311903654793,-9.027003948055484,0.17753263468740485,0.365,0.6280743851229754,12,1,5000,20260722,,,,
full_sample,all_revised_candidate__vs__student_t_7_combined,all_revised_candidate,student_t_7_combined,combined,add_one,False,after_midmonth_defining_releases,score_center_negative_log_predictive_density,lower,183,3.009091343814197,-0.011251928042141923,-0.11879131654975503,9.171683099487382,0.3262,-3.009091343814197,-9.171683099487382,0.11879131654975503,0.3262,0.5630873825234953,12,1,5000,20260722,,,,
full_sample,business_activity_only__vs__business_none,business_activity_only,business_none,core_capital_goods_shipments_log_change,add_one,True,after_midmonth_defining_releases,score_center_negative_log_predictive_density,lower,183,0.0001324520991494582,0.0,-3.359752149926162e-06,0.0004007199787028569,0.1098,-0.0001324520991494582,-0.0004007199787028569,3.359752149926162e-06,0.1098,0.2531493701259748,12,1,5000,20260722,,,1.0,
full_sample,business_activity_only__vs__business_revised_joint,business_activity_only,business_revised_joint,core_capital_goods_orders_shipments_gap_log_change,leave_one_out,False,after_midmonth_defining_releases,score_center_negative_log_predictive_density,lower,183,-3.664258303632829e-05,0.0,-0.00011425561244816386,4.324179657856376e-06,0.7046,-3.664258303632829e-05,-0.00011425561244816386,4.324179657856376e-06,0.2954,0.5248950209958009,12,1,5000,20260722,,,1.0,
full_sample,business_pipeline_only__vs__business_none,business_pipeline_only,business_none,core_capital_goods_orders_shipments_gap_log_change,add_one,True,after_midmonth_defining_releases,score_center_negative_log_predictive_density,lower,183,-8.714835502975984e-07,0.0,-2.6165636097707874e-06,2.0665601696013752e-07,0.8652,8.714835502975984e-07,-2.0665601696013755e-07,2.6165636097707874e-06,0.8652,0.27434513097380525,12,1,5000,20260722,,,1.0,
full_sample,business_pipeline_only__vs__business_revised_joint,business_pipeline_only,business_revised_joint,core_capital_goods_shipments_log_change,leave_one_out,False,after_midmonth_defining_releases,score_center_negative_log_predictive_density,lower,183,-0.00016996616573608408,0.0,-0.0005173755394360811,7.478136096117026e-06,0.8504,-0.00016996616573608408,-0.0005173755394360811,7.478136096117026e-06,0.1496,0.29994001199760045,12,1,5000,20260722,,,1.0,
full_sample,business_revised_joint__vs__business_legacy,business_revised_joint,business_legacy,business,add_one,False,after_midmonth_defining_releases,score_center_negative_log_predictive_density,lower,183,-2.3705937946650983e-06,0.0,-7.243729887468945e-06,1.3248871457759638e-07,0.8312,2.3705937946650983e-06,-1.3248871457759638e-07,7.243729887468945e-06,0.8312,0.33193361327734455,12,1,5000,20260722,,,1.0,
full_sample,claims_ccsa_conditional_only__vs__claims_none,claims_ccsa_conditional_only,claims_none,continued_claims_innovation,add_one,True,after_midmonth_defining_releases,score_center_negative_log_predictive_density,lower,183,0.0020164772591989965,0.0,-0.003764078470635907,0.011074502500538494,0.3596,-0.0020164772591989965,-0.011074502500538496,0.003764078470635907,0.3596,0.6262747450509898,12,1,5000,20260722,,,,1.0
full_sample,claims_conditional_joint__vs__claims_ccsa_conditional_only,claims_conditional_joint,claims_ccsa_conditional_only,initial_claims_innovation,add_one,True,after_midmonth_defining_releases,score_center_negative_log_predictive_density,lower,183,-0.01683126759171613,0.0,-0.06327194684675105,0.012893116098667386,0.7602,0.01683126759171613,-0.012893116098667395,0.06327194684675105,0.7602,0.4579084183163367,12,1,5000,20260722,,,,1.0
full_sample,claims_conditional_joint__vs__claims_icsa_only,claims_conditional_joint,claims_icsa_only,continued_claims_innovation,add_one,True,after_midmonth_defining_releases,score_center_negative_log_predictive_density,lower,183,0.001883892214768374,0.0,-0.00397935403652029,0.010929135472776231,0.3576,-0.001883892214768374,-0.010929135472776234,0.00397935403652029,0.3576,0.634873025394921,12,1,5000,20260722,,,,1.0
full_sample,claims_conditional_joint__vs__claims_independent,claims_conditional_joint,claims_independent,claims,add_one,False,after_midmonth_defining_releases,score_center_negative_log_predictive_density,lower,183,0.013433491035452856,0.0,-0.011477214407016231,0.043053119929636806,0.0338,-0.013433491035452856,-0.043053119929636806,0.01147721440701623,0.0338,0.14417116576684663,12,1,5000,20260722,,,,0.8650269946010798
full_sample,claims_icsa_only__vs__claims_none,claims_icsa_only,claims_none,initial_claims_innovation,add_one,True,after_midmonth_defining_releases,score_center_negative_log_predictive_density,lower,183,-0.0166986825472855,0.0,-0.06332929744011874,0.01229692062528255,0.7648,0.0166986825472855,-0.012296920625282553,0.06332929744011873,0.7648,0.4595080983803239,12,1,5000,20260722,,,,1.0
full_sample,claims_independent__vs__claims_icsa_only,claims_independent,claims_icsa_only,continued_claims_innovation,add_one,True,after_midmonth_defining_releases,score_center_negative_log_predictive_density,lower,183,-0.011549598820684475,0.0,-0.0402934895036697,0.01413508912530831,0.9274,0.011549598820684475,-0.014135089125308316,0.04029348950366966,0.9274,0.20495900819836033,12,1,5000,20260722,,,,1.0
full_sample,consumer_implicit_only__vs__consumer_none,consumer_implicit_only,consumer_none,implicit_retail_price_log_change,add_one,True,after_midmonth_defining_releases,score_center_negative_log_predictive_density,lower,183,-0.04114750413698069,-0.005279126952573154,-0.09322432823066346,0.0038020182028272206,0.962,0.04114750413698069,-0.003802018202827223,0.09322432823066337,0.962,0.09178164367126575,12,1,5000,20260722,,0.4589082183563287,,
full_sample,consumer_real_implicit_joint_only__vs__consumer_revised_full,consumer_real_implicit_joint_only,consumer_revised_full,total_vehicle_unit_sales_log_change,leave_one_out,False,after_midmonth_defining_releases,score_center_negative_log_predictive_density,lower,183,-3.081530395564894,0.0,-9.24411788065669,0.004028284865657249,0.9454,-3.081530395564894,-9.24411788065669,0.004028284865657249,0.0546,0.1863627274545091,12,1,5000,20260722,,0.7454509098180364,,
full_sample,consumer_real_only__vs__consumer_none,consumer_real_only,consumer_none,real_retail_and_food_services_log_change,add_one,True,after_midmonth_defining_releases,score_center_negative_log_predictive_density,lower,183,-0.0804460118978205,-0.027268517295000017,-0.13812395111026643,-0.038818911373611945,1.0,0.0804460118978205,0.03881891137361193,0.1381239511102664,1.0,0.003999200159968006,12,1,5000,20260722,,0.027994401119776045,,
full_sample,consumer_revised_full__vs__consumer_legacy,consumer_revised_full,consumer_legacy,consumer,add_one,False,after_midmonth_defining_releases,score_center_negative_log_predictive_density,lower,183,3.0432771162519927,-0.00895956410954879,-0.07184618673169914,9.201030944803655,0.2618,-3.0432771162519927,-9.201030944803655,0.07184618673169911,0.2618,0.46490701859628075,12,1,5000,20260722,,0.9298140371925615,,
full_sample,consumer_vehicle_only__vs__consumer_none,consumer_vehicle_only,consumer_none,total_vehicle_unit_sales_log_change,add_one,True,after_midmonth_defining_releases,score_center_negative_log_predictive_density,lower,183,3.07423815902917,0.0,-0.013156081283439112,9.239402594480968,0.3516,-3.07423815902917,-9.239402594480968,0.013156081283439109,0.3516,0.5950809838032394,12,1,5000,20260722,,0.9298140371925615,,
full_sample,consumer_without_implicit__vs__consumer_revised_full,consumer_without_implicit,consumer_revised_full,implicit_retail_price_log_change,leave_one_out,False,after_midmonth_defining_releases,score_center_negative_log_predictive_density,lower,183,0.029808617327477728,0.0018691415995442107,-0.01910525891239173,0.08236410568448396,0.1138,0.029808617327477728,-0.01910525891239173,0.08236410568448396,0.8862,0.23255348930213957,12,1,5000,20260722,,0.7454509098180364,,
full_sample,consumer_without_real__vs__consumer_revised_full,consumer_without_real,consumer_revised_full,real_retail_and_food_services_log_change,leave_one_out,False,after_midmonth_defining_releases,score_center_negative_log_predictive_density,lower,183,0.057953617892633924,0.023417302933320006,0.01713439648376346,0.11023277373773152,0.0016,0.057953617892633924,0.01713439648376346,0.11023277373773152,0.9984,0.016796640671865627,12,1,5000,20260722,,0.10077984403119376,,
full_sample,price_import__vs__structural_reduced_input,price_import,structural_reduced_input,price,add_one,False,after_midmonth_defining_releases,score_center_negative_log_predictive_density,lower,183,-0.027126969019548575,0.0,-0.07747244465872775,0.005431273324281122,0.9086,0.027126969019548575,-0.005431273324281133,0.07747244465872773,0.9086,0.20795840831833634,12,1,5000,20260722,0.623875224955009,,,
full_sample,price_import__vs__structural_reduced_no_price,price_import,structural_reduced_no_price,price,add_one,True,after_midmonth_defining_releases,score_center_negative_log_predictive_density,lower,183,-0.026846488687160323,0.0,-0.07645471586318463,0.005382643106632013,0.9098,0.026846488687160323,-0.005382643106632024,0.07645471586318461,0.9098,0.21215756848630274,12,1,5000,20260722,0.623875224955009,,,
full_sample,structural_reduced_input__vs__structural_reduced_no_price,structural_reduced_input,structural_reduced_no_price,price,add_one,True,after_midmonth_defining_releases,score_center_negative_log_predictive_density,lower,183,0.000280480332388253,0.0,-0.0007978503530454353,0.0013761365840438949,0.3068,-0.000280480332388253,-0.001376136584043895,0.0007978503530454353,0.3068,0.5884823035392921,12,1,5000,20260722,0.623875224955009,,,
full_sample,all_revised_candidate__vs__partial_only,all_revised_candidate,partial_only,combined,add_one,False,before_any_defining_release,hard_quadrant_correct,higher,183,0.03825136612021858,0.0,0.01092896174863388,0.07650273224043716,0.9982,0.03825136612021858,0.01092896174863388,0.07650273224043716,0.9982,0.015996800639872025,12,1,5000,20260722,,,,
full_sample,all_revised_candidate__vs__student_t_7_combined,all_revised_candidate,student_t_7_combined,combined,add_one,False,before_any_defining_release,hard_quadrant_correct,higher,183,0.0273224043715847,0.0,-0.00546448087431694,0.06557377049180328,0.9332,0.0273224043715847,-0.00546448087431694,0.06557377049180328,0.9332,0.10177964407118577,12,1,5000,20260722,,,,
full_sample,business_activity_only__vs__business_none,business_activity_only,business_none,core_capital_goods_shipments_log_change,add_one,True,before_any_defining_release,hard_quadrant_correct,higher,183,0.0,0.0,0.0,0.0,0.0,0.0,0.0,0.0,0.0,1.0,12,1,5000,20260722,,,1.0,
full_sample,business_activity_only__vs__business_revised_joint,business_activity_only,business_revised_joint,core_capital_goods_orders_shipments_gap_log_change,leave_one_out,False,before_any_defining_release,hard_quadrant_correct,higher,183,0.0,0.0,0.0,0.0,0.0,-0.0,-0.0,0.0,0.0,1.0,12,1,5000,20260722,,,1.0,
full_sample,business_pipeline_only__vs__business_none,business_pipeline_only,business_none,core_capital_goods_orders_shipments_gap_log_change,add_one,True,before_any_defining_release,hard_quadrant_correct,higher,183,0.0,0.0,0.0,0.0,0.0,0.0,0.0,0.0,0.0,1.0,12,1,5000,20260722,,,1.0,
full_sample,business_pipeline_only__vs__business_revised_joint,business_pipeline_only,business_revised_joint,core_capital_goods_shipments_log_change,leave_one_out,False,before_any_defining_release,hard_quadrant_correct,higher,183,0.0,0.0,0.0,0.0,0.0,-0.0,-0.0,0.0,0.0,1.0,12,1,5000,20260722,,,1.0,
full_sample,business_revised_joint__vs__business_legacy,business_revised_joint,business_legacy,business,add_one,False,before_any_defining_release,hard_quadrant_correct,higher,183,0.0,0.0,0.0,0.0,0.0,0.0,0.0,0.0,0.0,1.0,12,1,5000,20260722,,,1.0,
full_sample,claims_ccsa_conditional_only__vs__claims_none,claims_ccsa_conditional_only,claims_none,continued_claims_innovation,add_one,True,before_any_defining_release,hard_quadrant_correct,higher,183,0.02185792349726776,0.0,0.0,0.0546448087431694,0.9156,0.02185792349726776,0.0,0.0546448087431694,0.9156,0.15376924615076984,12,1,5000,20260722,,,,0.8890221955608877
full_sample,claims_conditional_joint__vs__claims_ccsa_conditional_only,claims_conditional_joint,claims_ccsa_conditional_only,initial_claims_innovation,add_one,True,before_any_defining_release,hard_quadrant_correct,higher,183,0.01639344262295082,0.0,-0.01092896174863388,0.04371584699453552,0.82,0.01639344262295082,-0.01092896174863388,0.04371584699453552,0.82,0.29374125174965005,12,1,5000,20260722,,,,0.8890221955608877
full_sample,claims_conditional_joint__vs__claims_icsa_only,claims_conditional_joint,claims_icsa_only,continued_claims_innovation,add_one,True,before_any_defining_release,hard_quadrant_correct,higher,183,0.02185792349726776,0.0,-0.00546448087431694,0.0546448087431694,0.9042,0.02185792349726776,-0.00546448087431694,0.0546448087431694,0.9042,0.15396920615876825,12,1,5000,20260722,,,,0.8890221955608877
full_sample,claims_conditional_joint__vs__claims_independent,claims_conditional_joint,claims_independent,claims,add_one,False,before_any_defining_release,hard_quadrant_correct,higher,183,0.0,0.0,0.0,0.0,0.0,0.0,0.0,0.0,0.0,1.0,12,1,5000,20260722,,,,1.0
full_sample,claims_icsa_only__vs__claims_none,claims_icsa_only,claims_none,initial_claims_innovation,add_one,True,before_any_defining_release,hard_quadrant_correct,higher,183,0.01639344262295082,0.0,-0.01092896174863388,0.04918032786885246,0.8022,0.01639344262295082,-0.01092896174863388,0.04918032786885246,0.8022,0.3063387322535493,12,1,5000,20260722,,,,0.8890221955608877
full_sample,claims_independent__vs__claims_icsa_only,claims_independent,claims_icsa_only,continued_claims_innovation,add_one,True,before_any_defining_release,hard_quadrant_correct,higher,183,0.02185792349726776,0.0,-0.00546448087431694,0.0546448087431694,0.9066,0.02185792349726776,-0.00546448087431694,0.0546448087431694,0.9066,0.14817036592681462,12,1,5000,20260722,,,,0.8890221955608877
full_sample,consumer_implicit_only__vs__consumer_none,consumer_implicit_only,consumer_none,implicit_retail_price_log_change,add_one,True,before_any_defining_release,hard_quadrant_correct,higher,183,0.0,0.0,0.0,0.0,0.0,0.0,0.0,0.0,0.0,1.0,12,1,5000,20260722,,1.0,,
full_sample,consumer_real_implicit_joint_only__vs__consumer_revised_full,consumer_real_implicit_joint_only,consumer_revised_full,total_vehicle_unit_sales_log_change,leave_one_out,False,before_any_defining_release,hard_quadrant_correct,higher,183,-0.00546448087431694,0.0,-0.02185792349726776,0.01092896174863388,0.1878,0.00546448087431694,-0.01092896174863388,0.02185792349726776,0.6106,0.5984803039392121,12,1,5000,20260722,,1.0,,
full_sample,consumer_real_only__vs__consumer_none,consumer_real_only,consumer_none,real_retail_and_food_services_log_change,add_one,True,before_any_defining_release,hard_quadrant_correct,higher,183,0.0,0.0,0.0,0.0,0.0,0.0,0.0,0.0,0.0,1.0,12,1,5000,20260722,,1.0,,
full_sample,consumer_revised_full__vs__consumer_legacy,consumer_revised_full,consumer_legacy,consumer,add_one,False,before_any_defining_release,hard_quadrant_correct,higher,183,0.00546448087431694,0.0,-0.01092896174863388,0.02185792349726776,0.6208,0.00546448087431694,-0.01092896174863388,0.02185792349726776,0.6208,0.5920815836832634,12,1,5000,20260722,,1.0,,
full_sample,consumer_vehicle_only__vs__consumer_none,consumer_vehicle_only,consumer_none,total_vehicle_unit_sales_log_change,add_one,True,before_any_defining_release,hard_quadrant_correct,higher,183,0.00546448087431694,0.0,-0.01092896174863388,0.02185792349726776,0.6188,0.00546448087431694,-0.01092896174863388,0.02185792349726776,0.6188,0.5814837032593482,12,1,5000,20260722,,1.0,,
full_sample,consumer_without_implicit__vs__consumer_revised_full,consumer_without_implicit,consumer_revised_full,implicit_retail_price_log_change,leave_one_out,False,before_any_defining_release,hard_quadrant_correct,higher,183,0.0,0.0,0.0,0.0,0.0,-0.0,-0.0,0.0,0.0,1.0,12,1,5000,20260722,,1.0,,
full_sample,consumer_without_real__vs__consumer_revised_full,consumer_without_real,consumer_revised_full,real_retail_and_food_services_log_change,leave_one_out,False,before_any_defining_release,hard_quadrant_correct,higher,183,0.0,0.0,0.0,0.0,0.0,-0.0,-0.0,0.0,0.0,1.0,12,1,5000,20260722,,1.0,,
full_sample,price_import__vs__structural_reduced_input,price_import,structural_reduced_input,price,add_one,False,before_any_defining_release,hard_quadrant_correct,higher,183,0.00546448087431694,0.0,0.0,0.01639344262295082,0.6476,0.00546448087431694,0.0,0.01639344262295082,0.6476,0.44471105778844233,12,1,5000,20260722,1.0,,,
full_sample,price_import__vs__structural_reduced_no_price,price_import,structural_reduced_no_price,price,add_one,True,before_any_defining_release,hard_quadrant_correct,higher,183,0.00546448087431694,0.0,0.0,0.01639344262295082,0.6602,0.00546448087431694,0.0,0.01639344262295082,0.6602,0.4359128174365127,12,1,5000,20260722,1.0,,,
full_sample,structural_reduced_input__vs__structural_reduced_no_price,structural_reduced_input,structural_reduced_no_price,price,add_one,True,before_any_defining_release,hard_quadrant_correct,higher,183,0.0,0.0,0.0,0.0,0.0,0.0,0.0,0.0,0.0,1.0,12,1,5000,20260722,1.0,,,
full_sample,all_revised_candidate__vs__partial_only,all_revised_candidate,partial_only,combined,add_one,False,before_any_defining_release,quadrant_brier_distance_to_exact_score_map,lower,183,-0.0009447618015012525,0.0,-0.0040405755957569475,0.0013665097481680565,0.7402,0.0009447618015012525,-0.0013665097481680574,0.004040575595756946,0.7402,0.498500299940012,12,1,5000,20260722,,,,
full_sample,all_revised_candidate__vs__student_t_7_combined,all_revised_candidate,student_t_7_combined,combined,add_one,False,before_any_defining_release,quadrant_brier_distance_to_exact_score_map,lower,183,-0.001011937625739399,0.0,-0.002865722416033511,0.0005151012873747571,0.8776,0.001011937625739399,-0.0005151012873747576,0.0028657224160335104,0.8776,0.2463507298540292,12,1,5000,20260722,,,,
full_sample,business_activity_only__vs__business_none,business_activity_only,business_none,core_capital_goods_shipments_log_change,add_one,True,before_any_defining_release,quadrant_brier_distance_to_exact_score_map,lower,183,-1.1904638647153372e-06,0.0,-3.6028850522887305e-06,2.6606093310408224e-08,0.7594,1.1904638647153372e-06,-2.6606093310408237e-08,3.6028850522887305e-06,0.7594,0.4537092581483703,12,1,5000,20260722,,,0.9074185162967406,
full_sample,business_activity_only__vs__business_revised_joint,business_activity_only,business_revised_joint,core_capital_goods_orders_shipments_gap_log_change,leave_one_out,False,before_any_defining_release,quadrant_brier_distance_to_exact_score_map,lower,183,6.15872829231221e-07,0.0,-1.1777013399501155e-08,1.8528721985590814e-06,0.1016,6.15872829231221e-07,-1.1777013399501155e-08,1.8528721985590814e-06,0.8984,0.23795240951809637,12,1,5000,20260722,,,0.7138572285542891,
full_sample,business_pipeline_only__vs__business_none,business_pipeline_only,business_none,core_capital_goods_orders_shipments_gap_log_change,add_one,True,before_any_defining_release,quadrant_brier_distance_to_exact_score_map,lower,183,-7.079880564034086e-08,0.0,-1.8609358758945368e-07,-3.3725825132670474e-10,0.988,7.079880564034086e-08,3.3725825132670303e-10,1.8609358758945368e-07,0.988,0.08178364327134573,12,1,5000,20260722,,,0.40891821635672865,
full_sample,business_pipeline_only__vs__business_revised_joint,business_pipeline_only,business_revised_joint,core_capital_goods_shipments_log_change,leave_one_out,False,before_any_defining_release,quadrant_brier_distance_to_exact_score_map,lower,183,1.7355378883062174e-06,0.0,-1.35752182171795e-07,5.353536397258387e-06,0.2868,1.7355378883062174e-06,-1.35752182171795e-07,5.353536397258387e-06,0.7132,0.505498900219956,12,1,5000,20260722,,,0.9074185162967406,
full_sample,business_revised_joint__vs__business_legacy,business_revised_joint,business_legacy,business,add_one,False,before_any_defining_release,quadrant_brier_distance_to_exact_score_map,lower,183,-2.8992710617543375e-07,0.0,-9.398585324052267e-07,7.178254398266919e-08,0.9434,2.8992710617543375e-07,-7.17825439826692e-08,9.398585324052267e-07,0.9434,0.17596480703859227,12,1,5000,20260722,,,0.7038592281543691,
full_sample,claims_ccsa_conditional_only__vs__claims_none,claims_ccsa_conditional_only,claims_none,continued_claims_innovation,add_one,True,before_any_defining_release,quadrant_brier_distance_to_exact_score_map,lower,183,9.401416610258354e-05,0.0,-0.0021820917159303182,0.0017777076380540956,0.4168,-9.401416610258354e-05,-0.0017777076380540969,0.0021820917159303174,0.4168,0.9214157168566287,12,1,5000,20260722,,,,1.0
full_sample,claims_conditional_joint__vs__claims_ccsa_conditional_only,claims_conditional_joint,claims_ccsa_conditional_only,initial_claims_innovation,add_one,True,before_any_defining_release,quadrant_brier_distance_to_exact_score_map,lower,183,-0.0007878407041848369,0.0,-0.0026349504312332605,0.0005248100219607353,0.8472,0.0007878407041848369,-0.0005248100219607357,0.0026349504312332597,0.8472,0.3203359328134373,12,1,5000,20260722,,,,1.0
full_sample,claims_conditional_joint__vs__claims_icsa_only,claims_conditional_joint,claims_icsa_only,continued_claims_innovation,add_one,True,before_any_defining_release,quadrant_brier_distance_to_exact_score_map,lower,183,-0.0007584450889406306,0.0,-0.002752418535209378,0.0008180224389408317,0.7906,0.0007584450889406306,-0.0008180224389408318,0.0027524185352093737,0.7906,0.4179164167166567,12,1,5000,20260722,,,,1.0
full_sample,claims_conditional_joint__vs__claims_independent,claims_conditional_joint,claims_independent,claims,add_one,False,before_any_defining_release,quadrant_brier_distance_to_exact_score_map,lower,183,0.00017354115756580433,0.0,-4.7920608879674065e-05,0.0004331742645416585,0.0768,-0.00017354115756580433,-0.00043317426454165853,4.792060887967401e-05,0.0768,0.16476704659068186,12,1,5000,20260722,,,,0.9886022795440912
full_sample,claims_icsa_only__vs__claims_none,claims_icsa_only,claims_none,initial_claims_innovation,add_one,True,before_any_defining_release,quadrant_brier_distance_to_exact_score_map,lower,183,6.461855085837764e-05,0.0,-0.0014482193948841713,0.0011519594520715908,0.4272,-6.461855085837764e-05,-0.0011519594520715912,0.001448219394884171,0.4272,0.9246150769846031,12,1,5000,20260722,,,,1.0
full_sample,claims_independent__vs__claims_icsa_only,claims_independent,claims_icsa_only,continued_claims_innovation,add_one,True,before_any_defining_release,quadrant_brier_distance_to_exact_score_map,lower,183,-0.000931986246506435,0.0,-0.002773378943158104,0.0006066298145739515,0.8512,0.000931986246506435,-0.0006066298145739528,0.0027733789431581037,0.8512,0.2975404919016197,12,1,5000,20260722,,,,1.0
full_sample,consumer_implicit_only__vs__consumer_none,consumer_implicit_only,consumer_none,implicit_retail_price_log_change,add_one,True,before_any_defining_release,quadrant_brier_distance_to_exact_score_map,lower,183,-4.450148207896326e-05,0.0,-0.00013740194264397318,3.6639175502052976e-06,0.7784,4.450148207896326e-05,-3.6639175502052985e-06,0.00013740194264397318,0.7784,0.4117176564687063,12,1,5000,20260722,,1.0,,
full_sample,consumer_real_implicit_joint_only__vs__consumer_revised_full,consumer_real_implicit_joint_only,consumer_revised_full,total_vehicle_unit_sales_log_change,leave_one_out,False,before_any_defining_release,quadrant_brier_distance_to_exact_score_map,lower,183,-3.351219376150648e-06,0.0,-0.0005377232942625469,0.00043611742508656884,0.4828,-3.351219376150648e-06,-0.0005377232942625469,0.00043611742508656884,0.5172,0.9870025994801039,12,1,5000,20260722,,1.0,,
full_sample,consumer_real_only__vs__consumer_none,consumer_real_only,consumer_none,real_retail_and_food_services_log_change,add_one,True,before_any_defining_release,quadrant_brier_distance_to_exact_score_map,lower,183,-1.6488304117253728e-05,0.0,-8.480853700853766e-05,6.105140338706683e-05,0.6786,1.6488304117253728e-05,-6.105140338706683e-05,8.480853700853762e-05,0.6786,0.6422715456908619,12,1,5000,20260722,,1.0,,
full_sample,consumer_revised_full__vs__consumer_legacy,consumer_revised_full,consumer_legacy,consumer,add_one,False,before_any_defining_release,quadrant_brier_distance_to_exact_score_map,lower,183,-4.8243803749309416e-05,0.0,-0.0005180509838045815,0.0005095485116896782,0.6014,4.8243803749309416e-05,-0.0005095485116896782,0.0005180509838045815,0.6014,0.8518296340731853,12,1,5000,20260722,,1.0,,
full_sample,consumer_vehicle_only__vs__consumer_none,consumer_vehicle_only,consumer_none,total_vehicle_unit_sales_log_change,add_one,True,before_any_defining_release,quadrant_brier_distance_to_exact_score_map,lower,183,-4.622898614361301e-06,0.0,-0.00045049806998060814,0.0005123640640758731,0.5414,4.622898614361301e-06,-0.0005123640640758734,0.00045049806998060803,0.5414,0.9806038792241552,12,1,5000,20260722,,1.0,,
full_sample,consumer_without_implicit__vs__consumer_revised_full,consumer_without_implicit,consumer_revised_full,implicit_retail_price_log_change,leave_one_out,False,before_any_defining_release,quadrant_brier_distance_to_exact_score_map,lower,183,5.690939830147437e-05,0.0,-7.250965825006454e-06,0.00017228484592949744,0.1632,5.690939830147437e-05,-7.250965825006454e-06,0.00017228484592949744,0.8368,0.3145370925814837,12,1,5000,20260722,,1.0,,
full_sample,consumer_without_real__vs__consumer_revised_full,consumer_without_real,consumer_revised_full,real_retail_and_food_services_log_change,leave_one_out,False,before_any_defining_release,quadrant_brier_distance_to_exact_score_map,lower,183,2.6316750767825584e-05,0.0,-4.30218112759153e-05,0.00010125276697794585,0.23,2.6316750767825584e-05,-4.30218112759153e-05,0.00010125276697794585,0.77,0.4657068586282743,12,1,5000,20260722,,1.0,,
full_sample,price_import__vs__structural_reduced_input,price_import,structural_reduced_input,price,add_one,False,before_any_defining_release,quadrant_brier_distance_to_exact_score_map,lower,183,-6.573514292935098e-05,0.0,-0.00022067504448253632,2.1852882807872943e-05,0.7128,6.573514292935098e-05,-2.1852882807872947e-05,0.00022067504448253632,0.7128,0.508498300339932,12,1,5000,20260722,1.0,,,
full_sample,price_import__vs__structural_reduced_no_price,price_import,structural_reduced_no_price,price,add_one,True,before_any_defining_release,quadrant_brier_distance_to_exact_score_map,lower,183,-3.954114976648065e-05,0.0,-0.00014784048926215785,2.649365597986239e-05,0.7102,3.954114976648065e-05,-2.6493655979862405e-05,0.00014784048926215783,0.7102,0.5118976204759048,12,1,5000,20260722,1.0,,,
full_sample,structural_reduced_input__vs__structural_reduced_no_price,structural_reduced_input,structural_reduced_no_price,price,add_one,True,before_any_defining_release,quadrant_brier_distance_to_exact_score_map,lower,183,2.6193993162870322e-05,0.0,-5.738295558302789e-08,7.863571802933354e-05,0.2012,-2.6193993162870322e-05,-7.863571802933354e-05,5.738295558302786e-08,0.2012,0.38752249550089984,12,1,5000,20260722,1.0,,,
full_sample,all_revised_candidate__vs__partial_only,all_revised_candidate,partial_only,combined,add_one,False,before_any_defining_release,quadrant_cross_entropy_to_exact_score_map,lower,183,-0.0036891689983270053,0.0,-0.01082853401668238,0.0011861191010438487,0.885,0.0036891689983270053,-0.0011861191010438489,0.010828534016682366,0.885,0.2479504099180164,12,1,5000,20260722,,,,
full_sample,all_revised_candidate__vs__student_t_7_combined,all_revised_candidate,student_t_7_combined,combined,add_one,False,before_any_defining_release,quadrant_cross_entropy_to_exact_score_map,lower,183,-0.0026694800487373892,0.0,-0.006616516278310934,0.00017813810377466063,0.962,0.0026694800487373892,-0.0001781381037746608,0.006616516278310933,0.962,0.122375524895021,12,1,5000,20260722,,,,
full_sample,business_activity_only__vs__business_none,business_activity_only,business_none,core_capital_goods_shipments_log_change,add_one,True,before_any_defining_release,quadrant_cross_entropy_to_exact_score_map,lower,183,-2.608566342524362e-06,0.0,-7.885056254760102e-06,6.391359965998958e-08,0.8104,2.608566342524362e-06,-6.391359965998966e-08,7.885056254760102e-06,0.8104,0.380123975204959,12,1,5000,20260722,,,1.0,
full_sample,business_activity_only__vs__business_revised_joint,business_activity_only,business_revised_joint,core_capital_goods_orders_shipments_gap_log_change,leave_one_out,False,before_any_defining_release,quadrant_cross_entropy_to_exact_score_map,lower,183,1.2023460515454293e-06,0.0,-4.439593706003587e-08,3.644607067414755e-06,0.1786,1.2023460515454293e-06,-4.439593706003587e-08,3.644607067414755e-06,0.8214,0.35652869426114775,12,1,5000,20260722,,,1.0,
full_sample,business_pipeline_only__vs__business_none,business_pipeline_only,business_none,core_capital_goods_orders_shipments_gap_log_change,add_one,True,before_any_defining_release,quadrant_cross_entropy_to_exact_score_map,lower,183,-1.3884679780417277e-07,0.0,-3.671375700642445e-07,-3.8760007679153306e-10,0.9828,1.3884679780417277e-07,3.8760007679152996e-10,3.671375700642445e-07,0.9828,0.08538292341531693,12,1,5000,20260722,,,0.4269146170765847,
full_sample,business_pipeline_only__vs__business_revised_joint,business_pipeline_only,business_revised_joint,core_capital_goods_shipments_log_change,leave_one_out,False,before_any_defining_release,quadrant_cross_entropy_to_exact_score_map,lower,183,3.6720655962656186e-06,0.0,-2.5684468270263496e-07,1.1323469839586783e-05,0.2818,3.6720655962656186e-06,-2.5684468270263496e-07,1.1323469839586783e-05,0.7182,0.4927014597080584,12,1,5000,20260722,,,1.0,
full_sample,business_revised_joint__vs__business_legacy,business_revised_joint,business_legacy,business,add_one,False,before_any_defining_release,quadrant_cross_entropy_to_exact_score_map,lower,183,-5.488528103387738e-07,0.0,-1.8117927075123961e-06,1.676859361503572e-07,0.9466,5.488528103387738e-07,-1.6768593615035726e-07,1.8117927075123961e-06,0.9466,0.16936612677464508,12,1,5000,20260722,,,0.6774645070985803,
full_sample,claims_ccsa_conditional_only__vs__claims_none,claims_ccsa_conditional_only,claims_none,continued_claims_innovation,add_one,True,before_any_defining_release,quadrant_cross_entropy_to_exact_score_map,lower,183,-0.0013523698967580467,0.0,-0.006531136543506641,0.0022309136215064515,0.6908,0.0013523698967580467,-0.002230913621506452,0.006531136543506641,0.6908,0.5692861427714457,12,1,5000,20260722,,,,1.0
full_sample,claims_conditional_joint__vs__claims_ccsa_conditional_only,claims_conditional_joint,claims_ccsa_conditional_only,initial_claims_innovation,add_one,True,before_any_defining_release,quadrant_cross_entropy_to_exact_score_map,lower,183,-0.0018197769751402523,0.0,-0.005361864755014392,0.0006807235901287556,0.8904,0.0018197769751402523,-0.000680723590128758,0.00536186475501439,0.8904,0.2453509298140372,12,1,5000,20260722,,,,0.9678064387122576
full_sample,claims_conditional_joint__vs__claims_icsa_only,claims_conditional_joint,claims_icsa_only,continued_claims_innovation,add_one,True,before_any_defining_release,quadrant_cross_entropy_to_exact_score_map,lower,183,-0.0021477494862170137,0.0,-0.006283764451670338,0.0008196422767344352,0.8878,0.0021477494862170137,-0.0008196422767344354,0.0062837644516703355,0.8878,0.2419516096780644,12,1,5000,20260722,,,,0.9678064387122576
full_sample,claims_conditional_joint__vs__claims_independent,claims_conditional_joint,claims_independent,claims,add_one,False,before_any_defining_release,quadrant_cross_entropy_to_exact_score_map,lower,183,0.00038169304549449696,0.0,-6.908639141496315e-05,0.0009997778904672092,0.0658,-0.00038169304549449696,-0.0009997778904672096,6.90863914149629e-05,0.0658,0.16216756648670266,12,1,5000,20260722,,,,0.9322135572885422
full_sample,claims_icsa_only__vs__claims_none,claims_icsa_only,claims_none,initial_claims_innovation,add_one,True,before_any_defining_release,quadrant_cross_entropy_to_exact_score_map,lower,183,-0.0010243973856812853,0.0,-0.00492456334671676,0.0014017022904845757,0.689,0.0010243973856812853,-0.0014017022904845764,0.004924563346716757,0.689,0.5568886222755449,12,1,5000,20260722,,,,1.0
full_sample,claims_independent__vs__claims_icsa_only,claims_independent,claims_icsa_only,continued_claims_innovation,add_one,True,before_any_defining_release,quadrant_cross_entropy_to_exact_score_map,lower,183,-0.0025294425317115106,0.0,-0.006517520560424892,0.0004458887701598421,0.9338,0.0025294425317115106,-0.00044588877015984326,0.00651752056042489,0.9338,0.15536892621475704,12,1,5000,20260722,,,,0.9322135572885422
full_sample,consumer_implicit_only__vs__consumer_none,consumer_implicit_only,consumer_none,implicit_retail_price_log_change,add_one,True,before_any_defining_release,quadrant_cross_entropy_to_exact_score_map,lower,183,-9.663500267013738e-05,0.0,-0.00029738001987820295,7.348063612705279e-06,0.784,9.663500267013738e-05,-7.348063612705288e-06,0.0002973800198782029,0.784,0.39752049590081984,12,1,5000,20260722,,1.0,,
full_sample,consumer_real_implicit_joint_only__vs__consumer_revised_full,consumer_real_implicit_joint_only,consumer_revised_full,total_vehicle_unit_sales_log_change,leave_one_out,False,before_any_defining_release,quadrant_cross_entropy_to_exact_score_map,lower,183,-1.27028218993981e-05,0.0,-0.0010397755821988182,0.0008391667862232491,0.475,-1.27028218993981e-05,-0.0010397755821988182,0.0008391667862232491,0.525,0.9774045190961808,12,1,5000,20260722,,1.0,,
full_sample,consumer_real_only__vs__consumer_none,consumer_real_only,consumer_none,real_retail_and_food_services_log_change,add_one,True,before_any_defining_release,quadrant_cross_entropy_to_exact_score_map,lower,183,-3.092574107059267e-05,0.0,-0.00017222195362340097,0.00012161976415542392,0.6858,3.092574107059267e-05,-0.00012161976415542396,0.00017222195362340097,0.6858,0.6500699860027994,12,1,5000,20260722,,1.0,,
full_sample,consumer_revised_full__vs__consumer_legacy,consumer_revised_full,consumer_legacy,consumer,add_one,False,before_any_defining_release,quadrant_cross_entropy_to_exact_score_map,lower,183,-9.351319995616955e-05,0.0,-0.0009979096160287288,0.0009903870808993787,0.6014,9.351319995616955e-05,-0.0009903870808993787,0.0009979096160287288,0.6014,0.8412317536492702,12,1,5000,20260722,,1.0,,
full_sample,consumer_vehicle_only__vs__consumer_none,consumer_vehicle_only,consumer_none,total_vehicle_unit_sales_log_change,add_one,True,before_any_defining_release,quadrant_cross_entropy_to_exact_score_map,lower,183,1.5908140142504884e-05,0.0,-0.0008374310018928125,0.0010563503910832907,0.5228,-1.5908140142504884e-05,-0.0010563503910832907,0.0008374310018928125,0.5228,0.9726054789042191,12,1,5000,20260722,,1.0,,
full_sample,consumer_without_implicit__vs__consumer_revised_full,consumer_without_implicit,consumer_revised_full,implicit_retail_price_log_change,leave_one_out,False,before_any_defining_release,quadrant_cross_entropy_to_exact_score_map,lower,183,0.00013694256878904769,0.0,-1.4859674509953724e-05,0.0004175770836226931,0.1468,0.00013694256878904769,-1.4859674509953724e-05,0.0004175770836226931,0.8532,0.29874025194961007,12,1,5000,20260722,,1.0,,
full_sample,consumer_without_real__vs__consumer_revised_full,consumer_without_real,consumer_revised_full,real_retail_and_food_services_log_change,leave_one_out,False,before_any_defining_release,quadrant_cross_entropy_to_exact_score_map,lower,183,5.9608954561352856e-05,0.0,-9.065503753619466e-05,0.00022264443254450857,0.2346,5.9608954561352856e-05,-9.065503753619466e-05,0.00022264443254450857,0.7654,0.4513097380523895,12,1,5000,20260722,,1.0,,
full_sample,price_import__vs__structural_reduced_input,price_import,structural_reduced_input,price,add_one,False,before_any_defining_release,quadrant_cross_entropy_to_exact_score_map,lower,183,-0.00012430279082536506,0.0,-0.0004128401112536551,5.783320130519391e-05,0.6902,0.00012430279082536506,-5.7833201305193916e-05,0.0004128401112536513,0.6902,0.5176964607078585,12,1,5000,20260722,1.0,,,
full_sample,price_import__vs__structural_reduced_no_price,price_import,structural_reduced_no_price,price,add_one,True,before_any_defining_release,quadrant_cross_entropy_to_exact_score_map,lower,183,-6.780656924138257e-05,0.0,-0.00027635269387410894,7.012905714218242e-05,0.6646,6.780656924138257e-05,-7.012905714218247e-05,0.00027635269387410894,0.6646,0.5798840231953609,12,1,5000,20260722,1.0,,,
full_sample,structural_reduced_input__vs__structural_reduced_no_price,structural_reduced_input,structural_reduced_no_price,price,add_one,True,before_any_defining_release,quadrant_cross_entropy_to_exact_score_map,lower,183,5.649622158398248e-05,0.0,-9.884654177828255e-08,0.0001695871507624211,0.217,-5.649622158398248e-05,-0.0001695871507624211,9.884654177828254e-08,0.217,0.3887222555488902,12,1,5000,20260722,1.0,,,
full_sample,all_revised_candidate__vs__partial_only,all_revised_candidate,partial_only,combined,add_one,False,before_any_defining_release,score_center_negative_log_predictive_density,lower,183,-0.08128981917906468,-8.881784197001252e-16,-0.20361420775148734,0.017300506605404817,0.9644,0.08128981917906468,-0.017300506605404938,0.20361420775148734,0.9644,0.11517696460707859,12,1,5000,20260722,,,,
full_sample,all_revised_candidate__vs__student_t_7_combined,all_revised_candidate,student_t_7_combined,combined,add_one,False,before_any_defining_release,score_center_negative_log_predictive_density,lower,183,-0.015492451766882763,-4.440892098500626e-16,-0.03675941407300866,0.010522226841613615,0.8936,0.015492451766882763,-0.01052222684161362,0.03675941407300865,0.8936,0.19376124775044992,12,1,5000,20260722,,,,
full_sample,business_activity_only__vs__business_none,business_activity_only,business_none,core_capital_goods_shipments_log_change,add_one,True,before_any_defining_release,score_center_negative_log_predictive_density,lower,183,-6.153650911642071e-06,0.0,-1.8482432682598592e-05,4.5367281236379134e-08,0.8986,6.153650911642071e-06,-4.5367281236379194e-08,1.8482432682598592e-05,0.8986,0.235752849430114,12,1,5000,20260722,,,1.0,
full_sample,business_activity_only__vs__business_revised_joint,business_activity_only,business_revised_joint,core_capital_goods_orders_shipments_gap_log_change,leave_one_out,False,before_any_defining_release,score_center_negative_log_predictive_density,lower,183,3.770945193456983e-06,0.0,-1.0651483268415526e-07,1.1439305627448156e-05,0.3472,3.770945193456983e-06,-1.0651483268415526e-07,1.1439305627448156e-05,0.6528,0.5990801839632074,12,1,5000,20260722,,,1.0,
full_sample,business_pipeline_only__vs__business_none,business_pipeline_only,business_none,core_capital_goods_orders_shipments_gap_log_change,add_one,True,before_any_defining_release,score_center_negative_log_predictive_density,lower,183,-2.89859469516815e-07,0.0,-7.877361604525179e-07,6.316304403477214e-08,0.8984,2.89859469516815e-07,-6.316304403477214e-08,7.877361604525177e-07,0.8984,0.22095580883823235,12,1,5000,20260722,,,1.0,
full_sample,business_pipeline_only__vs__business_revised_joint,business_pipeline_only,business_revised_joint,core_capital_goods_shipments_log_change,leave_one_out,False,before_any_defining_release,score_center_negative_log_predictive_density,lower,183,9.634736635582239e-06,0.0,-4.4169450015651115e-07,2.9351921047018375e-05,0.248,9.634736635582239e-06,-4.4169450015651115e-07,2.9351921047018375e-05,0.752,0.4579084183163367,12,1,5000,20260722,,,1.0,
full_sample,business_revised_joint__vs__business_legacy,business_revised_joint,business_legacy,business,add_one,False,before_any_defining_release,score_center_negative_log_predictive_density,lower,183,-1.8940932735120243e-06,0.0,-6.017220064619527e-06,3.29056526375685e-07,0.6984,1.8940932735120243e-06,-3.29056526375685e-07,6.017220064619527e-06,0.6984,0.5182963407318536,12,1,5000,20260722,,,1.0,
full_sample,claims_ccsa_conditional_only__vs__claims_none,claims_ccsa_conditional_only,claims_none,continued_claims_innovation,add_one,True,before_any_defining_release,score_center_negative_log_predictive_density,lower,183,-0.00495115999577113,0.0,-0.03276730093758388,0.03468417192368569,0.6498,0.00495115999577113,-0.034684171923685725,0.03276730093758388,0.6498,0.7756448710257948,12,1,5000,20260722,,,,1.0
full_sample,claims_conditional_joint__vs__claims_ccsa_conditional_only,claims_conditional_joint,claims_ccsa_conditional_only,initial_claims_innovation,add_one,True,before_any_defining_release,score_center_negative_log_predictive_density,lower,183,-0.06572576401723161,0.0,-0.2080088923934946,0.03657696369840256,0.9616,0.06572576401723161,-0.03657696369840258,0.2080088923934946,0.9616,0.138372325534893,12,1,5000,20260722,,,,0.7966406718656269
full_sample,claims_conditional_joint__vs__claims_icsa_only,claims_conditional_joint,claims_icsa_only,continued_claims_innovation,add_one,True,before_any_defining_release,score_center_negative_log_predictive_density,lower,183,-0.004865218828930847,0.0,-0.0318461120019051,0.03420931221913825,0.649,0.004865218828930847,-0.034209312219138276,0.03184611200190509,0.649,0.7812437512497501,12,1,5000,20260722,,,,1.0
full_sample,claims_conditional_joint__vs__claims_independent,claims_conditional_joint,claims_independent,claims,add_one,False,before_any_defining_release,score_center_negative_log_predictive_density,lower,183,0.012142689070178667,0.0,-0.038906433808491694,0.06453678690140383,0.0756,-0.012142689070178667,-0.06453678690140383,0.03890643380849169,0.0756,0.20415916816636673,12,1,5000,20260722,,,,0.8166366726654669
full_sample,claims_icsa_only__vs__claims_none,claims_icsa_only,claims_none,initial_claims_innovation,add_one,True,before_any_defining_release,score_center_negative_log_predictive_density,lower,183,-0.06581170518407192,0.0,-0.2053219621263948,0.034082392415052794,0.9666,0.06581170518407192,-0.03408239241505281,0.20532196212639464,0.9666,0.13277344531093782,12,1,5000,20260722,,,,0.7966406718656269
full_sample,claims_independent__vs__claims_icsa_only,claims_independent,claims_icsa_only,continued_claims_innovation,add_one,True,before_any_defining_release,score_center_negative_log_predictive_density,lower,183,-0.01700790789910952,0.0,-0.07161658512886296,0.04461788856097015,0.872,0.01700790789910952,-0.04461788856097017,0.07161658512886292,0.872,0.2565486902619476,12,1,5000,20260722,,,,0.8166366726654669
full_sample,consumer_implicit_only__vs__consumer_none,consumer_implicit_only,consumer_none,implicit_retail_price_log_change,add_one,True,before_any_defining_release,score_center_negative_log_predictive_density,lower,183,-0.0004231390187799155,0.0,-0.0012741152477309175,1.361721691297962e-05,0.8594,0.0004231390187799155,-1.361721691297962e-05,0.0012741152477309173,0.8594,0.29214157168566285,12,1,5000,20260722,,1.0,,
full_sample,consumer_real_implicit_joint_only__vs__consumer_revised_full,consumer_real_implicit_joint_only,consumer_revised_full,total_vehicle_unit_sales_log_change,leave_one_out,False,before_any_defining_release,score_center_negative_log_predictive_density,lower,183,0.009116962472670848,0.0,0.0005861911277541346,0.02486860632462311,0.0016,0.009116962472670848,0.0005861911277541346,0.02486860632462311,0.9984,0.08558288342331534,12,1,5000,20260722,,0.530493901219756,,
full_sample,consumer_real_only__vs__consumer_none,consumer_real_only,consumer_none,real_retail_and_food_services_log_change,add_one,True,before_any_defining_release,score_center_negative_log_predictive_density,lower,183,-0.00012717072051675137,0.0,-0.0004891769392206297,0.0002079625688271071,0.773,0.00012717072051675137,-0.00020796256882710715,0.0004891769392206297,0.773,0.46130773845230955,12,1,5000,20260722,,1.0,,
full_sample,consumer_revised_full__vs__consumer_legacy,consumer_revised_full,consumer_legacy,consumer,add_one,False,before_any_defining_release,score_center_negative_log_predictive_density,lower,183,-0.009626686705704535,0.0,-0.025642050611192766,-0.0007224201515580802,0.999,0.009626686705704535,0.0007224201515580782,0.025642050611192766,0.999,0.07778444311137772,12,1,5000,20260722,,0.530493901219756,,
full_sample,consumer_vehicle_only__vs__consumer_none,consumer_vehicle_only,consumer_none,total_vehicle_unit_sales_log_change,add_one,True,before_any_defining_release,score_center_negative_log_predictive_density,lower,183,-0.009099906137197218,0.0,-0.024671038504841338,-0.0006181001905388175,0.9996,0.009099906137197218,0.000618100190538817,0.024671038504841338,0.9996,0.07578484303139373,12,1,5000,20260722,,0.530493901219756,,
full_sample,consumer_without_implicit__vs__consumer_revised_full,consumer_without_implicit,consumer_revised_full,implicit_retail_price_log_change,leave_one_out,False,before_any_defining_release,score_center_negative_log_predictive_density,lower,183,0.0005518674058540617,0.0,-3.253938440532605e-05,0.001684861299659916,0.1638,0.0005518674058540617,-3.253938440532605e-05,0.001684861299659916,0.8362,0.3179364127174565,12,1,5000,20260722,,1.0,,
full_sample,consumer_without_real__vs__consumer_revised_full,consumer_without_real,consumer_revised_full,real_retail_and_food_services_log_change,leave_one_out,False,before_any_defining_release,score_center_negative_log_predictive_density,lower,183,0.00023993493546695883,0.0,-0.00015742061293008353,0.0007477269308434164,0.15,0.00023993493546695883,-0.00015742061293008353,0.0007477269308434164,0.85,0.3039392121575685,12,1,5000,20260722,,1.0,,
full_sample,price_import__vs__structural_reduced_input,price_import,structural_reduced_input,price,add_one,False,before_any_defining_release,score_center_negative_log_predictive_density,lower,183,-0.0005403254068314146,0.0,-0.0017322480542757378,9.433271897802065e-05,0.7746,0.0005403254068314146,-9.433271897802076e-05,0.0017322480542757376,0.7746,0.42071585682863427,12,1,5000,20260722,1.0,,,
full_sample,price_import__vs__structural_reduced_no_price,price_import,structural_reduced_no_price,price,add_one,True,before_any_defining_release,score_center_negative_log_predictive_density,lower,183,-0.000371282962651833,0.0,-0.0011754235216841537,0.00014479040158196026,0.7584,0.000371282962651833,-0.00014479040158196037,0.00117542352168415,0.7584,0.4301139772045591,12,1,5000,20260722,1.0,,,
full_sample,structural_reduced_input__vs__structural_reduced_no_price,structural_reduced_input,structural_reduced_no_price,price,add_one,True,before_any_defining_release,score_center_negative_log_predictive_density,lower,183,0.00016904244417958165,0.0,-1.6705976127319808e-07,0.0005073332407749015,0.2342,-0.00016904244417958165,-0.0005073332407749015,1.6705976127319798e-07,0.2342,0.4205158968206359,12,1,5000,20260722,1.0,,,
full_sample,all_revised_candidate__vs__partial_only,all_revised_candidate,partial_only,combined,add_one,False,strict_pre_final_score_day,hard_quadrant_correct,higher,183,-0.10382513661202186,0.0,-0.1912568306010929,-0.0273224043715847,0.0008,-0.10382513661202186,-0.1912568306010929,-0.0273224043715847,0.0008,0.015196960607878424,12,1,5000,20260722,,,,
full_sample,all_revised_candidate__vs__student_t_7_combined,all_revised_candidate,student_t_7_combined,combined,add_one,False,strict_pre_final_score_day,hard_quadrant_correct,higher,183,-0.03825136612021858,0.0,-0.09836065573770492,0.01092896174863388,0.0604,-0.03825136612021858,-0.09836065573770492,0.01092896174863388,0.0604,0.16176764647070585,12,1,5000,20260722,,,,
full_sample,business_activity_only__vs__business_none,business_activity_only,business_none,core_capital_goods_shipments_log_change,add_one,True,strict_pre_final_score_day,hard_quadrant_correct,higher,183,-0.01092896174863388,0.0,-0.0273224043715847,0.00546448087431694,0.0394,-0.01092896174863388,-0.0273224043715847,0.00546448087431694,0.0394,0.21895620875824834,12,1,5000,20260722,,,0.8758248350329934,
full_sample,business_activity_only__vs__business_revised_joint,business_activity_only,business_revised_joint,core_capital_goods_orders_shipments_gap_log_change,leave_one_out,False,strict_pre_final_score_day,hard_quadrant_correct,higher,183,0.00546448087431694,0.0,0.0,0.01639344262295082,0.6472,-0.00546448087431694,-0.01639344262295082,0.0,0.0,0.4487102579484103,12,1,5000,20260722,,,1.0,
full_sample,business_pipeline_only__vs__business_none,business_pipeline_only,business_none,core_capital_goods_orders_shipments_gap_log_change,add_one,True,strict_pre_final_score_day,hard_quadrant_correct,higher,183,0.0,0.0,0.0,0.0,0.0,0.0,0.0,0.0,0.0,1.0,12,1,5000,20260722,,,1.0,
full_sample,business_pipeline_only__vs__business_revised_joint,business_pipeline_only,business_revised_joint,core_capital_goods_shipments_log_change,leave_one_out,False,strict_pre_final_score_day,hard_quadrant_correct,higher,183,0.01639344262295082,0.0,0.0,0.03278688524590164,0.9614,-0.01639344262295082,-0.03278688524590164,0.0,0.0026,0.07998400319936012,12,1,5000,20260722,,,0.3999200159968006,
full_sample,business_revised_joint__vs__business_legacy,business_revised_joint,business_legacy,business,add_one,False,strict_pre_final_score_day,hard_quadrant_correct,higher,183,-0.00546448087431694,0.0,-0.01639344262295082,0.0,0.0,-0.00546448087431694,-0.01639344262295082,0.0,0.0,0.4527094581083783,12,1,5000,20260722,,,1.0,
full_sample,claims_ccsa_conditional_only__vs__claims_none,claims_ccsa_conditional_only,claims_none,continued_claims_innovation,add_one,True,strict_pre_final_score_day,hard_quadrant_correct,higher,183,-0.01092896174863388,0.0,-0.0273224043715847,0.0,0.0,-0.01092896174863388,-0.0273224043715847,0.0,0.0,0.24575084983003398,12,1,5000,20260722,,,,1.0
full_sample,claims_conditional_joint__vs__claims_ccsa_conditional_only,claims_conditional_joint,claims_ccsa_conditional_only,initial_claims_innovation,add_one,True,strict_pre_final_score_day,hard_quadrant_correct,higher,183,0.0,0.0,0.0,0.0,0.0,0.0,0.0,0.0,0.0,1.0,12,1,5000,20260722,,,,1.0
full_sample,claims_conditional_joint__vs__claims_icsa_only,claims_conditional_joint,claims_icsa_only,continued_claims_innovation,add_one,True,strict_pre_final_score_day,hard_quadrant_correct,higher,183,0.0,0.0,0.0,0.0,0.0,0.0,0.0,0.0,0.0,1.0,12,1,5000,20260722,,,,1.0
full_sample,claims_conditional_joint__vs__claims_independent,claims_conditional_joint,claims_independent,claims,add_one,False,strict_pre_final_score_day,hard_quadrant_correct,higher,183,0.0,0.0,0.0,0.0,0.0,0.0,0.0,0.0,0.0,1.0,12,1,5000,20260722,,,,1.0
full_sample,claims_icsa_only__vs__claims_none,claims_icsa_only,claims_none,initial_claims_innovation,add_one,True,strict_pre_final_score_day,hard_quadrant_correct,higher,183,-0.01092896174863388,0.0,-0.03278688524590164,0.0,0.0,-0.01092896174863388,-0.03278688524590164,0.0,0.0,0.2465506898620276,12,1,5000,20260722,,,,1.0
full_sample,claims_independent__vs__claims_icsa_only,claims_independent,claims_icsa_only,continued_claims_innovation,add_one,True,strict_pre_final_score_day,hard_quadrant_correct,higher,183,0.0,0.0,0.0,0.0,0.0,0.0,0.0,0.0,0.0,1.0,12,1,5000,20260722,,,,1.0
full_sample,consumer_implicit_only__vs__consumer_none,consumer_implicit_only,consumer_none,implicit_retail_price_log_change,add_one,True,strict_pre_final_score_day,hard_quadrant_correct,higher,183,0.00546448087431694,0.0,-0.01639344262295082,0.0273224043715847,0.576,0.00546448087431694,-0.01639344262295082,0.0273224043715847,0.576,0.6574685062987402,12,1,5000,20260722,,1.0,,
full_sample,consumer_real_implicit_joint_only__vs__consumer_revised_full,consumer_real_implicit_joint_only,consumer_revised_full,total_vehicle_unit_sales_log_change,leave_one_out,False,strict_pre_final_score_day,hard_quadrant_correct,higher,183,-0.00546448087431694,0.0,-0.02185792349726776,0.00546448087431694,0.079,0.00546448087431694,-0.00546448087431694,0.02185792349726776,0.639,0.47890421915616876,12,1,5000,20260722,,1.0,,
full_sample,consumer_real_only__vs__consumer_none,consumer_real_only,consumer_none,real_retail_and_food_services_log_change,add_one,True,strict_pre_final_score_day,hard_quadrant_correct,higher,183,-0.01639344262295082,0.0,-0.08196721311475409,0.03825136612021858,0.2708,-0.01639344262295082,-0.08196721311475409,0.03825136612021858,0.2708,0.5946810637872425,12,1,5000,20260722,,1.0,,
full_sample,consumer_revised_full__vs__consumer_legacy,consumer_revised_full,consumer_legacy,consumer,add_one,False,strict_pre_final_score_day,hard_quadrant_correct,higher,183,0.0,0.0,-0.0273224043715847,0.03278688524590164,0.4188,0.0,-0.0273224043715847,0.03278688524590164,0.4188,1.0,12,1,5000,20260722,,1.0,,
full_sample,consumer_vehicle_only__vs__consumer_none,consumer_vehicle_only,consumer_none,total_vehicle_unit_sales_log_change,add_one,True,strict_pre_final_score_day,hard_quadrant_correct,higher,183,0.0,0.0,-0.01092896174863388,0.01092896174863388,0.2838,0.0,-0.01092896174863388,0.01092896174863388,0.2838,1.0,12,1,5000,20260722,,1.0,,
full_sample,consumer_without_implicit__vs__consumer_revised_full,consumer_without_implicit,consumer_revised_full,implicit_retail_price_log_change,leave_one_out,False,strict_pre_final_score_day,hard_quadrant_correct,higher,183,-0.01092896174863388,0.0,-0.03825136612021858,0.01092896174863388,0.117,0.01092896174863388,-0.01092896174863388,0.03825136612021858,0.7334,0.3967206558688262,12,1,5000,20260722,,1.0,,
full_sample,consumer_without_real__vs__consumer_revised_full,consumer_without_real,consumer_revised_full,real_retail_and_food_services_log_change,leave_one_out,False,strict_pre_final_score_day,hard_quadrant_correct,higher,183,0.0273224043715847,0.0,-0.02185792349726776,0.09836065573770492,0.7548,-0.0273224043715847,-0.09836065573770492,0.02185792349726776,0.1818,0.40351929614077187,12,1,5000,20260722,,1.0,,
full_sample,price_import__vs__structural_reduced_input,price_import,structural_reduced_input,price,add_one,False,strict_pre_final_score_day,hard_quadrant_correct,higher,183,-0.01092896174863388,0.0,-0.03825136612021858,0.01092896174863388,0.1368,-0.01092896174863388,-0.03825136612021858,0.01092896174863388,0.1368,0.43071385722855426,12,1,5000,20260722,1.0,,,
full_sample,price_import__vs__structural_reduced_no_price,price_import,structural_reduced_no_price,price,add_one,True,strict_pre_final_score_day,hard_quadrant_correct,higher,183,0.0,0.0,-0.01639344262295082,0.01639344262295082,0.3592,0.0,-0.01639344262295082,0.01639344262295082,0.3592,1.0,12,1,5000,20260722,1.0,,,
full_sample,structural_reduced_input__vs__structural_reduced_no_price,structural_reduced_input,structural_reduced_no_price,price,add_one,True,strict_pre_final_score_day,hard_quadrant_correct,higher,183,0.01092896174863388,0.0,0.0,0.03278688524590164,0.734,0.01092896174863388,0.0,0.03278688524590164,0.734,0.353129374125175,12,1,5000,20260722,1.0,,,
full_sample,all_revised_candidate__vs__partial_only,all_revised_candidate,partial_only,combined,add_one,False,strict_pre_final_score_day,quadrant_brier_distance_to_exact_score_map,lower,183,0.0003503105225169077,-0.00034274755895033135,-0.0023040110913541264,0.0036428747373765087,0.4274,-0.0003503105225169077,-0.0036428747373765096,0.002304011091354126,0.4274,0.8122375524895021,12,1,5000,20260722,,,,
full_sample,all_revised_candidate__vs__student_t_7_combined,all_revised_candidate,student_t_7_combined,combined,add_one,False,strict_pre_final_score_day,quadrant_brier_distance_to_exact_score_map,lower,183,-0.0005588427122083637,-0.00014223960857601137,-0.002866764687852883,0.0018976524600337998,0.6884,0.0005588427122083637,-0.0018976524600338037,0.002866764687852881,0.6884,0.6366726654669066,12,1,5000,20260722,,,,
full_sample,business_activity_only__vs__business_none,business_activity_only,business_none,core_capital_goods_shipments_log_change,add_one,True,strict_pre_final_score_day,quadrant_brier_distance_to_exact_score_map,lower,183,0.0003730059027938899,0.0,4.381932222484723e-05,0.0007796179159552692,0.0102,-0.0003730059027938899,-0.0007796179159552696,-4.3819322224847426e-05,0.0102,0.04399120175964807,12,1,5000,20260722,,,0.17596480703859227,
full_sample,business_activity_only__vs__business_revised_joint,business_activity_only,business_revised_joint,core_capital_goods_orders_shipments_gap_log_change,leave_one_out,False,strict_pre_final_score_day,quadrant_brier_distance_to_exact_score_map,lower,183,-5.389998300281094e-05,0.0,-0.00016966928860977508,3.3425928718866445e-05,0.8558,-5.389998300281094e-05,-0.00016966928860977508,3.3425928718866445e-05,0.1442,0.29354129174165167,12,1,5000,20260722,,,0.6676664667066586,
full_sample,business_pipeline_only__vs__business_none,business_pipeline_only,business_none,core_capital_goods_orders_shipments_gap_log_change,add_one,True,strict_pre_final_score_day,quadrant_brier_distance_to_exact_score_map,lower,183,-1.8093708846460544e-05,0.0,-5.0161492934437575e-05,8.10661289244767e-06,0.888,1.8093708846460544e-05,-8.106612892447709e-06,5.016149293443756e-05,0.888,0.22255548890221954,12,1,5000,20260722,,,0.6676664667066586,
full_sample,business_pipeline_only__vs__business_revised_joint,business_pipeline_only,business_revised_joint,core_capital_goods_shipments_log_change,leave_one_out,False,strict_pre_final_score_day,quadrant_brier_distance_to_exact_score_map,lower,183,-0.0004449995946431614,0.0,-0.0008673976830027521,-0.0001248240699418753,0.9998,-0.0004449995946431614,-0.0008673976830027521,-0.0001248240699418753,0.0002,0.020595880823835233,12,1,5000,20260722,,,0.10297940411917617,
full_sample,business_revised_joint__vs__business_legacy,business_revised_joint,business_legacy,business,add_one,False,strict_pre_final_score_day,quadrant_brier_distance_to_exact_score_map,lower,183,1.013024264551767e-06,0.0,-4.0225440126948106e-05,3.980110944399796e-05,0.4636,-1.013024264551767e-06,-3.980110944399801e-05,4.022544012694803e-05,0.4636,0.9592081583683263,12,1,5000,20260722,,,0.9592081583683263,
full_sample,claims_ccsa_conditional_only__vs__claims_none,claims_ccsa_conditional_only,claims_none,continued_claims_innovation,add_one,True,strict_pre_final_score_day,quadrant_brier_distance_to_exact_score_map,lower,183,-0.00014747539911431874,0.0,-0.0003876358504527187,4.218630432516475e-05,0.9158,0.00014747539911431874,-4.218630432516478e-05,0.0003876358504527184,0.9158,0.1877624475104979,12,1,5000,20260722,,,,0.5528894221155769
full_sample,claims_conditional_joint__vs__claims_ccsa_conditional_only,claims_conditional_joint,claims_ccsa_conditional_only,initial_claims_innovation,add_one,True,strict_pre_final_score_day,quadrant_brier_distance_to_exact_score_map,lower,183,9.703073419609784e-05,0.0,-1.2987112673792654e-05,0.00023471410699176502,0.0452,-9.703073419609784e-05,-0.00023471410699176502,1.2987112673792652e-05,0.0452,0.11597680463907219,12,1,5000,20260722,,,,0.5528894221155769
full_sample,claims_conditional_joint__vs__claims_icsa_only,claims_conditional_joint,claims_icsa_only,continued_claims_innovation,add_one,True,strict_pre_final_score_day,quadrant_brier_distance_to_exact_score_map,lower,183,-0.00015449987068336585,0.0,-0.00040369668401484324,4.203423829845824e-05,0.9178,0.00015449987068336585,-4.203423829845831e-05,0.0004036966840148431,0.9178,0.17776444711057787,12,1,5000,20260722,,,,0.5528894221155769
full_sample,claims_conditional_joint__vs__claims_independent,claims_conditional_joint,claims_independent,claims,add_one,False,strict_pre_final_score_day,quadrant_brier_distance_to_exact_score_map,lower,183,2.276991687316502e-05,0.0,3.6564352828800835e-06,4.746637002341993e-05,0.0058,-2.276991687316502e-05,-4.746637002341993e-05,-3.656435282880103e-06,0.0058,0.041391721655668866,12,1,5000,20260722,,,,0.24835032993401318
full_sample,claims_icsa_only__vs__claims_none,claims_icsa_only,claims_none,initial_claims_innovation,add_one,True,strict_pre_final_score_day,quadrant_brier_distance_to_exact_score_map,lower,183,0.00010405520576514499,0.0,-1.0312678506582195e-05,0.00024812565638977026,0.0398,-0.00010405520576514499,-0.00024812565638977026,1.031267850658216e-05,0.0398,0.11057788442311538,12,1,5000,20260722,,,,0.5528894221155769
full_sample,claims_independent__vs__claims_icsa_only,claims_independent,claims_icsa_only,continued_claims_innovation,add_one,True,strict_pre_final_score_day,quadrant_brier_distance_to_exact_score_map,lower,183,-0.0001772697875565309,0.0,-0.00043981231619690935,2.6159478751539766e-05,0.9482,0.0001772697875565309,-2.615947875154001e-05,0.00043981231619690924,0.9482,0.13557288542291543,12,1,5000,20260722,,,,0.5528894221155769
full_sample,consumer_implicit_only__vs__consumer_none,consumer_implicit_only,consumer_none,implicit_retail_price_log_change,add_one,True,strict_pre_final_score_day,quadrant_brier_distance_to_exact_score_map,lower,183,-0.0015894876517303634,-1.7762614037230076e-05,-0.004144051636685164,0.0004385435799691672,0.929,0.0015894876517303634,-0.0004385435799691672,0.004144051636685164,0.929,0.1731653669266147,12,1,5000,20260722,,0.6926614677064588,,
full_sample,consumer_real_implicit_joint_only__vs__consumer_revised_full,consumer_real_implicit_joint_only,consumer_revised_full,total_vehicle_unit_sales_log_change,leave_one_out,False,strict_pre_final_score_day,quadrant_brier_distance_to_exact_score_map,lower,183,-0.0005367550385009106,0.0,-0.0009720925637955685,-0.0001552721597422376,1.0,-0.0005367550385009106,-0.0009720925637955685,-0.0001552721597422376,0.0,0.008798240351929614,12,1,5000,20260722,,0.0615876824635073,,
full_sample,consumer_real_only__vs__consumer_none,consumer_real_only,consumer_none,real_retail_and_food_services_log_change,add_one,True,strict_pre_final_score_day,quadrant_brier_distance_to_exact_score_map,lower,183,0.0005628724618831983,-9.192137939919892e-05,-0.001415850096051075,0.0031730237898297082,0.3556,-0.0005628724618831983,-0.0031730237898297087,0.001415850096051075,0.3556,0.6456708658268346,12,1,5000,20260722,,1.0,,
full_sample,consumer_revised_full__vs__consumer_legacy,consumer_revised_full,consumer_legacy,consumer,add_one,False,strict_pre_final_score_day,quadrant_brier_distance_to_exact_score_map,lower,183,-0.0007115041506861301,-7.903040550492077e-05,-0.002504329289563034,0.0009852940667811896,0.788,0.0007115041506861301,-0.0009852940667811902,0.002504329289563032,0.788,0.41771645670865826,12,1,5000,20260722,,1.0,,
full_sample,consumer_vehicle_only__vs__consumer_none,consumer_vehicle_only,consumer_none,total_vehicle_unit_sales_log_change,add_one,True,strict_pre_final_score_day,quadrant_brier_distance_to_exact_score_map,lower,183,-0.00019137011434504564,0.0,-0.00044464026732327945,6.890292495809971e-06,0.9688,0.00019137011434504564,-6.8902924958100815e-06,0.00044464026732327945,0.9688,0.09818036392721456,12,1,5000,20260722,,0.5890821835632873,,
full_sample,consumer_without_implicit__vs__consumer_revised_full,consumer_without_implicit,consumer_revised_full,implicit_retail_price_log_change,leave_one_out,False,strict_pre_final_score_day,quadrant_brier_distance_to_exact_score_map,lower,183,0.001558972803145351,0.0,-0.0002671638386448934,0.003898162815694994,0.0526,0.001558972803145351,-0.0002671638386448934,0.003898162815694994,0.9474,0.13597280543891221,12,1,5000,20260722,,0.6798640271945611,,
full_sample,consumer_without_real__vs__consumer_revised_full,consumer_without_real,consumer_revised_full,real_retail_and_food_services_log_change,leave_one_out,False,strict_pre_final_score_day,quadrant_brier_distance_to_exact_score_map,lower,183,-0.0014849851591319525,0.00019168496225337346,-0.005024386729266077,0.0010373252587697664,0.8128,-0.0014849851591319525,-0.005024386729266077,0.0010373252587697664,0.1872,0.372125574885023,12,1,5000,20260722,,1.0,,
full_sample,price_import__vs__structural_reduced_input,price_import,structural_reduced_input,price,add_one,False,strict_pre_final_score_day,quadrant_brier_distance_to_exact_score_map,lower,183,0.000257785819985969,0.0,-0.0009484896925193448,0.001730797268545677,0.3632,-0.000257785819985969,-0.0017307972685456784,0.0009484896925193446,0.3632,0.6906618676264747,12,1,5000,20260722,1.0,,,
full_sample,price_import__vs__structural_reduced_no_price,price_import,structural_reduced_no_price,price,add_one,True,strict_pre_final_score_day,quadrant_brier_distance_to_exact_score_map,lower,183,0.0003868818457130911,0.0,-0.0008575297792754833,0.0019843503360594994,0.3144,-0.0003868818457130911,-0.0019843503360595007,0.0008575297792754827,0.3144,0.5896820635872826,12,1,5000,20260722,1.0,,,
full_sample,structural_reduced_input__vs__structural_reduced_no_price,structural_reduced_input,structural_reduced_no_price,price,add_one,True,strict_pre_final_score_day,quadrant_brier_distance_to_exact_score_map,lower,183,0.00012909602572712213,0.0,0.0,0.00029627801683421726,0.0238,-0.00012909602572712213,-0.00029627801683421726,0.0,0.0238,0.08898220355928814,12,1,5000,20260722,0.2669466106778644,,,
full_sample,all_revised_candidate__vs__partial_only,all_revised_candidate,partial_only,combined,add_one,False,strict_pre_final_score_day,quadrant_cross_entropy_to_exact_score_map,lower,183,-0.0012505754635764195,-0.00074729746988067,-0.007243961014935208,0.006119171499721036,0.6612,0.0012505754635764195,-0.0061191714997210385,0.007243961014935207,0.6612,0.7154569086182764,12,1,5000,20260722,,,,
full_sample,all_revised_candidate__vs__student_t_7_combined,all_revised_candidate,student_t_7_combined,combined,add_one,False,strict_pre_final_score_day,quadrant_cross_entropy_to_exact_score_map,lower,183,-0.0031556389508330097,-0.00037690083317531986,-0.009644603012382225,0.0033855509297585204,0.8262,0.0031556389508330097,-0.003385550929758522,0.009644603012382222,0.8262,0.33893221355728853,12,1,5000,20260722,,,,
full_sample,business_activity_only__vs__business_none,business_activity_only,business_none,core_capital_goods_shipments_log_change,add_one,True,strict_pre_final_score_day,quadrant_cross_entropy_to_exact_score_map,lower,183,0.0007812592065840461,0.0,0.00013159533436624417,0.0015811086385541801,0.0036,-0.0007812592065840461,-0.0015811086385541801,-0.00013159533436624468,0.0036,0.03139372125574885,12,1,5000,20260722,,,0.1255748850229954,
full_sample,business_activity_only__vs__business_revised_joint,business_activity_only,business_revised_joint,core_capital_goods_orders_shipments_gap_log_change,leave_one_out,False,strict_pre_final_score_day,quadrant_cross_entropy_to_exact_score_map,lower,183,-2.646782407774165e-06,0.0,-0.00019415872527369561,0.00022336510167401087,0.534,-2.646782407774165e-06,-0.00019415872527369561,0.00022336510167401087,0.466,0.982003599280144,12,1,5000,20260722,,,1.0,
full_sample,business_pipeline_only__vs__business_none,business_pipeline_only,business_none,core_capital_goods_orders_shipments_gap_log_change,add_one,True,strict_pre_final_score_day,quadrant_cross_entropy_to_exact_score_map,lower,183,-3.5303526751687994e-05,0.0,-9.375382356546139e-05,1.0726319504628599e-05,0.9126,3.5303526751687994e-05,-1.072631950462861e-05,9.375382356546137e-05,0.9126,0.1899620075984803,12,1,5000,20260722,,,0.569886022795441,
full_sample,business_pipeline_only__vs__business_revised_joint,business_pipeline_only,business_revised_joint,core_capital_goods_shipments_log_change,leave_one_out,False,strict_pre_final_score_day,quadrant_cross_entropy_to_exact_score_map,lower,183,-0.0008192095157435081,0.0,-0.0015363878113031576,-0.0002589805012656114,1.0,-0.0008192095157435081,-0.0015363878113031576,-0.0002589805012656114,0.0,0.012397520495900819,12,1,5000,20260722,,,0.06198760247950409,
full_sample,business_revised_joint__vs__business_legacy,business_revised_joint,business_legacy,business,add_one,False,strict_pre_final_score_day,quadrant_cross_entropy_to_exact_score_map,lower,183,-2.9003145983101868e-05,0.0,-0.00015293632829835316,5.859028260338095e-05,0.644,2.9003145983101868e-05,-5.859028260338097e-05,0.0001529363282983531,0.644,0.6240751849630074,12,1,5000,20260722,,,1.0,
full_sample,claims_ccsa_conditional_only__vs__claims_none,claims_ccsa_conditional_only,claims_none,continued_claims_innovation,add_one,True,strict_pre_final_score_day,quadrant_cross_entropy_to_exact_score_map,lower,183,-0.00015571840054134285,0.0,-0.0004382729628716592,9.093885111629097e-05,0.8688,0.00015571840054134285,-9.093885111629116e-05,0.0004382729628716591,0.8688,0.26294741051789644,12,1,5000,20260722,,,,0.9358128374325135
full_sample,claims_conditional_joint__vs__claims_ccsa_conditional_only,claims_conditional_joint,claims_ccsa_conditional_only,initial_claims_innovation,add_one,True,strict_pre_final_score_day,quadrant_cross_entropy_to_exact_score_map,lower,183,8.655664447913757e-05,0.0,-4.794767733466239e-05,0.0002477991475109099,0.1174,-8.655664447913757e-05,-0.00024779914751091016,4.7947677334662364e-05,0.1174,0.2439512097580484,12,1,5000,20260722,,,,0.9358128374325135
full_sample,claims_conditional_joint__vs__claims_icsa_only,claims_conditional_joint,claims_icsa_only,continued_claims_innovation,add_one,True,strict_pre_final_score_day,quadrant_cross_entropy_to_exact_score_map,lower,183,-0.00016584289443439767,0.0,-0.00045745042270186416,8.548487500940125e-05,0.8896,0.00016584289443439767,-8.548487500940126e-05,0.00045745042270186405,0.8896,0.2383523295340932,12,1,5000,20260722,,,,0.9358128374325135
full_sample,claims_conditional_joint__vs__claims_independent,claims_conditional_joint,claims_independent,claims,add_one,False,strict_pre_final_score_day,quadrant_cross_entropy_to_exact_score_map,lower,183,2.6387573951198254e-05,0.0,5.485262441746212e-07,5.9725171049333356e-05,0.0212,-2.6387573951198254e-05,-5.972517104933336e-05,-5.485262441746223e-07,0.0212,0.07778444311137772,12,1,5000,20260722,,,,0.4667066586682663
full_sample,claims_icsa_only__vs__claims_none,claims_icsa_only,claims_none,initial_claims_innovation,add_one,True,strict_pre_final_score_day,quadrant_cross_entropy_to_exact_score_map,lower,183,9.668113837219237e-05,0.0,-4.778623222424573e-05,0.00027041831582625076,0.1092,-9.668113837219237e-05,-0.00027041831582625087,4.778623222424566e-05,0.1092,0.22715456908618276,12,1,5000,20260722,,,,0.9358128374325135
full_sample,claims_independent__vs__claims_icsa_only,claims_independent,claims_icsa_only,continued_claims_innovation,add_one,True,strict_pre_final_score_day,quadrant_cross_entropy_to_exact_score_map,lower,183,-0.00019223046838559593,0.0,-0.0005141957544967345,6.694903422318166e-05,0.9198,0.00019223046838559593,-6.694903422318174e-05,0.0005141957544967344,0.9198,0.1871625674865027,12,1,5000,20260722,,,,0.9358128374325135
full_sample,consumer_implicit_only__vs__consumer_none,consumer_implicit_only,consumer_none,implicit_retail_price_log_change,add_one,True,strict_pre_final_score_day,quadrant_cross_entropy_to_exact_score_map,lower,183,-0.003760783107601442,-6.31340227340571e-05,-0.008974900553296942,0.0005003812125703132,0.9522,0.003760783107601442,-0.0005003812125703133,0.008974900553296935,0.9522,0.1235752849430114,12,1,5000,20260722,,0.5298940211957608,,
full_sample,consumer_real_implicit_joint_only__vs__consumer_revised_full,consumer_real_implicit_joint_only,consumer_revised_full,total_vehicle_unit_sales_log_change,leave_one_out,False,strict_pre_final_score_day,quadrant_cross_entropy_to_exact_score_map,lower,183,-0.0009832797050812019,0.0,-0.001757111486188199,-0.0002770011401102589,0.9994,-0.0009832797050812019,-0.001757111486188199,-0.0002770011401102589,0.0006,0.008798240351929614,12,1,5000,20260722,,0.0615876824635073,,
full_sample,consumer_real_only__vs__consumer_none,consumer_real_only,consumer_none,real_retail_and_food_services_log_change,add_one,True,strict_pre_final_score_day,quadrant_cross_entropy_to_exact_score_map,lower,183,0.0006398803900460979,-0.00017091029529492374,-0.0026918208793679744,0.004645002515853559,0.3942,-0.0006398803900460979,-0.00464500251585356,0.002691820879367974,0.3942,0.7408518296340731,12,1,5000,20260722,,0.7938412317536493,,
full_sample,consumer_revised_full__vs__consumer_legacy,consumer_revised_full,consumer_legacy,consumer,add_one,False,strict_pre_final_score_day,quadrant_cross_entropy_to_exact_score_map,lower,183,-0.002756017356219685,-0.00015642824160977398,-0.006643614312386427,0.0010430164448070897,0.923,0.002756017356219685,-0.00104301644480709,0.0066436143123864266,0.923,0.15516896620675866,12,1,5000,20260722,,0.5298940211957608,,
full_sample,consumer_vehicle_only__vs__consumer_none,consumer_vehicle_only,consumer_none,total_vehicle_unit_sales_log_change,add_one,True,strict_pre_final_score_day,quadrant_cross_entropy_to_exact_score_map,lower,183,-0.00030438698405478045,0.0,-0.0006908626566276373,-7.894547833483536e-06,0.9776,0.00030438698405478045,7.894547833483451e-06,0.0006908626566276369,0.9776,0.07638472305538892,12,1,5000,20260722,,0.45830833833233353,,
full_sample,consumer_without_implicit__vs__consumer_revised_full,consumer_without_implicit,consumer_revised_full,implicit_retail_price_log_change,leave_one_out,False,strict_pre_final_score_day,quadrant_cross_entropy_to_exact_score_map,lower,183,0.0036619874299051425,0.0,-0.0004525371431247491,0.008299883372123782,0.046,0.0036619874299051425,-0.0004525371431247491,0.008299883372123782,0.954,0.10597880423915217,12,1,5000,20260722,,0.5298940211957608,,
full_sample,consumer_without_real__vs__consumer_revised_full,consumer_without_real,consumer_revised_full,real_retail_and_food_services_log_change,leave_one_out,False,strict_pre_final_score_day,quadrant_cross_entropy_to_exact_score_map,lower,183,-0.0022022118876058342,0.0004977296097077311,-0.007920868019996702,0.0019756001461175335,0.7946,-0.0022022118876058342,-0.007920868019996702,0.0019756001461175335,0.2054,0.39692061587682465,12,1,5000,20260722,,0.7938412317536493,,
full_sample,price_import__vs__structural_reduced_input,price_import,structural_reduced_input,price,add_one,False,strict_pre_final_score_day,quadrant_cross_entropy_to_exact_score_map,lower,183,-0.00020089182292649921,0.0,-0.004223067592731283,0.003894077285205472,0.5488,0.00020089182292649921,-0.003894077285205474,0.004223067592731281,0.5488,0.9266146770645871,12,1,5000,20260722,1.0,,,
full_sample,price_import__vs__structural_reduced_no_price,price_import,structural_reduced_no_price,price,add_one,True,strict_pre_final_score_day,quadrant_cross_entropy_to_exact_score_map,lower,183,4.045606563949919e-05,0.0,-0.0041021791887910775,0.00435537343980286,0.4946,-4.045606563949919e-05,-0.004355373439802866,0.004102179188791077,0.4946,0.9846030793841232,12,1,5000,20260722,1.0,,,
full_sample,structural_reduced_input__vs__structural_reduced_no_price,structural_reduced_input,structural_reduced_no_price,price,add_one,True,strict_pre_final_score_day,quadrant_cross_entropy_to_exact_score_map,lower,183,0.0002413478885659984,0.0,-3.003255333335739e-07,0.0005504938828052155,0.0252,-0.0002413478885659984,-0.0005504938828052156,3.003255333335739e-07,0.0252,0.09198160367926415,12,1,5000,20260722,0.27594481103779245,,,
full_sample,all_revised_candidate__vs__partial_only,all_revised_candidate,partial_only,combined,add_one,False,strict_pre_final_score_day,score_center_negative_log_predictive_density,lower,183,2.875122643927197,-0.041093933936402705,-0.22372529565307434,8.950608885214901,0.3472,-2.875122643927197,-8.950608885214901,0.22372529565307434,0.3472,0.6038792241551689,12,1,5000,20260722,,,,
full_sample,all_revised_candidate__vs__student_t_7_combined,all_revised_candidate,student_t_7_combined,combined,add_one,False,strict_pre_final_score_day,score_center_negative_log_predictive_density,lower,183,2.9895717387860588,-0.011413492493720367,-0.14380265249811996,9.157542185971401,0.3328,-2.9895717387860588,-9.157542185971403,0.14380265249811974,0.3328,0.5740851829634073,12,1,5000,20260722,,,,
full_sample,business_activity_only__vs__business_none,business_activity_only,business_none,core_capital_goods_shipments_log_change,add_one,True,strict_pre_final_score_day,score_center_negative_log_predictive_density,lower,183,-0.010990795321072359,0.0,-0.04129812823256069,0.006973036800638297,0.7068,0.010990795321072359,-0.006973036800638297,0.04129812823256068,0.7068,0.5162967406518696,12,1,5000,20260722,,,1.0,
full_sample,business_activity_only__vs__business_revised_joint,business_activity_only,business_revised_joint,core_capital_goods_orders_shipments_gap_log_change,leave_one_out,False,strict_pre_final_score_day,score_center_negative_log_predictive_density,lower,183,0.00205940234151991,0.0,-0.0006329771487945884,0.006241553601664105,0.1174,0.00205940234151991,-0.0006329771487945884,0.006241553601664105,0.8826,0.25154969006198763,12,1,5000,20260722,,,1.0,
full_sample,business_pipeline_only__vs__business_none,business_pipeline_only,business_none,core_capital_goods_orders_shipments_gap_log_change,add_one,True,strict_pre_final_score_day,score_center_negative_log_predictive_density,lower,183,0.011094966604615484,0.0,-0.0009946615945711967,0.03458975734487683,0.3162,-0.011094966604615484,-0.03458975734487683,0.000994661594571196,0.3162,0.5538892221555689,12,1,5000,20260722,,,1.0,
full_sample,business_pipeline_only__vs__business_revised_joint,business_pipeline_only,business_revised_joint,core_capital_goods_shipments_log_change,leave_one_out,False,strict_pre_final_score_day,score_center_negative_log_predictive_density,lower,183,0.024145164267207735,0.0,-0.006104098923617748,0.08080944018060987,0.2668,0.024145164267207735,-0.006104098923617748,0.08080944018060987,0.7332,0.46010797840431916,12,1,5000,20260722,,,1.0,
full_sample,business_revised_joint__vs__business_legacy,business_revised_joint,business_legacy,business,add_one,False,strict_pre_final_score_day,score_center_negative_log_predictive_density,lower,183,-0.0007442497924321416,0.0,-0.0021118627559949983,0.00022021505918453336,0.8892,0.0007442497924321416,-0.0002202150591845334,0.002111862755994997,0.8892,0.23815236952609478,12,1,5000,20260722,,,1.0,
full_sample,claims_ccsa_conditional_only__vs__claims_none,claims_ccsa_conditional_only,claims_none,continued_claims_innovation,add_one,True,strict_pre_final_score_day,score_center_negative_log_predictive_density,lower,183,-0.017918372255114202,0.0,-0.05514285908043545,0.002616946782137368,0.8674,0.017918372255114202,-0.002616946782137371,0.05514285908043545,0.8674,0.2929414117176565,12,1,5000,20260722,,,,1.0
full_sample,claims_conditional_joint__vs__claims_ccsa_conditional_only,claims_conditional_joint,claims_ccsa_conditional_only,initial_claims_innovation,add_one,True,strict_pre_final_score_day,score_center_negative_log_predictive_density,lower,183,-0.02131341870026174,0.0,-0.08270233510136606,0.019085645679326104,0.75,0.02131341870026174,-0.01908564567932611,0.08270233510136604,0.75,0.46510697860427913,12,1,5000,20260722,,,,1.0
full_sample,claims_conditional_joint__vs__claims_icsa_only,claims_conditional_joint,claims_icsa_only,continued_claims_innovation,add_one,True,strict_pre_final_score_day,score_center_negative_log_predictive_density,lower,183,-0.017356857590116823,0.0,-0.05314446070372148,0.0021859346678567873,0.8884,0.017356857590116823,-0.0021859346678567877,0.053144460703721454,0.8884,0.26094781043791243,12,1,5000,20260722,,,,1.0
full_sample,claims_conditional_joint__vs__claims_independent,claims_conditional_joint,claims_independent,claims,add_one,False,strict_pre_final_score_day,score_center_negative_log_predictive_density,lower,183,0.009834296187736138,0.0,-0.015843781497560987,0.03809243866771366,0.0634,-0.009834296187736138,-0.03809243866771367,0.015843781497560987,0.0634,0.20235952809438112,12,1,5000,20260722,,,,1.0
full_sample,claims_icsa_only__vs__claims_none,claims_icsa_only,claims_none,initial_claims_innovation,add_one,True,strict_pre_final_score_day,score_center_negative_log_predictive_density,lower,183,-0.02187493336525913,0.0,-0.08617466433090003,0.019089096694445685,0.7434,0.02187493336525913,-0.019089096694445692,0.08617466433090001,0.7434,0.48570285942811436,12,1,5000,20260722,,,,1.0
full_sample,claims_independent__vs__claims_icsa_only,claims_independent,claims_icsa_only,continued_claims_innovation,add_one,True,strict_pre_final_score_day,score_center_negative_log_predictive_density,lower,183,-0.027191153777852972,0.0,-0.09639113415409258,0.017412966682889306,0.9204,0.027191153777852972,-0.017412966682889316,0.09639113415409255,0.9204,0.20895820835832835,12,1,5000,20260722,,,,1.0
full_sample,consumer_implicit_only__vs__consumer_none,consumer_implicit_only,consumer_none,implicit_retail_price_log_change,add_one,True,strict_pre_final_score_day,score_center_negative_log_predictive_density,lower,183,-0.050634442919536705,-0.006845567498498628,-0.11878123057240589,-0.0020473231560536494,0.982,0.050634442919536705,0.002047323156053638,0.11878123057240585,0.982,0.07818436312737452,12,1,5000,20260722,,0.3909218156368726,,
full_sample,consumer_real_implicit_joint_only__vs__consumer_revised_full,consumer_real_implicit_joint_only,consumer_revised_full,total_vehicle_unit_sales_log_change,leave_one_out,False,strict_pre_final_score_day,score_center_negative_log_predictive_density,lower,183,-3.0881152949535786,0.0,-9.261464381194251,0.0034890080935341293,0.9502,-3.0881152949535786,-9.261464381194251,0.0034890080935341293,0.0498,0.15696860627874426,12,1,5000,20260722,,0.627874425114977,,
full_sample,consumer_real_only__vs__consumer_none,consumer_real_only,consumer_none,real_retail_and_food_services_log_change,add_one,True,strict_pre_final_score_day,score_center_negative_log_predictive_density,lower,183,-0.07996103372026601,-0.0423488882350187,-0.12190326609398838,-0.0434965805561145,1.0,0.07996103372026601,0.04349658055611448,0.12190326609398834,1.0,0.0001999600079984003,12,1,5000,20260722,,0.0013997200559888023,,
full_sample,consumer_revised_full__vs__consumer_legacy,consumer_revised_full,consumer_legacy,consumer,add_one,False,strict_pre_final_score_day,score_center_negative_log_predictive_density,lower,183,3.038548186490466,-0.009654035748763778,-0.09218085906987203,9.216096742863826,0.2968,-3.038548186490466,-9.216096742863826,0.09218085906987201,0.2968,0.528494301139772,12,1,5000,20260722,,1.0,,
full_sample,consumer_vehicle_only__vs__consumer_none,consumer_vehicle_only,consumer_none,total_vehicle_unit_sales_log_change,add_one,True,strict_pre_final_score_day,score_center_negative_log_predictive_density,lower,183,3.0802854228312793,0.0,-0.012229066482599728,9.256474161962084,0.3526,-3.0802854228312793,-9.256474161962084,0.012229066482599719,0.3526,0.5984803039392121,12,1,5000,20260722,,1.0,,
full_sample,consumer_without_implicit__vs__consumer_revised_full,consumer_without_implicit,consumer_revised_full,implicit_retail_price_log_change,leave_one_out,False,strict_pre_final_score_day,score_center_negative_log_predictive_density,lower,183,0.040885339927146956,0.004659668518089299,-0.010965314279630402,0.10505227058457603,0.0724,0.040885339927146956,-0.010965314279630402,0.10505227058457603,0.9276,0.16856628674265148,12,1,5000,20260722,,0.627874425114977,,
full_sample,consumer_without_real__vs__consumer_revised_full,consumer_without_real,consumer_revised_full,real_retail_and_food_services_log_change,leave_one_out,False,strict_pre_final_score_day,score_center_negative_log_predictive_density,lower,183,0.05855564024962321,0.0344081495312063,0.019075791512860547,0.10024669003199747,0.0018,0.05855564024962321,0.019075791512860547,0.10024669003199747,0.9982,0.005598880223955209,12,1,5000,20260722,,0.033593281343731254,,
full_sample,price_import__vs__structural_reduced_input,price_import,structural_reduced_input,price,add_one,False,strict_pre_final_score_day,score_center_negative_log_predictive_density,lower,183,-0.02849219173367865,0.0,-0.08036399368417677,0.009151777129750419,0.9172,0.02849219173367865,-0.009151777129750419,0.08036399368417671,0.9172,0.19916016796640673,12,1,5000,20260722,0.4733053389322136,,,
full_sample,price_import__vs__structural_reduced_no_price,price_import,structural_reduced_no_price,price,add_one,True,strict_pre_final_score_day,score_center_negative_log_predictive_density,lower,183,-0.026937068395589174,0.0,-0.07792924378313679,0.010392296840141204,0.8934,0.026937068395589174,-0.010392296840141214,0.07792924378313673,0.8934,0.22995400919816036,12,1,5000,20260722,0.4733053389322136,,,
full_sample,structural_reduced_input__vs__structural_reduced_no_price,structural_reduced_input,structural_reduced_no_price,price,add_one,True,strict_pre_final_score_day,score_center_negative_log_predictive_density,lower,183,0.0015551233380894816,0.0,-0.000282850083946226,0.003910823452744567,0.0556,-0.0015551233380894816,-0.003910823452744572,0.00028285008394622526,0.0556,0.15776844631073786,12,1,5000,20260722,0.4733053389322136,,,
