source_reference_month,target_reference_month,target_month_end,prior_available_at,prior_delay_from_target_start_days,available_by_target_start,available_by_target_end,prior_kind,source_mapping_status,source_revision_horizon_months,source_growth_score,source_inflation_score,training_pairs,fit_latest_destination_month,residual_degrees_of_freedom,design_rank,design_condition_number,spectral_radius,is_stable,growth_r_squared,inflation_r_squared,growth_residual_mean,inflation_residual_mean,growth_intercept,inflation_intercept,a_growth_from_growth,a_growth_from_inflation,a_inflation_from_growth,a_inflation_from_inflation,growth_innovation_variance,growth_inflation_innovation_covariance,inflation_innovation_variance,mapping_proxy_reference_month,mapping_proxy_available_at,growth_mapping_proxy_variance,growth_inflation_mapping_proxy_covariance,inflation_mapping_proxy_variance,growth_prior_mean,inflation_prior_mean,growth_latent_prior_variance,growth_inflation_latent_prior_covariance,inflation_latent_prior_variance,growth_prior_variance,growth_inflation_prior_covariance,inflation_prior_variance,prior_correlation,quadrant_weight_sum,probability_sum,entropy,prior_status,weight_growth_up_inflation_up,probability_growth_up_inflation_up,weight_growth_down_inflation_up,probability_growth_down_inflation_up,weight_growth_up_inflation_down,probability_growth_up_inflation_down,weight_growth_down_inflation_down,probability_growth_down_inflation_down
2000-01-01,2000-02-01,2000-02-29,,,,,as_of_exact_source_score_release,score_unavailable,12,0.878902291330785,,0,,,,,,,,,,,,,,,,,,,,,,,,,,,,,,,,,,,,,source_map_unavailable,,,,,,,,
2000-02-01,2000-03-01,2000-03-31,,,,,as_of_exact_source_score_release,score_unavailable,12,-0.070212985758635,,0,,,,,,,,,,,,,,,,,,,,,,,,,,,,,,,,,,,,,source_map_unavailable,,,,,,,,
2000-03-01,2000-04-01,2000-04-30,,,,,as_of_exact_source_score_release,score_unavailable,12,0.2703946659462918,,0,,,,,,,,,,,,,,,,,,,,,,,,,,,,,,,,,,,,,source_map_unavailable,,,,,,,,
2000-04-01,2000-05-01,2000-05-31,,,,,as_of_exact_source_score_release,score_unavailable,12,0.9502714434372256,,0,,,,,,,,,,,,,,,,,,,,,,,,,,,,,,,,,,,,,source_map_unavailable,,,,,,,,
2000-05-01,2000-06-01,2000-06-30,,,,,as_of_exact_source_score_release,score_unavailable,12,-0.1431533507136067,,0,,,,,,,,,,,,,,,,,,,,,,,,,,,,,,,,,,,,,source_map_unavailable,,,,,,,,
2000-06-01,2000-07-01,2000-07-31,,,,,as_of_exact_source_score_release,score_unavailable,12,-0.0605783096260378,,0,,,,,,,,,,,,,,,,,,,,,,,,,,,,,,,,,,,,,source_map_unavailable,,,,,,,,
2000-07-01,2000-08-01,2000-08-31,,,,,as_of_exact_source_score_release,score_unavailable,12,-0.1807918312686718,,0,,,,,,,,,,,,,,,,,,,,,,,,,,,,,,,,,,,,,source_map_unavailable,,,,,,,,
2000-08-01,2000-09-01,2000-09-30,,,,,as_of_exact_source_score_release,score_unavailable,12,-0.1858969809408361,,0,,,,,,,,,,,,,,,,,,,,,,,,,,,,,,,,,,,,,source_map_unavailable,,,,,,,,
2000-09-01,2000-10-01,2000-10-31,,,,,as_of_exact_source_score_release,score_unavailable,12,0.5791627000024956,,0,,,,,,,,,,,,,,,,,,,,,,,,,,,,,,,,,,,,,source_map_unavailable,,,,,,,,
2000-10-01,2000-11-01,2000-11-30,,,,,as_of_exact_source_score_release,score_unavailable,12,-0.3615022915432911,,0,,,,,,,,,,,,,,,,,,,,,,,,,,,,,,,,,,,,,source_map_unavailable,,,,,,,,
2000-11-01,2000-12-01,2000-12-31,,,,,as_of_exact_source_score_release,score_unavailable,12,-0.5333561027463194,,0,,,,,,,,,,,,,,,,,,,,,,,,,,,,,,,,,,,,,source_map_unavailable,,,,,,,,
2000-12-01,2001-01-01,2001-01-31,,,,,as_of_exact_source_score_release,score_unavailable,12,-0.5516733450634137,,0,,,,,,,,,,,,,,,,,,,,,,,,,,,,,,,,,,,,,source_map_unavailable,,,,,,,,
2001-01-01,2001-02-01,2001-02-28,,,,,as_of_exact_source_score_release,score_unavailable,12,-0.4518926930374925,,0,,,,,,,,,,,,,,,,,,,,,,,,,,,,,,,,,,,,,source_map_unavailable,,,,,,,,
2001-02-01,2001-03-01,2001-03-31,,,,,as_of_exact_source_score_release,score_unavailable,12,-0.5373400077242031,,0,,,,,,,,,,,,,,,,,,,,,,,,,,,,,,,,,,,,,source_map_unavailable,,,,,,,,
2001-03-01,2001-04-01,2001-04-30,,,,,as_of_exact_source_score_release,score_unavailable,12,-0.4028770811347093,,0,,,,,,,,,,,,,,,,,,,,,,,,,,,,,,,,,,,,,source_map_unavailable,,,,,,,,
2001-04-01,2001-05-01,2001-05-31,,,,,as_of_exact_source_score_release,score_unavailable,12,-1.1285746856062384,,0,,,,,,,,,,,,,,,,,,,,,,,,,,,,,,,,,,,,,source_map_unavailable,,,,,,,,
2001-05-01,2001-06-01,2001-06-30,,,,,as_of_exact_source_score_release,score_unavailable,12,-0.486729116043501,,0,,,,,,,,,,,,,,,,,,,,,,,,,,,,,,,,,,,,,source_map_unavailable,,,,,,,,
2001-06-01,2001-07-01,2001-07-31,,,,,as_of_exact_source_score_release,score_unavailable,12,-0.9775597538437792,,0,,,,,,,,,,,,,,,,,,,,,,,,,,,,,,,,,,,,,source_map_unavailable,,,,,,,,
2001-07-01,2001-08-01,2001-08-31,,,,,as_of_exact_source_score_release,score_unavailable,12,-0.4298743778674968,,0,,,,,,,,,,,,,,,,,,,,,,,,,,,,,,,,,,,,,source_map_unavailable,,,,,,,,
2001-08-01,2001-09-01,2001-09-30,,,,,as_of_exact_source_score_release,score_unavailable,12,-1.4548806422361498,,0,,,,,,,,,,,,,,,,,,,,,,,,,,,,,,,,,,,,,source_map_unavailable,,,,,,,,
2001-09-01,2001-10-01,2001-10-31,,,,,as_of_exact_source_score_release,score_unavailable,12,-2.1280358874727017,,0,,,,,,,,,,,,,,,,,,,,,,,,,,,,,,,,,,,,,source_map_unavailable,,,,,,,,
2001-10-01,2001-11-01,2001-11-30,,,,,as_of_exact_source_score_release,score_unavailable,12,-0.7510356904534671,,0,,,,,,,,,,,,,,,,,,,,,,,,,,,,,,,,,,,,,source_map_unavailable,,,,,,,,
2001-11-01,2001-12-01,2001-12-31,,,,,as_of_exact_source_score_release,score_unavailable,12,-1.8029799614556024,,0,,,,,,,,,,,,,,,,,,,,,,,,,,,,,,,,,,,,,source_map_unavailable,,,,,,,,
2001-12-01,2002-01-01,2002-01-31,,,,,as_of_exact_source_score_release,score_unavailable,12,-0.94403909171963,,0,,,,,,,,,,,,,,,,,,,,,,,,,,,,,,,,,,,,,source_map_unavailable,,,,,,,,
2002-01-01,2002-02-01,2002-02-28,,,,,as_of_exact_source_score_release,score_unavailable,12,-0.0686097571373605,,0,,,,,,,,,,,,,,,,,,,,,,,,,,,,,,,,,,,,,source_map_unavailable,,,,,,,,
2002-02-01,2002-03-01,2002-03-31,,,,,as_of_exact_source_score_release,score_unavailable,12,0.3823969122757432,,0,,,,,,,,,,,,,,,,,,,,,,,,,,,,,,,,,,,,,source_map_unavailable,,,,,,,,
2002-03-01,2002-04-01,2002-04-30,,,,,as_of_exact_source_score_release,score_unavailable,12,-0.1409672350157835,,0,,,,,,,,,,,,,,,,,,,,,,,,,,,,,,,,,,,,,source_map_unavailable,,,,,,,,
2002-04-01,2002-05-01,2002-05-31,,,,,as_of_exact_source_score_release,score_unavailable,12,-0.4816822202728973,,0,,,,,,,,,,,,,,,,,,,,,,,,,,,,,,,,,,,,,source_map_unavailable,,,,,,,,
2002-05-01,2002-06-01,2002-06-30,,,,,as_of_exact_source_score_release,score_unavailable,12,0.0876830122604449,,0,,,,,,,,,,,,,,,,,,,,,,,,,,,,,,,,,,,,,source_map_unavailable,,,,,,,,
2002-06-01,2002-07-01,2002-07-31,,,,,as_of_exact_source_score_release,score_unavailable,12,0.1681910918925623,,0,,,,,,,,,,,,,,,,,,,,,,,,,,,,,,,,,,,,,source_map_unavailable,,,,,,,,
2002-07-01,2002-08-01,2002-08-31,,,,,as_of_exact_source_score_release,score_unavailable,12,0.2335097594829348,,0,,,,,,,,,,,,,,,,,,,,,,,,,,,,,,,,,,,,,source_map_unavailable,,,,,,,,
2002-08-01,2002-09-01,2002-09-30,,,,,as_of_exact_source_score_release,score_unavailable,12,-0.08783720349078,,0,,,,,,,,,,,,,,,,,,,,,,,,,,,,,,,,,,,,,source_map_unavailable,,,,,,,,
2002-09-01,2002-10-01,2002-10-31,,,,,as_of_exact_source_score_release,score_unavailable,12,-0.708925606185173,,0,,,,,,,,,,,,,,,,,,,,,,,,,,,,,,,,,,,,,source_map_unavailable,,,,,,,,
2002-10-01,2002-11-01,2002-11-30,,,,,as_of_exact_source_score_release,score_unavailable,12,-0.8179953748527826,,0,,,,,,,,,,,,,,,,,,,,,,,,,,,,,,,,,,,,,source_map_unavailable,,,,,,,,
2002-11-01,2002-12-01,2002-12-31,,,,,as_of_exact_source_score_release,score_unavailable,12,-0.5058669023835718,,0,,,,,,,,,,,,,,,,,,,,,,,,,,,,,,,,,,,,,source_map_unavailable,,,,,,,,
2002-12-01,2003-01-01,2003-01-31,,,,,as_of_exact_source_score_release,score_unavailable,12,-0.0351079319397115,,0,,,,,,,,,,,,,,,,,,,,,,,,,,,,,,,,,,,,,source_map_unavailable,,,,,,,,
2003-01-01,2003-02-01,2003-02-28,,,,,as_of_exact_source_score_release,score_unavailable,12,0.4692671511375144,,0,,,,,,,,,,,,,,,,,,,,,,,,,,,,,,,,,,,,,source_map_unavailable,,,,,,,,
2003-02-01,2003-03-01,2003-03-31,,,,,as_of_exact_source_score_release,score_unavailable,12,-1.1111112452105711,,0,,,,,,,,,,,,,,,,,,,,,,,,,,,,,,,,,,,,,source_map_unavailable,,,,,,,,
2003-03-01,2003-04-01,2003-04-30,,,,,as_of_exact_source_score_release,score_unavailable,12,-0.6900065373701991,,0,,,,,,,,,,,,,,,,,,,,,,,,,,,,,,,,,,,,,source_map_unavailable,,,,,,,,
2003-04-01,2003-05-01,2003-05-31,,,,,as_of_exact_source_score_release,score_unavailable,12,-0.8625394410313839,,0,,,,,,,,,,,,,,,,,,,,,,,,,,,,,,,,,,,,,source_map_unavailable,,,,,,,,
2003-05-01,2003-06-01,2003-06-30,,,,,as_of_exact_source_score_release,score_unavailable,12,-0.2851904128718469,,0,,,,,,,,,,,,,,,,,,,,,,,,,,,,,,,,,,,,,source_map_unavailable,,,,,,,,
2003-06-01,2003-07-01,2003-07-31,,,,,as_of_exact_source_score_release,score_unavailable,12,-0.7395744304367395,,0,,,,,,,,,,,,,,,,,,,,,,,,,,,,,,,,,,,,,source_map_unavailable,,,,,,,,
2003-07-01,2003-08-01,2003-08-31,,,,,as_of_exact_source_score_release,score_unavailable,12,0.492754019933213,,0,,,,,,,,,,,,,,,,,,,,,,,,,,,,,,,,,,,,,source_map_unavailable,,,,,,,,
2003-08-01,2003-09-01,2003-09-30,,,,,as_of_exact_source_score_release,score_unavailable,12,0.0367565057402243,,0,,,,,,,,,,,,,,,,,,,,,,,,,,,,,,,,,,,,,source_map_unavailable,,,,,,,,
2003-09-01,2003-10-01,2003-10-31,,,,,as_of_exact_source_score_release,score_unavailable,12,-0.4443546968980824,,0,,,,,,,,,,,,,,,,,,,,,,,,,,,,,,,,,,,,,source_map_unavailable,,,,,,,,
2003-10-01,2003-11-01,2003-11-30,,,,,as_of_exact_source_score_release,score_unavailable,12,0.0919362393856665,,0,,,,,,,,,,,,,,,,,,,,,,,,,,,,,,,,,,,,,source_map_unavailable,,,,,,,,
2003-11-01,2003-12-01,2003-12-31,,,,,as_of_exact_source_score_release,score_unavailable,12,0.6462416477476985,,0,,,,,,,,,,,,,,,,,,,,,,,,,,,,,,,,,,,,,source_map_unavailable,,,,,,,,
2003-12-01,2004-01-01,2004-01-31,,,,,as_of_exact_source_score_release,score_unavailable,12,0.144629839888717,,0,,,,,,,,,,,,,,,,,,,,,,,,,,,,,,,,,,,,,source_map_unavailable,,,,,,,,
2004-01-01,2004-02-01,2004-02-29,,,,,as_of_exact_source_score_release,score_unavailable,12,0.3813908983833153,,0,,,,,,,,,,,,,,,,,,,,,,,,,,,,,,,,,,,,,source_map_unavailable,,,,,,,,
2004-02-01,2004-03-01,2004-03-31,,,,,as_of_exact_source_score_release,score_unavailable,12,0.0500228697474305,,0,,,,,,,,,,,,,,,,,,,,,,,,,,,,,,,,,,,,,source_map_unavailable,,,,,,,,
2004-03-01,2004-04-01,2004-04-30,,,,,as_of_exact_source_score_release,score_unavailable,12,-0.1292570786587226,,0,,,,,,,,,,,,,,,,,,,,,,,,,,,,,,,,,,,,,source_map_unavailable,,,,,,,,
2004-04-01,2004-05-01,2004-05-31,,,,,as_of_exact_source_score_release,score_unavailable,12,0.7038154806437615,,0,,,,,,,,,,,,,,,,,,,,,,,,,,,,,,,,,,,,,source_map_unavailable,,,,,,,,
2004-05-01,2004-06-01,2004-06-30,,,,,as_of_exact_source_score_release,score_unavailable,12,0.7738218371233861,,0,,,,,,,,,,,,,,,,,,,,,,,,,,,,,,,,,,,,,source_map_unavailable,,,,,,,,
2004-06-01,2004-07-01,2004-07-31,,,,,as_of_exact_source_score_release,score_unavailable,12,-0.9200797224043414,,0,,,,,,,,,,,,,,,,,,,,,,,,,,,,,,,,,,,,,source_map_unavailable,,,,,,,,
2004-07-01,2004-08-01,2004-08-31,,,,,as_of_exact_source_score_release,score_unavailable,12,0.5629523076965608,,0,,,,,,,,,,,,,,,,,,,,,,,,,,,,,,,,,,,,,source_map_unavailable,,,,,,,,
2004-08-01,2004-09-01,2004-09-30,,,,,as_of_exact_source_score_release,score_unavailable,12,0.0464710892010532,,0,,,,,,,,,,,,,,,,,,,,,,,,,,,,,,,,,,,,,source_map_unavailable,,,,,,,,
2004-09-01,2004-10-01,2004-10-31,,,,,as_of_exact_source_score_release,score_unavailable,12,0.1673610389701769,,0,,,,,,,,,,,,,,,,,,,,,,,,,,,,,,,,,,,,,source_map_unavailable,,,,,,,,
2004-10-01,2004-11-01,2004-11-30,,,,,as_of_exact_source_score_release,score_unavailable,12,0.4918361115375411,,0,,,,,,,,,,,,,,,,,,,,,,,,,,,,,,,,,,,,,source_map_unavailable,,,,,,,,
2004-11-01,2004-12-01,2004-12-31,,,,,as_of_exact_source_score_release,score_unavailable,12,0.0808977085972846,,0,,,,,,,,,,,,,,,,,,,,,,,,,,,,,,,,,,,,,source_map_unavailable,,,,,,,,
2004-12-01,2005-01-01,2005-01-31,,,,,as_of_exact_source_score_release,score_unavailable,12,0.8152428262081213,,0,,,,,,,,,,,,,,,,,,,,,,,,,,,,,,,,,,,,,source_map_unavailable,,,,,,,,
2005-01-01,2005-02-01,2005-02-28,,,,,as_of_exact_source_score_release,score_unavailable,12,0.0073747005834695,,0,,,,,,,,,,,,,,,,,,,,,,,,,,,,,,,,,,,,,source_map_unavailable,,,,,,,,
2005-02-01,2005-03-01,2005-03-31,,,,,as_of_exact_source_score_release,score_unavailable,12,0.0165208103745342,,0,,,,,,,,,,,,,,,,,,,,,,,,,,,,,,,,,,,,,source_map_unavailable,,,,,,,,
2005-03-01,2005-04-01,2005-04-30,,,,,as_of_exact_source_score_release,score_unavailable,12,0.3161839898599,,0,,,,,,,,,,,,,,,,,,,,,,,,,,,,,,,,,,,,,source_map_unavailable,,,,,,,,
2005-04-01,2005-05-01,2005-05-31,,,,,as_of_exact_source_score_release,score_unavailable,12,0.019639592597255,,0,,,,,,,,,,,,,,,,,,,,,,,,,,,,,,,,,,,,,source_map_unavailable,,,,,,,,
2005-05-01,2005-06-01,2005-06-30,,,,,as_of_exact_source_score_release,score_unavailable,12,0.0630408582941702,,0,,,,,,,,,,,,,,,,,,,,,,,,,,,,,,,,,,,,,source_map_unavailable,,,,,,,,
2005-06-01,2005-07-01,2005-07-31,,,,,as_of_exact_source_score_release,score_unavailable,12,0.9253118476727552,,0,,,,,,,,,,,,,,,,,,,,,,,,,,,,,,,,,,,,,source_map_unavailable,,,,,,,,
2005-07-01,2005-08-01,2005-08-31,2005-09-01,31.0,False,False,as_of_exact_source_score_release,insufficient_uncertainty_history,12,0.3491950176525355,0.316649910226773,0,,,,,,,,,,,,,,,,,,,,,,,,,,,,,,,,,,,,,source_map_unavailable,,,,,,,,
2005-08-01,2005-09-01,2005-09-30,2005-09-30,29.0,False,True,as_of_exact_source_score_release,insufficient_uncertainty_history,12,-0.545779885724233,-0.4308245603970905,0,,,,,,,,,,,,,,,,,,,,,,,,,,,,,,,,,,,,,source_map_unavailable,,,,,,,,
2005-09-01,2005-10-01,2005-10-31,2005-10-31,30.0,False,True,as_of_exact_source_score_release,insufficient_uncertainty_history,12,-1.6521248965838184,-0.0820282102912122,0,,,,,,,,,,,,,,,,,,,,,,,,,,,,,,,,,,,,,source_map_unavailable,,,,,,,,
2005-10-01,2005-11-01,2005-11-30,2005-12-01,30.0,False,False,as_of_exact_source_score_release,insufficient_uncertainty_history,12,0.3703756445013726,0.308441010944619,0,,,,,,,,,,,,,,,,,,,,,,,,,,,,,,,,,,,,,source_map_unavailable,,,,,,,,
2005-11-01,2005-12-01,2005-12-31,2005-12-22,21.0,False,True,as_of_exact_source_score_release,insufficient_uncertainty_history,12,0.6926484378029637,0.115153379830333,0,,,,,,,,,,,,,,,,,,,,,,,,,,,,,,,,,,,,,source_map_unavailable,,,,,,,,
2005-12-01,2006-01-01,2006-01-31,2006-01-30,29.0,False,True,as_of_exact_source_score_release,insufficient_uncertainty_history,12,0.7867414315208408,0.1814980581770683,0,,,,,,,,,,,,,,,,,,,,,,,,,,,,,,,,,,,,,source_map_unavailable,,,,,,,,
2006-01-01,2006-02-01,2006-02-28,2006-03-01,28.0,False,False,as_of_exact_source_score_release,insufficient_uncertainty_history,12,0.2984341176068297,0.655213940729912,0,,,,,,,,,,,,,,,,,,,,,,,,,,,,,,,,,,,,,source_map_unavailable,,,,,,,,
2006-02-01,2006-03-01,2006-03-31,2006-03-31,30.0,False,True,as_of_exact_source_score_release,insufficient_uncertainty_history,12,0.1743781563165346,0.1467183052155072,0,,,,,,,,,,,,,,,,,,,,,,,,,,,,,,,,,,,,,source_map_unavailable,,,,,,,,
2006-03-01,2006-04-01,2006-04-30,2006-05-01,30.0,False,False,as_of_exact_source_score_release,insufficient_uncertainty_history,12,0.4671262069120755,0.6049652857275838,0,,,,,,,,,,,,,,,,,,,,,,,,,,,,,,,,,,,,,source_map_unavailable,,,,,,,,
2006-04-01,2006-05-01,2006-05-31,2006-05-26,25.0,False,True,as_of_exact_source_score_release,insufficient_uncertainty_history,12,0.2548306972240577,0.9902227223243992,0,,,,,,,,,,,,,,,,,,,,,,,,,,,,,,,,,,,,,source_map_unavailable,,,,,,,,
2006-05-01,2006-06-01,2006-06-30,2006-06-30,29.0,False,True,as_of_exact_source_score_release,insufficient_uncertainty_history,12,-0.121695827532355,0.2240135582669565,0,,,,,,,,,,,,,,,,,,,,,,,,,,,,,,,,,,,,,source_map_unavailable,,,,,,,,
2006-06-01,2006-07-01,2006-07-31,2006-08-01,31.0,False,False,as_of_exact_source_score_release,insufficient_uncertainty_history,12,0.2952162483598892,0.8994549418354344,0,,,,,,,,,,,,,,,,,,,,,,,,,,,,,,,,,,,,,source_map_unavailable,,,,,,,,
2006-07-01,2006-08-01,2006-08-31,2006-08-31,30.0,False,True,as_of_exact_source_score_release,insufficient_uncertainty_history,12,-0.0460867996797118,-0.0205586131797593,0,,,,,,,,,,,,,,,,,,,,,,,,,,,,,,,,,,,,,source_map_unavailable,,,,,,,,
2006-08-01,2006-09-01,2006-09-30,2006-09-29,28.0,False,True,as_of_exact_source_score_release,insufficient_uncertainty_history,12,-0.2046746162376405,-0.3834626847633109,0,,,,,,,,,,,,,,,,,,,,,,,,,,,,,,,,,,,,,source_map_unavailable,,,,,,,,
2006-09-01,2006-10-01,2006-10-31,2006-10-30,29.0,False,True,as_of_exact_source_score_release,insufficient_uncertainty_history,12,-0.1805797862698011,0.6166401292831553,0,,,,,,,,,,,,,,,,,,,,,,,,,,,,,,,,,,,,,source_map_unavailable,,,,,,,,
2006-10-01,2006-11-01,2006-11-30,2006-11-30,29.0,False,True,as_of_exact_source_score_release,insufficient_uncertainty_history,12,0.4195936776801698,-0.8440483456966317,0,,,,,,,,,,,,,,,,,,,,,,,,,,,,,,,,,,,,,source_map_unavailable,,,,,,,,
2006-11-01,2006-12-01,2006-12-31,2006-12-22,21.0,False,True,as_of_exact_source_score_release,insufficient_uncertainty_history,12,0.0508195325266193,0.3841540041296911,0,,,,,,,,,,,,,,,,,,,,,,,,,,,,,,,,,,,,,source_map_unavailable,,,,,,,,
2006-12-01,2007-01-01,2007-01-31,2007-02-01,31.0,False,False,as_of_exact_source_score_release,insufficient_uncertainty_history,12,0.2382150219524544,0.450123447838659,0,,,,,,,,,,,,,,,,,,,,,,,,,,,,,,,,,,,,,source_map_unavailable,,,,,,,,
2007-01-01,2007-02-01,2007-02-28,2007-03-01,28.0,False,False,as_of_exact_source_score_release,insufficient_uncertainty_history,12,-0.4228693386489757,0.2902897489544825,0,,,,,,,,,,,,,,,,,,,,,,,,,,,,,,,,,,,,,source_map_unavailable,,,,,,,,
2007-02-01,2007-03-01,2007-03-31,2007-03-30,29.0,False,True,as_of_exact_source_score_release,insufficient_uncertainty_history,12,0.4784457965760208,0.8009953430032368,0,,,,,,,,,,,,,,,,,,,,,,,,,,,,,,,,,,,,,source_map_unavailable,,,,,,,,
2007-03-01,2007-04-01,2007-04-30,2007-04-30,29.0,False,True,as_of_exact_source_score_release,insufficient_uncertainty_history,12,-0.1855990787330562,-0.3856662462357938,0,,,,,,,,,,,,,,,,,,,,,,,,,,,,,,,,,,,,,source_map_unavailable,,,,,,,,
2007-04-01,2007-05-01,2007-05-31,2007-06-01,31.0,False,False,as_of_exact_source_score_release,insufficient_uncertainty_history,12,0.0735121231576621,-0.1757469807073965,0,,,,,,,,,,,,,,,,,,,,,,,,,,,,,,,,,,,,,source_map_unavailable,,,,,,,,
2007-05-01,2007-06-01,2007-06-30,2007-06-29,28.0,False,True,as_of_exact_source_score_release,insufficient_uncertainty_history,12,-0.1567689573728961,0.0874801385546784,0,,,,,,,,,,,,,,,,,,,,,,,,,,,,,,,,,,,,,source_map_unavailable,,,,,,,,
2007-06-01,2007-07-01,2007-07-31,2007-07-31,30.0,False,True,as_of_exact_source_score_release,insufficient_uncertainty_history,12,0.0375772319729191,0.4669131590107416,0,,,,,,,,,,,,,,,,,,,,,,,,,,,,,,,,,,,,,source_map_unavailable,,,,,,,,
2007-07-01,2007-08-01,2007-08-31,2007-08-31,30.0,False,True,as_of_exact_source_score_release,insufficient_uncertainty_history,12,-0.0649418983875166,0.2984534789264527,0,,,,,,,,,,,,,,,,,,,,,,,,,,,,,,,,,,,,,source_map_unavailable,,,,,,,,
2007-08-01,2007-09-01,2007-09-30,2007-09-28,27.0,False,True,as_of_exact_source_score_release,insufficient_uncertainty_history,12,0.1169089186705839,-0.0490605618725946,0,,,,,,,,,,,,,,,,,,,,,,,,,,,,,,,,,,,,,source_map_unavailable,,,,,,,,
2007-09-01,2007-10-01,2007-10-31,2007-11-01,31.0,False,False,as_of_exact_source_score_release,insufficient_uncertainty_history,12,-0.3200524971660193,0.3742875547155408,0,,,,,,,,,,,,,,,,,,,,,,,,,,,,,,,,,,,,,source_map_unavailable,,,,,,,,
2007-10-01,2007-11-01,2007-11-30,2007-11-30,29.0,False,True,as_of_exact_source_score_release,insufficient_uncertainty_history,12,-0.4392900463564931,-0.2630410932728291,0,,,,,,,,,,,,,,,,,,,,,,,,,,,,,,,,,,,,,source_map_unavailable,,,,,,,,
2007-11-01,2007-12-01,2007-12-31,2007-12-21,20.0,False,True,as_of_exact_source_score_release,insufficient_uncertainty_history,12,0.2168530945189683,0.9445924057031744,0,,,,,,,,,,,,,,,,,,,,,,,,,,,,,,,,,,,,,source_map_unavailable,,,,,,,,
2007-12-01,2008-01-01,2008-01-31,2008-01-31,30.0,False,True,as_of_exact_source_score_release,insufficient_uncertainty_history,12,-0.8733169422134637,0.5846838019418625,0,,,,,,,,,,,,,,,,,,,,,,,,,,,,,,,,,,,,,source_map_unavailable,,,,,,,,
2008-01-01,2008-02-01,2008-02-29,2008-02-29,28.0,False,True,as_of_exact_source_score_release,insufficient_uncertainty_history,12,-0.1846574796943405,0.7889613502629051,0,,,,,,,,,,,,,,,,,,,,,,,,,,,,,,,,,,,,,source_map_unavailable,,,,,,,,
2008-02-01,2008-03-01,2008-03-31,2008-03-28,27.0,False,True,as_of_exact_source_score_release,insufficient_uncertainty_history,12,-0.5806227107949871,-0.0442261662958359,0,,,,,,,,,,,,,,,,,,,,,,,,,,,,,,,,,,,,,source_map_unavailable,,,,,,,,
2008-03-01,2008-04-01,2008-04-30,2008-05-01,30.0,False,False,as_of_exact_source_score_release,insufficient_uncertainty_history,12,-0.7259940985566395,0.0881534463598029,0,,,,,,,,,,,,,,,,,,,,,,,,,,,,,,,,,,,,,source_map_unavailable,,,,,,,,
2008-04-01,2008-05-01,2008-05-31,2008-05-30,29.0,False,True,as_of_exact_source_score_release,insufficient_uncertainty_history,12,-0.6196750986964861,-0.3274009053166013,0,,,,,,,,,,,,,,,,,,,,,,,,,,,,,,,,,,,,,source_map_unavailable,,,,,,,,
2008-05-01,2008-06-01,2008-06-30,2008-06-27,26.0,False,True,as_of_exact_source_score_release,insufficient_uncertainty_history,12,-1.0966790424381734,0.1460527083790603,0,,,,,,,,,,,,,,,,,,,,,,,,,,,,,,,,,,,,,source_map_unavailable,,,,,,,,
2008-06-01,2008-07-01,2008-07-31,2008-08-04,34.0,False,False,as_of_exact_source_score_release,available,12,-0.3421000340876951,0.7988284567711473,35,2008-06-01,,,,,,,,,,,,,,,,,,,,,,,,,,,,,,,,,,,,insufficient_transition_history,,,,,,,,
2008-07-01,2008-08-01,2008-08-31,2008-08-29,28.0,False,True,as_of_exact_source_score_release,available,12,-0.8924553831056379,1.1673486599311405,36,2008-07-01,,,,,,,,,,,,,,,,,,,,,,,,,,,,,,,,,,,,insufficient_transition_history,,,,,,,,
2008-08-01,2008-09-01,2008-09-30,2008-09-29,28.0,False,True,as_of_exact_source_score_release,available,12,-1.669965009833873,0.4856541153052296,37,2008-08-01,,,,,,,,,,,,,,,,,,,,,,,,,,,,,,,,,,,,insufficient_transition_history,,,,,,,,
2008-09-01,2008-10-01,2008-10-31,2008-10-31,30.0,False,True,as_of_exact_source_score_release,available,12,-2.254149606849172,-0.0067644013173234,38,2008-09-01,,,,,,,,,,,,,,,,,,,,,,,,,,,,,,,,,,,,insufficient_transition_history,,,,,,,,
2008-10-01,2008-11-01,2008-11-30,2008-11-26,25.0,False,True,as_of_exact_source_score_release,available,12,-0.999052070602739,-0.7763768273665566,39,2008-10-01,,,,,,,,,,,,,,,,,,,,,,,,,,,,,,,,,,,,insufficient_transition_history,,,,,,,,
2008-11-01,2008-12-01,2008-12-31,2008-12-24,23.0,False,True,as_of_exact_source_score_release,available,12,-1.300674077278579,-0.4519772389586685,40,2008-11-01,,,,,,,,,,,,,,,,,,,,,,,,,,,,,,,,,,,,insufficient_transition_history,,,,,,,,
2008-12-01,2009-01-01,2009-01-31,2009-02-02,32.0,False,False,as_of_exact_source_score_release,available,12,-2.888088661694144,-0.7222584586798584,41,2008-12-01,,,,,,,,,,,,,,,,,,,,,,,,,,,,,,,,,,,,insufficient_transition_history,,,,,,,,
2009-01-01,2009-02-01,2009-02-28,2009-03-02,29.0,False,False,as_of_exact_source_score_release,available,12,-2.275328205302297,0.2110481508686222,42,2009-01-01,,,,,,,,,,,,,,,,,,,,,,,,,,,,,,,,,,,,insufficient_transition_history,,,,,,,,
2009-02-01,2009-03-01,2009-03-31,2009-03-27,26.0,False,True,as_of_exact_source_score_release,available,12,-2.6182393799447534,0.0692847659044797,43,2009-02-01,,,,,,,,,,,,,,,,,,,,,,,,,,,,,,,,,,,,insufficient_transition_history,,,,,,,,
2009-03-01,2009-04-01,2009-04-30,2009-04-30,29.0,False,True,as_of_exact_source_score_release,available,12,-2.471250750975263,-0.264045239016994,44,2009-03-01,,,,,,,,,,,,,,,,,,,,,,,,,,,,,,,,,,,,insufficient_transition_history,,,,,,,,
2009-04-01,2009-05-01,2009-05-31,2009-06-01,31.0,False,False,as_of_exact_source_score_release,available,12,-1.7984971425174063,-0.0680837300344819,45,2009-04-01,,,,,,,,,,,,,,,,,,,,,,,,,,,,,,,,,,,,insufficient_transition_history,,,,,,,,
2009-05-01,2009-06-01,2009-06-30,2009-06-26,25.0,False,True,as_of_exact_source_score_release,available,12,-1.7498325485747368,-0.6086375968742412,46,2009-05-01,,,,,,,,,,,,,,,,,,,,,,,,,,,,,,,,,,,,insufficient_transition_history,,,,,,,,
2009-06-01,2009-07-01,2009-07-31,2009-08-04,34.0,False,False,as_of_exact_source_score_release,available,12,-1.2011205198184307,-0.0526269857018737,47,2009-06-01,,,,,,,,,,,,,,,,,,,,,,,,,,,,,,,,,,,,insufficient_transition_history,,,,,,,,
2009-07-01,2009-08-01,2009-08-31,2009-08-28,27.0,False,True,as_of_exact_source_score_release,available,12,-0.037164199042837,-0.6924136978255652,48,2009-07-01,,,,,,,,,,,,,,,,,,,,,,,,,,,,,,,,,,,,insufficient_transition_history,,,,,,,,
2009-08-01,2009-09-01,2009-09-30,2009-10-01,30.0,False,False,as_of_exact_source_score_release,available,12,-0.0123036899813147,-0.2268279856378743,49,2009-08-01,,,,,,,,,,,,,,,,,,,,,,,,,,,,,,,,,,,,insufficient_transition_history,,,,,,,,
2009-09-01,2009-10-01,2009-10-31,2009-10-30,29.0,False,True,as_of_exact_source_score_release,available,12,-0.7898062505798505,-0.595605654944342,50,2009-09-01,,,,,,,,,,,,,,,,,,,,,,,,,,,,,,,,,,,,insufficient_transition_history,,,,,,,,
2009-10-01,2009-11-01,2009-11-30,2009-11-25,24.0,False,True,as_of_exact_source_score_release,available,12,-0.7565868486699769,-0.5114922994953881,51,2009-10-01,,,,,,,,,,,,,,,,,,,,,,,,,,,,,,,,,,,,insufficient_transition_history,,,,,,,,
2009-11-01,2009-12-01,2009-12-31,2009-12-23,22.0,False,True,as_of_exact_source_score_release,available,12,0.516098950861784,-0.6766542540834031,52,2009-11-01,,,,,,,,,,,,,,,,,,,,,,,,,,,,,,,,,,,,insufficient_transition_history,,,,,,,,
2009-12-01,2010-01-01,2010-01-31,2010-02-01,31.0,False,False,as_of_exact_source_score_release,available,12,0.0038364889926813,-0.5590278321975669,53,2009-12-01,,,,,,,,,,,,,,,,,,,,,,,,,,,,,,,,,,,,insufficient_transition_history,,,,,,,,
2010-01-01,2010-02-01,2010-02-28,2010-03-01,28.0,False,False,as_of_exact_source_score_release,available,12,0.7587189671403385,-0.85084933150977,54,2010-01-01,,,,,,,,,,,,,,,,,,,,,,,,,,,,,,,,,,,,insufficient_transition_history,,,,,,,,
2010-02-01,2010-03-01,2010-03-31,2010-03-29,28.0,False,True,as_of_exact_source_score_release,available,12,-0.0389485284002433,-0.7236528629116258,55,2010-02-01,,,,,,,,,,,,,,,,,,,,,,,,,,,,,,,,,,,,insufficient_transition_history,,,,,,,,
2010-03-01,2010-04-01,2010-04-30,2010-05-03,32.0,False,False,as_of_exact_source_score_release,available,12,0.2920463168245736,-1.1566381060027644,56,2010-03-01,,,,,,,,,,,,,,,,,,,,,,,,,,,,,,,,,,,,insufficient_transition_history,,,,,,,,
2010-04-01,2010-05-01,2010-05-31,2010-05-28,27.0,False,True,as_of_exact_source_score_release,available,12,0.1697828948975748,-0.2996718170688006,57,2010-04-01,,,,,,,,,,,,,,,,,,,,,,,,,,,,,,,,,,,,insufficient_transition_history,,,,,,,,
2010-05-01,2010-06-01,2010-06-30,2010-06-28,27.0,False,True,as_of_exact_source_score_release,available,12,1.2417136297720552,-0.0761477251525481,58,2010-05-01,,,,,,,,,,,,,,,,,,,,,,,,,,,,,,,,,,,,insufficient_transition_history,,,,,,,,
2010-06-01,2010-07-01,2010-07-31,2010-08-03,33.0,False,False,as_of_exact_source_score_release,available,12,-0.0118204162330636,-0.6954075045761827,59,2010-06-01,,,,,,,,,,,,,,,,,,,,,,,,,,,,,,,,,,,,insufficient_transition_history,,,,,,,,
2010-07-01,2010-08-01,2010-08-31,2010-08-30,29.0,False,True,as_of_exact_source_score_release,available,12,0.1252635050931177,-0.2215513174401167,60,2010-07-01,57.0,3.0,2.233409456981483,0.7195087345515283,True,0.5244572572301589,0.17729539522345905,-1.9105087882091237e-16,-8.141635513917814e-17,-0.11251538795091973,0.002518809601913444,0.7277060793152575,-0.14635349377011247,0.017001821201576322,0.4159621587974717,0.4054996160767043,0.04593189610913097,0.24826763112477512,2010-07-01,2010-08-30,0.3213585982973372,-0.0008363046227737,0.271083878206558,0.01106443557841208,-0.0875084469682255,0.4054996160767043,0.04593189610913097,0.24826763112477512,0.7268582143740415,0.04509559148635727,0.5193515093313331,0.07339703854165949,1.0,1.0,1.3804749944734058,available,0.23978076984803698,0.23978076984803698,0.21189520203163198,0.21189520203163198,0.26539651771744976,0.26539651771744976,0.2829275104028812,0.2829275104028812
2010-08-01,2010-09-01,2010-09-30,2010-10-01,30.0,False,False,as_of_exact_source_score_release,available,12,-0.2845820630553425,-0.5818976702857279,61,2010-08-01,58.0,3.0,2.2323617253361014,0.7188615105848897,True,0.522851465363676,0.17928801564097052,-1.7745368016549634e-16,-4.4590924759534976e-17,-0.11874506105309096,-0.007898642526683505,0.7242534902131742,-0.14179897340851408,0.011228294870293178,0.42357836867839344,0.39997615517633983,0.047594654384286866,0.24809195915069876,2010-08-01,2010-10-01,0.3213029323716386,-0.0008363046227737,0.2701952742659501,-0.24234212119766615,-0.25757327976285155,0.39997615517633983,0.047594654384286866,0.24809195915069876,0.7212790875479784,0.04675834976151317,0.5182872334166488,0.0764754866465274,1.0,1.0,1.320162611884831,available,0.15067918450104567,0.15067918450104567,0.20957495134496718,0.20957495134496718,0.2370089821017286,0.2370089821017286,0.40273688205225855,0.40273688205225855
2010-09-01,2010-10-01,2010-10-31,2010-11-01,31.0,False,False,as_of_exact_source_score_release,available,12,-0.4012882426688653,-0.9804017408064792,62,2010-09-01,59.0,3.0,2.219993109355473,0.7195432119097653,True,0.5223507068587849,0.193146526169515,1.0967929073917877e-16,7.162729191130042e-18,-0.12156506622487168,-0.02072298815768113,0.723529817461111,-0.13646216499950575,0.007937297538420748,0.4478482091341555,0.39360969104225874,0.0486651947515244,0.2524239592077175,2010-09-01,2010-11-01,0.3156973669954788,-4.956952611519947e-05,0.2658683601489053,-0.2781213310726294,-0.4629792961906042,0.39360969104225874,0.0486651947515244,0.2524239592077175,0.7093070580377375,0.0486156252254092,0.5182923193566228,0.0801809778153616,1.0,1.0,1.2313370632268044,available,0.1063057908648184,0.1063057908648184,0.15377589442491502,0.15377589442491502,0.264307117217808,0.264307117217808,0.4756111974924586,0.4756111974924586
2010-10-01,2010-11-01,2010-11-30,2010-11-24,23.0,False,True,as_of_exact_source_score_release,available,12,0.102629614804038,-1.0713133824600058,63,2010-10-01,60.0,3.0,2.1755395870125165,0.7210984747682859,True,0.5220628362971762,0.2198525735345649,2.176389580019156e-16,-5.251531132353915e-16,-0.11541124850456921,-0.030555076877327492,0.7248615401722821,-0.15638039187536545,0.005809575132375216,0.47967199441388414,0.3893061367439908,0.04424867762627985,0.25397736819962685,2010-10-01,2010-11-24,0.3123852448391168,-4.956952611519947e-05,0.2651918842587504,0.1265134187199928,-0.5438378692261919,0.3893061367439908,0.04424867762627985,0.25397736819962685,0.7016913815831076,0.04419910810016465,0.5191692524583773,0.07322948041645373,1.0,1.0,1.2184553731042536,available,0.13474723696165863,0.13474723696165863,0.09044608747747834,0.09044608747747834,0.4252767785436156,0.4252767785436156,0.3495298970172474,0.3495298970172474
2010-11-01,2010-12-01,2010-12-31,2010-12-23,22.0,False,True,as_of_exact_source_score_release,available,12,-0.1058823167485847,-0.5595265527802409,64,2010-11-01,61.0,3.0,2.113726200785966,0.7184299904083211,True,0.5218625747602751,0.23019908978354264,2.7625471354930653e-16,3.2959746043559335e-17,-0.11974597522613552,-0.030847707702463024,0.7218149906656687,-0.14370311388028545,0.005603907196838995,0.4805278182197317,0.3837399951356361,0.04357837140894373,0.24981752328475937,2010-11-01,2010-12-23,0.3081283061232767,0.001399253975104,0.2718122638328262,-0.11576771076845205,-0.3003091360228051,0.3837399951356361,0.04357837140894373,0.24981752328475937,0.6918683012589129,0.04497762538404773,0.5216297871175856,0.07486927274440464,1.0,1.0,1.3261660716490455,available,0.16149408339600602,0.16149408339600602,0.1772830913588016,0.1772830913588016,0.283160012488901,0.283160012488901,0.3780628127562914,0.3780628127562914
2010-12-01,2011-01-01,2011-01-31,2011-01-31,30.0,False,True,as_of_exact_source_score_release,available,12,1.0178450707424656,-0.5683307243126589,65,2010-12-01,62.0,3.0,2.1067901042638946,0.7271346206592131,True,0.51580778236985,0.2368466656344016,8.881784197001253e-17,4.355490327375614e-17,-0.1006222906166772,-0.035369146068877394,0.7298310425920486,-0.17407687077303013,0.0037086613032114996,0.48770912624439333,0.39763282724151605,0.038127436111960365,0.24691079818563993,2010-12-01,2011-01-31,0.3058506610769449,0.0006798399055239,0.2714347345199086,0.7411658726129912,-0.30877438441472027,0.39763282724151605,0.038127436111960365,0.24691079818563993,0.703483488318461,0.038807276017484266,0.5183455327055486,0.06426529794716229,1.0,0.9999999999999999,1.1203505122672603,available,0.2773047358228569,0.27730473582285686,0.05670205476465451,0.056702054764654494,0.5342571671010599,0.5342571671010597,0.13173604231142882,0.1317360423114288
2011-01-01,2011-02-01,2011-02-28,2011-02-28,27.0,False,True,as_of_exact_source_score_release,available,12,0.2871243209610895,0.80349108434899,66,2011-01-01,63.0,3.0,2.0874990505811555,0.6935307933986421,True,0.5160904524944444,0.2082871220357455,2.296143073656574e-16,-3.3643121958338078e-18,-0.1113852481420405,-0.009003131871106552,0.7171488728315001,-0.1612023073046442,0.03477616920493759,0.4561703115275608,0.39437014246040525,0.030053233082078815,0.26128840028252814,2011-01-01,2011-02-28,0.3048423918592529,0.0008404051011658,0.2689529444850386,-0.034998981698053,0.3675107303545855,0.39437014246040525,0.030053233082078815,0.26128840028252814,0.6992125343196581,0.030893638183244615,0.5302413447675667,0.05073733585810512,1.0,1.0,1.3087000394832082,available,0.34208910557090016,0.34208910557090016,0.351026083306555,0.351026083306555,0.14121790638694837,0.14121790638694837,0.16566690473559648,0.16566690473559648
2011-02-01,2011-03-01,2011-03-31,2011-03-28,27.0,False,True,as_of_exact_source_score_release,available,12,0.2455466762803115,-0.2237865809110609,67,2011-02-01,64.0,3.0,2.056759212731774,0.7041615128689234,True,0.5180442506646681,0.19359784327358165,-1.623908304675602e-16,-6.628197161941233e-18,-0.10573934756398651,-0.020902819984382377,0.7200487960110122,-0.15024784508053735,0.02866409179379889,0.433081934020129,0.3893709063261098,0.0271328597163347,0.26237122585003425,2011-02-01,2011-03-28,0.3096351935017381,-5.334834422247487e-05,0.2685800369135092,0.10468969259598576,-0.11078237278453565,0.3893709063261098,0.0271328597163347,0.26237122585003425,0.699006099827848,0.027079511372112224,0.5309512627635434,0.0444501275764964,1.0,1.0,1.37360719344743,available,0.24862934450449486,0.24862934450449486,0.19095035452497466,0.19095035452497466,0.3011947927375907,0.3011947927375907,0.2592255082329397,0.2592255082329397
2011-03-01,2011-04-01,2011-04-30,2011-04-29,28.0,False,True,as_of_exact_source_score_release,available,12,0.5846892386984761,-0.5518765986170552,68,2011-03-01,65.0,3.0,2.0587700270769376,0.7124331105474182,True,0.5216906863391089,0.19413753327354732,-1.1102230246251565e-16,1.6326809185664067e-17,-0.09696303233948476,-0.02896779004747359,0.7256806561805228,-0.15505932504542003,0.023488709813464043,0.4375034299308046,0.3868422203216549,0.023534370828664622,0.2612579718000508,2011-03-01,2011-04-29,0.3056865723875472,-0.0001930525579756,0.2682963340666527,0.4129082509508384,-0.25668209898213745,0.3868422203216549,0.023534370828664622,0.2612579718000508,0.6925287927092021,0.023341318270689023,0.5295543058667035,0.038543505552023793,1.0,1.0,1.2733898217965116,available,0.25500262134928253,0.25500262134928253,0.10714344156574818,0.10714344156574818,0.4351118103557535,0.4351118103557535,0.20274212672921577,0.20274212672921577
2011-04-01,2011-05-01,2011-05-31,2011-05-27,26.0,False,True,as_of_exact_source_score_release,available,12,-0.2152054388734969,0.2903115766490572,69,2011-04-01,66.0,3.0,2.046005104645405,0.697256745361012,True,0.5146526711987576,0.18512746823734305,-3.314578885112786e-16,-6.114271729819703e-17,-0.10901287290361154,-0.018474169724080846,0.7142559668848467,-0.13911344438516615,0.03343791628997668,0.4236169377004443,0.3866966549441447,0.018200281282947938,0.2616341875565115,2011-04-01,2011-05-27,0.3025347909767734,0.0009379415041351,0.2722949998100147,-0.30311088509761736,0.0973107099047809,0.3866966549441447,0.018200281282947938,0.2616341875565115,0.6892314459209181,0.019138222787083038,0.5339291873665262,0.031548392319016835,1.0,1.0,1.3393094051396306,available,0.20234936978772428,0.20234936978772428,0.3506226669240836,0.3506226669240836,0.15516676481707553,0.15516676481707553,0.2918611984711166,0.2918611984711166
2011-05-01,2011-06-01,2011-06-30,2011-06-27,26.0,False,True,as_of_exact_source_score_release,available,12,-0.3718887275063922,0.659643546910855,70,2011-05-01,67.0,3.0,2.04935784237659,0.6959191474054047,True,0.5145758788119279,0.18952823237527805,-4.678797032348874e-16,9.976146892703192e-16,-0.11007785607820073,-0.009766786808937254,0.7141533361255922,-0.14018681107722428,0.034277033133350635,0.432392864887946,0.38099427549005266,0.01736274939308058,0.26235592556901616,2011-05-01,2011-06-27,0.3001153906561672,0.0010599087359926,0.2693888439921641,-0.4681367567834942,0.26271113401003726,0.38099427549005266,0.01736274939308058,0.26235592556901616,0.6811096661462199,0.018422658129073177,0.5317447695611803,0.030612031934396735,1.0,1.0,1.2507353184639913,available,0.18664583387539468,0.18664583387539468,0.45403116763523543,0.45403116763523543,0.09863089965296479,0.09863089965296479,0.2606920988364051,0.2606920988364051
2011-06-01,2011-07-01,2011-07-31,2011-08-02,32.0,False,False,as_of_exact_source_score_release,available,12,-0.3160183540273604,-0.1293356285872169,71,2011-06-01,68.0,3.0,2.0360170542799625,0.6966890496024165,True,0.5141559021997801,0.18299192151748844,-9.929459445591189e-17,1.8764332810566026e-17,-0.10786475593404178,-0.015470493468360451,0.713837935759532,-0.1353088792458891,0.035089897916280546,0.4198212276106931,0.37571930146566174,0.01626237930619832,0.2606756158591645,2011-06-01,2011-08-02,0.2963951050187849,0.0009062506991957,0.2662234959660438,-0.3159503864843588,-0.08085738761813759,0.37571930146566174,0.01626237930619832,0.2606756158591645,0.6721144064844466,0.01716863000539402,0.5268991118252082,0.028850298168342614,1.0,1.0,1.3364807573004125,available,0.16370691895144285,0.16370691895144285,0.29194563244614247,0.29194563244614247,0.18626836247016976,0.18626836247016976,0.35807908613224493,0.35807908613224493
2011-07-01,2011-08-01,2011-08-31,2011-08-29,28.0,False,True,as_of_exact_source_score_release,available,12,0.7007477511702902,0.8157125152288556,72,2011-07-01,69.0,3.0,2.0466226990321994,0.6965877594569422,True,0.5047754566933014,0.17408237828792839,-1.2027416100105862e-16,-3.0839528461809902e-18,-0.0937796261650526,-0.0030495958972275613,0.7142188885476398,-0.13964916530826116,0.035425839127908226,0.4159937691850821,0.3850408543291896,0.02904868236886365,0.2683810814954589,2011-07-01,2011-08-29,0.2928241132429315,0.0005204057647082,0.2688128396664219,0.2927940819448382,0.36110630498646984,0.3850408543291896,0.02904868236886365,0.2683810814954589,0.6778649675721211,0.029569088133571852,0.5371939211618808,0.04900053163771623,1.0,1.0,1.2735910067006415,available,0.44666743242108964,0.44666743242108964,0.24221505329062254,0.24221505329062254,0.19227137235880853,0.19227137235880853,0.11884614192947929,0.11884614192947929
2011-08-01,2011-09-01,2011-09-30,2011-09-30,29.0,False,True,as_of_exact_source_score_release,available,12,-0.2028891226263825,-0.4321331388447604,73,2011-08-01,70.0,3.0,2.020272523532736,0.6945592408856973,True,0.5006028389381068,0.15373179389350033,-4.2127640797420324e-16,-4.562560375171876e-17,-0.1036258279379092,-0.01880642515051514,0.7058635744324782,-0.1570665078258192,0.022054870209404068,0.38812087987950833,0.38283850772849776,0.033911854022887856,0.2729936685878071,2011-08-01,2011-09-30,0.289421171987279,0.000222157712294,0.266325751474754,-0.17896422621428054,-0.19100101249046203,0.38283850772849776,0.033911854022887856,0.2729936685878071,0.6722596797157767,0.03413401173518186,0.5393194200625611,0.05668860525605994,1.0,1.0,1.3494621813577428,available,0.17290266370913843,0.17290266370913843,0.22449705604223713,0.22449705604223713,0.24070599611129329,0.24070599611129329,0.36189428413733116,0.36189428413733116
2011-09-01,2011-10-01,2011-10-31,2011-10-28,27.0,False,True,as_of_exact_source_score_release,available,12,0.2487550816313825,-0.5912037047115172,74,2011-09-01,71.0,3.0,2.0223161147910824,0.6956810713419104,True,0.5002444063802394,0.1581451433898765,-1.2302471353954437e-16,8.251657615457245e-18,-0.09768827328069883,-0.024361997030106143,0.7071313023842403,-0.16478796942960122,0.020868699442751583,0.39534559399699687,0.3799687687700596,0.03107414097361003,0.2713569367078111,2011-09-01,2011-10-28,0.2865096899532253,0.0007387966635961,0.2688763256667423,0.17563748958666714,-0.2529005818090836,0.3799687687700596,0.03107414097361003,0.2713569367078111,0.6664784587232848,0.03181293763720613,0.5402332623745534,0.053017598923402,1.0,1.0,1.334490035220415,available,0.22157650856701155,0.22157650856701155,0.14381663093190034,0.14381663093190034,0.36359498614720925,0.36359498614720925,0.2710118743538789,0.2710118743538789
2011-10-01,2011-11-01,2011-11-30,2011-11-23,22.0,False,True,as_of_exact_source_score_release,available,12,0.347668666341121,-0.449907184850095,75,2011-10-01,72.0,3.0,2.0115462704124245,0.6985138726050453,True,0.5036739212041099,0.16248399657771306,2.5646151868841117e-16,-1.4802973661668755e-18,-0.0949671666505581,-0.027478152972476917,0.7090831708907218,-0.16913794333198393,0.018633459346746317,0.4003270955945166,0.3750886562444523,0.030187654268655925,0.2681090342069975,2011-10-01,2011-11-23,0.2852014990170626,0.0012931301957028,0.2667155056740916,0.2276552096337801,-0.20110991961021596,0.3750886562444523,0.030187654268655925,0.2681090342069975,0.6602901552615149,0.03148078446435872,0.5348245398810891,0.0529751837487751,1.0,1.0,1.3375504319516964,available,0.24683205122036883,0.24683205122036883,0.14482725117977996,0.14482725117977996,0.36349157496265155,0.36349157496265155,0.24484912263719966,0.24484912263719966
2011-11-01,2011-12-01,2011-12-31,2011-12-23,22.0,False,True,as_of_exact_source_score_release,available,12,0.4574587485578975,-0.318238700028702,76,2011-11-01,73.0,3.0,2.007140916894025,0.7020159221915174,True,0.5079083293928076,0.16450961815938459,-2.377484174444003e-16,3.7652629552254487e-16,-0.09128170464235028,-0.02935659954610727,0.7119586098420171,-0.17344900132052857,0.017167874181652498,0.40252440276774676,0.37065302092967783,0.02941603351473099,0.2646188235713579,2011-11-01,2011-12-23,0.2822022042619123,0.0008598661940267,0.2672507465119215,0.2896081747425209,-0.14960184797420648,0.37065302092967783,0.02941603351473099,0.2646188235713579,0.6528552251915901,0.030275899708757693,0.5318695700832794,0.05137904692526179,1.0,1.0,1.3328026129667276,available,0.2754825682617055,0.2754825682617055,0.14325175019542002,0.14325175019542002,0.36450604889228233,0.36450604889228233,0.21675963265059217,0.21675963265059217
2011-12-01,2012-01-01,2012-01-31,2012-01-30,29.0,False,True,as_of_exact_source_score_release,available,12,0.3874059346206049,-0.2462523074573492,77,2011-12-01,74.0,3.0,2.0065420799154228,0.7041131992986532,True,0.5118096911221549,0.1654607516224138,1.8563794080582974e-16,-4.0371746350005693e-17,-0.0896825987109504,-0.030936945795598737,0.713318221980331,-0.17471049196880056,0.015824212138159405,0.4037710944193874,0.36576997908628045,0.02889421238700992,0.2611657423927659,2011-12-01,2012-01-30,0.284356582783846,0.0003448148002128,0.2646476203664006,0.22968397554157366,-0.12423611578793373,0.36576997908628045,0.02889421238700992,0.2611657423927659,0.6501265618701264,0.02923902718722272,0.5258133627591666,0.05000899819147696,1.0,1.0,1.3511672480474461,available,0.2719518873416282,0.2719518873416282,0.16003046981030328,0.16003046981030328,0.34017247980052984,0.34017247980052984,0.2278451630475387,0.2278451630475387
2012-01-01,2012-02-01,2012-02-29,2012-03-01,29.0,False,False,as_of_exact_source_score_release,available,12,0.3387308990955858,0.2593169272572647,78,2012-01-01,75.0,3.0,2.008501103849806,0.7027368839170891,True,0.5149630729150416,0.16276829818390448,-2.0781097640419597e-16,-3.700743415417188e-17,-0.08796622257826639,-0.02489989984102029,0.7146519959051579,-0.17574192879873263,0.02051552328137017,0.4001431999136492,0.36104797967074875,0.029053907576306052,0.25960030138139667,2012-01-01,2012-03-01,0.2824237521446559,-0.000190955780262,0.265333268900164,0.10853563356879029,0.08581324686999156,0.36104797967074875,0.029053907576306052,0.25960030138139667,0.6434717318154046,0.02886295179604405,0.5249335702815607,0.04966195750290186,1.0,1.0,1.3755455261503018,available,0.31079759507777804,0.31079759507777804,0.23634329466929627,0.23634329466929627,0.24301627087764022,0.24301627087764022,0.20984283937528547,0.20984283937528547
2012-02-01,2012-03-01,2012-03-31,2012-03-30,29.0,False,True,as_of_exact_source_score_release,available,12,0.3254383698373936,-0.3014653291142212,79,2012-02-01,76.0,3.0,2.0089539760080513,0.7077493844659403,True,0.5172411012910905,0.15871456492546343,-1.9288368370861105e-16,-3.4430967219387765e-17,-0.08449514734671885,-0.031097484509307355,0.7168984856221914,-0.173117086390153,0.01650442893768915,0.3954565590364276,0.3569023644070088,0.02759136667904485,0.25811329275694134,2012-02-01,2012-03-30,0.2806055672377824,-0.0002004901351111,0.2641186587601741,0.2009999265769658,-0.14494275178102278,0.3569023644070088,0.02759136667904485,0.25811329275694134,0.6375079316447911,0.02739087654393375,0.5222319515171154,0.04747133163591582,1.0,1.0,1.3532814559334911,available,0.25921721175192525,0.25921721175192525,0.1613004124379217,0.1613004124379217,0.3401619657607585,0.3401619657607585,0.23932041004939453,0.23932041004939453
2012-03-01,2012-04-01,2012-04-30,2012-04-30,29.0,False,True,as_of_exact_source_score_release,available,12,0.0536291921928456,0.1930619036592519,80,2012-03-01,77.0,3.0,2.010568369056325,0.7042635030104326,True,0.5177488527198866,0.1560974643779781,2.0990154059319366e-16,1.1102230246251566e-17,-0.08666953625620638,-0.026110377827537706,0.7153077447601394,-0.17139618649550883,0.020152899709173944,0.39150955980101465,0.3525431771455954,0.026600222881432174,0.2562125742153568,2012-03-01,2012-04-30,0.277771324344182,0.0001259171457218,0.262083118792997,-0.08139823378019304,0.05055598682018833,0.3525431771455954,0.026600222881432174,0.2562125742153568,0.6303145014897774,0.026726140027153972,0.5182956930083538,0.04675938495372227,1.0,1.0,1.3809475177577581,available,0.24982399847467307,0.24982399847467307,0.278168201411898,0.278168201411898,0.20934537263914033,0.20934537263914033,0.2626624274742886,0.2626624274742886
2012-04-01,2012-05-01,2012-05-31,2012-06-01,31.0,False,False,as_of_exact_source_score_release,available,12,0.648274876672565,0.0819690274721703,81,2012-04-01,78.0,3.0,2.0148291315553073,0.708524068881988,True,0.5155436166089424,0.15668201046321528,-8.498003398365395e-17,1.439177994884462e-17,-0.07636562725913179,-0.02566678588538899,0.7190629863082288,-0.16430437708075413,0.02031456601387706,0.39181486815656547,0.35473824379199115,0.02654827436059219,0.25294024275884414,2012-04-01,2012-06-01,0.2749058284670455,0.0001746391204622,0.2596148674058796,0.37631697151091137,0.019619320583844142,0.35473824379199115,0.02654827436059219,0.25294024275884414,0.6296440722590366,0.02672291348105439,0.5125551101647237,0.047039853678461814,1.0,1.0,1.3175888224211945,available,0.3553199549664621,0.3553199549664621,0.15561128405725,0.15561128405725,0.3270187980762887,0.3270187980762887,0.16204996289999918,0.16204996289999918
2012-05-01,2012-06-01,2012-06-30,2012-06-29,28.0,False,True,as_of_exact_source_score_release,available,12,-0.2751108855123951,-0.3903055120203605,82,2012-05-01,79.0,3.0,2.017010195120478,0.7015139718133365,True,0.5083142893970025,0.1538526223001725,7.311224796312007e-17,4.129488079398448e-17,-0.08690633226105618,-0.03229974867145786,0.709013410921667,-0.16687607016443218,0.013990656982868846,0.3901965755928218,0.35547713240905426,0.029502834591831336,0.25180915658540726,2012-05-01,2012-06-29,0.274646278089676,-0.0014483139166995,0.2586259924547935,-0.21683098957040534,-0.18844460492826268,0.35547713240905426,0.029502834591831336,0.25180915658540726,0.6301234104987303,0.028054520675131835,0.5104351490402008,0.04946747684731243,1.0,1.0,1.3406720396084566,available,0.16271113847310764,0.16271113847310764,0.23327024068786467,0.23327024068786467,0.22965604389602873,0.22965604389602873,0.37436257694299896,0.37436257694299896
2012-06-01,2012-07-01,2012-07-31,2012-07-31,30.0,False,True,as_of_exact_source_score_release,available,12,-0.0740741971281752,0.33259021302274,83,2012-06-01,80.0,3.0,2.023318440670068,0.7015935758889038,True,0.50824072638131,0.14782897133011286,2.240510320779683e-16,6.286805079202694e-17,-0.08528444376175023,-0.02638016779186698,0.7090228876660365,-0.16893961236573793,0.014025245275956236,0.3826650437000283,0.35128408525842747,0.030048023031444916,0.2519973708607798,2012-06-01,2012-07-31,0.2721847299815927,-0.0014483139166995,0.259521339657991,-0.19399240657581213,0.09985157182533934,0.35128408525842747,0.030048023031444916,0.2519973708607798,0.6234688152400202,0.028599709114745415,0.5115187105187708,0.05064347360716386,1.0,1.0,1.360660170170351,available,0.23159393616373458,0.23159393616373458,0.3239229615918189,0.3239229615918189,0.17136938624853315,0.17136938624853315,0.2731137159959134,0.2731137159959134
2012-07-01,2012-08-01,2012-08-31,2012-08-30,29.0,False,True,as_of_exact_source_score_release,available,12,0.326360861118546,-0.3377715989776751,84,2012-07-01,81.0,3.0,2.024959664339274,0.7038858380192372,True,0.5064475034149128,0.14287706694857405,1.559599010782958e-16,5.9476233462061954e-18,-0.07842944044968728,-0.03214530557716892,0.7102537471015581,-0.16081590737473067,0.012990078126199706,0.3758329129966213,0.35022924493218555,0.02691685928672203,0.2512076530388412,2012-07-01,2012-08-30,0.2691037802636859,-0.001115025987979,0.2568590115355547,0.20768863024205972,-0.15485153646521144,0.35022924493218555,0.02691685928672203,0.2512076530388412,0.6193330251958715,0.02580183329874303,0.5080666645743959,0.045996850449955,1.0,1.0,1.3491984456072807,available,0.2569895574820953,0.2569895574820953,0.15701810268854377,0.15701810268854377,0.3470845797990988,0.3470845797990988,0.23890776003026215,0.23890776003026215
2012-08-01,2012-09-01,2012-09-30,2012-09-28,27.0,False,True,as_of_exact_source_score_release,available,12,-0.3207303049616838,-0.7512228333507392,85,2012-08-01,82.0,3.0,2.0261002508342507,0.7015101489438252,True,0.5017416543061943,0.14560832629635367,3.304546179178407e-16,6.269494727295002e-17,-0.08560864006827781,-0.0402477188366178,0.704843127580179,-0.15392007101908475,0.006883676621730325,0.3836155237180582,0.34929070601291745,0.030349705606201052,0.25238890686026283,2012-08-01,2012-09-28,0.2676348741852574,-0.001115025987979,0.2573181212156297,-0.19604491946671176,-0.33063626318357037,0.34929070601291745,0.030349705606201052,0.25238890686026283,0.6169255801981748,0.029234679618222053,0.5097070280758925,0.05213407096149951,1.0,1.0,1.3011951348846376,available,0.13637168899916563,0.13637168899916563,0.18526877390843222,0.18526877390843222,0.26507785557838714,0.26507785557838714,0.413281681514015,0.413281681514015
2012-09-01,2012-10-01,2012-10-31,2012-10-29,28.0,False,True,as_of_exact_source_score_release,available,12,0.7282808870020498,-0.1785607764910756,86,2012-09-01,83.0,3.0,2.0186552858654787,0.70069009325417,True,0.49558615834167263,0.14517275704213917,-2.840105411831796e-17,-1.1618613048402802e-17,-0.0764073864349802,-0.038733874784366844,0.7045214100950358,-0.18027714328907185,0.006830745779825523,0.37927910406473225,0.3550519767996676,0.03162430216554709,0.24961794111023497,2012-09-01,2012-10-29,0.270597710917857,-0.000607318818809,0.2563436772299207,0.468872517710257,-0.10148354451758806,0.3550519767996676,0.03162430216554709,0.24961794111023497,0.6256496877175246,0.03101698334673809,0.5059616183401556,0.055128370325748174,1.0,1.0,1.2759380724497842,available,0.32790676272090014,0.32790676272090014,0.11536810046395285,0.11536810046395285,0.3954270392137469,0.3954270392137469,0.16129809760140013,0.16129809760140013
2012-10-01,2012-11-01,2012-11-30,2012-11-30,29.0,False,True,as_of_exact_source_score_release,available,12,-0.5946660411515603,-0.7532490601552997,87,2012-10-01,84.0,3.0,2.0203886906793107,0.6891998866929773,True,0.47791062787587446,0.1448264523336441,-1.0208947352875003e-16,-4.083578941150001e-17,-0.09225307112331717,-0.04844454372577239,0.6869737047255194,-0.1735231725867205,-0.003922967983652437,0.38341812202580244,0.3639131138452379,0.03926847380919863,0.2515615735084656,2012-10-01,2012-11-30,0.2688793229761044,-0.0004002783546635,0.2538501511702206,-0.3700668378215496,-0.33492102794781514,0.3639131138452379,0.03926847380919863,0.2515615735084656,0.6327924368213422,0.03886819545453513,0.5054117246786862,0.06872916723884787,1.0,1.0,1.252664241812827,available,0.111150298353898,0.111150298353898,0.20763178673721017,0.20763178673721017,0.20974005372711635,0.20974005372711635,0.4714778611817755,0.4714778611817755
2012-11-01,2012-12-01,2012-12-31,2012-12-21,20.0,False,True,as_of_exact_source_score_release,available,12,1.0140441532405449,-0.4600076179993364,88,2012-11-01,85.0,3.0,2.017974902123784,0.6822682838035057,True,0.46054270322683444,0.14940406344662205,1.4887081466564598e-16,-2.1447490248440524e-17,-0.08061655508454324,-0.04949617334273915,0.6799197023281189,-0.21119564791433224,-0.0032854749561395946,0.3868227055512287,0.381450305328943,0.03683468129257882,0.24878022447910064,2012-11-01,2012-12-21,0.2681209544144248,-0.0004002783546635,0.2543756202582116,0.7060036506632359,-0.23076918138131017,0.381450305328943,0.03683468129257882,0.24878022447910064,0.6495712597433678,0.036434402937915326,0.5031558447373122,0.06373045151990732,1.0,1.0,1.1466404118066884,available,0.3079986998212171,0.3079986998212171,0.06446627389625037,0.06446627389625037,0.5014804935066401,0.5014804935066401,0.1260545327758924,0.1260545327758924
2012-12-01,2013-01-01,2013-01-31,2013-01-31,30.0,False,True,as_of_exact_source_score_release,available,12,0.1826305975417361,-0.3508283608491688,89,2012-12-01,86.0,3.0,2.012326936286393,0.6731027611983276,True,0.45766659813612875,0.15143766510627132,7.110417124003812e-17,9.043951605092568e-18,-0.08826534211935015,-0.05125076710687425,0.6689792049337494,-0.20224107891573123,-0.0057951707310830575,0.38887683921372507,0.3800608127477899,0.0371051028335653,0.24604771677380452,2012-12-01,2013-01-31,0.2655844690366543,-0.0006945843581785,0.2510378098798336,0.1048626360330694,-0.18873816667390525,0.3800608127477899,0.0371051028335653,0.24604771677380452,0.6456452817844442,0.0364105184753868,0.49708552665363814,0.06427088990539008,1.0,1.0,1.3576399302302402,available,0.2274926802655869,0.2274926802655869,0.1669734406567699,0.1669734406567699,0.3244234697646864,0.3244234697646864,0.28111040931295683,0.28111040931295683
2013-01-01,2013-02-01,2013-02-28,2013-03-01,28.0,False,False,as_of_exact_source_score_release,available,12,-0.1775591650593413,0.3625575299656011,90,2013-01-01,87.0,3.0,2.016120103823659,0.668437935855043,True,0.45638206210224064,0.14600130376414122,-1.3692750637043598e-16,-3.700743415417188e-17,-0.0915816255899492,-0.04477728383077303,0.6670397046503677,-0.19897987635902248,-0.002009208897670492,0.3825108755082703,0.3765934737583847,0.034919485037286827,0.24665344090077393,2013-01-01,2013-03-01,0.2632990184964296,-0.0006945843581785,0.2500087234384558,-0.282162291094686,0.09426166783278514,0.3765934737583847,0.034919485037286827,0.24665344090077393,0.6398924922548144,0.03422490067910833,0.4966621643392297,0.06070970894149461,1.0,1.0,1.3414086467482282,available,0.20932922587896902,0.20932922587896902,0.343871955077411,0.343871955077411,0.15281527339769901,0.15281527339769901,0.293983545645921,0.293983545645921
2013-02-01,2013-03-01,2013-03-31,2013-03-29,28.0,False,True,as_of_exact_source_score_release,available,12,0.7848186351439528,-0.0546958530765405,91,2013-02-01,88.0,3.0,2.0163660287048284,0.6684379809752393,True,0.44699955277186987,0.14514468200409358,-6.588136629643786e-17,6.1001265089294314e-18,-0.07859690022978517,-0.04659003647871109,0.6671673574757251,-0.18081975276978998,-0.0020270300676039354,0.379975603393524,0.38501392211124724,0.032749680801247835,0.24409808216521647,2013-02-01,2013-03-29,0.2642632210092543,0.0009518458068286,0.2482600584825223,0.45489856530774386,-0.06896397722564578,0.38501392211124724,0.032749680801247835,0.24409808216521647,0.6492771431205016,0.03370152660807643,0.49235814064773875,0.05960654580995281,1.0,1.0,1.2881470214627748,available,0.33700138282164804,0.33700138282164804,0.12385210606805264,0.12385210606805264,0.37680739287342724,0.37680739287342724,0.16233911823687208,0.16233911823687208
2013-03-01,2013-04-01,2013-04-30,2013-04-29,28.0,False,True,as_of_exact_source_score_release,available,12,0.3482643328449309,-0.7765587568672798,92,2013-03-01,89.0,3.0,2.0190959771411547,0.6737051914534613,True,0.44957721827889385,0.14250973291049573,1.7075712824397789e-16,7.361261358927668e-17,-0.08009906097291455,-0.05655795274229364,0.6654553520804163,-0.18075899788171326,-0.01338741643190726,0.3803787557457105,0.3808122718426437,0.033206850901110654,0.24683083090215807,2013-03-01,2013-04-29,0.2624258055200701,0.0008689189436018,0.2457171448998779,0.2920252859450587,-0.3566067660950807,0.3808122718426437,0.033206850901110654,0.24683083090215807,0.6432380773627138,0.03407576984471245,0.49254797580203596,0.06053904063280413,1.0,1.0,1.2671561849677384,available,0.20416790662502282,0.20416790662502282,0.10151709032708711,0.10151709032708711,0.43794477785959374,0.43794477785959374,0.25637022518829633,0.25637022518829633
2013-04-01,2013-05-01,2013-05-31,2013-05-31,30.0,False,True,as_of_exact_source_score_release,available,12,-0.122595920071341,-0.7567359017922995,93,2013-04-01,90.0,3.0,2.0063535856578505,0.6719084545927312,True,0.4469410440966355,0.15150343780795328,-1.3012291363886244e-16,-2.447265806969431e-17,-0.08445989986221458,-0.0607663691724497,0.6615572087016203,-0.1692788330207616,-0.017149309741628163,0.3914576595181639,0.3784237289061179,0.0346161831889501,0.24580440737890616,2013-04-01,2013-05-31,0.2599092921207507,0.0009665035165596,0.244754128529874,-0.03746474418250374,-0.35489399875506716,0.3784237289061179,0.0346161831889501,0.24580440737890616,0.6383330210268686,0.0355826867055097,0.4905585359087802,0.06358719430237655,1.0,1.0,1.3077121372881855,available,0.1562675281258541,0.1562675281258541,0.14991418219518504,0.14991418219518504,0.3250321084791241,0.3250321084791241,0.36878618119983675,0.36878618119983675
2013-05-01,2013-06-01,2013-06-30,2013-06-27,26.0,False,True,as_of_exact_source_score_release,available,12,-0.0810577295932566,-0.4097051743213099,94,2013-05-01,91.0,3.0,2.000203259996534,0.6718749115141083,True,0.4470409001045357,0.15473412409174725,5.1820250218541213e-17,3.6613738046148777e-17,-0.08484551575096395,-0.06125121920004495,0.661482338432322,-0.16815495824563575,-0.017243447076718335,0.39287075148774286,0.3742855215945686,0.03426130352979751,0.24313534477796536,2013-05-01,2013-06-27,0.2590594159598483,0.0011369064007708,0.2427686763741793,-0.06956981578930538,-0.2208146842536744,0.3742855215945686,0.03426130352979751,0.24313534477796536,0.6333449375544169,0.03539820993056831,0.48590402115214465,0.06380958237228598,1.0,1.0,1.3518469175337553,available,0.1844035056981269,0.1844035056981269,0.19130316244405232,0.19130316244405232,0.28076613857540267,0.28076613857540267,0.3435271932824181,0.3435271932824181
2013-06-01,2013-07-01,2013-07-31,2013-08-02,32.0,False,False,as_of_exact_source_score_release,available,12,0.1678269610145262,0.1962078271044668,95,2013-06-01,92.0,3.0,2.00595691418183,0.6718371887453711,True,0.4473449773507543,0.15082368101624344,1.9253604558631004e-16,2.5710427938687835e-17,-0.0825030722213154,-0.05713637106857317,0.6619775491122739,-0.1710954144346844,-0.01637353635516106,0.38770540576988904,0.3708207297694367,0.03494908601877409,0.24235494607845748,2013-06-01,2013-08-02,0.2564878679188642,0.0009482253043777,0.2409515916589675,-0.004975651387725849,0.01618654330664481,0.3708207297694367,0.03494908601877409,0.24235494607845748,0.6273085976883008,0.03589731132315179,0.483306537737425,0.06519435104122366,1.0,1.0,1.3852466857518213,available,0.2637478232459795,0.2637478232459795,0.24553999283318645,0.24553999283318645,0.2337459720905664,0.2337459720905664,0.25696621183026763,0.25696621183026763
2013-07-01,2013-08-01,2013-08-31,2013-08-30,29.0,False,True,as_of_exact_source_score_release,available,12,0.2448443405519834,-0.5706646006811282,96,2013-07-01,93.0,3.0,2.0086511635835556,0.6746639617970942,True,0.44807510013126894,0.14543279439434298,1.682681771697503e-16,1.6190752442450199e-16,-0.07942146916488886,-0.0643753524845065,0.6633678499216007,-0.1685245478840719,-0.019639486426272515,0.38166619343723057,0.3674942259719036,0.033020969460027666,0.24339552746734677,2013-07-01,2013-08-30,0.2546651417814309,0.0009482253043777,0.2393096887034538,0.17917138841578412,-0.28698735545867027,0.3674942259719036,0.033020969460027666,0.24339552746734677,0.6221593677533346,0.03396919476440537,0.48270521617080053,0.06198597458284693,1.0,1.0,1.3170853005899719,available,0.20922401823416248,0.20922401823416248,0.13055430386739064,0.13055430386739064,0.38062346512012013,0.38062346512012013,0.27959821277832675,0.27959821277832675
2013-08-01,2013-09-01,2013-09-30,2013-09-27,26.0,False,True,as_of_exact_source_score_release,available,12,0.3430057786423166,-0.2318970268709018,97,2013-08-01,94.0,3.0,2.007651263756835,0.6757426023758948,True,0.45016840997407004,0.14594230937616726,-7.35379683836766e-17,1.6596117378417288e-17,-0.07777605184081555,-0.06382207071672945,0.6645586148498724,-0.1715409385258298,-0.019239084342933394,0.3806519133988714,0.3638638868586785,0.032763556513860766,0.24083777904690995,2013-08-01,2013-09-27,0.2532104127101767,0.0009947529251781,0.2379449751110643,0.18995122693000843,-0.15869323481206077,0.3638638868586785,0.032763556513860766,0.24083777904690995,0.6170742995688552,0.03375830943903887,0.4787827541579742,0.062107308787074954,1.0,1.0,1.3506324667788907,available,0.25309309922820855,0.25309309922820855,0.15620731415933664,0.15620731415933664,0.34244301521957854,0.34244301521957854,0.24825657139287627,0.24825657139287627
2013-09-01,2013-10-01,2013-10-31,2013-11-08,38.0,False,False,as_of_exact_source_score_release,available,12,0.3632514348887287,-0.3611028915095707,98,2013-09-01,95.0,3.0,2.013078642457431,0.6782256623151905,True,0.45232839898718324,0.1466976503906765,-1.464248223804097e-16,-8.553248812163196e-17,-0.07582928286708239,-0.06609584086556007,0.6660288648199459,-0.17252339996608296,-0.020956294005907622,0.38179940009367963,0.360344990235059,0.03205514644800498,0.23872723772268672,2013-09-01,2013-11-08,0.2501512367301216,0.0010345408746658,0.2363709349934747,0.22840535653688882,-0.21157711208360325,0.360344990235059,0.03205514644800498,0.23872723772268672,0.6104962269651806,0.03308968732267078,0.4750981727161614,0.06144117198186191,1.0,1.0,1.329540718965003,available,0.24226557577256938,0.24226557577256938,0.13717261971084357,0.13717261971084357,0.37271505130462046,0.37271505130462046,0.24784675321196661,0.24784675321196661
2013-10-01,2013-11-01,2013-11-30,2013-12-06,35.0,False,False,as_of_exact_source_score_release,available,12,-0.0338503324580466,-0.4010519606650671,99,2013-10-01,96.0,3.0,2.0170198717467227,0.6768393738469598,True,0.4514356752156634,0.14831278179591145,-3.644671545486625e-17,5.1586120336118384e-17,-0.07863028408215889,-0.06811951205125312,0.6637385537183589,-0.169810679470546,-0.022611001100502237,0.3837592901044761,0.3572952339186113,0.03222974802986664,0.23660788419850656,2013-10-01,2013-12-06,0.2489099048790475,0.0025423550054642,0.2364024885116453,-0.032995148847218624,-0.22126153786662628,0.3572952339186113,0.03222974802986664,0.23660788419850656,0.6062051387976588,0.03477210303533084,0.4730103727101519,0.0649360427371554,1.0,1.0,1.352716757197766,available,0.1904143464374528,0.1904143464374528,0.18342016108868475,0.18342016108868475,0.2926843432578451,0.2926843432578451,0.33348114921601735,0.33348114921601735
2013-11-01,2013-12-01,2013-12-31,2013-12-23,22.0,False,True,as_of_exact_source_score_release,available,12,1.211865136230708,-0.2792144268609278,100,2013-11-01,97.0,3.0,2.0230873855455576,0.6808454457444836,True,0.4440374235711041,0.14920770837408492,-1.4210854715202004e-16,-7.216449660063518e-17,-0.06702409885556905,-0.06865982325898166,0.6667176498056184,-0.18408106173969824,-0.022749689133944956,0.3844236296206963,0.36936672682356614,0.031164030955509996,0.23420277256920727,2013-11-01,2013-12-23,0.2471761792268113,0.0023199665292771,0.2351023631876956,0.7923458648031351,-0.20356600179683643,0.36936672682356614,0.031164030955509996,0.23420277256920727,0.6165429060503774,0.033483997484787094,0.46930513575690286,0.06224837156389853,1.0,1.0,1.098840784028633,available,0.3288661850792887,0.3288661850792887,0.05430932587110249,0.05430932587110249,0.5146698837016825,0.5146698837016825,0.10215460534792625,0.10215460534792625
2013-12-01,2014-01-01,2014-01-31,2014-01-31,30.0,False,True,as_of_exact_source_score_release,available,12,0.4679353699278237,-0.222688762364902,101,2013-12-01,98.0,3.0,2.024514132001231,0.6743371264336397,True,0.4458879163532832,0.14965860103065565,1.75876914792104e-17,8.409114988497473e-17,-0.07111563107666724,-0.06890100346818143,0.6598148000734145,-0.18172818345896352,-0.023156585781098693,0.3845623228156425,0.366628167475503,0.030906774026562202,0.2318165289501509,2013-12-01,2014-01-31,0.2461192737166213,0.0023199665292771,0.2334719446568205,0.27810387574083745,-0.16537449672191257,0.366628167475503,0.030906774026562202,0.2318165289501509,0.6127474411921243,0.0332267405558393,0.4652884736069714,0.06222799958905019,1.0,1.0,1.3280530426602661,available,0.2672280014326163,0.2672280014326163,0.13699094690097918,0.13699094690097918,0.3715807098170802,0.3715807098170802,0.2242003418493243,0.2242003418493243
2014-01-01,2014-02-01,2014-02-28,2014-03-03,30.0,False,False,as_of_exact_source_score_release,available,12,0.0499256413012247,0.3252534410813261,102,2014-01-01,99.0,3.0,2.0299012729877854,0.6692333363089247,True,0.4454691090773424,0.14658565609063412,7.646388968619338e-17,3.428629928989454e-17,-0.07358281422145199,-0.06359607602196143,0.6576244815824926,-0.18063092283143817,-0.01844697161928771,0.3822029973513293,0.3634421529376254,0.029482287361554674,0.23186660452363364,2014-01-01,2014-03-03,0.2452798051048403,0.0021026346672164,0.2311032748146651,-0.09950131945968135,0.05979578716999695,0.3634421529376254,0.029482287361554674,0.23186660452363364,0.6087219580424656,0.03158492202877108,0.46296987933829875,0.059496847751523134,1.0,1.0,1.3779704271520796,available,0.24971893591390854,0.24971893591390854,0.2852953730891753,0.2852953730891753,0.19954071636012133,0.19954071636012133,0.26544497463679484,0.26544497463679484
2014-02-01,2014-03-01,2014-03-31,2014-03-28,27.0,False,True,as_of_exact_source_score_release,available,12,0.1679386996184872,0.136062592414068,103,2014-02-01,100.0,3.0,2.029158764016394,0.6696506790146219,True,0.44528103824315224,0.14809696674974027,-8.623091453399273e-18,-1.7246182906798547e-17,-0.07047616861370293,-0.0627101430327804,0.6584162111203159,-0.17650312588297062,-0.018221191339001824,0.38338013563841505,0.36051096832341395,0.02938800901764036,0.22960512846306078,2014-02-01,2014-03-28,0.2443040398356421,0.0021026346672164,0.2313193933983376,0.016081920812750686,-0.01360649107673223,0.36051096832341395,0.02938800901764036,0.22960512846306078,0.6048150081590561,0.03149064368485676,0.4609245218613984,0.05964243299161925,1.0,1.0,1.3853087709290735,available,0.25955511433690603,0.25955511433690603,0.23245000054652148,0.23245000054652148,0.24869397020376793,0.24869397020376793,0.2593009149128045,0.2593009149128045
2014-03-01,2014-04-01,2014-04-30,2014-05-01,30.0,False,False,as_of_exact_source_score_release,available,12,0.736325532239755,-0.3734049551898643,104,2014-03-01,101.0,3.0,2.03338540166699,0.6734583655960346,True,0.4441204682676242,0.1457700619631681,7.472654973438554e-17,3.7897035936724094e-17,-0.06248677134465617,-0.06670125495794893,0.6618557839946406,-0.1705302115125305,-0.019939433636125797,0.3803963598955024,0.36201081193289375,0.026564684823666602,0.22859685040443373,2014-03-01,2014-05-01,0.2426493433377111,0.0025765358753393,0.2307918814438082,0.4885313670595125,-0.2234250547637961,0.36201081193289375,0.026564684823666602,0.22859685040443373,0.6046601552706048,0.0291412206990059,0.4593887318482419,0.055291948546880944,1.0,1.0,1.2370244248687323,available,0.2793989987848912,0.2793989987848912,0.09143648282131006,0.09143648282131006,0.455682938998961,0.455682938998961,0.17348157939483771,0.17348157939483771
2014-04-01,2014-05-01,2014-05-31,2014-05-30,29.0,False,True,as_of_exact_source_score_release,available,12,0.194058608893292,0.268587080528988,105,2014-04-01,102.0,3.0,2.0360002413956138,0.6656305954221756,True,0.4438003163624944,0.14127678813036282,-1.1207965772406342e-16,1.2159585507799333e-17,-0.06555346627123924,-0.06157734764470216,0.6579222779398215,-0.16745011075001315,-0.013367237534622434,0.37525005379058396,0.3592912899848825,0.02491812507912017,0.22867167006822098,2014-04-01,2014-05-30,0.2417228918904782,0.0025765358753393,0.2325955855961081,0.017147079365066584,0.036615941250541476,0.3592912899848825,0.02491812507912017,0.22867167006822098,0.6010141818753607,0.02749466095445947,0.4612672556643291,0.05221913765000179,1.0,1.0,1.384661553259698,available,0.2736509861348225,0.2736509861348225,0.24784679356953992,0.24784679356953992,0.23517213932610848,0.23517213932610848,0.24333008096952902,0.24333008096952902
2014-05-01,2014-06-01,2014-06-30,2014-06-26,25.0,False,True,as_of_exact_source_score_release,available,12,0.1613030789849232,0.1201820005992745,106,2014-05-01,103.0,3.0,2.036760249205957,0.6660349025923562,True,0.44426040275758905,0.14247547283185902,1.3118437154179326e-16,4.1895208476421005e-17,-0.063923894167519,-0.06063269796316514,0.658629543642613,-0.1655659305833534,-0.012957241364842942,0.3763422976933419,0.35600160077688336,0.024791314276376205,0.22651828668578078,2014-05-01,2014-06-26,0.2465036858605778,0.0024855033643295,0.2311864734194396,0.022417034363881302,-0.017493170643551555,0.35600160077688336,0.024791314276376205,0.22651828668578078,0.6025052866374612,0.027276817640705706,0.4577047601052204,0.05194222566495638,1.0,1.0,1.3852691292176502,available,0.2587481973390105,0.2587481973390105,0.23093755648283848,0.23093755648283848,0.25277166859145545,0.25277166859145545,0.2575425775866956,0.2575425775866956
2014-06-01,2014-07-01,2014-07-31,2014-08-01,31.0,False,False,as_of_exact_source_score_release,available,12,0.56887689029952,-0.0493475604843451,107,2014-06-01,104.0,3.0,2.041609952103331,0.668272269892529,True,0.44397922721296,0.1424987880355435,-2.0025518107724787e-16,-1.153023678611874e-16,-0.05812296180524663,-0.060970847525114995,0.661035346304699,-0.16143690129553756,-0.0130974810824466,0.37610160717020574,0.35541471196097507,0.02438760749163057,0.22434986362708578,2014-06-01,2014-08-01,0.2454982433614997,0.0024140898067121,0.2300239709675732,0.32589128762972364,-0.08698139864214513,0.35541471196097507,0.02438760749163057,0.22434986362708578,0.6009129553224748,0.026801697298342673,0.45437383459465897,0.05129202640118096,1.0,1.0,1.3264602473910743,available,0.30482453358877987,0.30482453358877987,0.143839009055572,0.143839009055572,0.3580803380715462,0.3580803380715462,0.19325611928410186,0.19325611928410186
2014-07-01,2014-08-01,2014-08-31,2014-08-29,28.0,False,True,as_of_exact_source_score_release,available,12,-0.1383386813663759,-0.3302638665466642,108,2014-07-01,105.0,3.0,2.0469306030053143,0.6649493782094935,True,0.4407914307434493,0.14212061959927846,-1.1102230246251565e-16,-2.749857954511383e-17,-0.06309353665309925,-0.06357570674716123,0.6561881740775233,-0.1619943026213062,-0.015637670429411166,0.37580949770032507,0.35404823523120316,0.025213112304043987,0.22276752771586503,2014-07-01,2014-08-29,0.2438790231370146,0.0023567901822518,0.2282218760507021,-0.10036887864095073,-0.18552870983578357,0.35404823523120316,0.025213112304043987,0.22276752771586503,0.5979272583682178,0.02756990248629579,0.45098940376656715,0.05309185318267867,1.0,1.0,1.3565208670151694,available,0.18346302894195088,0.18346302894195088,0.20770872911724336,0.20770872911724336,0.26489927847345895,0.26489927847345895,0.3439289634673468,0.3439289634673468
2014-08-01,2014-09-01,2014-09-30,2014-09-29,28.0,False,True,as_of_exact_source_score_release,available,12,0.3235034984963593,-0.4768709500056892,109,2014-08-01,106.0,3.0,2.0547714256272607,0.665184551214845,True,0.43985858146553247,0.1435802726316303,-1.0389242982730823e-16,0.0,-0.059545085645772974,-0.06601468064913998,0.6561620779951916,-0.1656866215207552,-0.015619733683597148,0.3783473570127249,0.35238405645344856,0.023823349091540047,0.22145769075168917,2014-08-01,2014-09-29,0.2427141478334681,0.001727971220481,0.2276001598371258,0.23173677877414806,-0.25149058271216485,0.35238405645344856,0.023823349091540047,0.22145769075168917,0.5950982042869166,0.025551320312021047,0.449057850588815,0.04942741293652669,1.0,1.0,1.3142694240635215,available,0.2256133301573573,0.2256133301573573,0.12810791817444123,0.12810791817444123,0.39245082728350544,0.39245082728350544,0.25382792438469604,0.25382792438469604
2014-09-01,2014-10-01,2014-10-31,2014-10-31,30.0,False,True,as_of_exact_source_score_release,available,12,0.5507625169664644,-0.4351894229452078,110,2014-09-01,107.0,3.0,2.057538124278912,0.6683158772295964,True,0.44218637040297804,0.1458702976855828,-7.822025855313603e-17,6.762267513625954e-17,-0.056797568684173086,-0.0675967338158419,0.6583298769691592,-0.170144452421925,-0.016867978291172703,0.380914229426029,0.3500253173757862,0.023062564452105368,0.2196978581577474,2014-09-01,2014-10-31,0.2416929829670621,0.001727971220481,0.2279063698199898,0.37983091741640984,-0.24265682769115593,0.3500253173757862,0.023062564452105368,0.2196978581577474,0.5917183003428483,0.024790535672586368,0.4476042279777372,0.04817051843818126,1.0,1.0,1.271776604476673,available,0.2533732504430791,0.2533732504430791,0.10504191389648476,0.10504191389648476,0.43589569549337526,0.43589569549337526,0.20568914016706086,0.20568914016706086
2014-10-01,2014-11-01,2014-11-30,2014-11-26,25.0,False,True,as_of_exact_source_score_release,available,12,0.1641133688276066,0.0721127524107853,111,2014-10-01,108.0,3.0,2.0605448024218576,0.6641846284687136,True,0.44218374361221324,0.1432724905830165,8.576722915460106e-17,4.90098452312006e-17,-0.05873670055135376,-0.06476720173749334,0.6561771940333644,-0.1674969395127393,-0.013726837905397055,0.377051045683258,0.3472066704962243,0.022232771463359533,0.2185628361714514,2014-10-01,2014-11-26,0.2426669806739541,0.0017432466633224,0.2269343127961218,0.036872083980661316,-0.03982977064591406,0.3472066704962243,0.022232771463359533,0.2185628361714514,0.5898736511701783,0.023976018126681934,0.4454971489675732,0.04677083195010053,1.0,1.0,1.3839858194298669,available,0.25464514118071946,0.25464514118071946,0.22156248826949965,0.22156248826949965,0.2645001267672564,0.2645001267672564,0.25929224378252447,0.25929224378252447
2014-11-01,2014-12-01,2014-12-31,2014-12-23,22.0,False,True,as_of_exact_source_score_release,available,12,1.1113016390562027,-0.6036438761122978,112,2014-11-01,109.0,3.0,2.066263082915648,0.6693483606052655,True,0.4377685782841232,0.13971153731098573,5.9476233462061954e-18,1.586032892321652e-17,-0.04800657511943606,-0.07039790692738672,0.6606075858120533,-0.1610183546906377,-0.01605171566566252,0.3736513649048334,0.35449456288119713,0.016532880043873762,0.2194416939133379,2014-11-01,2014-12-23,0.241840346023274,0.0018441297661899,0.2251516305308376,0.7833254615171411,-0.31378856308210584,0.35449456288119713,0.016532880043873762,0.2194416939133379,0.5963349089044712,0.01837700981006366,0.4445933244441755,0.035690140840604706,1.0,1.0,1.0575520134032497,available,0.27247189948692474,0.27247189948692474,0.04648986520904985,0.04648986520904985,0.5723253903663135,0.5723253903663135,0.10871284493771194,0.10871284493771194
2014-12-01,2015-01-01,2015-01-31,2015-02-02,32.0,False,False,as_of_exact_source_score_release,available,12,0.1618846418833378,-1.3451624803750493,113,2014-12-01,110.0,3.0,2.063422751238968,0.6682408851600962,True,0.4329693750418968,0.14961067998943822,-2.456245629701674e-17,-7.466986714293089e-17,-0.05353805657747864,-0.07957822711165845,0.6496934643173918,-0.14997242383891168,-0.03416533145033729,0.3919837380170553,0.3546452502525672,0.021981184874435154,0.22673848906620683,2014-12-01,2015-02-02,0.2417988166439347,0.0004807912057659,0.2244180201183468,0.2533746148664961,-0.6123908868560274,0.3546452502525672,0.021981184874435154,0.22673848906620683,0.5964440668965019,0.022461976080201052,0.45115650918455363,0.04330115544538269,0.9999999999999999,1.0,1.132283548040987,available,0.11802620584483442,0.11802620584483445,0.06292985785702199,0.062929857857022,0.5105477734172064,0.5105477734172065,0.3084961628809371,0.3084961628809372
2015-01-01,2015-02-01,2015-02-28,2015-03-02,29.0,False,False,as_of_exact_source_score_release,available,12,0.1187063397270906,0.130185197604027,114,2015-01-01,111.0,3.0,2.0233059141391183,0.6642748950505956,True,0.4331364951570398,0.1337263570316729,3.579008434646886e-17,1.850371707708594e-17,-0.05413935556968057,-0.07626259653157759,0.6492296714875768,-0.14435453489573974,-0.03160792538563606,0.36100606365363364,0.35160364234789787,0.02093732240566823,0.22935982298307553,2015-01-01,2015-03-02,0.2420053333400292,0.0004807912057659,0.2294167773463269,0.004135498724391867,-0.033017011927473194,0.35160364234789787,0.02093732240566823,0.22935982298307553,0.593608975687927,0.021418113611434128,0.45877660032940243,0.041042174163328254,1.0,1.0,1.3851879725219627,available,0.24783552333850728,0.24783552333850728,0.23272541762880655,0.23272541762880655,0.2543058167228253,0.2543058167228253,0.26513324230986085,0.26513324230986085
2015-02-01,2015-03-01,2015-03-31,2015-03-30,29.0,False,True,as_of_exact_source_score_release,available,12,0.3042688576074968,-0.3912607789357287,115,2015-02-01,112.0,3.0,2.0276852477894303,0.6653387903792674,True,0.4332074600266601,0.1316712634428333,-8.881784197001253e-17,9.654113257610057e-19,-0.051162494177319315,-0.07981582381370794,0.6502041952596591,-0.1419013745743447,-0.03277113186307981,0.358077933978605,0.34925946701885485,0.01980128729432754,0.228444821407908,2015-02-01,2015-03-30,0.2415983468207489,0.0002060442835441,0.2276757789707125,0.20219483587394765,-0.22988891003635728,0.34925946701885485,0.01980128729432754,0.228444821407908,0.5908578138396038,0.02000733157787164,0.4561206003786205,0.03853965604623912,1.0,1.0,1.3284045017288426,available,0.22702416785333435,0.22702416785333435,0.13975684776843544,0.13975684776843544,0.3767175383931368,0.3767175383931368,0.2565014459850934,0.2565014459850934
2015-03-01,2015-04-01,2015-04-30,2015-04-30,29.0,False,True,as_of_exact_source_score_release,available,12,-0.2554199267712225,0.5397717030772727,116,2015-03-01,113.0,3.0,2.033522619630569,0.6602239042759835,True,0.4304090570951329,0.12449701620668996,7.178166107490236e-17,3.924064138761329e-17,-0.054885350568717794,-0.07355436512261364,0.6475931399585202,-0.1376539545732105,-0.02837960740191081,0.3509342136507738,0.34799684865996444,0.016551256464224437,0.23159467778325296,2015-03-01,2015-04-30,0.2416529629533836,0.0002060442835441,0.2272379605187076,-0.29459525244977247,0.12311871029214015,0.34799684865996444,0.016551256464224437,0.23159467778325296,0.5896498116133481,0.016757300747768537,0.4588326383019605,0.03221660931310041,1.0,1.0,1.3303433372372169,available,0.2052763173591462,0.2052763173591462,0.366837912919628,0.366837912919628,0.14534476220341053,0.14534476220341053,0.2825410075178153,0.2825410075178153
2015-04-01,2015-05-01,2015-05-31,2015-06-01,31.0,False,False,as_of_exact_source_score_release,available,12,-0.048614211207465,-0.0529492954286446,117,2015-04-01,114.0,3.0,2.025336642377394,0.658994310486489,True,0.4295762459836988,0.1235784885626584,7.828495686459438e-17,1.356939252319636e-16,-0.05227045329343871,-0.07542605306286265,0.6470971807323654,-0.13238121817786225,-0.028024610319912213,0.34716010090967886,0.34546294838154007,0.016034792941274918,0.2298288977591438,2015-04-01,2015-06-01,0.2426012193183064,-0.0014063869041448,0.2270139696108561,-0.07671908007881359,-0.09244554148186819,0.34546294838154007,0.016034792941274918,0.2298288977591438,0.5880641676998465,0.014628406037130118,0.4568428673699999,0.02822287312000111,1.0,1.0,1.3770264873862992,available,0.20947636620811666,0.20947636620811666,0.23612847624164907,0.23612847624164907,0.2506783324360314,0.2506783324360314,0.3037168251142029,0.3037168251142029
2015-05-01,2015-06-01,2015-06-30,2015-06-25,24.0,False,True,as_of_exact_source_score_release,available,12,0.1805046832402059,0.1859481696527505,118,2015-05-01,115.0,3.0,2.0331235991655525,0.6590715078200309,True,0.4292800429729612,0.1235478835467777,-5.0336382896140573e-17,-3.575294486081012e-17,-0.05002337569054881,-0.0729940371985268,0.6472864073912155,-0.13192232781586394,-0.02781980998916808,0.34765675871933166,0.34302931125552355,0.01651269240396584,0.22849852554673056,2015-05-01,2015-06-25,0.242116427116152,-0.0014063869041448,0.2268090623898256,0.042284136847603376,-0.01336950523715668,0.34302931125552355,0.01651269240396584,0.22849852554673056,0.5851457383716756,0.01510630549982104,0.4553075879365561,0.02926670271222484,1.0,1.0,1.385024059911388,available,0.2615448918173522,0.2615448918173522,0.23055115166326023,0.23055115166326023,0.2604962652054521,0.2604962652054521,0.24740769131393547,0.24740769131393547
2015-06-01,2015-07-01,2015-07-31,2015-08-03,33.0,False,False,as_of_exact_source_score_release,available,12,0.3642003188059753,0.0961289147035836,119,2015-06-01,116.0,3.0,2.0361401229509966,0.6599305053843871,True,0.42955925439046017,0.12434929338161738,8.723180907769087e-17,-1.7376389776171042e-17,-0.04686891864617338,-0.07192106205316828,0.648601973841204,-0.12880068102394893,-0.02737232565730144,0.3487185735968826,0.34095450040334857,0.01667046525503394,0.22663079645342477,2015-06-01,2015-08-03,0.2412256006132564,-0.0014746995794322,0.2246011137285292,0.1769706573250633,-0.04836813376716838,0.34095450040334857,0.01667046525503394,0.22663079645342477,0.582180101016605,0.015195765675601741,0.45123191018195397,0.02964790478017506,1.0,1.0,1.36755565142989,available,0.2834520360373519,0.2834520360373519,0.18784714117001838,0.18784714117001838,0.3082550197618247,0.3082550197618247,0.22044580303080508,0.22044580303080508
2015-07-01,2015-08-01,2015-08-31,2015-08-28,27.0,False,True,as_of_exact_source_score_release,available,12,0.3300514463741048,-0.3453496343234027,120,2015-07-01,117.0,3.0,2.0405269168817903,0.6615242083132002,True,0.43070118665411017,0.12311627198730946,-6.0137080500529315e-18,-4.255854927729767e-17,-0.04539560999287169,-0.0747793267469817,0.6496155562749093,-0.12777569831082825,-0.029338707160617677,0.3467300751962821,0.3382381080946084,0.016144343966944526,0.2254380520902111,2015-07-01,2015-08-28,0.2407197475124321,-0.0014746995794322,0.2241734019243493,0.21313823462984277,-0.2042057141580518,0.3382381080946084,0.016144343966944526,0.2254380520902111,0.5789578556070405,0.014669644387512327,0.4496114540145604,0.028752620173876146,1.0,1.0,1.3326924671231073,available,0.23633004454276413,0.23633004454276413,0.14402691813271845,0.14402691813271845,0.3739756938657917,0.3739756938657917,0.2456673434587257,0.2456673434587257
2015-08-01,2015-09-01,2015-09-30,2015-09-28,27.0,False,True,as_of_exact_source_score_release,available,12,0.3098909793494881,-0.4297462713682141,121,2015-08-01,118.0,3.0,2.046663828699596,0.6627352693603503,True,0.4318780468852783,0.12444581196102167,-8.074349270001139e-17,-4.4271290031540334e-17,-0.0446240991136451,-0.07657779762342752,0.6501884743043818,-0.12853385357733255,-0.03067423776471187,0.3484974127716094,0.33545001243249006,0.015824934611520625,0.22395320283013823,2015-08-01,2015-09-28,0.2392773302482397,-0.0014415214631695,0.2223113827009351,0.2121003882697359,-0.2358489309252017,0.33545001243249006,0.015824934611520625,0.22395320283013823,0.5747273426807298,0.014383413148351124,0.4462645855310733,0.028401077298744356,1.0,1.0,1.3230923699122978,available,0.22497750716658327,0.22497750716658327,0.1370475187252682,0.1370475187252682,0.38519782897045796,0.38519782897045796,0.25277714513769056,0.25277714513769056
2015-09-01,2015-10-01,2015-10-31,2015-10-30,29.0,False,True,as_of_exact_source_score_release,available,12,-0.0880152604171393,-0.1694785073076656,122,2015-09-01,119.0,3.0,2.0517909225335647,0.6606760676046721,True,0.43060311740502866,0.1244034031344129,1.4560301962297136e-17,-1.3650283089653564e-18,-0.04688992189172694,-0.07607671206430545,0.6485301301782145,-0.1253866694447064,-0.030307495801608714,0.3478014145955776,0.33337756912556205,0.015526871752671445,0.22210775054839182,2015-09-01,2015-10-30,0.2392428691036321,-0.0014942728532847,0.2210264675163575,-0.08272012461395521,-0.13235405451388854,0.33337756912556205,0.015526871752671445,0.22210775054839182,0.5726204382291942,0.014032598899386746,0.4431342180647493,0.02785717329246543,1.0,1.0,1.369875762596923,available,0.19659072265113625,0.19659072265113625,0.224609344891413,0.224609344891413,0.25988580195398997,0.25988580195398997,0.3189141305034608,0.3189141305034608
2015-10-01,2015-11-01,2015-11-30,2015-11-25,24.0,False,True,as_of_exact_source_score_release,available,12,0.121328787792362,-0.0785678694638483,123,2015-10-01,120.0,3.0,2.060114255150416,0.6606995554496717,True,0.43036844374443795,0.12433781130564248,1.502862874797468e-16,1.3922918825075643e-16,-0.0452770597391149,-0.07565157036088956,0.6485167787702489,-0.12580626576557008,-0.030311015160232546,0.34769081128437085,0.3309435235967028,0.01548818427790669,0.22028076147778383,2015-10-01,2015-11-25,0.2374778161033383,-0.0014873164897253,0.2206588441998143,0.04329102515849033,-0.10664649536180644,0.3309435235967028,0.01548818427790669,0.22028076147778383,0.568421339700041,0.014000867788181388,0.44093960567759816,0.027965990958460193,1.0,1.0,1.3769263543224337,available,0.2324746282118182,0.2324746282118182,0.20372792548463847,0.20372792548463847,0.2904200294119813,0.2904200294119813,0.27337741689156203,0.27337741689156203
2015-11-01,2015-12-01,2015-12-31,2015-12-23,22.0,False,True,as_of_exact_source_score_release,available,12,-0.1096601180473964,-0.2880788746239976,124,2015-11-01,121.0,3.0,2.067469871584332,0.6604806871319095,True,0.4300399451798349,0.12416639761253356,-7.834235052798484e-17,-2.75317403284061e-17,-0.04656473060818631,-0.07717902013723918,0.648066614014558,-0.125961446605322,-0.030845005694549038,0.34750673401379906,0.32840011110759565,0.015587529591598454,0.21872994071066298,2015-11-01,2015-12-23,0.2380872769574311,-0.0023291849437182,0.2224197903289193,-0.0813449602195273,-0.17390590203055842,0.32840011110759565,0.015587529591598454,0.21872994071066298,0.5664873880650267,0.013258344647880253,0.44114973103958227,0.02652168863411369,1.0,1.0,1.3609621523833095,available,0.18534766628196886,0.18534766628196886,0.21137814519159814,0.21137814519159814,0.27161941820736046,0.27161941820736046,0.33165477031907253,0.33165477031907253
2015-12-01,2016-01-01,2016-01-31,2016-02-01,31.0,False,False,as_of_exact_source_score_release,available,12,-0.0673571264300477,-0.3406695907468911,125,2015-12-01,122.0,3.0,2.0753644835172547,0.6604917470639214,True,0.4300403736976457,0.12476030772768842,-1.0269562977782698e-16,1.8873791418627663e-17,-0.04646232417860243,-0.07839991496646666,0.648060422160306,-0.12604433537708815,-0.030771186083116048,0.34849493830196254,0.3257098961275636,0.01544081631801108,0.21716295515212364,2015-12-01,2016-02-01,0.2386758500998033,-0.002844168079203,0.2214114033939292,-0.04717433981948774,-0.19504888430375633,0.3257098961275636,0.01544081631801108,0.21716295515212364,0.5643857462273669,0.012596648238808081,0.43857435854605287,0.025318930984491617,1.0,1.0,1.3578401255702695,available,0.18632370589448816,0.18632370589448816,0.19785475654491197,0.19785475654491197,0.28864158532124623,0.28864158532124623,0.32717995223935364,0.32717995223935364
2016-01-01,2016-02-01,2016-02-29,2016-02-26,25.0,False,True,as_of_exact_source_score_release,available,12,0.6764631295790464,0.6879519831627675,126,2016-01-01,123.0,3.0,2.0826456802511215,0.6607980109965245,True,0.4273528687101241,0.11782613008643028,-6.520357446211237e-17,-1.586032892321652e-17,-0.04131372726143805,-0.07211746589998816,0.6481619036386623,-0.13151892603596593,-0.03064735579901659,0.3418147033704697,0.32727795236065843,0.02045987889550304,0.2216749717538604,2016-01-01,2016-02-26,0.2389362567772134,-0.002855993802081,0.2202343421883564,0.30666519655800367,0.14230283094079427,0.32727795236065843,0.02045987889550304,0.2216749717538604,0.5662142091378718,0.01760388509342204,0.4419093139422168,0.03519261720619458,1.0,1.0,1.320704078917503,available,0.38992777747226054,0.38992777747226054,0.1948242872820315,0.1948242872820315,0.268267844148477,0.268267844148477,0.14698009109723098,0.14698009109723098
2016-02-01,2016-03-01,2016-03-31,2016-03-28,27.0,False,True,as_of_exact_source_score_release,available,12,-0.113705887246106,0.0882325103210199,127,2016-02-01,124.0,3.0,2.0633341197301975,0.6576325147227313,True,0.4249388593890916,0.11881537799371056,-1.0534005863569398e-16,-1.846729243717042e-17,-0.046091989064384095,-0.07273207084700904,0.6436255385522742,-0.14226353259209562,-0.031230846729100703,0.3404326760526867,0.3260120489651098,0.0204715382339507,0.21990999308834244,2016-02-01,2016-03-28,0.2387993586667259,-0.0037982881294055,0.2200353686811312,-0.13182827058746005,-0.039143710106798395,0.3260120489651098,0.0204715382339507,0.21990999308834244,0.5648114076318358,0.0166732501045452,0.43994536176947363,0.033447923653420156,1.0,1.0,1.375236678607153,available,0.21029726189759035,0.21029726189759035,0.26617280743341254,0.26617280743341254,0.2200810869471953,0.2200810869471953,0.3034488437218018,0.3034488437218018
2016-03-01,2016-04-01,2016-04-30,2016-04-29,28.0,False,True,as_of_exact_source_score_release,available,12,-0.4328119401644561,-0.5361958966990513,128,2016-03-01,125.0,3.0,2.0693274683465885,0.6577130987159554,True,0.42466518990272717,0.11615608555327406,8.673617379884035e-18,1.1752751549742868e-16,-0.04862061533061094,-0.07690790941150333,0.643771538958664,-0.1441055934276821,-0.03098973789638146,0.3373906493292733,0.32412216200304267,0.021493835484418557,0.2201094189673025,2016-03-01,2016-04-29,0.2379563913489856,-0.0039251265179193,0.2214916645440154,-0.24998379624266315,-0.2444026625823674,0.32412216200304267,0.021493835484418557,0.2201094189673025,0.5620785533520283,0.017568708966499258,0.4416010835113179,0.03526356991784005,1.0,1.0,1.3097942234220414,available,0.13667174378798308,0.13667174378798308,0.21984602652076923,0.21984602652076923,0.2327306019860953,0.2327306019860953,0.4107516277051524,0.4107516277051524
2016-04-01,2016-05-01,2016-05-31,2016-05-31,30.0,False,True,as_of_exact_source_score_release,available,12,0.5932383092788439,0.2656979783823697,129,2016-04-01,126.0,3.0,2.0737887862495814,0.6556084048184809,True,0.418482733676954,0.11190151017295591,4.303190017926963e-18,-4.217126217568424e-17,-0.04365200706816572,-0.07390218856668679,0.6395485215635317,-0.1557133056180408,-0.03354441935688454,0.330368654306059,0.3271056721461606,0.024684252886165648,0.22039573162772536,2016-04-01,2016-05-31,0.2372232978493756,-0.0040837946149397,0.2204506373113628,0.29437996605601857,-0.006023739621681665,0.3271056721461606,0.024684252886165648,0.22039573162772536,0.5643289699955362,0.020600458271225947,0.44084636893908813,0.04130161888618363,1.0,1.0,1.338727829812483,available,0.32993842183587446,0.32993842183587446,0.1664422608100375,0.1664422608100375,0.322484463428868,0.322484463428868,0.18113485392522005,0.18113485392522005
2016-05-01,2016-06-01,2016-06-30,2016-06-29,28.0,False,True,as_of_exact_source_score_release,available,12,0.1506774783616455,0.0191903212938631,130,2016-05-01,127.0,3.0,2.0738743532433284,0.6543930453570612,True,0.41862527422447027,0.1123239398549043,-2.796908004344144e-17,-4.622370862141277e-17,-0.045031903230892956,-0.07366007177064267,0.6381994483678101,-0.1573915425718041,-0.0333077107634413,0.3306631180238542,0.3246896670479393,0.024461879965230846,0.21866524658134567,2016-05-01,2016-06-29,0.2361158551656311,-0.0036949657023113,0.2189294512130819,0.04810998607007218,-0.07233326216356871,0.3246896670479393,0.024461879965230846,0.21866524658134567,0.5608055222135704,0.020766914262919545,0.4375946977944276,0.04192082332560343,1.0,1.0,1.3808320667023466,available,0.24654233769977307,0.2465423376997731,0.20992178089845287,0.2099217808984529,0.27906948577781243,0.2790694857778125,0.26446639562396157,0.2644663956239616
2016-06-01,2016-07-01,2016-07-31,2016-08-02,32.0,False,False,as_of_exact_source_score_release,available,12,0.208142477007803,-0.124384862916659,131,2016-06-01,128.0,3.0,2.0801351856693335,0.6548786969351231,True,0.4189284800420283,0.11224850351018734,-5.4875527362197625e-17,-5.847739595353878e-17,-0.043710589317835634,-0.07408983765048964,0.638703117293046,-0.15677807743245892,-0.03347153233276448,0.3304635845271121,0.32235134867948323,0.024206266779862984,0.21697790492816585,2016-06-01,2016-08-02,0.2371920289875342,-0.0036949657023113,0.2179956632572446,0.10873147925791801,-0.1221613529598306,0.32235134867948323,0.024206266779862984,0.21697790492816585,0.5595433776670174,0.020511301077551683,0.43497356818541044,0.04157620984839264,1.0,1.0,1.3684215552394194,available,0.24434435803226884,0.24434435803226884,0.1821814547681646,0.1821814547681646,0.31344146117541893,0.31344146117541893,0.2600327260241476,0.2600327260241476
2016-07-01,2016-08-01,2016-08-31,2016-08-29,28.0,False,True,as_of_exact_source_score_release,available,12,0.5240539225972767,-0.3827696524263637,132,2016-07-01,129.0,3.0,2.087325063664516,0.6569430332421939,True,0.41943076098722376,0.11226441260354969,2.4391263419795106e-17,9.756505367918042e-17,-0.04047812043593551,-0.07611816102164501,0.6403360747404517,-0.15708051912087523,-0.0344961874418116,0.3306533619286709,0.3211780314645082,0.0231868717969219,0.21581781539409872,2016-07-01,2016-08-29,0.2369471526281872,-0.0033479116099606,0.2163879261156326,0.35521816701919134,-0.2207600957842233,0.3211780314645082,0.0231868717969219,0.21581781539409872,0.5581251840926954,0.0198389601869613,0.43220574150973134,0.040393160036860894,1.0,1.0,1.2826267006706071,available,0.257021967858843,0.257021967858843,0.1114904469213262,0.1114904469213262,0.4257544602808234,0.4257544602808234,0.20573312493900742,0.20573312493900742
2016-08-01,2016-09-01,2016-09-30,2016-09-30,29.0,False,True,as_of_exact_source_score_release,available,12,-0.3995703672491592,0.3142034235384848,133,2016-08-01,130.0,3.0,2.0923838789451548,0.6481387146858261,True,0.41245224497692135,0.10829088385979335,1.444124686166557e-16,1.535947643090442e-16,-0.04587739508139722,-0.07229137400119055,0.6340987670923433,-0.1504152282995163,-0.030075436596987165,0.3259292739580447,0.3230246434098796,0.019948646235325825,0.21632638664600967,2016-08-01,2016-09-30,0.2355130975844708,-0.0032997665383248,0.2161365755012677,-0.3465054520047547,0.04213397295407678,0.3230246434098796,0.019948646235325825,0.21632638664600967,0.5585377409943504,0.016648879697001025,0.43246296214727736,0.03387538920977373,1.0,1.0,1.3195859799720355,available,0.17376705773724027,0.17376705773724027,0.3517758872629811,0.3517758872629811,0.1476846735735316,0.1476846735735316,0.32677238142624704,0.32677238142624704
2016-09-01,2016-10-01,2016-10-31,2016-10-31,30.0,False,True,as_of_exact_source_score_release,available,12,-0.0753326863644221,0.065556101855803,134,2016-09-01,131.0,3.0,2.093452374946204,0.6466902642836512,True,0.41143825740479234,0.10908211853849792,6.213934839319906e-18,1.4654529662729446e-17,-0.04358172311397518,-0.072093088879858,0.6328570456022997,-0.14686963992750546,-0.030182688373289773,0.32623551867876976,0.32111205456805064,0.019844152446070185,0.21467916762096478,2016-09-01,2016-10-31,0.2343760027307004,-0.0032926113883045,0.2150020143138377,-0.10088474551846066,-0.048432616991511725,0.32111205456805064,0.019844152446070185,0.21467916762096478,0.5554880572987511,0.016551541057765684,0.4296811819348025,0.03387879114515348,1.0,1.0,1.3785201644491067,available,0.21527272836629163,0.21527272836629163,0.25527764261707764,0.25527764261707764,0.2308911676208193,0.2308911676208193,0.29855846139581144,0.29855846139581144
2016-10-01,2016-11-01,2016-11-30,2016-11-30,29.0,False,True,as_of_exact_source_score_release,available,12,0.0648567870382715,-0.2053549473476349,135,2016-10-01,132.0,3.0,2.0995522583160584,0.646563078490815,True,0.41121203662872985,0.10860228247051507,-1.2335811384723961e-17,1.210965484267069e-16,-0.04226854371963026,-0.07333639324393292,0.6328456769152282,-0.14600591341609093,-0.030171924620590623,0.32541775155141983,0.3188857744621957,0.01949841295314646,0.21323781768259775,2016-10-01,2016-11-30,0.2328751883949582,-0.0032765025410165,0.2140982527027185,0.028758830238156154,-0.14211939256941292,0.3188857744621957,0.01949841295314646,0.21323781768259775,0.5517609628571538,0.01622191041212996,0.4273360703853163,0.033407327696523284,1.0,1.0,1.3707107508520167,available,0.2185544089814468,0.2185544089814468,0.19539214601655153,0.19539214601655153,0.29688736920495434,0.29688736920495434,0.2891660757970473,0.2891660757970473
2016-11-01,2016-12-01,2016-12-31,2016-12-22,21.0,False,True,as_of_exact_source_score_release,available,12,0.227075507683621,-0.508424532399137,136,2016-11-01,133.0,3.0,2.106946295585187,0.6473225315349599,True,0.41139622368586104,0.10897414512875059,1.0061396160665481e-16,-1.8367660333872075e-17,-0.04085068718699378,-0.07595527604358418,0.6332137899685762,-0.14665811578546506,-0.030851855855909854,0.32662241614739884,0.3167814981434938,0.018809949364122888,0.21263537825554396,2016-11-01,2016-12-22,0.2318854265573944,-0.0032765025410165,0.2129387043766224,0.177501239583154,-0.2490238260758644,0.3167814981434938,0.018809949364122888,0.21263537825554396,0.5486669247008882,0.015533446823106388,0.42557408263216634,0.032145919956510186,1.0,1.0,1.323177909363829,available,0.21355034090112723,0.21355034090112723,0.1377814522361362,0.1377814522361362,0.38114234951702053,0.38114234951702053,0.267525857345716,0.267525857345716
2016-12-01,2017-01-01,2017-01-31,2017-01-30,29.0,False,True,as_of_exact_source_score_release,available,12,0.3003796785867303,0.501861102497139,137,2016-12-01,134.0,3.0,2.1101989439912043,0.6462372373862654,True,0.4123037296279347,0.10185516956204888,3.160488902217599e-17,-6.72616868933489e-17,-0.040081752581527214,-0.07125647443945375,0.6337105977812012,-0.14821228446751566,-0.02781596524790317,0.31712521021546103,0.31452860388302467,0.019348771716833118,0.21519896902946206,2016-12-01,2017-01-30,0.2325080994273473,-0.003253025732164,0.2116755021034952,0.07589005261050774,0.07954098248816967,0.31452860388302467,0.019348771716833118,0.21519896902946206,0.547036703310372,0.01609574598466912,0.4268744711329573,0.033308324344988975,1.0,1.0,1.3780263799085115,available,0.3018716215854179,0.3018716215854179,0.2465767511539615,0.2465767511539615,0.23899090031347203,0.23899090031347203,0.21256072694714856,0.21256072694714856
2017-01-01,2017-02-01,2017-02-28,2017-03-01,28.0,False,False,as_of_exact_source_score_release,available,12,-0.4931644628801949,0.8013221471149709,138,2017-01-01,135.0,3.0,2.102694764678768,0.6430904752176194,True,0.4093657092152335,0.10846565669239616,-1.3033052897773578e-16,-7.160133999394125e-17,-0.04544196478251494,-0.06445765271015132,0.6308189914979909,-0.1588133779779034,-0.024148290369797903,0.33057149596129576,0.31454876972131884,0.016224729475557722,0.21738560559248427,2017-01-01,2017-03-01,0.2337134618311954,-0.0030528472123056,0.2101254546112474,-0.48380015093108286,0.2123456868582585,0.31454876972131884,0.016224729475557722,0.21738560559248427,0.5482622315525143,0.01317188226325212,0.42751106020373164,0.027206958737046708,1.0,1.0,1.2298761130332727,available,0.16437507099642346,0.16437507099642346,0.4629456160593587,0.4629456160593587,0.09237768546353653,0.09237768546353653,0.2803016274806813,0.2803016274806813
2017-02-01,2017-03-01,2017-03-31,2017-03-31,30.0,False,True,as_of_exact_source_score_release,available,12,0.0476187456151095,0.0526154028625234,139,2017-02-01,136.0,3.0,2.0823131205893923,0.6385134545808167,True,0.40568371267554815,0.10830846173896769,-2.156548321214333e-17,-1.2979226007308484e-17,-0.040495215280054994,-0.0659445130909527,0.6277636608967174,-0.14449373306683283,-0.023229939841026365,0.32626739431336993,0.3142423719345921,0.015502341624933276,0.21596845422945232,2017-02-01,2017-03-31,0.2334071540702289,-0.0031181881083047,0.2098207916365856,-0.018204493181825668,-0.0498840032941931,0.3142423719345921,0.015502341624933276,0.21596845422945232,0.547649526004821,0.012384153516628577,0.42578924586603795,0.0256458811191362,1.0,1.0,1.38411094959053,available,0.23422739151317062,0.23422739151317062,0.23530410205326413,0.23530410205326413,0.2559597959830884,0.2559597959830884,0.27450871045047687,0.27450871045047687
2017-03-01,2017-04-01,2017-04-30,2017-05-01,30.0,False,False,as_of_exact_source_score_release,available,12,0.5057989138008048,-1.213677062618047,140,2017-03-01,137.0,3.0,2.0882660674284423,0.6398040366122455,True,0.404612896160536,0.10143307341728114,2.061842760018148e-17,-7.612957883143931e-17,-0.03648626031509667,-0.07484826047348657,0.6286040816098398,-0.14219864147516392,-0.02509648456155769,0.3211700769499628,0.31393691386791894,0.010973282028781154,0.22419960856636495,2017-03-01,2017-05-01,0.2325312521594859,-0.0033012082131202,0.2094156261605481,0.4540442308677665,-0.47733879069838414,0.31393691386791894,0.010973282028781154,0.22419960856636495,0.5464681660274049,0.0076720738156609534,0.43361523472691305,0.015760793274467114,1.0,1.0,1.1271346202943082,available,0.17270844837918367,0.17270844837918367,0.06155010453494161,0.06155010453494161,0.557752728971783,0.557752728971783,0.20798871811409184,0.20798871811409184
2017-04-01,2017-05-01,2017-05-31,2017-05-30,29.0,False,True,as_of_exact_source_score_release,available,12,0.6393697027489245,0.001753704329129,141,2017-04-01,138.0,3.0,2.061281249126281,0.6395423869665324,True,0.4081958369486751,0.09532124166912925,4.4487660206610885e-17,-4.0944395234402934e-17,-0.03568180698270801,-0.07276863509746447,0.6299701715773085,-0.14816553108846392,-0.021564949234527064,0.3057448253460019,0.31189915570075294,0.011506823964762153,0.22415981637805646,2017-04-01,2017-05-30,0.2317392768387645,-0.0033012082131202,0.2139111760466684,0.36684219582606714,-0.0860204242555216,0.31189915570075294,0.011506823964762153,0.22415981637805646,0.5436384325395174,0.008205615751641953,0.43807099242472486,0.016814495915905406,1.0,1.0,1.3063634736286318,available,0.3119346466441974,0.3119346466441974,0.1363620664593475,0.1363620664593475,0.37865967010567086,0.37865967010567086,0.17304361679078423,0.17304361679078423
2017-05-01,2017-06-01,2017-06-30,2017-06-30,29.0,False,True,as_of_exact_source_score_release,available,12,0.0582943387046798,-0.6089129972516114,142,2017-05-01,139.0,3.0,2.0664770276802282,0.6388524077648703,True,0.4070185920790499,0.09419907304802122,2.2165368132481117e-16,9.460351125327038e-17,-0.038121819525031096,-0.07690369682922059,0.6270086268489263,-0.14915498039071207,-0.026583845679035017,0.30406801677462353,0.31033055847954705,0.012568433163331741,0.2244865442196434,2017-05-01,2017-06-30,0.2303734299416813,-0.0032774324891894,0.2128900455437013,0.0892516399039702,-0.2636043519958965,0.31033055847954705,0.012568433163331741,0.2244865442196434,0.5407039884212284,0.00929100067414234,0.4373765897633447,0.019105347354731902,1.0,1.0,1.3327632866354637,available,0.19200540285184065,0.19200540285184065,0.1530928003533059,0.1530928003533059,0.356298382482244,0.356298382482244,0.2986034143126095,0.2986034143126095
2017-06-01,2017-07-01,2017-07-31,2017-08-01,31.0,False,False,as_of_exact_source_score_release,available,12,-0.0188907599155838,-0.1418708812239235,143,2017-06-01,140.0,3.0,2.06778426461344,0.6384588444573475,True,0.4068733122774222,0.09380975200170316,4.6485736782819053e-17,6.870960676875968e-17,-0.038724673888176006,-0.0762250772117706,0.6268612772961859,-0.14757788483286277,-0.026417977596751102,0.3022927157241898,0.3081962316686764,0.012385992825649422,0.22298738073070665,2017-06-01,2017-08-01,0.229370593135975,-0.0032774324891894,0.2119987915468157,-0.029629555207553525,-0.11861255550689892,0.3081962316686764,0.012385992825649422,0.22298738073070665,0.5375668248046513,0.009108560336460021,0.43498617227752234,0.0188363080494121,1.0,1.0,1.3754837552071855,available,0.21035814566449906,0.21035814566449906,0.21827986449940262,0.21827986449940262,0.2735242395397718,0.2735242395397718,0.29783775029632653,0.29783775029632653
2017-07-01,2017-08-01,2017-08-31,2017-08-31,30.0,False,True,as_of_exact_source_score_release,available,12,0.3152253079776551,-0.1938091275195824,144,2017-07-01,141.0,3.0,2.0749461381469576,0.6386712585256027,True,0.406384259155652,0.09384941436348448,5.011423375044109e-18,1.3203173122712364e-17,-0.03635976919455497,-0.07674075132596014,0.6270316216425555,-0.14796187848003528,-0.026455121660170583,0.30237644661803675,0.3068479722289089,0.012115523257507152,0.22144573198100262,2017-07-01,2017-08-31,0.2289094857390557,-0.0039702143379302,0.2109495856211602,0.1899728294238222,-0.14368339050038703,0.3068479722289089,0.012115523257507152,0.22144573198100262,0.5357574579679646,0.008145308919576953,0.4323953176021628,0.016923218283448296,1.0,1.0,1.3500875173327636,available,0.2516406917251455,0.2516406917251455,0.16187621922683998,0.16187621922683998,0.35075070608594777,0.35075070608594777,0.23573238296206672,0.23573238296206672
2017-08-01,2017-09-01,2017-09-30,2017-09-29,28.0,False,True,as_of_exact_source_score_release,available,12,-0.734442252538603,0.0985274893916676,145,2017-08-01,142.0,3.0,2.081631082904311,0.6334856421446942,True,0.3985335569209336,0.09325895247753369,-2.2970131543968756e-17,1.125536445654469e-16,-0.042748448112304396,-0.0750668198073064,0.622398892680454,-0.14569436257631618,-0.025241275867185775,0.30178232279538864,0.31065102335097017,0.010467556008592498,0.2202956923037337,2017-08-01,2017-09-29,0.2277844523340041,-0.0039702143379302,0.2101545118074536,-0.514219392593233,-0.02679470569464673,0.31065102335097017,0.010467556008592498,0.2202956923037337,0.5384354756849743,0.006497341670662298,0.4304502041111873,0.013496072825263748,1.0,1.0,1.2456403404787697,available,0.11860213403505276,0.11860213403505276,0.365109523817096,0.365109523817096,0.12311806735433711,0.12311806735433711,0.39317027479351413,0.39317027479351413
2017-09-01,2017-10-01,2017-10-31,2017-10-30,29.0,False,True,as_of_exact_source_score_release,available,12,0.4880352840482815,0.2433072376474452,146,2017-09-01,143.0,3.0,2.088087239212046,0.6253295311465532,True,0.3875302938756635,0.09433576071651295,-7.14801125443594e-17,1.0988166236872268e-16,-0.03585607000111241,-0.07320936304958921,0.6132692130216479,-0.14021840556614779,-0.02770167268588447,0.3032580621105302,0.3154041310847778,0.012260737217027024,0.21925814204012525,2017-09-01,2017-10-30,0.2281189483132281,-0.0041434893004732,0.2092668065275152,0.22932479164834502,-0.01294387536102689,0.3154041310847778,0.012260737217027024,0.21925814204012525,0.5435230793980059,0.008117247916553823,0.42852494856764045,0.016819448816238702,1.0,1.0,1.355983190700289,available,0.30870371139879177,0.30870371139879177,0.1834084496792735,0.1834084496792735,0.31341819735893145,0.31341819735893145,0.19446964156300334,0.19446964156300334
2017-10-01,2017-11-01,2017-11-30,2017-11-30,29.0,False,True,as_of_exact_source_score_release,available,12,0.6062352658400556,0.0530539560689911,147,2017-10-01,144.0,3.0,2.089115864737253,0.6275611519795967,True,0.38925465918709334,0.09484043271451914,-1.6615582681464928e-17,-7.741351022046159e-18,-0.03275951876761375,-0.07266715029532396,0.616092810618008,-0.13641909349276393,-0.02720725469819002,0.30392332979327863,0.31418623141397234,0.012345863721432569,0.21776533078528187,2017-10-01,2017-11-30,0.2285144757131609,-0.0044235213054772,0.2089057243346905,0.3335000974664047,-0.0730368125928652,0.31418623141397234,0.012345863721432569,0.21776533078528187,0.5427007071271333,0.00792234241595537,0.4266710551199724,0.016463676530683386,1.0,1.0,1.3199868706024547,available,0.30962890699224116,0.30962890699224116,0.14585663468726168,0.14585663468726168,0.36499068392794604,0.36499068392794604,0.17952377439255113,0.17952377439255113
2017-11-01,2017-12-01,2017-12-31,2017-12-22,21.0,False,True,as_of_exact_source_score_release,available,12,0.3257050246713394,0.0074974218139073,148,2017-11-01,145.0,3.0,2.093771713864696,0.6272173896565725,True,0.3904242617776752,0.09496388381482646,-9.376883653928687e-17,5.504230704856139e-17,-0.03281918998246613,-0.07205066142721438,0.6160234560393736,-0.13645491624359657,-0.026490722853038023,0.3042934299691869,0.31201984330393284,0.012256447933640864,0.21630763574625272,2017-11-01,2017-12-22,0.2277090435413276,-0.0044278084799972,0.2099708074587308,0.16679968489930216,-0.07839740676794509,0.31201984330393284,0.012256447933640864,0.21630763574625272,0.5397288868452604,0.007828639453643664,0.42627844320498354,0.016321188301631505,1.0,1.0,1.3654495949250836,available,0.2692293923969733,0.2692293923969733,0.1829822110741443,0.1829822110741443,0.32057530786332444,0.32057530786332444,0.227213088665558,0.227213088665558
2017-12-01,2018-01-01,2018-01-31,2018-01-29,28.0,False,True,as_of_exact_source_score_release,available,12,0.4257981279479413,0.498123775582603,149,2017-12-01,146.0,3.0,2.099477720277046,0.6272893582267163,True,0.39137369901818264,0.09476399040753525,1.7100415043723048e-16,2.756929658465154e-17,-0.03093869776732884,-0.06786475365684021,0.6173327455611127,-0.13563724924474008,-0.023576291653269438,0.30611352718444806,0.31033807118077916,0.01318609252154987,0.21708229770818813,2017-12-01,2018-01-29,0.226305783033468,-0.0043874296834967,0.209312971014534,0.16435629091012727,0.07457893141126805,0.31033807118077916,0.01318609252154987,0.21708229770818813,0.5366438542142471,0.008798662838053169,0.42639526872272215,0.01839362836017895,1.0,1.0,1.3662466623699734,available,0.3239854059556057,0.3239854059556057,0.22147953990620167,0.22147953990620167,0.26477555966690797,0.26477555966690797,0.18975949447128465,0.18975949447128465
2018-01-01,2018-02-01,2018-02-28,2018-03-01,28.0,False,False,as_of_exact_source_score_release,available,12,-0.2220290047892426,0.6281229652380124,150,2018-01-01,147.0,3.0,2.0929343961450444,0.6240647116076344,True,0.38965744004675507,0.09960674774861578,-2.590520390792032e-17,-6.143234069592533e-17,-0.03424004697809188,-0.0631351685004256,0.6148441049171308,-0.14218330914430066,-0.020011010582411393,0.3154915559107101,0.30922249697111476,0.011670117077616862,0.21764885893408206,2018-01-01,2018-03-01,0.2253509360616948,-0.0043580578887792,0.2087898867634952,-0.2600618734404462,0.1394753478702036,0.30922249697111476,0.011670117077616862,0.21764885893408206,0.5345734330328096,0.007312059188837662,0.4264387456975772,0.015314671435236682,1.0,1.0,1.3327432483470156,available,0.21328391523313772,0.21328391523313772,0.37128042436688413,0.37128042436688413,0.1477520394590064,0.1477520394590064,0.26768362094097176,0.26768362094097176
2018-02-01,2018-03-01,2018-03-31,2018-03-29,28.0,False,True,as_of_exact_source_score_release,available,12,0.5005198671155343,0.2508208929737748,151,2018-02-01,148.0,3.0,2.0826615153513766,0.6216544723635351,True,0.3845272723308254,0.10221323032654528,-4.999679845994083e-17,4.374719865244822e-17,-0.027918065231001068,-0.062209660476462175,0.6131962237099374,-0.12693506422222267,-0.020252252544316396,0.31772382635869734,0.3109582452441445,0.0121512398192412,0.21626023619243184,2018-02-01,2018-03-29,0.2244880801574157,-0.0047268715796251,0.2110994869275214,0.2471608610181429,0.007345458617599374,0.3109582452441445,0.0121512398192412,0.21626023619243184,0.5354463254015602,0.0074243682396161,0.42735972311995324,0.015520465341432935,1.0,1.0,1.3508172796646314,available,0.3212831617251921,0.3212831617251921,0.18319936666724612,0.18319936666724612,0.3109487705115729,0.3109487705115729,0.18456870109598889,0.18456870109598889
2018-03-01,2018-04-01,2018-04-30,2018-04-30,29.0,False,True,as_of_exact_source_score_release,available,12,0.2965951023340065,0.1319748238549388,152,2018-03-01,149.0,3.0,2.0842649592510565,0.6216373965777887,True,0.38544494556796005,0.1030109749530479,6.044141795245507e-17,2.7755575615628914e-17,-0.027536669683055102,-0.061248118764086056,0.6135575863953069,-0.12646323519725855,-0.019341215965230474,0.3189133611895464,0.30888745231504733,0.012110467298357635,0.21491163479465247,2018-03-01,2018-04-30,0.2245484706799701,-0.0047876489243311,0.2101475951571523,0.1377515422523831,-0.024896094024580852,0.30888745231504733,0.012110467298357635,0.21491163479465247,0.5334359229950174,0.0073228183740265355,0.4250592299518048,0.015378444427159509,1.0,1.0,1.374551131314677,available,0.2810477769018225,0.2810477769018225,0.20372183328510707,0.20372183328510707,0.2937513802158034,0.2937513802158034,0.22147900959726707,0.22147900959726707
2018-04-01,2018-05-01,2018-05-31,2018-05-31,30.0,False,True,as_of_exact_source_score_release,available,12,0.7048876190177007,0.0953291140722926,153,2018-04-01,150.0,3.0,2.088579973495607,0.6237245199760084,True,0.385739063262863,0.10344998265666483,3.55561622265573e-17,5.1520153430317724e-17,-0.023431025054069354,-0.06037777741195958,0.6161213980835462,-0.12298921411232633,-0.018797722425729746,0.31964980685925437,0.3089523598978969,0.012480023574272752,0.21357434655417581,2018-04-01,2018-05-31,0.2236499248584143,-0.0047913897089183,0.2085416376368012,0.39914086744512284,-0.0431561263143157,0.3089523598978969,0.012480023574272752,0.21357434655417581,0.5326022847563112,0.007688633865354452,0.422115984190977,0.016215553174463875,1.0,1.0,1.2958208373273088,available,0.33736648029927796,0.33736648029927796,0.13615355802293272,0.13615355802293272,0.3704170526692703,0.3704170526692703,0.15606290900851905,0.15606290900851905
2018-05-01,2018-06-01,2018-06-30,2018-06-29,28.0,False,True,as_of_exact_source_score_release,available,12,0.0190998028660649,0.4091126077126583,154,2018-05-01,151.0,3.0,2.0930495676894885,0.6184446863559039,True,0.38387861865215833,0.10394080218963386,2.4871879447771363e-17,6.27203916509017e-17,-0.02619228426778211,-0.05709173459895615,0.6123934456431556,-0.12492772028114096,-0.014361264137740415,0.32195673053826357,0.3078487874589139,0.011275786223949265,0.21349469548393216,2018-05-01,2018-06-29,0.2228235888219456,-0.0047913897089183,0.2082292574731888,-0.06560519559934273,0.07435052568825617,0.3078487874589139,0.011275786223949265,0.21349469548393216,0.5306723762808595,0.006484396515030965,0.42172395295712095,0.013706992927707308,1.0,1.0,1.3795196311966846,available,0.2553711412487256,0.2553711412487256,0.29020441812678976,0.29020441812678976,0.20874919896433264,0.20874919896433264,0.24567524166015198,0.24567524166015198
2018-06-01,2018-07-01,2018-07-31,2018-07-31,30.0,False,True,as_of_exact_source_score_release,available,12,0.1027069495218224,-0.0493358495570647,155,2018-06-01,152.0,3.0,2.0913010490066313,0.6184681943134256,True,0.3836664971958277,0.10355048587402549,-9.239920656557755e-17,-3.5097373036537204e-17,-0.02491650880135917,-0.05802925484121278,0.612522523374526,-0.12264301931293853,-0.014456118592280576,0.3202777882309632,0.3060073909189395,0.011066444153304593,0.21218944866889178,2018-06-01,2018-07-31,0.2220460484573523,-0.0047325644484683,0.2070149878599369,0.044044508637894865,-0.07531517546038385,0.3060073909189395,0.011066444153304593,0.21218944866889178,0.5280534393762918,0.006333879704836293,0.41920443652882866,0.013462258882895699,1.0,1.0,1.3807955328697368,available,0.23993699146761366,0.23993699146761366,0.21376086692846485,0.21376086692846485,0.2842285788968693,0.2842285788968693,0.26207356270705223,0.26207356270705223
2018-07-01,2018-08-01,2018-08-31,2018-08-30,29.0,False,True,as_of_exact_source_score_release,available,12,0.1995379032146353,0.2919692600221122,156,2018-07-01,153.0,3.0,2.097747927373611,0.6184758740160787,True,0.383798726683667,0.10331763383393722,5.195274410104899e-17,-8.433424898594939e-17,-0.023899091637627958,-0.05562605636677932,0.6128034673840865,-0.1225044792109346,-0.01379251251284025,0.3206050280040408,0.3041643136590652,0.011364889188838899,0.211678381003363,2018-07-01,2018-08-30,0.2219653516421988,-0.0046777820159129,0.2057330050789022,0.06261088518224,0.03522862739205526,0.3041643136590652,0.011364889188838899,0.211678381003363,0.526129665301264,0.006687107172925999,0.4174113860822652,0.014269532435341655,1.0,1.0,1.3829398099726578,available,0.2810751075091335,0.2810751075091335,0.2406673422887049,0.2406673422887049,0.2533182418149313,0.2533182418149313,0.2249393083872303,0.2249393083872303
2018-08-01,2018-09-01,2018-09-30,2018-09-28,27.0,False,True,as_of_exact_source_score_release,available,12,0.2289454380724094,-0.2895832440704905,157,2018-08-01,154.0,3.0,2.09916516685535,0.6192377522534489,True,0.3839992386514972,0.10150257244403738,-1.5256727233304302e-16,-3.040738220310938e-17,-0.022689316988299988,-0.05798845889270279,0.6133179427927984,-0.12080210768521066,-0.014797160779969398,0.3172807007876752,0.3023669233479311,0.010944080172169178,0.2109814761856106,2018-08-01,2018-09-28,0.2217458259859605,-0.0043055647581443,0.2051054753536335,0.15270929433610222,-0.15325537596475436,0.3023669233479311,0.010944080172169178,0.2109814761856106,0.5241127493338915,0.006638515414024878,0.41608695153924413,0.014215644608611454,1.0,1.0,1.3544947303898185,available,0.23912301145615836,0.23912301145615836,0.16697749442876716,0.16697749442876716,0.34440883765493147,0.34440883765493147,0.24949065646014304,0.24949065646014304
2018-09-01,2018-10-01,2018-10-31,2018-10-29,28.0,False,True,as_of_exact_source_score_release,available,12,0.3960747981534753,0.1564604496284416,158,2018-09-01,155.0,3.0,2.104910971362059,0.6196676199722306,True,0.38471077727209846,0.10028335475571781,1.9147833810781972e-17,-2.3188202413057067e-17,-0.021235526007871403,-0.056138311412140755,0.6141463282154227,-0.12220046474493895,-0.01374292724623899,0.31550110053852587,0.3007950610150954,0.01135566501055096,0.2102339602705378,2018-09-01,2018-10-29,0.2216081345691427,-0.0042946055671196,0.2045805308050101,0.20289281731795245,-0.012218094498706839,0.3007950610150954,0.01135566501055096,0.2102339602705378,0.5224031955842381,0.00706105944343136,0.4148144910755479,0.015168407775546611,1.0,1.0,1.3614954923573444,available,0.30296763890838113,0.30296763890838113,0.18946471980794355,0.18946471980794355,0.3075673986900204,0.3075673986900204,0.20000024259365495,0.20000024259365495
2018-10-01,2018-11-01,2018-11-30,2018-11-29,28.0,False,True,as_of_exact_source_score_release,available,12,0.3022168518911169,0.0965052470025499,159,2018-10-01,156.0,3.0,2.1089282790523947,0.6199585290982619,True,0.38547241381825004,0.10073712041757266,2.6882758772370143e-17,-8.283031842525736e-17,-0.02054485151370698,-0.055382276488489535,0.6147024759591716,-0.1215562474857837,-0.013134149709878251,0.3162062818510765,0.29892948224728366,0.011351390495225763,0.20896130895498638,2018-10-01,2018-11-29,0.2208683789743441,-0.0041107774403585,0.2037487074843631,0.15349777993203023,-0.028836072532279516,0.29892948224728366,0.011351390495225763,0.20896130895498638,0.5197978612216277,0.0072406130548672626,0.41271001643934946,0.01563275747166031,1.0,1.0,1.3713238053825794,available,0.2841198227534869,0.2841198227534869,0.197979154042707,0.197979154042707,0.30017945366357535,0.30017945366357535,0.2177215695402308,0.2177215695402308
2018-11-01,2018-12-01,2018-12-31,2018-12-21,20.0,False,True,as_of_exact_source_score_release,available,12,0.3296630034628864,0.5278080862638044,160,2018-11-01,157.0,3.0,2.1139354042379193,0.6197678332553636,True,0.3860959595964134,0.10135767609955415,6.938893903907229e-19,5.134781488891349e-17,-0.019358947667590467,-0.051635075789034215,0.6154638482671415,-0.12071234634901995,-0.010728377223084784,0.3188728276594123,0.29722146254109794,0.011898373989219304,0.20958715349202034,2018-11-01,2018-12-21,0.2206560001413997,-0.0041230993823091,0.2027799391045367,0.11982376056009184,0.11313183208176313,0.29722146254109794,0.011898373989219304,0.20958715349202034,0.5178774626824976,0.007775274606910204,0.412367092596557,0.016825199801266004,1.0,1.0,1.3676585052491281,available,0.32524533418199914,0.32524533418199914,0.24467620278439195,0.24467620278439195,0.24087521733033185,0.24087521733033185,0.18920324570327707,0.18920324570327707
2018-12-01,2019-01-01,2019-01-31,2019-03-01,59.0,False,False,as_of_exact_source_score_release,available,12,-0.5481786083856552,0.5556801197025594,161,2018-12-01,158.0,3.0,2.1082562713268835,0.6163165980761487,True,0.3825315239900945,0.10578811136425204,-3.5168555438436634e-17,1.3446800608814009e-17,-0.024384065088166415,-0.048305960185628355,0.6123778383796126,-0.131630684362534,-0.008683910833748476,0.3261061729530394,0.2981146256352691,0.009985100025335989,0.20947829715796226,2018-12-01,2019-03-01,0.2193489812342162,-0.004114962666409,0.2014033651671617,-0.43322105078042084,0.13766509119284945,0.2981146256352691,0.009985100025335989,0.20947829715796226,0.5174636068694853,0.005870137358926989,0.41088166232512396,0.012730632414585627,1.0,1.0,1.2653059262067308,available,0.16165879833248598,0.16165879833248598,0.4233663047984624,0.4233663047984624,0.11184837600305297,0.11184837600305297,0.30312652086599867,0.30312652086599867
2019-01-01,2019-02-01,2019-02-28,2019-03-29,56.0,False,False,as_of_exact_source_score_release,available,12,-0.3049042259592325,0.2876631521202786,162,2019-01-01,159.0,3.0,2.102461162037867,0.6158810451952249,True,0.3829315107064053,0.10829138837146002,5.585381265861127e-17,2.05596856412066e-17,-0.023465143804288147,-0.047231772050761615,0.6115092389365251,-0.1294770550423347,-0.009699274425915339,0.3286236933361736,0.29634115400393385,0.010040907636785352,0.20829947117232914,2019-01-01,2019-03-29,0.2213524033616357,-0.0040193835451552,0.2005482282401881,-0.24716267274987752,0.050258505196929766,0.29634115400393385,0.010040907636785352,0.20829947117232914,0.5176935573655695,0.006021524091630152,0.4088476994125172,0.013088481665646662,1.0,1.0,1.3477254488896515,available,0.19621264464004484,0.19621264464004484,0.33511241091120203,0.33511241091120203,0.1693926474056947,0.1693926474056947,0.2992822970430584,0.2992822970430584
2019-02-01,2019-03-01,2019-03-31,2019-04-29,59.0,False,False,as_of_exact_source_score_release,available,12,0.0195743090918186,-0.0682211758473318,163,2019-02-01,160.0,3.0,2.104752662256267,0.6146575046560532,True,0.38202993763984405,0.1079174773556355,7.73069406717517e-17,-2.179578944049387e-17,-0.0216849433272844,-0.0480225044915876,0.6105567414281624,-0.1269452503555758,-0.00927619248127054,0.32749911207382876,0.2949290345407787,0.009782706361271962,0.2070844128339381,2019-02-01,2019-04-29,0.2225229568199273,-0.0034229041341168,0.2010287165355396,-0.001073362704984683,-0.07054645406504488,0.2949290345407787,0.009782706361271962,0.2070844128339381,0.517451991360706,0.006359802227155162,0.40811312936947775,0.013839432947020341,1.0,1.0,1.3823840636421925,available,0.22993502555721035,0.22993502555721035,0.2260993738730248,0.2260993738730248,0.2694696943289464,0.2694696943289464,0.27449590624081843,0.27449590624081843
2019-03-01,2019-04-01,2019-04-30,2019-04-29,28.0,False,True,as_of_exact_source_score_release,available,12,0.3112170434578629,-0.1826745304919458,164,2019-03-01,161.0,3.0,2.111137695252651,0.6148803680352903,True,0.3817003737837059,0.1078848440611373,6.024990804368228e-17,1.2100754003155288e-17,-0.01977551920675637,-0.04870808448217589,0.6107517054413367,-0.12694942899409312,-0.009346194438866195,0.3275006124167459,0.293699212724579,0.0095057829515835,0.20587578708738172,2019-03-01,2019-04-29,0.2225229568199273,-0.0034229041341168,0.2010287165355396,0.19349124818526053,-0.11144280009207591,0.293699212724579,0.0095057829515835,0.20587578708738172,0.5162221695445063,0.0060828788174667,0.4069045036229213,0.013272251124703498,1.0,1.0,1.3539026454824408,available,0.26304854935927213,0.26304854935927213,0.16760710163546416,0.16760710163546416,0.34310362031438746,0.34310362031438746,0.2262407286908763,0.2262407286908763
2019-04-01,2019-05-01,2019-05-31,2019-05-31,30.0,False,True,as_of_exact_source_score_release,available,12,0.010322561143437,0.3623059809325931,165,2019-04-01,162.0,3.0,2.117222730811875,0.6131476442731486,True,0.3812772007644645,0.10637101722634346,6.7286243916676156e-18,-4.003531513042231e-17,-0.02086886005289058,-0.04588026002448175,0.609947958852131,-0.12639555371777833,-0.007267378605010755,0.3260680655047624,0.2920917246926313,0.008915676040874683,0.20597944121646464,2019-04-01,2019-05-31,0.2228330313224805,-0.0024522709906674,0.2008857847489747,-0.06036650002856281,0.0721811323390115,0.2920917246926313,0.008915676040874683,0.20597944121646464,0.5149247560151118,0.006463405050207283,0.40686522596543934,0.014120959283013322,1.0,1.0,1.3799409070618487,available,0.25647867060904544,0.25647867060904544,0.2885700402475078,0.2885700402475078,0.20999992779387638,0.20999992779387638,0.24495136134957035,0.24495136134957035
2019-05-01,2019-06-01,2019-06-30,2019-06-28,27.0,False,True,as_of_exact_source_score_release,available,12,0.0762528453689883,0.1279407996730824,166,2019-05-01,163.0,3.0,2.1174212218454094,0.6131741033298306,True,0.38112355228380856,0.10720044271382179,5.8520791960663375e-18,-9.53888908958813e-17,-0.019941614284282344,-0.04550181497012962,0.6100199931971495,-0.12483534985325495,-0.007237978587734728,0.32670484537079103,0.2904130075918145,0.008907203093015702,0.20473462965895903,2019-05-01,2019-06-28,0.223258042867024,-0.0024232977998026,0.200103987688337,0.010602611441276746,-0.004254852258354466,0.2904130075918145,0.008907203093015702,0.20473462965895903,0.5136710504588384,0.006483905293213101,0.40483861734729604,0.014218479333035855,1.0,1.0,1.3861695026345278,available,0.25386384705226034,0.25386384705226034,0.24346837089121875,0.24346837089121875,0.2520376816829643,0.2520376816829643,0.25063010037355665,0.25063010037355665
2019-06-01,2019-07-01,2019-07-31,2019-07-30,29.0,False,True,as_of_exact_source_score_release,available,12,-0.1323977783037503,0.4332827180252437,167,2019-06-01,164.0,3.0,2.122230328852821,0.6127684969444104,True,0.38094652926584616,0.10804598955328315,-5.118992388990243e-17,-4.653629444536584e-18,-0.020850154474304508,-0.04272195913927416,0.6098271718867183,-0.12557030504035155,-0.0066480041980452875,0.3289535840448813,0.2887659992581563,0.008474092419078011,0.2046452555056112,2019-06-01,2019-07-30,0.2219881195745082,-0.0024063569866944,0.1993258369408839,-0.1559973602525077,0.10068812484581266,0.2887659992581563,0.008474092419078011,0.2046452555056112,0.5107541188326645,0.006067735432383611,0.4039710924464951,0.013358126537602804,1.0,1.0000000000000002,1.3633131676508026,available,0.23488339667877417,0.2348833966787742,0.3280526841405381,0.3280526841405382,0.17872259735534218,0.1787225973553422,0.2583413218253455,0.2583413218253456
2019-07-01,2019-08-01,2019-08-31,2019-08-30,29.0,False,True,as_of_exact_source_score_release,available,12,0.0519070977949924,0.3324801108377178,168,2019-07-01,165.0,3.0,2.1207028929182337,0.6125970313241975,True,0.3804402530488329,0.11032619597135107,6.525864504865132e-17,-3.634658711570453e-18,-0.019452463587864375,-0.04116367823749214,0.6095525047114394,-0.12284979869994472,-0.00695422971452847,0.3319866674788228,0.28727457532297596,0.008711127980550617,0.20372651039991596,2019-07-01,2019-08-30,0.220989600388226,-0.0023736959317175,0.1993954605733521,-0.028657476802774067,0.06885431188063054,0.28727457532297596,0.008711127980550617,0.20372651039991596,0.508264175711202,0.006337432048833117,0.4031219709732681,0.01400071874557929,1.0,1.0,1.3820071974975074,available,0.26509470673625113,0.26509470673625113,0.27808427411912007,0.27808427411912007,0.21887334426126248,0.21887334426126248,0.23794767488336632,0.23794767488336632
2019-08-01,2019-09-01,2019-09-30,2019-09-27,26.0,False,True,as_of_exact_source_score_release,available,12,0.1609787497292096,0.7195039344418219,169,2019-08-01,166.0,3.0,2.1218337095864257,0.6125194795172046,True,0.3802616252550546,0.11345798875920476,-2.4963594636541983e-17,5.452574617981538e-17,-0.018209268201880114,-0.03689822419712716,0.6097533622466329,-0.12088955620100128,-0.00626507932458048,0.3387123393896728,0.285758466872664,0.00939447670070111,0.2050238891856042,2019-08-01,2019-09-27,0.2204964043663861,-0.0024246630788337,0.1991154386857561,-0.0070324456237814865,0.20579809200111085,0.285758466872664,0.00939447670070111,0.2050238891856042,0.5062548712390501,0.00696981362186741,0.4041393278713603,0.015408877406858422,1.0,1.0,1.3536408521894707,available,0.3133185310654476,0.3133185310654476,0.3136082201326416,0.3136082201326416,0.18273848715507945,0.18273848715507945,0.19033476164683133,0.19033476164683133
2019-09-01,2019-10-01,2019-10-31,2019-10-31,30.0,False,True,as_of_exact_source_score_release,available,12,0.0558922408712616,-0.4804868515813836,170,2019-09-01,167.0,3.0,2.1098250751308467,0.6132137062411235,True,0.3802657939604256,0.1056161192783922,5.755200237946584e-18,4.5715065719859385e-17,-0.017766272254646436,-0.041729737321605856,0.6099091456180652,-0.11962441169491139,-0.007964122867404555,0.32491410416042044,0.2840705286513647,0.009085298253837476,0.20655470521244212,2019-09-01,2019-10-31,0.2218511536068035,-0.0016797294365431,0.1988815085916148,0.07380087356938705,-0.19829182493766528,0.2840705286513647,0.009085298253837476,0.20655470521244212,0.5059216822581681,0.007405568817294376,0.4054362138040569,0.016351421249969682,1.0,1.0,1.352624293125829,available,0.2069440582595825,0.2069440582595825,0.17079742401618825,0.17079742401618825,0.3343750783905868,0.3343750783905868,0.28788343933364247,0.28788343933364247
2019-10-01,2019-11-01,2019-11-30,2019-11-27,26.0,False,True,as_of_exact_source_score_release,available,12,-0.6588702425828481,-0.2961709744317636,171,2019-10-01,168.0,3.0,2.1118031466461527,0.6123163104390197,True,0.3765689775706548,0.10666267914551841,-5.648503107742025e-17,7.304098846218135e-18,-0.02161137998882807,-0.042243413739903014,0.6091735137654664,-0.11161492396604517,-0.0080623975482072,0.3259841092820933,0.285541180205395,0.009453577205085323,0.20538163667013337,2019-10-01,2019-11-27,0.2219427759650337,-0.0016797294365431,0.1980274076367867,-0.389920579986376,-0.13347837120686445,0.285541180205395,0.009453577205085323,0.20538163667013337,0.5074839561704287,0.007773847768542223,0.40340904430692004,0.01718114321800431,1.0,1.0,1.283170471827188,available,0.12403174421392593,0.12403174421392593,0.2927419162530539,0.2927419162530539,0.1680374585755947,0.1680374585755947,0.41518888095742545,0.41518888095742545
2019-11-01,2019-12-01,2019-12-31,2019-12-20,19.0,False,True,as_of_exact_source_score_release,available,12,0.789246612887962,0.3399573121118091,172,2019-11-01,169.0,3.0,2.117153999495248,0.6045514012204538,True,0.3642344929407415,0.10463056785112745,-9.940368941411286e-17,-1.3813239957545552e-16,-0.015446847391263152,-0.03976835361246312,0.5995076631680785,-0.11887200019473732,-0.011943237017015496,0.32307039283544453,0.2919765711712515,0.01265982023489512,0.20547612668133536,2019-11-01,2019-12-20,0.221564546808406,-0.0016616449947106,0.1968775294020533,0.41730113949296266,0.060635629396183256,0.2919765711712515,0.01265982023489512,0.20547612668133536,0.5135411179796575,0.010998175240184519,0.4023536560833887,0.02419519062756065,1.0,1.0,1.2832589779250978,available,0.3905594810969495,0.3905594810969495,0.1475184161074698,0.1475184161074698,0.3292650549917213,0.3292650549917213,0.13265704780385945,0.13265704780385945
2019-12-01,2020-01-01,2020-01-31,2020-01-31,30.0,False,True,as_of_exact_source_score_release,available,12,-0.273311139457705,-0.2203140280022994,173,2019-12-01,170.0,3.0,2.117824659674086,0.5990265329731914,True,0.3587078266123137,0.10323571638804618,7.059221543859377e-17,6.449561501435157e-17,-0.019995887176711486,-0.04161895952864486,0.5923137592065759,-0.12586003245960453,-0.014869806548059306,0.32022757446898437,0.2930134261775863,0.01370586030921279,0.20472328081527588,2019-12-01,2020-01-31,0.2208617067444037,-0.0015612110060436,0.1960021651314258,-0.15415310490626183,-0.10810550256614736,0.2930134261775863,0.01370586030921279,0.20472328081527588,0.5138751329219899,0.01214464930316919,0.4007254459467017,0.0267628719922705,1.0,1.0,1.362365038653869,available,0.18341007263755682,0.18341007263755682,0.24879026399921667,0.24879026399921667,0.2314571782599012,0.2314571782599012,0.3363424851033253,0.3363424851033253
2020-01-01,2020-02-01,2020-02-29,2020-02-28,27.0,False,True,as_of_exact_source_score_release,available,12,-0.2997331594520495,-0.0399176039592661,174,2020-01-01,171.0,3.0,2.1236194392936594,0.5995363088330197,True,0.359049528638807,0.1031253741460667,-8.29476972421094e-18,5.487309202170314e-17,-0.020786615330027295,-0.04124859223271176,0.5927775601318573,-0.1252530859201738,-0.015087045170242341,0.31994328820999357,0.2914229413299123,0.013568076808753753,0.20355306289013972,2020-01-01,2020-02-28,0.2201321367726812,-0.0015612110060436,0.1959742366064752,-0.19346190320218873,-0.049497873985231096,0.2914229413299123,0.013568076808753753,0.20355306289013972,0.5115550781025935,0.012006865802710154,0.3995272994966149,0.026558908742985866,1.0,1.0,1.3613002328089343,available,0.18848294313183955,0.18848294313183955,0.28030806866482516,0.28030806866482516,0.2049091804978458,0.2049091804978458,0.3262998077054895,0.3262998077054895
2020-02-01,2020-03-01,2020-03-31,2020-03-27,26.0,False,True,as_of_exact_source_score_release,available,12,0.4306264925007906,0.2828402154450746,175,2020-02-01,172.0,3.0,2.1298036711119765,0.5978951223146675,True,0.3558066964668969,0.10298631535972136,5.3925118338936174e-17,-6.471014200672341e-17,-0.017260819550181668,-0.03937104372954574,0.5905825448772717,-0.12496501991380626,-0.016255929547843218,0.32009668844439193,0.29197793873048355,0.014686993564856091,0.2030074649899108,2020-02-01,2020-03-27,0.2205231276409209,-0.0011651555228873,0.1955524999001781,0.2017145371269896,0.044164938669793305,0.29197793873048355,0.014686993564856091,0.2030074649899108,0.5125010663714045,0.01352183804196879,0.3985599648900889,0.0299186165168722,1.0,1.0,1.3597413774042768,available,0.3270732403887258,0.3270732403887258,0.20081279277359526,0.20081279277359526,0.2838655926915263,0.2838655926915263,0.1882483741461527,0.1882483741461527
2020-03-01,2020-04-01,2020-04-30,2020-04-30,29.0,False,True,as_of_exact_source_score_release,available,12,-10.377242347240024,-0.6906952009920202,176,2020-03-01,173.0,3.0,2.131961586028907,0.548421098180693,True,0.1280616639050931,0.09851016474453145,7.065055611250996e-17,-2.3339915858597042e-17,-0.08379480631301535,-0.0439927824642073,0.5295690843052014,-0.21583551271752766,-0.020494188635891697,0.31378443065160694,0.9299469586767777,0.059035424723428154,0.20492054267787826,2020-03-01,2020-04-30,0.2212684813941335,-0.0016458208794329,0.195783638033065,-5.430184980916426,-0.04804902067658499,0.9299469586767777,0.059035424723428154,0.20492054267787826,1.1512154400709111,0.05738960384399525,0.40070418071094327,0.08449733021979461,1.0,1.0,0.6913190000958856,available,1.3425030043201502e-07,1.3425030043201502e-07,0.469747050929199,0.469747050929199,7.428151072019773e-08,7.428151072019773e-08,0.5302527405389899,0.5302527405389899
2020-04-01,2020-05-01,2020-05-31,2020-05-29,28.0,False,True,as_of_exact_source_score_release,available,12,-51.831661055699726,3.995936839130649,177,2020-04-01,174.0,3.0,2.251195672559604,3.0988030211401476,False,0.6266896976753038,0.24038576269706102,-6.824421755887968e-16,-9.283220770877015e-17,-0.11828602755784016,-0.04098680026707282,3.105214142962971,0.07354778580822874,-0.24496705196264404,0.2885640698722114,6.108505000452637,-0.3930918290839388,0.24311710655541074,2020-04-01,2020-05-29,0.3189994930283267,-0.0016458208794329,0.2009495892195065,-160.7728006842321,13.809146204126517,6.108505000452637,-0.3930918290839388,0.24311710655541074,6.4275044934809635,-0.3947376499633717,0.44406669577491725,-0.23364863880911224,1.0,1.0,2.372396024874339e-93,available,0.0,0.0,1.0,1.0,1.0849501907265068e-95,1.0849501907265068e-95,0.0,0.0
2020-05-01,2020-06-01,2020-06-30,2020-06-26,25.0,False,True,as_of_exact_source_score_release,available,12,3.6543188276981,-1.3623980690427513,178,2020-05-01,175.0,3.0,8.381683120714486,0.37667543965704564,True,0.053905331164975645,0.01945132468419064,-5.887924355315437e-16,4.366045602458481e-18,-0.20597826049115806,-0.032895515822572406,0.24250687521587344,1.6063033962642057,0.0191724049752809,0.14713807108924193,15.479905689283166,-1.2587571298296314,0.3218092928418285,2020-05-01,2020-06-26,2.373845605498519,-0.0017707740057577,0.5644802913586123,-1.5082054659107251,-0.16329405928380897,15.479905689283166,-1.2587571298296314,0.3218092928418285,17.853751294781684,-1.2605279038353892,0.8862895842004408,-0.3168837003821723,1.0,1.0,1.317603528564537,available,0.10864991718579076,0.10864991718579076,0.32249764980860407,0.32249764980860407,0.2519182752682477,0.2519182752682477,0.31693415773735745,0.31693415773735745
2020-06-01,2020-07-01,2020-07-31,2020-07-31,30.0,False,True,as_of_exact_source_score_release,available,12,4.758746319392589,-0.7326652177209303,179,2020-06-01,176.0,3.0,8.300770413416316,0.37311682337227514,True,0.04931415175627585,0.022010391204838498,-1.3397104654694627e-16,-2.977134367709917e-17,-0.1782905331172291,-0.03541102798054925,0.24032091492030433,1.4548329294540285,0.019371005952027606,0.16089961228363417,15.607053732217933,-1.2711477601812442,0.321756339532641,2020-06-01,2020-07-31,2.3738257922445785,-0.0017504876043763,0.5635573449767158,-0.10056974877318581,-0.06111487416840804,15.607053732217933,-1.2711477601812442,0.321756339532641,17.980879524462512,-1.2728982477856206,0.8853136845093568,-0.31903595801700907,1.0,1.0,1.363297411152689,available,0.18102929549638413,0.18102929549638413,0.293076467861218,0.293076467861218,0.3095098306519344,0.3095098306519344,0.2163844059904635,0.2163844059904635
2020-07-01,2020-08-01,2020-08-31,2020-08-28,27.0,False,True,as_of_exact_source_score_release,available,12,1.8774983936103355,1.16364406460878,180,2020-07-01,177.0,3.0,8.3252281497303,0.3765002426435289,True,0.04957013889661699,0.021264415945953075,7.771561172376095e-17,3.20731096002823e-17,-0.16721372198917026,-0.028552607306583294,0.2427340027354048,1.4402202809035032,0.0208651156888323,0.15185190985721508,15.540612471812324,-1.250508996080456,0.32827075315724763,2020-07-01,2020-08-28,2.3617869053790823,-0.0017504876043763,0.5672426431352492,1.9644227598237103,0.187323187486549,15.540612471812324,-1.250508996080456,0.32827075315724763,17.902399377191408,-1.2522594836848324,0.8955133962924968,-0.3127538504609072,1.0,1.0,1.290123083492349,available,0.3489394442209202,0.3489394442209202,0.22951846203240028,0.22951846203240028,0.3298367354242608,0.3298367354242608,0.09170535832241872,0.09170535832241872
2020-08-01,2020-09-01,2020-09-30,2020-10-01,30.0,False,False,as_of_exact_source_score_release,available,12,1.2484067150752722,1.4173886411173866,181,2020-08-01,178.0,3.0,8.147507831230037,0.4031535550259806,True,0.050197473757658484,0.03159038577732576,-1.1286245112211537e-16,-8.832713566078593e-17,-0.17270729193666504,-0.01911503861090923,0.24062271888219106,1.4183528463591204,0.024492153587905387,0.18941863198566902,15.456045477998982,-1.2481904799175085,0.3345125146743982,2020-08-01,2020-10-01,2.349497619108198,-0.0021045119697753,0.5758124212374293,2.138044939641463,0.27994094778736855,15.456045477998982,-1.2481904799175085,0.3345125146743982,17.80554309710718,-1.2502949918872839,0.9103249359118275,-0.3105536654314078,1.0,1.0,1.2648685280689338,available,0.38588803249023607,0.38588803249023607,0.22950584579581235,0.22950584579581235,0.307924517737016,0.307924517737016,0.07668160397693563,0.07668160397693563
2020-09-01,2020-10-01,2020-10-31,2020-10-30,29.0,False,True,as_of_exact_source_score_release,available,12,0.3984833473366508,0.0192274916111271,182,2020-09-01,179.0,3.0,7.928629232853065,0.38998419347417423,True,0.0493747417524486,0.0305941104444849,-1.3054270729108984e-16,1.6927851062279174e-17,-0.18564917938946404,-0.021054679162982325,0.23559667632386122,1.3606428379215492,0.023738885102289504,0.1807694551917709,15.385622623695047,-1.23883080449498,0.33300140841690484,2020-09-01,2020-10-30,2.3391971943736447,-0.0021045119697753,0.5738799961399302,-0.06560607843466561,-0.00811938558213406,15.385622623695047,-1.23883080449498,0.33300140841690484,17.724819818068692,-1.2409353164647554,0.9068814045568351,-0.3095159126421744,1.0,1.0,1.365993497777215,available,0.19513798132510632,0.19513798132510632,0.30146065772157093,0.30146065772157093,0.29864552274516687,0.29864552274516687,0.20475583820815593,0.20475583820815593
2020-10-01,2020-11-01,2020-11-30,2020-11-25,24.0,False,True,as_of_exact_source_score_release,available,12,0.873901781407983,-0.8682196585441536,183,2020-10-01,180.0,3.0,7.927597321382184,0.3882824675785309,True,0.049522000514525266,0.029555212532721198,1.6501675557270087e-16,-4.246754739003331e-18,-0.18034114385707883,-0.02591407737074335,0.23596498528042847,1.362655075547878,0.02340170576870647,0.178927292709,15.3050220193463,-1.2364114445464733,0.3352372166010259,2020-10-01,2020-11-25,2.327332421623385,-0.0019808805410225,0.5719414681411306,-1.1572148472762402,-0.16081147799152312,15.3050220193463,-1.2364114445464733,0.3352372166010259,17.632354440969685,-1.2383923250874957,0.9071786847421565,-0.30963972954562574,1.0,1.0,1.3342284902198174,available,0.12236657635321013,0.12236657635321013,0.31059539239491796,0.31059539239491796,0.2690660431343407,0.2690660431343407,0.29797198811753123,0.29797198811753123
2020-11-01,2020-12-01,2020-12-31,2020-12-23,22.0,False,True,as_of_exact_source_score_release,available,12,0.0415352458278681,-0.0375341347445581,184,2020-11-01,181.0,3.0,7.884283208532262,0.3854125267342309,True,0.04907177116331707,0.029315144663431658,-7.119908527487417e-17,3.182840464618316e-17,-0.17476852508825955,-0.02534099909471233,0.2351031909546163,1.3437998502976016,0.023313080361690795,0.17698825463213255,15.22826278335173,-1.228778417321388,0.3334675560941038,2020-11-01,2020-12-23,2.3157842194716087,-0.0013535441368669,0.5701808761733902,-0.21544182090783054,-0.031015785568451283,15.22826278335173,-1.228778417321388,0.3334675560941038,17.544047002823337,-1.2301319614582549,0.903648432267494,-0.3089491905560685,1.0,1.0,1.3650213520202337,available,0.1836252987265835,0.1836252987265835,0.30336054395438117,0.30336054395438117,0.2958638482781084,0.2958638482781084,0.21715030904092691,0.21715030904092691
2020-12-01,2021-01-01,2021-01-31,2021-01-29,28.0,False,True,as_of_exact_source_score_release,available,12,0.1393058315181052,0.6744226314709725,185,2020-12-01,182.0,3.0,7.884130343029313,0.385985829227375,True,0.049089409505989945,0.02925002802655563,8.281663643149817e-17,2.820566603101749e-17,-0.1728295897724961,-0.02148530209279995,0.2351556915853581,1.3439690931953439,0.023417481226899725,0.17732480496886413,15.145278699619421,-1.2206593723589902,0.33435470828934843,2020-12-01,2021-01-29,2.303822492132892,-0.0013535441368669,0.5678562559113431,0.7663321418284778,0.10136875119375127,15.145278699619421,-1.2206593723589902,0.33435470828934843,17.449101191752312,-1.222012916495857,0.9022109642006916,-0.3079890069045277,1.0,1.0,1.3524510209356218,available,0.26220415738692504,0.26220415738692504,0.28029069712309596,0.28029069712309596,0.3105754892011019,0.3105754892011019,0.1469296562888771,0.1469296562888771
2021-01-01,2021-02-01,2021-02-28,2021-02-26,25.0,False,True,as_of_exact_source_score_release,available,12,0.8127126556824178,0.0256043954332337,186,2021-01-01,183.0,3.0,7.836857559955087,0.3852287206609415,True,0.0494853292524885,0.029216113990333192,-1.551924658078176e-16,-6.341999804646391e-18,-0.1725404278923281,-0.021957659161339477,0.23521306088487198,1.3446797596569677,0.023323766266522133,0.17616390393195305,15.062529171972464,-1.2140079832369484,0.33255847568601893,2021-01-01,2021-02-26,2.2926868893532024,-0.0013451381179055,0.5668093639200986,0.05304991576792911,0.0015084311189776343,15.062529171972464,-1.2140079832369484,0.33255847568601893,17.355216061325667,-1.2153531213548538,0.8993678396061175,-0.30762299175948077,1.0,1.0,1.3662964208597008,available,0.2030981499284275,0.2030981499284275,0.2975364013000322,0.2975364013000322,0.30198190039937584,0.30198190039937584,0.19738354837216443,0.19738354837216443
2021-02-01,2021-03-01,2021-03-31,2021-03-26,25.0,False,True,as_of_exact_source_score_release,available,12,-0.8636136731452471,-0.2406419735058604,187,2021-02-01,184.0,3.0,7.835706092855984,0.38394290585061697,True,0.0493068395775883,0.02894164663697263,1.887972844014972e-16,-3.4880001442100504e-17,-0.17767525271875034,-0.023314099980451634,0.2346835811575319,1.34209303474441,0.023183896273029685,0.17548058183668858,14.985206242028472,-1.206211163653387,0.3310678132793489,2021-02-01,2021-03-26,2.2829935557229986,-0.0010942254546217,0.5653355474440654,-0.7033151187784512,-0.08556402332375859,14.985206242028472,-1.206211163653387,0.3310678132793489,17.26819979775147,-1.2073053891080088,0.8964033607234143,-0.30686112204449284,1.0,1.0,1.3551192281363074,available,0.15223438682482615,0.15223438682482615,0.31176095620731903,0.31176095620731903,0.28056596037154313,0.28056596037154313,0.2554386965963117,0.2554386965963117
2021-03-01,2021-04-01,2021-04-30,2021-04-30,29.0,False,True,as_of_exact_source_score_release,available,12,1.427623769941964,0.9092059412140976,188,2021-03-01,185.0,3.0,7.832355440315977,0.37829406502158663,True,0.04871113290815754,0.027042423852567277,-3.425156139801015e-16,2.0078501509178364e-17,-0.16705171770511937,-0.018354796077033927,0.23347863260284307,1.3311259429938813,0.022621399320459833,0.17036089795954612,14.928585781885305,-1.1883096680563245,0.3345913662291606,2021-03-01,2021-04-30,2.2745275979460846,-0.0016436588971834,0.5626998621407397,1.3765355438465015,0.1688331918775915,14.928585781885305,-1.1883096680563245,0.3345913662291606,17.20311337983139,-1.1899533269535079,0.8972912283699004,-0.30287239418351913,1.0,1.0000000000000002,1.3239291150977828,available,0.31448201197766523,0.3144820119776653,0.2562484747284593,0.25624847472845935,0.31552886595823715,0.3155288659582372,0.11374064733563827,0.11374064733563828
2021-04-01,2021-05-01,2021-05-31,2021-05-28,27.0,False,True,as_of_exact_source_score_release,available,12,0.0725493594279924,3.832135445817417,189,2021-04-01,186.0,3.0,7.741523513918781,0.4387302509607065,True,0.04818251316539268,0.04499604532428936,3.853472508751866e-16,-3.054581866693552e-17,-0.175503656324443,0.0053893249606706715,0.23074589760522707,1.3031734713770429,0.030298500808042972,0.24888807370782204,14.857201617829897,-1.2068592968703327,0.40285217344869356,2021-04-01,2021-05-28,2.264741518162897,-0.0018037440794207,0.562631441904723,4.835174062450348,0.9613602710828855,14.857201617829897,-1.2068592968703327,0.40285217344869356,17.121943135992794,-1.2086630409497534,0.9654836153534165,-0.29727354562599595,1.0,1.0,0.8094054440053703,available,0.7224120487276571,0.7224120487276571,0.11364816828141344,0.11364816828141344,0.15628910800808654,0.15628910800808654,0.007650674982842887,0.007650674982842887
2021-05-01,2021-06-01,2021-06-30,2021-06-25,24.0,False,True,as_of_exact_source_score_release,available,12,0.271387571396139,2.689044199686761,190,2021-05-01,187.0,3.0,6.7718156386016,0.491292335245932,True,0.04280985740101195,0.099185315339679,3.5503763671697112e-15,1.1417767316408188e-15,-0.20719447720855977,0.01738631956878048,0.2110334771928435,1.0291272423934064,0.03776090773858514,0.3526320298367068,14.862693494580535,-1.2325615200131883,0.41287098441238274,2021-05-01,2021-06-25,2.255387345913378,-0.0023522323380815,0.5685739939728176,2.617446027547709,0.9758772750698339,14.862693494580535,-1.2325615200131883,0.41287098441238274,17.118080840493914,-1.2349137523512699,0.9814449783852004,-0.3012840300491352,1.0,1.0,1.009962537447507,available,0.5951722156586297,0.5951722156586297,0.24253022932309698,0.24253022932309698,0.14134033644553123,0.14134033644553123,0.02095721857274213,0.02095721857274213
2021-06-01,2021-07-01,2021-07-31,2021-07-30,29.0,False,True,as_of_exact_source_score_release,available,12,0.2739755805558843,2.8274965165428587,191,2021-06-01,188.0,3.0,6.408234598591381,0.5423813803149923,True,0.041222002131935054,0.14282644509442555,1.7205550538693526e-16,-2.5575818368328213e-17,-0.2207356150009176,0.028085422397220682,0.2044300406719185,0.9403238269144106,0.042978404779218146,0.42279724699167504,14.809680809367968,-1.2465833408090947,0.4269339189405427,2021-06-01,2021-07-30,2.244830644414596,-0.0023854761035402,0.5696343245599487,2.4940355690979805,1.2353181988708446,14.809680809367968,-1.2465833408090947,0.4269339189405427,17.054511453782563,-1.248968816912635,0.9965682435004914,-0.30295521446853624,1.0,1.0,0.9202656890082264,available,0.6321549421494962,0.6321549421494962,0.25988378662454137,0.25988378662454137,0.09489830143214523,0.09489830143214523,0.01306296979381727,0.01306296979381727
2021-07-01,2021-08-01,2021-08-31,2021-08-27,26.0,False,True,as_of_exact_source_score_release,available,12,0.5259092111725943,1.5600869267128228,192,2021-07-01,189.0,3.0,6.072426567121166,0.5447633307805122,True,0.04023875046030134,0.16294228682398793,9.367506770274758e-17,1.850371707708594e-17,-0.23094109639913796,0.02976947138999406,0.19923765077330097,0.870292640305925,0.04383522266341693,0.4343533847835981,14.749634463137967,-1.2430093604386605,0.42517363240174366,2021-07-01,2021-08-27,2.233956228578406,-0.0020349483295748,0.574082546725588,1.2315719899105884,0.7304518559368425,14.749634463137967,-1.2430093604386605,0.42517363240174366,16.983590691716373,-1.2450443087682352,0.9992561791273317,-0.30222586470822677,1.0,1.0,1.192919743755001,available,0.43970502165480685,0.43970502165480685,0.3278210010790052,0.3278210010790052,0.17776557241368518,0.17776557241368518,0.05470840485250278,0.05470840485250278
2021-08-01,2021-09-01,2021-09-30,2021-10-01,30.0,False,False,as_of_exact_source_score_release,available,12,0.2433012792172466,0.8379325589510702,193,2021-08-01,190.0,3.0,5.9791107045804655,0.5444477160317598,True,0.03999997776559128,0.16849348791919427,6.327695995272913e-17,-6.615318540512591e-17,-0.23593432018785157,0.030312516121879154,0.1976679821320768,0.8512894142094461,0.044005934076021484,0.4364201060557026,14.676960753174633,-1.2370061963488983,0.4229944950678458,2021-08-01,2021-10-01,2.223026466913276,-0.0024082255276423,0.5727286073904339,0.5254816699816534,0.40670983242067726,14.676960753174633,-1.2370061963488983,0.4229944950678458,16.899987220087908,-1.2394144218765406,0.9957231024582797,-0.30213710626044604,1.0,1.0,1.312404364267201,available,0.3184879996756371,0.3184879996756371,0.3397218418942237,0.3397218418942237,0.23236810256272988,0.23236810256272988,0.10942205586740927,0.10942205586740927
2021-09-01,2021-10-01,2021-10-31,2021-10-29,28.0,False,True,as_of_exact_source_score_release,available,12,-0.1633949188050871,1.0290425507569374,194,2021-09-01,191.0,3.0,5.954097463598317,0.5494376733012037,True,0.03984216387079986,0.17301767182693684,-2.7469435660828616e-17,4.005959367204173e-18,-0.2394133649022222,0.03345549323788326,0.19707327465575825,0.8443342231698475,0.04454319419833769,0.44270344187619476,14.602568497329488,-1.2327434849869958,0.42277978094135976,2021-09-01,2021-10-29,2.2118199609643647,-0.0028358469741152,0.5717099215359566,0.5972417060888248,0.48173804069568166,14.602568497329488,-1.2327434849869958,0.42277978094135976,16.814388458293852,-1.235579331961111,0.9944897024773163,-0.30215511566060693,1.0,1.0,1.2918547258166448,available,0.3400690356175516,0.3400690356175516,0.34540823517596525,0.34540823517596525,0.21783199799150926,0.21783199799150926,0.09669073121497385,0.09669073121497385
2021-10-01,2021-11-01,2021-11-30,2021-11-24,23.0,False,True,as_of_exact_source_score_release,available,12,0.6899407958142352,1.6948146751484958,195,2021-10-01,192.0,3.0,5.919548818922022,0.5625203849771652,True,0.04013793042534464,0.18115194155139425,-9.536531108959678e-16,-5.716225213967473e-16,-0.23895912048602586,0.03939981576844467,0.1971514140097339,0.8454332176512183,0.04556573956334374,0.4570850774531198,14.526557449750763,-1.225747197713558,0.4281121465530811,2021-10-01,2021-11-24,2.2016955271124403,-0.003101157691255,0.5699783846767787,1.3299163071250488,0.8455119754435765,14.526557449750763,-1.225747197713558,0.4281121465530811,16.728252976863203,-1.2288483554048129,0.9980905312298598,-0.3007378087662196,1.0,1.0,1.1455968146824194,available,0.4723323498374791,0.4723323498374791,0.3289806272824296,0.3289806272824296,0.15513819894381803,0.15513819894381803,0.04354882393627324,0.04354882393627324
2021-11-01,2021-12-01,2021-12-31,2021-12-23,22.0,False,True,as_of_exact_source_score_release,available,12,0.2569480707489244,1.9138062922328056,196,2021-11-01,193.0,3.0,5.820845554070223,0.5796332978034838,True,0.03984450011356755,0.1979939168617223,-1.0195925736353479e-16,-3.398641912117826e-17,-0.24391315504393404,0.044332270228852236,0.1953737860180693,0.8243408694283623,0.047335624091588764,0.4780855460320584,14.45702229872518,-1.2251031930787224,0.4315761058789163,2021-11-01,2021-12-23,2.1908963596400204,-0.0031336646884438,0.5696828075821097,1.3839165052049835,0.9714581937385922,14.45702229872518,-1.2251031930787224,0.4315761058789163,16.6479186583652,-1.2282368577671663,1.001258913461026,-0.30083541122204827,1.0,1.0,1.0946635273023786,available,0.501077002086516,0.501077002086516,0.3331108305787329,0.3331108305787329,0.13168583647827614,0.13168583647827614,0.034126330856474985,0.034126330856474985
2021-12-01,2022-01-01,2022-01-31,2022-01-28,27.0,False,True,as_of_exact_source_score_release,available,12,-0.2052985234395343,2.229541796707313,197,2021-12-01,194.0,3.0,5.707581807103032,0.6001474780364109,True,0.039015033834751356,0.2188419216048536,1.4765402662527463e-16,-7.21363183512792e-17,-0.2507699657063169,0.04976038468002412,0.19286075400590472,0.7911896362355447,0.049325036670285885,0.5043293344095507,14.394938954225813,-1.2286341425838345,0.4371458904676495,2021-12-01,2022-01-28,2.179917351712923,-0.0031163758462422,0.567903305925316,1.4736263693756373,1.1640573578546864,14.394938954225813,-1.2286341425838345,0.4371458904676495,16.574856305938734,-1.2317505184300768,1.0050491963929655,-0.30178955688987025,1.0,1.0,1.0150840107902013,available,0.5412604234353386,0.5412604234353386,0.33594498991491495,0.33594498991491495,0.1000492131238489,0.1000492131238489,0.02274537352589756,0.02274537352589756
2022-01-01,2022-02-01,2022-02-28,2022-02-25,24.0,False,True,as_of_exact_source_score_release,available,12,0.6793901555777725,2.6329605655036863,198,2022-01-01,195.0,3.0,5.57029934131311,0.6288966496380658,True,0.03909724928046321,0.24562251927450607,-1.7214064068682984e-16,3.812887155278315e-17,-0.25388978288061914,0.05553034250239269,0.19163357075826043,0.7731636514638862,0.051594655427932956,0.5376675609876451,14.32417830977395,-1.2279919609660581,0.4453692628067055,2022-01-01,2022-02-25,2.1698134772051607,-0.0028833049336167,0.5657738954451825,1.9120135835560084,1.5062407289115756,14.32417830977395,-1.2279919609660581,0.4453692628067055,16.493991786979112,-1.2308752658996749,1.0111431582518882,-0.3014011006652451,1.0,1.0,0.8656752376112227,available,0.6231576970569735,0.6231576970569735,0.309765035216083,0.309765035216083,0.05794728144535767,0.05794728144535767,0.009129986281585789,0.009129986281585789
2022-02-01,2022-03-01,2022-03-31,2022-03-31,30.0,False,True,as_of_exact_source_score_release,available,12,0.176989753597042,1.8598142229209496,199,2022-02-01,196.0,3.0,5.388693872800866,0.6324973411029705,True,0.03819662226689069,0.2647811310475765,-5.355849767035931e-17,3.1242456974376264e-17,-0.25994931282656913,0.05676518961979201,0.1881300783658812,0.728817185495382,0.05230861798280925,0.5467047480560341,14.265346169307744,-1.2246307276738893,0.4436887715560889,2022-02-01,2022-03-31,2.15992013527792,-0.0035971370921027,0.5652578160024732,1.1288123508811279,1.0827925452005978,14.265346169307744,-1.2246307276738893,0.4436887715560889,16.425266304585662,-1.2282278647659919,1.0089465875585621,-0.30170926600542164,1.0,1.0,1.0635440821532463,available,0.49947545327444065,0.49947545327444065,0.36000346391756693,0.36000346391756693,0.11022019305006736,0.11022019305006736,0.030300889757924998,0.030300889757924998
2022-03-01,2022-04-01,2022-04-30,2022-04-29,28.0,False,True,as_of_exact_source_score_release,available,12,0.3705966804931029,1.2812161474244093,200,2022-03-01,197.0,3.0,5.3121159114743675,0.6342505068365225,True,0.038132149945010796,0.2731756187329437,-1.4765966227514583e-16,8.548717289613706e-17,-0.2628348701389695,0.057520334493092615,0.18716351639646805,0.7158936225665306,0.05256156541615008,0.550086819952011,14.19574720084506,-1.21915073505337,0.441629260607102,2022-03-01,2022-04-29,2.149695612781328,-0.0035971370921027,0.5648210222295664,0.7237417768173724,0.781779592365699,14.19574720084506,-1.21915073505337,0.441629260607102,16.345442813626388,-1.2227478721454725,1.0064502828366684,-0.30146882436754474,1.0,1.0,1.1926528779905596,available,0.41232525925421404,0.41232525925421404,0.36976450975424807,0.36976450975424807,0.15871111124627224,0.15871111124627224,0.05919911974526565,0.05919911974526565
2022-04-01,2022-05-01,2022-05-31,2022-05-27,26.0,False,True,as_of_exact_source_score_release,available,12,0.4221241059009075,2.004529295827864,201,2022-04-01,198.0,3.0,5.2796961723707465,0.6472676598786944,True,0.03824816337934234,0.2827057188001981,-1.0770820388154504e-17,-5.3025577295529864e-17,-0.26407998481982153,0.0625679950037061,0.1868717477022653,0.7124366584526494,0.05374438764016591,0.5641012569453193,14.124502160219688,-1.2148203401134192,0.4468051416606703,2022-04-01,2022-05-27,2.140558787515648,-0.0027364208656352,0.5632378787153963,1.242903237887183,1.2160122919437168,14.124502160219688,-1.2148203401134192,0.4468051416606703,16.265060947735336,-1.2175567609790545,1.0100430203760666,-0.30039412398530396,1.0,1.0,1.0069192704093612,available,0.5302553648127496,0.5302553648127496,0.35659591892327647,0.35659591892327647,0.09077330569211517,0.09077330569211517,0.022375410571858767,0.022375410571858767
2022-05-01,2022-06-01,2022-06-30,2022-06-30,29.0,False,True,as_of_exact_source_score_release,available,12,-0.053996951837284,2.05419888339238,202,2022-05-01,199.0,3.0,5.198310331387414,0.6587365234559233,True,0.03770407611281046,0.2987763751016552,-2.0445691344582092e-16,4.3969228698026004e-17,-0.26856663929825886,0.06546771978907151,0.18508611952375442,0.6896983001356783,0.054898439130326354,0.57879705790506,14.061645573903492,-1.2139641957369496,0.44795198260147556,2022-05-01,2022-06-30,2.1299439433042195,-0.0028771365242021,0.5640419575931421,1.1382167524364004,1.251467641474778,14.061645573903492,-1.2139641957369496,0.44795198260147556,16.19158951720771,-1.2168413322611518,1.0119939401946176,-0.3006078062893406,1.0,1.0,0.9983312871755058,available,0.5262321407295322,0.5262321407295322,0.3670235009289726,0.3670235009289726,0.08512795051390842,0.08512795051390842,0.02161640782758678,0.02161640782758678
2022-06-01,2022-07-01,2022-07-31,2022-07-29,28.0,False,True,as_of_exact_source_score_release,available,12,-0.0521577737129124,2.443995598768895,203,2022-06-01,200.0,3.0,5.122012203400027,0.6757024940387631,True,0.03724717088951113,0.3170766057407598,-2.187631575616072e-17,-5.46907893904018e-17,-0.27246588758369655,0.06937402195756434,0.18368468733271903,0.6694339505525098,0.056302406563557506,0.5990980664393081,13.99815178753629,-1.2147211438350076,0.4525513416406702,2022-06-01,2022-07-29,2.1198937740667136,-0.0028771365242021,0.5628860631287567,1.3540471568766845,1.5306304513851539,13.99815178753629,-1.2147211438350076,0.4525513416406702,16.118045561603005,-1.2175982803592098,1.0154374047694268,-0.30096864843426085,1.0,1.0,0.8900823311668055,available,0.5784495567035394,0.5784495567035394,0.3571630310287798,0.3571630310287798,0.053593723999649734,0.053593723999649734,0.010793688268031176,0.010793688268031176
2022-07-01,2022-08-01,2022-08-31,2022-08-26,25.0,False,True,as_of_exact_source_score_release,available,12,0.2443700012439405,0.6118756454277855,204,2022-07-01,201.0,3.0,5.020194768157302,0.6565157035352213,True,0.036922364973915656,0.3122564236877955,1.240837498110469e-16,-7.129373344406643e-17,-0.275568184277981,0.06680548210530965,0.18220865941206266,0.64790772003383,0.05508033243240443,0.581275470342062,13.934328376368159,-1.203859814764174,0.45428884569751377,2022-07-01,2022-08-26,2.109570481759495,-0.0028479118219504,0.5624259399907781,0.16539710042254618,0.4359337665972217,13.934328376368159,-1.203859814764174,0.45428884569751377,16.043898858127655,-1.2067077265861244,1.0167147856882919,-0.2987772778515691,1.0,1.0,1.3112950650265425,available,0.3009256165408113,0.3009256165408113,0.36632560414635573,0.36632560414635573,0.2155430939744215,0.2155430939744215,0.11720568533841147,0.11720568533841147
2022-08-01,2022-09-01,2022-09-30,2022-09-30,29.0,False,True,as_of_exact_source_score_release,available,12,-0.1457481649056139,1.8139837974433537,205,2022-08-01,202.0,3.0,5.017455146318716,0.6621803350744535,True,0.036892114643955476,0.31272767224414943,3.466062125659025e-17,1.7330310628295126e-17,-0.2769488768561174,0.07292051473446856,0.18207047568739232,0.6465749673851093,0.0556923426644855,0.5871781789265632,13.86582238213388,-1.2000075422870915,0.4613736129654055,2022-08-01,2022-09-30,2.0994597990520085,-0.0026873193717216,0.5605283822111661,0.8693912000980062,1.1299351607769053,13.86582238213388,-1.2000075422870915,0.4613736129654055,15.965282181185888,-1.2026948616588131,1.0219019951765715,-0.29775737869613644,1.0,1.0,1.0573025302278505,available,0.48510562266975676,0.48510562266975676,0.38305980706155757,0.38305980706155757,0.10101774823268794,0.10101774823268794,0.030816822035997726,0.030816822035997726
2022-09-01,2022-10-01,2022-10-31,2022-10-28,27.0,False,True,as_of_exact_source_score_release,available,12,0.210240439550025,1.3659876032935447,206,2022-09-01,203.0,3.0,4.971250090191436,0.6642391881461498,True,0.03681294715098005,0.31989688304860797,-1.9401955770148367e-17,8.515302810231783e-17,-0.2790715504944907,0.07368067815533326,0.18146368322657241,0.6375700866519433,0.055909644761441335,0.5904029709147689,13.799598487752492,-1.1948412889421836,0.4593676737512926,2022-09-01,2022-10-28,2.0893617616939446,-0.0026987958768027,0.5596045038701015,0.6299922886267759,0.891918285662318,13.799598487752492,-1.1948412889421836,0.4593676737512926,15.888960249446438,-1.1975400848189863,1.0189721776213942,-0.2976193453194812,1.0,1.0,1.1558927653792184,available,0.4256629828027697,0.4256629828027697,0.38587444405790217,0.38587444405790217,0.13712731292727098,0.13712731292727098,0.05133526021205714,0.05133526021205714
2022-10-01,2022-11-01,2022-11-30,2022-12-01,30.0,False,False,as_of_exact_source_score_release,available,12,-0.0467420200796381,0.4078793064125754,207,2022-10-01,204.0,3.0,4.94867325895421,0.6588247563905707,True,0.036669954771905044,0.31857153842859376,1.2335811384723962e-16,-6.060637767277424e-17,-0.28150707423144067,0.07193865265373721,0.18091946020894756,0.6307775013677297,0.05552038541616186,0.5855445264630277,13.734159105721242,-1.1874065751971543,0.45824429570075625,2022-10-01,2022-12-01,2.0791901380626663,-0.002749812704001,0.5591717331377783,-0.03268252551479767,0.30817501301120537,13.734159105721242,-1.1874065751971543,0.45824429570075625,15.813349243783907,-1.1901563879011554,1.0174160288385345,-0.29671726206391397,1.0,1.0,1.3393185140435993,available,0.2622667314854039,0.2622667314854039,0.35775047264055426,0.35775047264055426,0.2344545143576645,0.2344545143576645,0.1455282815163773,0.1455282815163773
2022-11-01,2022-12-01,2022-12-31,2022-12-23,22.0,False,True,as_of_exact_source_score_release,available,12,-0.1083737469486145,0.7309788389482788,208,2022-11-01,205.0,3.0,4.948475495970119,0.659719646237779,True,0.03667323071081907,0.3189904303911657,2.1684043449710089e-16,1.1742743529689156e-17,-0.28185065737170845,0.07385787477065955,0.18090374420062283,0.6306095592968448,0.05560817351526043,0.5864826345918299,13.667191002890991,-1.1817696095534331,0.4568762336544443,2022-11-01,2022-12-23,2.069595294729055,-0.002749812704001,0.556759078596864,0.15950636951672975,0.49653780394310554,13.667191002890991,-1.1817696095534331,0.4568762336544443,15.736786297620046,-1.1845194222574342,1.0136353122513082,-0.2965809805061044,1.0,1.0,1.2957020139837097,available,0.31347163346454127,0.31347163346454127,0.3755880681818682,0.3755880681818682,0.20256499477795625,0.20256499477795625,0.10837530357563424,0.10837530357563424
2022-12-01,2023-01-01,2023-01-31,2023-01-27,26.0,False,True,as_of_exact_source_score_release,available,12,-0.2779656707813678,0.5722140069035621,209,2022-12-01,206.0,3.0,4.945182324477175,0.6598317608378091,True,0.03660857184342925,0.31984890460491533,1.0916307730166013e-16,7.782185316152414e-17,-0.2836777543997371,0.07417393557634513,0.18075080050326103,0.6285375527636843,0.05563463051643305,0.586841061125402,13.601767391912169,-1.1761923521810516,0.45468597698166785,2022-12-01,2023-01-27,2.059754213748453,-0.0027112551233424,0.5547269127478973,0.025737719650371582,0.39450809318827573,13.601767391912169,-1.1761923521810516,0.45468597698166785,15.661521605660623,-1.178903607304394,1.009412889729565,-0.29650150118323687,1.0,1.0,1.321470712297188,available,0.28382193757855406,0.28382193757855406,0.3688943669666655,0.3688943669666655,0.21877260076490795,0.21877260076490795,0.12851109468987243,0.12851109468987243
2023-01-01,2023-02-01,2023-02-28,2023-02-24,23.0,False,True,as_of_exact_source_score_release,available,12,0.3260573558767672,1.6573536212945263,210,2023-01-01,207.0,3.0,4.944140969402261,0.6639164137153469,True,0.03668114957378232,0.31956222223150754,1.9878278917098042e-16,8.458842092382145e-17,-0.2823824837980875,0.07962055474362417,0.18081149405105787,0.6295467825938836,0.05588984717952983,0.5910848774602676,13.536491387710155,-1.1686894248734114,0.46014606172896333,2023-01-01,2023-02-24,2.0502936948878623,-0.0026883074853363,0.5523490916193328,0.8199540737706192,1.0774805126865443,13.536491387710155,-1.1686894248734114,0.46014606172896333,15.586785082598018,-1.1713777323587478,1.0124951533482962,-0.2948643130843354,1.0,1.0,1.0772676047043226,available,0.47456966170303033,0.47456966170303033,0.3833031970463123,0.3833031970463123,0.10769401631902414,0.10769401631902414,0.03443312493163325,0.03443312493163325
2023-02-01,2023-03-01,2023-03-31,2023-03-31,30.0,False,True,as_of_exact_source_score_release,available,12,-0.1561992645064282,1.0711579925746364,211,2023-02-01,208.0,3.0,4.910200310425542,0.6625377902423398,True,0.03636307366375213,0.3236082584776838,-3.767391875031337e-16,1.5574692667727315e-16,-0.28540832015489015,0.07960095647922132,0.17986628910023653,0.6178007234307284,0.055883725111328886,0.5910087985366157,13.475886225634882,-1.1630417469326892,0.4579340087424055,2023-02-01,2023-03-31,2.042017588205961,-0.0016817542757554,0.552252436455335,0.3482588804993696,0.7039357579533813,13.475886225634882,-1.1630417469326892,0.4579340087424055,15.517903813840842,-1.1647235012084447,1.0101864451977405,-0.2941748511195203,1.0,1.0,1.2289971762823821,available,0.369372375728303,0.369372375728303,0.3887818688846666,0.3887818688846666,0.1658509459168815,0.1658509459168815,0.07599480947014892,0.07599480947014892
2023-03-01,2023-04-01,2023-04-30,2023-04-28,27.0,False,True,as_of_exact_source_score_release,available,12,0.0779494534274871,0.793517713478652,212,2023-03-01,209.0,3.0,4.900779157437162,0.6629309928047913,True,0.036369704323146346,0.32547598378719256,1.332791319656143e-16,2.0423914132255237e-17,-0.28640716984654524,0.07993198048242954,0.17973519858006873,0.6158751591925671,0.055927169194188664,0.591646940579284,13.411753971861648,-1.1575915109770385,0.4557809017486365,2023-03-01,2023-04-28,2.0326382596289347,-0.001734365059926,0.5500138613231899,0.21631093875523855,0.5537738002279764,13.411753971861648,-1.1575915109770385,0.4557809017486365,15.444392231490582,-1.1593258760369645,1.0057947630718265,-0.2941476838605327,1.0,1.0,1.2786280882263688,available,0.3300118785767777,0.3300118785767778,0.3795743177583137,0.37957431775831374,0.1919355624483804,0.19193556244838042,0.09847824121652815,0.09847824121652816
2023-04-01,2023-05-01,2023-05-31,2023-05-26,25.0,False,True,as_of_exact_source_score_release,available,12,0.2306513079528956,0.7928366730527708,213,2023-04-01,210.0,3.0,4.8970869862485005,0.6641040374740849,True,0.036439450496785986,0.326966838118383,-1.9911042037878393e-16,9.017304378410895e-17,-0.2863501575475875,0.08088241096209861,0.17974136798303178,0.6159474801936292,0.05603001697834381,0.5928525766435457,13.347889448180153,-1.1520629762293912,0.45388048420725435,2023-04-01,2023-05-26,2.02313175464179,-0.001730780497826,0.5476853525293786,0.24345317504289588,0.5638410721396082,13.347889448180153,-1.1520629762293912,0.45388048420725435,15.371021202821943,-1.1537937567272172,1.001565836736633,-0.2940607581572036,1.0,1.0,1.2750089852158266,available,0.33433357281698595,0.33433357281698595,0.37908520908562626,0.37908520908562626,0.1904232619851164,0.1904232619851164,0.0961579561122714,0.0961579561122714
2023-05-01,2023-06-01,2023-06-30,2023-06-30,29.0,False,True,as_of_exact_source_score_release,available,12,-0.2173168473792473,1.035121058479249,214,2023-05-01,211.0,3.0,4.893383919088432,0.6661768136867667,True,0.03636709137867555,0.32898836565511014,1.1283808778316428e-16,5.706753864895664e-18,-0.2881678776217229,0.08274159244097283,0.17951865487454371,0.6136100397737269,0.056257810076024206,0.5952433330633551,13.285627383925277,-1.1476238030979566,0.4527735177778195,2023-05-01,2023-06-30,2.014343983236932,-0.0014622105331521,0.5462366907672626,0.3079803681192522,0.686664731488047,13.285627383925277,-1.1476238030979566,0.4527735177778195,15.29997136716221,-1.1490860136311087,0.999010208545082,-0.2939153488890365,1.0,1.0,1.2341469341665934,available,0.3638371353999184,0.3638371353999184,0.3901230163716888,0.3901230163716888,0.1675418749507856,0.1675418749507856,0.07849797327760721,0.07849797327760721
2023-06-01,2023-07-01,2023-07-31,2023-07-28,27.0,False,True,as_of_exact_source_score_release,available,12,-0.0703746275612321,-0.0250303822333407,215,2023-06-01,212.0,3.0,4.885691450545998,0.6614352101777139,True,0.03632651589266889,0.3256439721847264,5.706029963771153e-17,1.0069464641949094e-16,-0.2895392031866907,0.08016209510368097,0.1793555944365519,0.6110939312824692,0.055951089355312345,0.5905104707005887,13.22362754553573,-1.1409535537344138,0.4530021092151111,2023-06-01,2023-07-28,2.005065912946164,-0.0014619716296303,0.5439968979120835,-0.3174572010266615,0.061443855234229974,13.22362754553573,-1.1409535537344138,0.4530021092151111,15.228693458481896,-1.142415525364044,0.9969990071271946,-0.2931874736253661,1.0,1.0,1.3649939963767934,available,0.19812144442472157,0.19812144442472157,0.3264124864928903,0.3264124864928903,0.2694606366538138,0.2694606366538138,0.20600543242857433,0.20600543242857433
2023-07-01,2023-08-01,2023-08-31,2023-08-31,30.0,False,True,as_of_exact_source_score_release,available,12,0.3780230736043591,0.2980296625029319,216,2023-07-01,213.0,3.0,4.883048700506616,0.6610332099201709,True,0.036281598638510326,0.3253333770589314,-1.3774989379608423e-16,-1.0665336926375925e-16,-0.2861610235863471,0.08131127125863387,0.17932931879397584,0.6101165659381267,0.0559421510081915,0.5901779943135186,13.163804529148123,-1.1348282539159864,0.4511368356870718,2023-07-01,2023-08-31,1.9957490643306937,-0.0014456772002441,0.5415135700740163,-0.03653756907448469,0.27834924358870483,13.163804529148123,-1.1348282539159864,0.4511368356870718,15.159553593478817,-1.1362739311162304,0.9926504057610881,-0.29291504197029233,1.0,1.0,1.3443630970922047,available,0.2572635873340635,0.2572635873340635,0.3527589571704975,0.3527589571704975,0.2389927204649548,0.2389927204649548,0.1509847350304842,0.1509847350304842
2023-08-01,2023-09-01,2023-09-30,2023-09-29,28.0,False,True,as_of_exact_source_score_release,available,12,-0.0858683684010111,0.1436747753250475,217,2023-08-01,214.0,3.0,4.883121753943741,0.6608307345613442,True,0.036287037808150235,0.3252094474772389,6.411282155453453e-17,-6.868545670780058e-17,-0.2863807879763215,0.08071130829904034,0.1793150678614443,0.610053014116765,0.05590324556195603,0.590004496055514,13.102302739229279,-1.1294944269059974,0.4491130535966362,2023-08-01,2023-09-29,1.9869827061206848,-0.0014456772002441,0.5394123054248455,-0.21412905054370607,0.16067975122585795,13.102302739229279,-1.1294944269059974,0.4491130535966362,15.089285445349963,-1.1309401041062415,0.9885253590214818,-0.29282716320499486,1.0,1.0,1.359234233008924,available,0.2230387483473206,0.2230387483473206,0.34115461603056496,0.34115461603056496,0.25498106283497357,0.25498106283497357,0.18082557278714081,0.18082557278714081
2023-09-01,2023-10-01,2023-10-31,2023-10-27,26.0,False,True,as_of_exact_source_score_release,available,12,0.1311086315943703,0.4373514429391578,218,2023-09-01,215.0,3.0,4.88230048728901,0.6608098421670969,True,0.0362876389599468,0.32501709538782697,1.9301583776740106e-16,1.2833770743373369e-16,-0.28478699029531795,0.08198856951201418,0.1793282837458444,0.6100101497466339,0.055913836703316566,0.5899701447711323,13.041913616423978,-1.1237987386286459,0.4473785531616817,2023-09-01,2023-10-27,1.9780894114117236,-0.001442643560291,0.5370528723809632,0.005513314791988688,0.3473436502360556,13.041913616423978,-1.1237987386286459,0.4473785531616817,15.0200030278357,-1.1252413821889369,0.984431425542645,-0.29262939599470783,1.0,1.0,1.3311928424107689,available,0.2744222302201274,0.2744222302201274,0.36243823685027904,0.36243823685027904,0.2261452983105688,0.2261452983105688,0.13699423461902477,0.13699423461902477
2023-10-01,2023-11-01,2023-11-30,2023-11-30,29.0,False,True,as_of_exact_source_score_release,available,12,-0.249762092879386,0.0642657192473765,219,2023-10-01,216.0,3.0,4.882163106484833,0.660112645841706,True,0.03626562273049749,0.3245095669693545,-1.571548573670313e-16,6.74245033219844e-17,-0.28587098578101355,0.08078651404536742,0.17926103763295045,0.6094424923949407,0.055839266690173806,0.5893406627928498,12.98183449407749,-1.1182631740761573,0.4456763938383505,2023-10-01,2023-11-30,1.969054836860642,-0.0014400659756819,0.535003098303041,-0.291477337598275,0.1047143835080875,12.98183449407749,-1.1182631740761573,0.4456763938383505,14.950889330938132,-1.1197032400518392,0.9806794921413915,-0.2924191933704549,1.0,1.0,1.3630791081148161,available,0.20788643315306593,0.20788643315306593,0.33421958228767296,0.33421958228767296,0.26206870674384514,0.26206870674384514,0.19582527781541598,0.19582527781541598
2023-11-01,2023-12-01,2023-12-31,2023-12-22,21.0,False,True,as_of_exact_source_score_release,available,12,0.1638558667854148,0.2173046462590719,220,2023-11-01,217.0,3.0,4.880580812015252,0.6599827893806604,True,0.03624369962679397,0.32443221783434084,-2.0185873175002845e-18,-6.358550050125897e-17,-0.2837443997863247,0.08131235506376785,0.17923219970913085,0.6090691133416349,0.055832135935401705,0.58924833733687,12.922961375063963,-1.1128747329838402,0.4436807322547838,2023-11-01,2023-12-22,1.9602977153053929,-0.0015830577584293,0.5334063604432228,-0.12202260412509797,0.21850717959567903,12.922961375063963,-1.1128747329838402,0.4436807322547838,14.883259090369355,-1.1144577907422695,0.9770870926980066,-0.29224558932119504,1.0,1.0,1.3529818626305534,available,0.24027216820243888,0.24027216820243888,0.34720277612720873,0.34720277612720873,0.24711162131486455,0.24711162131486455,0.16541343435548786,0.16541343435548786
2023-12-01,2024-01-01,2024-01-31,2024-01-26,25.0,False,True,as_of_exact_source_score_release,available,12,0.0831196133541121,0.1116720446172479,221,2023-12-01,218.0,3.0,4.880321984210814,0.6599273901768486,True,0.03625957832796245,0.3243679186238789,3.416070845000482e-17,1.389034689180343e-16,-0.2828280004764838,0.08083510740034644,0.17926638996897035,0.6091828384555309,0.05581433013672343,0.5891891109229082,12.863873887647456,-1.1078698729890255,0.4416976145497611,2023-12-01,2024-01-26,1.9514580197180635,-0.0016268576132115,0.5314615988570419,-0.19989875433880777,0.1512703256239093,12.863873887647456,-1.1078698729890255,0.4416976145497611,14.81533190736552,-1.109496730602237,0.973159213406803,-0.29219877088175206,1.0,1.0,1.3602240612306815,available,0.222233665245828,0.222233665245828,0.3387021373487736,0.3387021373487736,0.25705685122745947,0.25705685122745947,0.18200734617793896,0.18200734617793896
2024-01-01,2024-02-01,2024-02-29,2024-02-29,28.0,False,True,as_of_exact_source_score_release,available,12,-0.0892937796153958,1.1709441400923557,222,2024-01-01,219.0,3.0,4.879365316785372,0.6597587982854547,True,0.036260900105460014,0.3218649316342228,-1.5071777659748043e-16,-1.3102632092423018e-16,-0.2823222793991945,0.0854973799719558,0.17927566697978445,0.6091503586478164,0.05589985544901149,0.5888896776514071,12.805190344055694,-1.1022984660890365,0.4444067922831039,2024-01-01,2024-02-29,1.9427532400145704,-0.0020467008240438,0.5301255531610574,0.414950561596927,0.7700627878057508,12.805190344055694,-1.1022984660890365,0.4444067922831039,14.747943584070264,-1.1043451669130804,0.9745323454441612,-0.2913003268539249,1.0,1.0,1.1995473431750276,available,0.3910733020361812,0.3910733020361812,0.3912489179684004,0.3912489179684004,0.151949260354878,0.151949260354878,0.0657285196405405,0.0657285196405405
2024-02-01,2024-03-01,2024-03-31,2024-03-29,28.0,False,True,as_of_exact_source_score_release,available,12,-0.0067941694265624,0.6174690636885556,223,2024-02-01,220.0,3.0,4.867930988495504,0.6582958693003176,True,0.03621521931400573,0.32263250746267824,1.4388092112855167e-16,-1.194858860583128e-16,-0.2837019629013539,0.08499818928097397,0.17905001124922418,0.6059261060990118,0.05581820973832047,0.5877230935361238,12.747783583303498,-1.096999054709271,0.4424913129544816,2024-02-01,2024-03-29,1.9343532039925624,-0.0020467008240438,0.5282713896093113,0.08922216638380015,0.4475197791808162,12.747783583303498,-1.096999054709271,0.4424913129544816,14.682136787296061,-1.0990457555333148,0.9707627025637928,-0.2911150106648712,1.0,1.0,1.3070281292478385,available,0.30165793179762357,0.30165793179762357,0.3735028495814442,0.3735028495814442,0.20763064022421096,0.20763064022421096,0.11720857839672127,0.11720857839672127
2024-03-01,2024-04-01,2024-04-30,2024-04-26,25.0,False,True,as_of_exact_source_score_release,available,12,0.2285633560956129,0.606129496388919,224,2024-03-01,221.0,3.0,4.866802861250584,0.6588790226946492,True,0.03627404412501756,0.32332944928040797,-1.784287003861859e-17,-9.29316147844718e-17,-0.2831557354668555,0.08561995072205461,0.17909090752015477,0.606407588049353,0.05586476127114848,0.5882711562887266,12.69018862802938,-1.0919358593527337,0.4406022337092229,2024-03-01,2024-04-26,1.9257827439893287,-0.0020374572219439,0.5261785920725122,0.12533940935293347,0.45495708774708143,12.69018862802938,-1.0919358593527337,0.4406022337092229,14.61597137201871,-1.0939733165746777,0.9667808257817351,-0.29102404519418884,1.0,1.0,1.304678095948173,available,0.3060050826635675,0.3060050826635675,0.3722078514653429,0.3722078514653429,0.20707185559186436,0.20707185559186436,0.11471521027922515,0.11471521027922515
2024-04-01,2024-05-01,2024-05-31,2024-05-31,30.0,False,True,as_of_exact_source_score_release,available,12,-0.129401873100278,0.260530277611939,225,2024-04-01,222.0,3.0,4.865689156237008,0.6581102438436219,True,0.0362542971032338,0.32310102651880324,4.662936703425657e-17,-1.0756827527479295e-16,-0.28415146642335365,0.08485997655626423,0.17899565260724914,0.6055254272369971,0.055792059631714186,0.587597862540965,12.633316146416316,-1.0867954872637013,0.4387867797202907,2024-04-01,2024-05-31,1.9170874508596247,-0.0020399690010249,0.5240842448130948,-0.14955613148839553,0.23072741378777759,12.633316146416316,-1.0867954872637013,0.4387867797202907,14.550403597275942,-1.0888354562647262,0.9628710245333855,-0.2908979600515049,1.0,1.0,1.3510230053796843,available,0.24151511928394617,0.24151511928394617,0.35143245412689916,0.35143245412689916,0.24284744587184184,0.24284744587184184,0.1642049807173128,0.1642049807173128
2024-05-01,2024-06-01,2024-06-30,2024-06-28,27.0,False,True,as_of_exact_source_score_release,available,12,0.1939491078727108,0.1104996633953446,226,2024-05-01,223.0,3.0,4.865492951084722,0.6580573820277869,True,0.0362689719589393,0.3230219792325101,-6.312551268333302e-17,7.350315046882259e-17,-0.2826670588070121,0.08434042992952243,0.1790201059973929,0.6057541699007594,0.05578350087991191,0.5875178019982666,12.577191260394937,-1.0821063308666754,0.4368836545801225,2024-05-01,2024-06-28,1.9088694178411063,-0.0020399690010249,0.5222223249644354,-0.18101063708317933,0.1600801095187791,12.577191260394937,-1.0821063308666754,0.4368836545801225,14.486060678236043,-1.0841462998677003,0.959105979544558,-0.29085694794317923,1.0,1.0,1.3595418285669036,available,0.22541667297019535,0.22541667297019535,0.33950409506790213,0.33950409506790213,0.2556173455786163,0.2556173455786163,0.1794618863832862,0.1794618863832862
2024-06-01,2024-07-01,2024-07-31,2024-07-26,25.0,False,True,as_of_exact_source_score_release,available,12,0.1147568761549553,-0.2175646467812129,227,2024-06-01,224.0,3.0,4.864517511783389,0.6581059332194986,True,0.03627442646060641,0.32276511171050803,1.142013551762e-16,-2.0223666109361332e-16,-0.2813402992296192,0.08264638384654438,0.17905525357003904,0.6056617321703036,0.05573862341395519,0.587635829241383,12.521431866439489,-1.0777719065757891,0.4355671090354502,2024-06-01,2024-07-26,1.900624532529249,-0.0020378462741798,0.5208269196345661,-0.3925630584993178,-0.03880600747417931,12.521431866439489,-1.0777719065757891,0.4355671090354502,14.422056398968738,-1.079809752849969,0.9563940286700163,-0.290746987078975,1.0,1.0,1.3647521619238763,available,0.17552857115795145,0.17552857115795145,0.3086452291277119,0.3086452291277119,0.28330596495102506,0.28330596495102506,0.23252023476331157,0.23252023476331157
2024-07-01,2024-08-01,2024-08-31,2024-08-30,29.0,False,True,as_of_exact_source_score_release,available,12,-0.2545571444545697,-0.0368501655876137,228,2024-07-01,225.0,3.0,4.858913641336599,0.6580602195106162,True,0.03626853282325748,0.3229757493791292,6.330219000055717e-18,5.569375370241329e-17,-0.2806684979633732,0.08265590472153758,0.17904557132581117,0.6052722443064928,0.055738486195641535,0.5876303093570824,12.465865242049313,-1.0729806161454623,0.433631272125862,2024-07-01,2024-08-30,1.892386179250335,-0.0020311323405284,0.5188774732087611,-0.3485502097555895,0.046813000635245475,12.465865242049313,-1.0729806161454623,0.433631272125862,14.358251421299649,-1.0750117484859907,0.952508745334623,-0.29068856484356026,1.0,1.0000000000000002,1.3652020135391114,available,0.19382652801738037,0.1938265280173804,0.3253017358151349,0.32530173581513494,0.26952865604662285,0.2695286560466229,0.2113430801208619,0.21134308012086192
2024-08-01,2024-09-01,2024-09-30,2024-09-27,26.0,False,True,as_of_exact_source_score_release,available,12,0.2186596728762253,0.3622435474530221,229,2024-08-01,226.0,3.0,4.856085099446981,0.6574690773643616,True,0.036219537448206496,0.32245374369338486,2.424067739356237e-17,8.241830313811206e-18,-0.278044423888732,0.08411517605230835,0.17897745696778963,0.6043500203565386,0.055700607184970496,0.5871174522759034,12.412123402656336,-1.067444987660551,0.4321507228170425,2024-08-01,2024-09-27,1.8843986476725163,-0.0019425640348296,0.5167256803801409,-0.01998737641867776,0.30897416128238475,12.412123402656336,-1.067444987660551,0.4321507228170425,14.296522050328852,-1.0693875516953806,0.9488764031971834,-0.2903455016086515,1.0,1.0,1.3379534846123429,available,0.26637938989772625,0.26637938989772625,0.3580702962212483,0.3580702962212483,0.23151174579929168,0.23151174579929168,0.14403856808173376,0.14403856808173376
2024-09-01,2024-10-01,2024-10-31,2024-10-31,30.0,False,True,as_of_exact_source_score_release,available,12,-0.0016905787281518,0.4315840089172421,230,2024-09-01,227.0,3.0,4.856101890931223,0.657679332375709,True,0.03623368672361815,0.3226574070136503,-9.605842691322007e-17,-3.0724215442344005e-16,-0.27796912760652576,0.08461974881115439,0.17898203483015868,0.6043796133658269,0.05573128419288437,0.5873157598935155,12.357445912691643,-1.0627327511580058,0.4303128856193636,2024-09-01,2024-10-31,1.8761553544676668,-0.0018113953822396,0.5146937239230055,-0.017431134383054547,0.3380016208427251,12.357445912691643,-1.0627327511580058,0.4303128856193636,14.23360126715931,-1.0645441465402454,0.945006609542369,-0.29026111251246756,1.0,1.0,1.3319575660924832,available,0.27275852162281927,0.27275852162281927,0.3632077285958844,0.3632077285958844,0.22539826007560243,0.22539826007560243,0.1386354897056939,0.1386354897056939
2024-10-01,2024-11-01,2024-11-30,2024-11-27,26.0,False,True,as_of_exact_source_score_release,available,12,-0.1483932107127908,0.4248455365526835,231,2024-10-01,228.0,3.0,4.856002596760105,0.6578215288651352,True,0.03622902542018458,0.3228940484062405,-2.590520390792032e-16,-3.3883429972326205e-17,-0.27849454895054965,0.08496816759154786,0.1789557981788361,0.6041144107616045,0.05574868230995639,0.5874916217403388,12.303321444966775,-1.0581212816082395,0.42845846515093944,2024-10-01,2024-11-27,1.8683719342077696,-0.0018113953822396,0.5128367542418387,-0.048395063438755215,0.32628863488904647,12.303321444966775,-1.0581212816082395,0.42845846515093944,14.171693379174545,-1.059932676990479,0.9412952193927782,-0.29020472635334343,1.0,1.0,1.3342135507114294,available,0.2683653715270454,0.2683653715270454,0.36331585153513246,0.36331585153513246,0.22650615287375064,0.22650615287375064,0.14181262406407147,0.14181262406407147
2024-11-01,2024-12-01,2024-12-31,2024-12-20,19.0,False,True,as_of_exact_source_score_release,available,12,-0.0792082405129053,0.2491800813760949,232,2024-11-01,229.0,3.0,4.855972654241502,0.6576757308282363,True,0.036234214269100784,0.32287709698679856,5.443442631513429e-18,-5.2520248686470226e-17,-0.2786178746006499,0.08465955084399955,0.1789514407510274,0.6040560588513348,0.055737778047972586,0.5873455987779936,12.249599276682531,-1.0534903389446797,0.4266133071075097,2024-11-01,2024-12-20,1.860348499770608,-0.0018069328594849,0.5108233730479759,-0.1422735654594894,0.22659948361411242,12.249599276682531,-1.0534903389446797,0.4266133071075097,14.109947776453138,-1.0552972718041647,0.9374366801554856,-0.2901624041065628,1.0,1.0000000000000002,1.3513029958875482,available,0.24173073894597458,0.2417307389459746,0.3507918497011734,0.35079184970117344,0.2431626255721811,0.24316262557218113,0.16431478578067094,0.16431478578067096
2024-12-01,2025-01-01,2025-01-31,2025-01-31,30.0,False,True,as_of_exact_source_score_release,available,12,0.3346225681482522,-0.0069090998513087,233,2024-12-01,230.0,3.0,4.855770490494726,0.6575671009424026,True,0.03625347891146491,0.3226601796438088,3.359258507985989e-17,1.8070904810690585e-16,-0.2766138568727142,0.08367829872658382,0.17899041748651273,0.6043407009864423,0.055718693384353146,0.587206225910236,12.197324679224653,-1.0493920137496409,0.4249945073863473,2024-12-01,2025-01-31,1.85216798569254,-0.0017817406691248,0.5086234874150513,-0.22089507394677474,0.09826596455259715,12.197324679224653,-1.0493920137496409,0.4249945073863473,14.049492664917194,-1.0511737544187656,0.9336179948013985,-0.29024154758665927,1.0,1.0,1.364305721576252,available,0.21097275938563498,0.21097275938563498,0.32952961291672944,0.32952961291672944,0.26553013082397514,0.26553013082397514,0.19396749687366044,0.19396749687366044
2025-01-01,2025-02-01,2025-02-28,2025-02-28,27.0,False,True,as_of_exact_source_score_release,available,12,-0.0175698242318299,0.689049166153312,234,2025-01-01,231.0,3.0,4.853869998412105,0.657036135631014,True,0.03625100168748596,0.32148042742856464,4.2155263135874e-16,-1.072266681902929e-16,-0.2756994244230828,0.08633527975082157,0.17901319137739585,0.6041103705853468,0.05578486535358801,0.5865369763606803,12.14470056094631,-1.0443315484591753,0.4246587704639457,2025-01-01,2025-02-28,1.844607195138753,-0.0017817406691248,0.5066850897142919,0.13741709238563893,0.4895079639511743,12.14470056094631,-1.0443315484591753,0.4246587704639457,13.989307756085063,-1.0461132891283,0.9313438601782376,-0.2898181493741225,1.0,1.0,1.2926573655563316,available,0.31632492134976115,0.31632492134976115,0.37767827369436596,0.37767827369436596,0.19832903899867166,0.19832903899867166,0.10766776595720123,0.10766776595720123
2025-02-01,2025-03-01,2025-03-31,2025-03-28,27.0,False,True,as_of_exact_source_score_release,available,12,0.1016662438173484,0.5857691631532584,235,2025-02-01,232.0,3.0,4.8519494827013006,0.6573836407797292,True,0.03628153461429495,0.3221886925318387,-1.972417501195757e-17,1.5779340009566055e-16,-0.275828587193456,0.08668305787823179,0.17900189956226567,0.6039698414437806,0.05581526920997493,0.58691535909093,12.092358188057661,-1.0398448593889853,0.42286803306849685,2025-02-01,2025-03-28,1.83740337847233,-0.0017452018619402,0.5058101932450783,0.0961567721635394,0.43615450538295225,12.092358188057661,-1.0398448593889853,0.42286803306849685,13.92976156652999,-1.0415900612509255,0.9286782263135751,-0.28959586351181593,1.0,1.0,1.3075845800951864,available,0.3022312889707567,0.3022312889707567,0.3723477528909124,0.3723477528909124,0.2080457986146469,0.2080457986146469,0.11737515952368405,0.11737515952368405
2025-03-01,2025-04-01,2025-04-30,2025-04-30,29.0,False,True,as_of_exact_source_score_release,available,12,-0.0206904666919898,-0.5078656215408891,236,2025-03-01,233.0,3.0,4.850995177970478,0.6543945895828089,True,0.03628789134158228,0.3182908155168678,3.860494786368725e-16,1.604178183886349e-16,-0.2762633000698328,0.08317097056875071,0.17896582140097286,0.6035969156204274,0.055523790260735506,0.5839024553497424,12.040517923424547,-1.0349112501846613,0.4248564298155015,2025-03-01,2025-04-30,1.830038631660753,-0.0020163104965703,0.5039735387959425,-0.5865123091482661,-0.21452182596970026,12.040517923424547,-1.0349112501846613,0.4248564298155015,13.870556555085301,-1.0369275606812316,0.9288299686114441,-0.28889056906498634,1.0,1.0,1.3459153312351262,available,0.13553711131014456,0.13553711131014456,0.2763906523544334,0.2763906523544334,0.3018954900035219,0.3018954900035219,0.28617674633190016,0.28617674633190016
2025-04-01,2025-05-01,2025-05-31,2025-05-30,29.0,False,True,as_of_exact_source_score_release,available,12,-0.0438281038117294,0.3497217911734319,237,2025-04-01,234.0,3.0,4.838201472907125,0.6514435444429869,True,0.03619582503924457,0.3162534738761159,-6.79250373715813e-17,1.8972165610683055e-16,-0.27351141559795306,0.08603218015086929,0.17882287563805305,0.6008481190211366,0.05537516563976441,0.5810444563132445,11.99031166537492,-1.029189988423418,0.42439095668428517,2025-04-01,2025-05-30,1.8227413956885576,-0.0020163104965703,0.5023417269345944,-0.07121920274807036,0.28680909965587875,11.99031166537492,-1.029189988423418,0.42439095668428517,13.813053061063478,-1.0312062989199882,0.9267326836188796,-0.2882195774933094,1.0,1.0,1.3416306493293353,available,0.25936008564352986,0.25936008564352986,0.3577619986668688,0.3577619986668688,0.23299564898522396,0.23299564898522396,0.14988226670437738,0.14988226670437738
2025-05-01,2025-06-01,2025-06-30,2025-06-27,26.0,False,True,as_of_exact_source_score_release,available,12,-0.2118162217902984,0.1647190126506519,238,2025-05-01,235.0,3.0,4.838207278369197,0.6512586739801767,True,0.03618909610929544,0.3161522129135209,-3.8951101914369985e-17,-1.9697129081847577e-16,-0.2740719745141831,0.08554540818855987,0.1788031237927603,0.6006577043434105,0.055358013750437474,0.5808791061178489,11.93937280496015,-1.0247377372426825,0.4226481849155971,2025-05-01,2025-06-27,1.8150777814112835,-0.0020036485270503,0.5006379446106018,-0.2130056326398148,0.16950151569925215,11.93937280496015,-1.0247377372426825,0.4226481849155971,13.754450586371433,-1.0267413857697327,0.9232861295261989,-0.2881185951646507,1.0,1.0,1.3582011232280429,available,0.2261839061641998,0.2261839061641998,0.34382733429961637,0.34382733429961637,0.25091581255285667,0.25091581255285667,0.17907294698332715,0.17907294698332715
2025-06-01,2025-07-01,2025-07-31,2025-07-31,30.0,False,True,as_of_exact_source_score_release,available,12,0.0694946356053686,0.3709951514483184,239,2025-06-01,236.0,3.0,4.837571828042641,0.6512323595734297,True,0.036186120877400696,0.31604742094131966,-7.432455394980127e-18,-5.760152931109599e-17,-0.2728848253134797,0.0863921436982716,0.17879988716215045,0.6006254108342189,0.05535570521999539,0.580856072735904,11.889118989433353,-1.0201554428610686,0.4210286152311153,2025-06-01,2025-07-31,1.8074053062049489,-0.00204504772389,0.4987200448278936,-0.03763007705271551,0.30573385493554556,11.889118989433353,-1.0201554428610686,0.4210286152311153,13.696524295638302,-1.0222004905849587,0.9197486600590089,-0.28800253938075204,1.0,1.0,1.3379055004594766,available,0.2658485105503896,0.2658485105503896,0.3592097944256111,0.3592097944256111,0.23009516669214958,0.23009516669214958,0.14484652833184974,0.14484652833184974
2025-07-01,2025-08-01,2025-08-31,2025-08-29,28.0,False,True,as_of_exact_source_score_release,available,12,-0.0922559901769511,0.503101166728846,240,2025-07-01,237.0,3.0,4.837561551934177,0.6515326035184441,True,0.03618899853601265,0.31627155537314355,2.6628005356243988e-17,1.2362795972128045e-16,-0.2730991644669846,0.0871665663142025,0.17878938081586465,0.6005400891171526,0.05539366539685492,0.5811643461719354,11.838966464215927,-1.0158962750621885,0.41941574308625446,2025-07-01,2025-08-29,1.8001237506963104,-0.00204504772389,0.496901761341315,0.01253886367500845,0.37444062948379253,11.838966464215927,-1.0158962750621885,0.41941574308625446,13.639090214912237,-1.0179413227860785,0.9163175044275694,-0.28794334944006933,1.0,1.0,1.3228418717145844,available,0.2840082158232784,0.2840082158232784,0.3681541410038386,0.3681541410038386,0.21734627077115376,0.21734627077115376,0.13049137240172926,0.13049137240172926
2025-08-01,2025-09-01,2025-09-30,2025-09-26,25.0,False,True,as_of_exact_source_score_release,available,12,-0.0378097663851234,0.6316313120968754,241,2025-08-01,238.0,3.0,4.837214259763714,0.6521253386053347,True,0.03619686252422338,0.3167702130032882,-1.3532282717163475e-18,-1.644604231498676e-16,-0.27328753690097257,0.08812880967266044,0.1787795933083448,0.6004160923865326,0.055443661905936636,0.5817977458046939,11.789233505983193,-1.0116819417166758,0.41793004162810665,2025-08-01,2025-09-26,1.7926811227362498,-0.0020331153957696,0.495015696104949,0.09919445267979587,0.4535141713260844,11.789233505983193,-1.0116819417166758,0.41793004162810665,13.581914628719442,-1.0137150571124454,0.9129457377330557,-0.28788094288705446,1.0,1.0,1.3019892087496645,available,0.3072754910606409,0.3072754910606409,0.37520428918196713,0.37520428918196713,0.2034610531703922,0.2034610531703922,0.11405916658699977,0.11405916658699977
2025-09-01,2025-10-01,2025-10-31,2025-12-05,65.0,False,False,as_of_exact_source_score_release,available,12,-0.0955796358022069,0.1228868960593906,242,2025-09-01,239.0,3.0,4.835921129751389,0.6509617775152058,True,0.036187491154768936,0.31604033580151836,7.248563549205568e-17,-1.183626199806985e-16,-0.27398049956394355,0.08695251174255439,0.17872603165366346,0.5997475164665416,0.055352741475585165,0.5806628441529479,11.740063993895365,-1.0071810567654063,0.4166361486041292,2025-09-01,2025-12-05,1.7849295462869583,-0.0019780685819855,0.4926727435685312,-0.21736195785987286,0.15301777144663767,11.740063993895365,-1.0071810567654063,0.4166361486041292,13.524993540182324,-1.0091591253473917,0.9093088921726604,-0.28776329617965046,1.0,1.0,1.359837783156038,available,0.2227594091948215,0.2227594091948215,0.3409840444884862,0.3409840444884862,0.25367532847399776,0.25367532847399776,0.18258121784269454,0.18258121784269454
2025-10-01,2025-11-01,2025-11-30,,,,,as_of_exact_source_score_release,score_unavailable,12,,,0,,,,,,,,,,,,,,,,,,,,,,,,,,,,,,,,,,,,,source_map_unavailable,,,,,,,,
2025-11-01,2025-12-01,2025-12-31,,,,,as_of_exact_source_score_release,score_unavailable,12,,,0,,,,,,,,,,,,,,,,,,,,,,,,,,,,,,,,,,,,,source_map_unavailable,,,,,,,,
2025-12-01,2026-01-01,2026-01-31,2026-02-20,50.0,False,False,as_of_exact_source_score_release,available,12,0.0610129919486151,0.4250788445977681,242,2025-09-01,239.0,3.0,4.835921129751389,0.6509617775152058,True,0.036187491154768936,0.31604033580151836,7.248563549205568e-17,-1.183626199806985e-16,-0.27398049956394355,0.08695251174255439,0.17872603165366346,0.5997475164665416,0.055352741475585165,0.5806628441529479,11.740063993895365,-1.0071810567654063,0.4166361486041292,2025-12-01,2026-02-20,1.777414028958805,-0.0019345015252434,0.4905557362715913,-0.008135908283672222,0.337157239005927,11.740063993895365,-1.0071810567654063,0.4166361486041292,13.51747802285417,-1.0091155582906497,0.9071918848757206,-0.28816649731327887,1.0,1.0,1.330916058185487,available,0.2749766833102718,0.2749766833102718,0.3633476591243108,0.3633476591243108,0.22414050531670715,0.22414050531670715,0.13753515224871027,0.13753515224871027
2026-01-01,2026-02-01,2026-02-28,2026-03-13,40.0,False,False,as_of_exact_source_score_release,available,12,0.1774511973178162,0.8743136345169217,243,2026-01-01,240.0,3.0,4.835827276186718,0.6520293428172055,True,0.03622254483414211,0.3163067261644652,6.282126168146462e-18,-1.0325531010917094e-16,-0.27327484903816984,0.08899492030152496,0.1787653523396205,0.600104831592449,0.055466549802242304,0.5816970437244747,11.691289906339973,-1.0025710216113823,0.4160968314340313,2026-01-01,2026-03-13,1.7704275222215295,-0.001957295781513,0.4891759614350005,0.2831271131741964,0.6074231824615154,11.691289906339973,-1.0025710216113823,0.4160968314340313,13.461717428561503,-1.0045283173928954,0.9052727928690318,-0.2877545601015482,1.0,1.0,1.251268607590985,available,0.3546366078397708,0.3546366078397708,0.3837609122041578,0.3837609122041578,0.17611801776997094,0.17611801776997094,0.08548446218610051,0.08548446218610051
2026-02-01,2026-03-01,2026-03-31,2026-04-09,39.0,False,False,as_of_exact_source_score_release,available,12,-0.1096538454293891,0.4785810806479448,244,2026-02-01,241.0,3.0,4.831099631746415,0.651132343149698,True,0.03617253937017806,0.31659495588942166,-5.0961056868039973e-17,1.7313109052043936e-16,-0.2745311556502123,0.08858281991612593,0.17858188187899438,0.5980234880075046,0.05540636684466771,0.5810143103174534,11.643413416597216,-0.9982026513793127,0.41443862427669337,2026-02-01,2026-04-09,1.7632998855002306,-0.0019834803434675,0.4874566263715734,-0.007910618578776119,0.3605697552339839,11.643413416597216,-0.9982026513793127,0.41443862427669337,13.406713302097447,-1.0001861317227803,0.9018952506482667,-0.28763492490585846,1.0,1.0,1.3254549528525423,available,0.2802754049639523,0.2802754049639523,0.3676310095031916,0.3676310095031916,0.2188626908067568,0.2188626908067568,0.13323089472609928,0.13323089472609928
2026-03-01,2026-04-01,2026-04-30,2026-04-30,29.0,False,True,as_of_exact_source_score_release,available,12,-0.1181601808241327,0.1438019154983097,245,2026-03-01,242.0,3.0,4.830913429983537,0.6506486767419699,True,0.036170460572348295,0.31628343879977394,2.0963956194580125e-16,8.304015071941222e-17,-0.2749390997910124,0.08778073809073728,0.1785631199847119,0.5977806264332062,0.05536947803340986,0.5805368065728291,11.595350127284576,-0.9939795603342346,0.4129193149652821,2026-03-01,2026-04-30,1.7563543160620994,-0.0019834803434675,0.4860723692995226,-0.2100761512080527,0.16472057535661627,11.595350127284576,-0.9939795603342346,0.4129193149652821,13.351704443346675,-0.9959630406777021,0.8989916842648047,-0.2874729794311848,1.0,1.0,1.3585670371159335,available,0.22575416405362514,0.22575416405362514,0.3432062506845225,0.3432062506845225,0.25132242358957235,0.25132242358957235,0.17971716167228002,0.17971716167228002
2026-04-01,2026-05-01,2026-05-31,2026-05-28,27.0,False,True,as_of_exact_source_score_release,available,12,0.1247488547515804,0.7735514248814588,246,2026-04-01,243.0,3.0,4.830080589268135,0.6504886737118601,True,0.03616628477721995,0.31536669005765994,-8.777982857300526e-17,-9.477513624848897e-17,-0.273559098731405,0.09029007043602559,0.1785656020578667,0.5976825427712715,0.055373991324473515,0.5803584556188758,11.548092104318515,-0.9890536346888702,0.41273924858223904,2026-04-01,2026-05-28,1.74945605511212,-0.001854511067025,0.484760418320643,0.21105493821083088,0.5461350227227618,11.548092104318515,-0.9890536346888702,0.41273924858223904,13.297548159430635,-0.9909081457558953,0.8974996669028821,-0.2868338911761557,1.0,0.9999999999999998,1.2719534924944957,available,0.33673127026241284,0.3367312702624128,0.3811227254146957,0.3811227254146956,0.18634562533239335,0.18634562533239332,0.09580037899049815,0.09580037899049812
2026-05-01,2026-06-01,2026-06-30,2026-06-25,24.0,False,True,as_of_exact_source_score_release,available,12,0.0273944260020107,0.4104760171455257,247,2026-05-01,244.0,3.0,4.827102807771081,0.6498066958936841,True,0.03617121499198961,0.3154709237607033,-1.2978821795972224e-16,-1.7102828375298463e-16,-0.27415998680797404,0.08984623045131596,0.17849293196625093,0.5968594585429562,0.055320314286087746,0.5797504926627846,11.500901162182291,-0.9848987178133481,0.4111226059542533,2026-05-01,2026-06-25,1.7424896438427584,-0.0018517439422001,0.4830888730211636,-0.02427378205299499,0.32933537187381023,11.500901162182291,-0.9848987178133481,0.4111226059542533,13.24339080602505,-0.9867504617555483,0.894211478975417,-0.2867395639528769,1.0,1.0,1.3322515421518433,available,0.2728987708384051,0.2728987708384051,0.36328317825364026,0.36328317825364026,0.2244402302548073,0.2244402302548073,0.13937782065314736,0.13937782065314736
