left_block_id,left_model_id,left_response_id,right_block_id,right_model_id,right_response_id,same_economic_block,lag_months,statistic,correlation,sample_count,p_value,q_value,status,bh_family,lag_definition,left_serial_dependence_detected,right_serial_dependence_detected,serial_dependence_detected_either,correlation_p_q_interpretation
business_investment,business_investment,core_capital_goods_orders_log_change,consumer_demand,consumer_demand,motor_vehicle_sales_log_change,False,-1,pearson,0.6754565335255136,85,1.3333729816100915e-12,2.8500847481915706e-11,ok,all_cross_model_pairs_statistics_and_lags,right_reference_month = left_reference_month + lag_months,True,True,True,exploratory_serial_dependence_detected
business_investment,business_investment,core_capital_goods_orders_log_change,consumer_demand,consumer_demand,motor_vehicle_sales_log_change,False,-1,spearman,0.04801641586867306,85,0.6625561766141878,0.8879412912516099,ok,all_cross_model_pairs_statistics_and_lags,right_reference_month = left_reference_month + lag_months,True,True,True,exploratory_serial_dependence_detected
business_investment,business_investment,core_capital_goods_orders_log_change,consumer_demand,consumer_demand,motor_vehicle_sales_log_change,False,0,pearson,-0.030701330341037995,85,0.7803008067103178,0.9285652059100499,ok,all_cross_model_pairs_statistics_and_lags,right_reference_month = left_reference_month + lag_months,True,True,True,exploratory_serial_dependence_detected
business_investment,business_investment,core_capital_goods_orders_log_change,consumer_demand,consumer_demand,motor_vehicle_sales_log_change,False,0,spearman,0.17867891342583545,85,0.10180972809259542,0.3223974722932188,ok,all_cross_model_pairs_statistics_and_lags,right_reference_month = left_reference_month + lag_months,True,True,True,exploratory_serial_dependence_detected
business_investment,business_investment,core_capital_goods_orders_log_change,consumer_demand,consumer_demand,motor_vehicle_sales_log_change,False,1,pearson,-0.2785061818223093,85,0.009852507953777323,0.050475994847466,ok,all_cross_model_pairs_statistics_and_lags,right_reference_month = left_reference_month + lag_months,True,True,True,exploratory_serial_dependence_detected
business_investment,business_investment,core_capital_goods_orders_log_change,consumer_demand,consumer_demand,motor_vehicle_sales_log_change,False,1,spearman,-0.0021106116865350793,85,0.9847048674562159,0.9927720494022555,ok,all_cross_model_pairs_statistics_and_lags,right_reference_month = left_reference_month + lag_months,True,True,True,exploratory_serial_dependence_detected
business_investment,business_investment,core_capital_goods_orders_log_change,consumer_demand,consumer_demand,retail_sales_ex_motor_vehicles_log_change,False,-1,pearson,0.01231956457993956,85,0.9109000958437443,0.9604319406571155,ok,all_cross_model_pairs_statistics_and_lags,right_reference_month = left_reference_month + lag_months,True,True,True,exploratory_serial_dependence_detected
business_investment,business_investment,core_capital_goods_orders_log_change,consumer_demand,consumer_demand,retail_sales_ex_motor_vehicles_log_change,False,-1,spearman,0.04451827242524917,85,0.68579966536063,0.8879412912516099,ok,all_cross_model_pairs_statistics_and_lags,right_reference_month = left_reference_month + lag_months,True,True,True,exploratory_serial_dependence_detected
business_investment,business_investment,core_capital_goods_orders_log_change,consumer_demand,consumer_demand,retail_sales_ex_motor_vehicles_log_change,False,0,pearson,0.6828996230121618,85,6.055513452786362e-13,1.4792754291806684e-11,ok,all_cross_model_pairs_statistics_and_lags,right_reference_month = left_reference_month + lag_months,True,True,True,exploratory_serial_dependence_detected
business_investment,business_investment,core_capital_goods_orders_log_change,consumer_demand,consumer_demand,retail_sales_ex_motor_vehicles_log_change,False,0,spearman,0.20132890365448508,85,0.06465363366901834,0.25343870306141153,ok,all_cross_model_pairs_statistics_and_lags,right_reference_month = left_reference_month + lag_months,True,True,True,exploratory_serial_dependence_detected
business_investment,business_investment,core_capital_goods_orders_log_change,consumer_demand,consumer_demand,retail_sales_ex_motor_vehicles_log_change,False,1,pearson,-0.30278393947027643,85,0.0048529472707268696,0.029117683624361217,ok,all_cross_model_pairs_statistics_and_lags,right_reference_month = left_reference_month + lag_months,True,True,True,exploratory_serial_dependence_detected
business_investment,business_investment,core_capital_goods_orders_log_change,consumer_demand,consumer_demand,retail_sales_ex_motor_vehicles_log_change,False,1,spearman,-0.030447527848348643,85,0.7820718006544332,0.9285652059100499,ok,all_cross_model_pairs_statistics_and_lags,right_reference_month = left_reference_month + lag_months,True,True,True,exploratory_serial_dependence_detected
business_investment,business_investment,core_capital_goods_orders_log_change,housing_activity,housing_activity,building_permits_log_change,False,-1,pearson,0.07257540502437446,84,0.5117830684743965,0.8166625423935271,ok,all_cross_model_pairs_statistics_and_lags,right_reference_month = left_reference_month + lag_months,True,True,True,exploratory_serial_dependence_detected
business_investment,business_investment,core_capital_goods_orders_log_change,housing_activity,housing_activity,building_permits_log_change,False,-1,spearman,-0.011724207755391312,84,0.9157032074411524,0.9604319406571155,ok,all_cross_model_pairs_statistics_and_lags,right_reference_month = left_reference_month + lag_months,True,True,True,exploratory_serial_dependence_detected
business_investment,business_investment,core_capital_goods_orders_log_change,housing_activity,housing_activity,building_permits_log_change,False,0,pearson,0.26551126839850053,84,0.014647784897596114,0.07055693570391368,ok,all_cross_model_pairs_statistics_and_lags,right_reference_month = left_reference_month + lag_months,True,True,True,exploratory_serial_dependence_detected
business_investment,business_investment,core_capital_goods_orders_log_change,housing_activity,housing_activity,building_permits_log_change,False,0,spearman,0.11780905133137591,84,0.28584496474436244,0.6034504811269874,ok,all_cross_model_pairs_statistics_and_lags,right_reference_month = left_reference_month + lag_months,True,True,True,exploratory_serial_dependence_detected
business_investment,business_investment,core_capital_goods_orders_log_change,housing_activity,housing_activity,building_permits_log_change,False,1,pearson,-0.14253519516026383,83,0.19863913384799695,0.5032191390815923,ok,all_cross_model_pairs_statistics_and_lags,right_reference_month = left_reference_month + lag_months,True,True,True,exploratory_serial_dependence_detected
business_investment,business_investment,core_capital_goods_orders_log_change,housing_activity,housing_activity,building_permits_log_change,False,1,spearman,-0.0461357625624449,83,0.6787546821143724,0.8879412912516099,ok,all_cross_model_pairs_statistics_and_lags,right_reference_month = left_reference_month + lag_months,True,True,True,exploratory_serial_dependence_detected
business_investment,business_investment,core_capital_goods_orders_log_change,housing_activity,housing_activity,housing_starts_log_change,False,-1,pearson,0.1812578189981979,84,0.09893023775790474,0.31919001238871153,ok,all_cross_model_pairs_statistics_and_lags,right_reference_month = left_reference_month + lag_months,True,True,True,exploratory_serial_dependence_detected
business_investment,business_investment,core_capital_goods_orders_log_change,housing_activity,housing_activity,housing_starts_log_change,False,-1,spearman,0.06787486078768858,84,0.5395654392795203,0.8185659823624363,ok,all_cross_model_pairs_statistics_and_lags,right_reference_month = left_reference_month + lag_months,True,True,True,exploratory_serial_dependence_detected
business_investment,business_investment,core_capital_goods_orders_log_change,housing_activity,housing_activity,housing_starts_log_change,False,0,pearson,0.2245274612570256,84,0.04004452487551582,0.1711903438428301,ok,all_cross_model_pairs_statistics_and_lags,right_reference_month = left_reference_month + lag_months,True,True,True,exploratory_serial_dependence_detected
business_investment,business_investment,core_capital_goods_orders_log_change,housing_activity,housing_activity,housing_starts_log_change,False,0,spearman,0.05596841146096993,84,0.6130886768863089,0.8523427946956,ok,all_cross_model_pairs_statistics_and_lags,right_reference_month = left_reference_month + lag_months,True,True,True,exploratory_serial_dependence_detected
business_investment,business_investment,core_capital_goods_orders_log_change,housing_activity,housing_activity,housing_starts_log_change,False,1,pearson,0.09501424005438386,83,0.39286761206611037,0.7113476787233308,ok,all_cross_model_pairs_statistics_and_lags,right_reference_month = left_reference_month + lag_months,True,True,True,exploratory_serial_dependence_detected
business_investment,business_investment,core_capital_goods_orders_log_change,housing_activity,housing_activity,housing_starts_log_change,False,1,spearman,0.13360060450862682,83,0.22854821685408494,0.546597833315364,ok,all_cross_model_pairs_statistics_and_lags,right_reference_month = left_reference_month + lag_months,True,True,True,exploratory_serial_dependence_detected
business_investment,business_investment,core_capital_goods_orders_log_change,inflation_pressure,inflation_expectations,one_year_inflation_expectations_change,False,-1,pearson,,0,,,insufficient_observations,all_cross_model_pairs_statistics_and_lags,right_reference_month = left_reference_month + lag_months,True,False,True,exploratory_serial_dependence_detected
business_investment,business_investment,core_capital_goods_orders_log_change,inflation_pressure,inflation_expectations,one_year_inflation_expectations_change,False,-1,spearman,,0,,,insufficient_observations,all_cross_model_pairs_statistics_and_lags,right_reference_month = left_reference_month + lag_months,True,False,True,exploratory_serial_dependence_detected
business_investment,business_investment,core_capital_goods_orders_log_change,inflation_pressure,inflation_expectations,one_year_inflation_expectations_change,False,0,pearson,,1,,,insufficient_observations,all_cross_model_pairs_statistics_and_lags,right_reference_month = left_reference_month + lag_months,True,False,True,exploratory_serial_dependence_detected
business_investment,business_investment,core_capital_goods_orders_log_change,inflation_pressure,inflation_expectations,one_year_inflation_expectations_change,False,0,spearman,,1,,,insufficient_observations,all_cross_model_pairs_statistics_and_lags,right_reference_month = left_reference_month + lag_months,True,False,True,exploratory_serial_dependence_detected
business_investment,business_investment,core_capital_goods_orders_log_change,inflation_pressure,inflation_expectations,one_year_inflation_expectations_change,False,1,pearson,,2,,,insufficient_observations,all_cross_model_pairs_statistics_and_lags,right_reference_month = left_reference_month + lag_months,True,False,True,exploratory_serial_dependence_detected
business_investment,business_investment,core_capital_goods_orders_log_change,inflation_pressure,inflation_expectations,one_year_inflation_expectations_change,False,1,spearman,,2,,,insufficient_observations,all_cross_model_pairs_statistics_and_lags,right_reference_month = left_reference_month + lag_months,True,False,True,exploratory_serial_dependence_detected
business_investment,business_investment,core_capital_goods_orders_log_change,inflation_pressure,inflation_input_costs,intermediate_materials_prices_log_change,False,-1,pearson,0.038357464706186895,38,0.8191513499646614,0.9496602091115737,ok,all_cross_model_pairs_statistics_and_lags,right_reference_month = left_reference_month + lag_months,True,True,True,exploratory_serial_dependence_detected
business_investment,business_investment,core_capital_goods_orders_log_change,inflation_pressure,inflation_input_costs,intermediate_materials_prices_log_change,False,-1,spearman,-0.012583433636065214,38,0.9402297093295553,0.9665286548823937,ok,all_cross_model_pairs_statistics_and_lags,right_reference_month = left_reference_month + lag_months,True,True,True,exploratory_serial_dependence_detected
business_investment,business_investment,core_capital_goods_orders_log_change,inflation_pressure,inflation_input_costs,intermediate_materials_prices_log_change,False,0,pearson,0.29329360753966194,39,0.06996927648526062,0.2579796870842922,ok,all_cross_model_pairs_statistics_and_lags,right_reference_month = left_reference_month + lag_months,True,True,True,exploratory_serial_dependence_detected
business_investment,business_investment,core_capital_goods_orders_log_change,inflation_pressure,inflation_input_costs,intermediate_materials_prices_log_change,False,0,spearman,0.23866396761133604,39,0.14341183246351707,0.4053458405167177,ok,all_cross_model_pairs_statistics_and_lags,right_reference_month = left_reference_month + lag_months,True,True,True,exploratory_serial_dependence_detected
business_investment,business_investment,core_capital_goods_orders_log_change,inflation_pressure,inflation_input_costs,intermediate_materials_prices_log_change,False,1,pearson,-0.02950290241188913,40,0.8565912134530993,0.9533155720894452,ok,all_cross_model_pairs_statistics_and_lags,right_reference_month = left_reference_month + lag_months,True,True,True,exploratory_serial_dependence_detected
business_investment,business_investment,core_capital_goods_orders_log_change,inflation_pressure,inflation_input_costs,intermediate_materials_prices_log_change,False,1,spearman,-0.0726078799249531,40,0.6561467413211426,0.8869651602048646,ok,all_cross_model_pairs_statistics_and_lags,right_reference_month = left_reference_month + lag_months,True,True,True,exploratory_serial_dependence_detected
business_investment,business_investment,core_capital_goods_orders_log_change,monthly_labor_demand,monthly_labor_demand,hires_rate_change,False,-1,pearson,0.4658149365617815,85,7.039428001259842e-06,8.024947921436219e-05,ok,all_cross_model_pairs_statistics_and_lags,right_reference_month = left_reference_month + lag_months,True,True,True,exploratory_serial_dependence_detected
business_investment,business_investment,core_capital_goods_orders_log_change,monthly_labor_demand,monthly_labor_demand,hires_rate_change,False,-1,spearman,-0.03861637678327145,85,0.725674713519538,0.902158115329808,ok,all_cross_model_pairs_statistics_and_lags,right_reference_month = left_reference_month + lag_months,True,True,True,exploratory_serial_dependence_detected
business_investment,business_investment,core_capital_goods_orders_log_change,monthly_labor_demand,monthly_labor_demand,hires_rate_change,False,0,pearson,0.022759719252905507,85,0.8362018885648466,0.9533155720894452,ok,all_cross_model_pairs_statistics_and_lags,right_reference_month = left_reference_month + lag_months,True,True,True,exploratory_serial_dependence_detected
business_investment,business_investment,core_capital_goods_orders_log_change,monthly_labor_demand,monthly_labor_demand,hires_rate_change,False,0,spearman,-0.13294899355090872,85,0.225139920363514,0.542238399748745,ok,all_cross_model_pairs_statistics_and_lags,right_reference_month = left_reference_month + lag_months,True,True,True,exploratory_serial_dependence_detected
business_investment,business_investment,core_capital_goods_orders_log_change,monthly_labor_demand,monthly_labor_demand,hires_rate_change,False,1,pearson,-0.28894684831528616,84,0.007683351737133888,0.043077152362291635,ok,all_cross_model_pairs_statistics_and_lags,right_reference_month = left_reference_month + lag_months,True,True,True,exploratory_serial_dependence_detected
business_investment,business_investment,core_capital_goods_orders_log_change,monthly_labor_demand,monthly_labor_demand,hires_rate_change,False,1,spearman,-0.03952617191454895,84,0.7211106728064317,0.9001666599242014,ok,all_cross_model_pairs_statistics_and_lags,right_reference_month = left_reference_month + lag_months,True,True,True,exploratory_serial_dependence_detected
business_investment,business_investment,core_capital_goods_orders_log_change,monthly_labor_demand,monthly_labor_demand,job_openings_rate_change,False,-1,pearson,0.4444177102725878,85,2.0363279831687425e-05,0.00021103762734657876,ok,all_cross_model_pairs_statistics_and_lags,right_reference_month = left_reference_month + lag_months,True,True,True,exploratory_serial_dependence_detected
business_investment,business_investment,core_capital_goods_orders_log_change,monthly_labor_demand,monthly_labor_demand,job_openings_rate_change,False,-1,spearman,0.12991987492671486,85,0.2359789053470595,0.5527725043061257,ok,all_cross_model_pairs_statistics_and_lags,right_reference_month = left_reference_month + lag_months,True,True,True,exploratory_serial_dependence_detected
business_investment,business_investment,core_capital_goods_orders_log_change,monthly_labor_demand,monthly_labor_demand,job_openings_rate_change,False,0,pearson,-0.1438724355116089,85,0.1889658434613975,0.48959332169543895,ok,all_cross_model_pairs_statistics_and_lags,right_reference_month = left_reference_month + lag_months,True,True,True,exploratory_serial_dependence_detected
business_investment,business_investment,core_capital_goods_orders_log_change,monthly_labor_demand,monthly_labor_demand,job_openings_rate_change,False,0,spearman,0.12816103185460231,85,0.24243623394140557,0.5602242703240587,ok,all_cross_model_pairs_statistics_and_lags,right_reference_month = left_reference_month + lag_months,True,True,True,exploratory_serial_dependence_detected
business_investment,business_investment,core_capital_goods_orders_log_change,monthly_labor_demand,monthly_labor_demand,job_openings_rate_change,False,1,pearson,-0.06487454106571038,84,0.5576779938317182,0.8185659823624363,ok,all_cross_model_pairs_statistics_and_lags,right_reference_month = left_reference_month + lag_months,True,True,True,exploratory_serial_dependence_detected
business_investment,business_investment,core_capital_goods_orders_log_change,monthly_labor_demand,monthly_labor_demand,job_openings_rate_change,False,1,spearman,-0.18586615369039183,84,0.09050289429870897,0.30050475582678127,ok,all_cross_model_pairs_statistics_and_lags,right_reference_month = left_reference_month + lag_months,True,True,True,exploratory_serial_dependence_detected
business_investment,business_investment,core_capital_goods_orders_log_change,monthly_labor_demand,monthly_labor_demand,layoffs_discharges_rate_change,False,-1,pearson,-0.686221125005557,85,4.225697475461957e-13,1.2043237805066578e-11,ok,all_cross_model_pairs_statistics_and_lags,right_reference_month = left_reference_month + lag_months,True,True,True,exploratory_serial_dependence_detected
business_investment,business_investment,core_capital_goods_orders_log_change,monthly_labor_demand,monthly_labor_demand,layoffs_discharges_rate_change,False,-1,spearman,0.04096150087942154,85,0.7097356924168167,0.8999451827681991,ok,all_cross_model_pairs_statistics_and_lags,right_reference_month = left_reference_month + lag_months,True,True,True,exploratory_serial_dependence_detected
business_investment,business_investment,core_capital_goods_orders_log_change,monthly_labor_demand,monthly_labor_demand,layoffs_discharges_rate_change,False,0,pearson,0.4170572691344038,85,7.167018713582245e-05,0.0006624649729851696,ok,all_cross_model_pairs_statistics_and_lags,right_reference_month = left_reference_month + lag_months,True,True,True,exploratory_serial_dependence_detected
business_investment,business_investment,core_capital_goods_orders_log_change,monthly_labor_demand,monthly_labor_demand,layoffs_discharges_rate_change,False,0,spearman,-0.10267735000977134,85,0.34973850710996396,0.6874170656988947,ok,all_cross_model_pairs_statistics_and_lags,right_reference_month = left_reference_month + lag_months,True,True,True,exploratory_serial_dependence_detected
business_investment,business_investment,core_capital_goods_orders_log_change,monthly_labor_demand,monthly_labor_demand,layoffs_discharges_rate_change,False,1,pearson,-0.06168886910833802,84,0.5772217319997373,0.8258544937320944,ok,all_cross_model_pairs_statistics_and_lags,right_reference_month = left_reference_month + lag_months,True,True,True,exploratory_serial_dependence_detected
business_investment,business_investment,core_capital_goods_orders_log_change,monthly_labor_demand,monthly_labor_demand,layoffs_discharges_rate_change,False,1,spearman,0.013911106611319227,84,0.900054065529277,0.9604319406571155,ok,all_cross_model_pairs_statistics_and_lags,right_reference_month = left_reference_month + lag_months,True,True,True,exploratory_serial_dependence_detected
business_investment,business_investment,core_capital_goods_orders_log_change,monthly_labor_demand,monthly_labor_demand,quits_rate_change,False,-1,pearson,0.6228151682969868,85,1.9596245163996238e-10,3.1913884981365304e-09,ok,all_cross_model_pairs_statistics_and_lags,right_reference_month = left_reference_month + lag_months,True,True,True,exploratory_serial_dependence_detected
business_investment,business_investment,core_capital_goods_orders_log_change,monthly_labor_demand,monthly_labor_demand,quits_rate_change,False,-1,spearman,-0.08690639046316201,85,0.4290187696311431,0.742753329695665,ok,all_cross_model_pairs_statistics_and_lags,right_reference_month = left_reference_month + lag_months,True,True,True,exploratory_serial_dependence_detected
business_investment,business_investment,core_capital_goods_orders_log_change,monthly_labor_demand,monthly_labor_demand,quits_rate_change,False,0,pearson,-0.2394852353009388,85,0.027280333449297603,0.12230816704237096,ok,all_cross_model_pairs_statistics_and_lags,right_reference_month = left_reference_month + lag_months,True,True,True,exploratory_serial_dependence_detected
business_investment,business_investment,core_capital_goods_orders_log_change,monthly_labor_demand,monthly_labor_demand,quits_rate_change,False,0,spearman,0.2317373461012312,85,0.03284112997988897,0.142172993077494,ok,all_cross_model_pairs_statistics_and_lags,right_reference_month = left_reference_month + lag_months,True,True,True,exploratory_serial_dependence_detected
business_investment,business_investment,core_capital_goods_orders_log_change,monthly_labor_demand,monthly_labor_demand,quits_rate_change,False,1,pearson,0.08157380163075748,84,0.4607184101076944,0.7735521752922563,ok,all_cross_model_pairs_statistics_and_lags,right_reference_month = left_reference_month + lag_months,True,True,True,exploratory_serial_dependence_detected
business_investment,business_investment,core_capital_goods_orders_log_change,monthly_labor_demand,monthly_labor_demand,quits_rate_change,False,1,spearman,0.060261212918902504,84,0.58608179102699,0.8316705215420647,ok,all_cross_model_pairs_statistics_and_lags,right_reference_month = left_reference_month + lag_months,True,True,True,exploratory_serial_dependence_detected
business_investment,business_investment,core_capital_goods_orders_log_change,weekly_labor_stress,weekly_labor_stress,initial_claims_innovation,False,-1,pearson,-0.6816939002978981,85,6.892311999859431e-13,1.5714471359679504e-11,ok,all_cross_model_pairs_statistics_and_lags,right_reference_month = left_reference_month + lag_months,True,True,True,exploratory_serial_dependence_detected
business_investment,business_investment,core_capital_goods_orders_log_change,weekly_labor_stress,weekly_labor_stress,initial_claims_innovation,False,-1,spearman,-0.06329880789525114,85,0.5649376373242454,0.822541978777468,ok,all_cross_model_pairs_statistics_and_lags,right_reference_month = left_reference_month + lag_months,True,True,True,exploratory_serial_dependence_detected
business_investment,business_investment,core_capital_goods_orders_log_change,weekly_labor_stress,weekly_labor_stress,initial_claims_innovation,False,0,pearson,0.03287407869208038,85,0.7651863611856419,0.9247128463798215,ok,all_cross_model_pairs_statistics_and_lags,right_reference_month = left_reference_month + lag_months,True,True,True,exploratory_serial_dependence_detected
business_investment,business_investment,core_capital_goods_orders_log_change,weekly_labor_stress,weekly_labor_stress,initial_claims_innovation,False,0,spearman,-0.05595075239398084,85,0.6110316327166764,0.8523427946956,ok,all_cross_model_pairs_statistics_and_lags,right_reference_month = left_reference_month + lag_months,True,True,True,exploratory_serial_dependence_detected
business_investment,business_investment,core_capital_goods_orders_log_change,weekly_labor_stress,weekly_labor_stress,initial_claims_innovation,False,1,pearson,-0.057699646868499314,85,0.5999132166264027,0.8443223048816039,ok,all_cross_model_pairs_statistics_and_lags,right_reference_month = left_reference_month + lag_months,True,True,True,exploratory_serial_dependence_detected
business_investment,business_investment,core_capital_goods_orders_log_change,weekly_labor_stress,weekly_labor_stress,initial_claims_innovation,False,1,spearman,-0.13472737932382256,85,0.21894153407085032,0.542238399748745,ok,all_cross_model_pairs_statistics_and_lags,right_reference_month = left_reference_month + lag_months,True,True,True,exploratory_serial_dependence_detected
business_investment,business_investment,core_capital_goods_shipments_log_change,consumer_demand,consumer_demand,motor_vehicle_sales_log_change,False,-1,pearson,0.6401708686474614,85,4.2035392143588687e-11,7.566370585845964e-10,ok,all_cross_model_pairs_statistics_and_lags,right_reference_month = left_reference_month + lag_months,False,True,True,exploratory_serial_dependence_detected
business_investment,business_investment,core_capital_goods_shipments_log_change,consumer_demand,consumer_demand,motor_vehicle_sales_log_change,False,-1,spearman,-0.014324799687316788,85,0.8964720158423277,0.9604319406571155,ok,all_cross_model_pairs_statistics_and_lags,right_reference_month = left_reference_month + lag_months,False,True,True,exploratory_serial_dependence_detected
business_investment,business_investment,core_capital_goods_shipments_log_change,consumer_demand,consumer_demand,motor_vehicle_sales_log_change,False,0,pearson,-0.03641384551968252,85,0.7407517149297737,0.9047753089499379,ok,all_cross_model_pairs_statistics_and_lags,right_reference_month = left_reference_month + lag_months,False,True,True,exploratory_serial_dependence_detected
business_investment,business_investment,core_capital_goods_shipments_log_change,consumer_demand,consumer_demand,motor_vehicle_sales_log_change,False,0,spearman,0.09712722298221614,85,0.3765324776252108,0.7113476787233308,ok,all_cross_model_pairs_statistics_and_lags,right_reference_month = left_reference_month + lag_months,False,True,True,exploratory_serial_dependence_detected
business_investment,business_investment,core_capital_goods_shipments_log_change,consumer_demand,consumer_demand,motor_vehicle_sales_log_change,False,1,pearson,-0.31622690265235226,85,0.0031946693238419487,0.021423076642234244,ok,all_cross_model_pairs_statistics_and_lags,right_reference_month = left_reference_month + lag_months,False,True,True,exploratory_serial_dependence_detected
business_investment,business_investment,core_capital_goods_shipments_log_change,consumer_demand,consumer_demand,motor_vehicle_sales_log_change,False,1,spearman,-0.12120383036935704,85,0.2691689735185577,0.5932240414525132,ok,all_cross_model_pairs_statistics_and_lags,right_reference_month = left_reference_month + lag_months,False,True,True,exploratory_serial_dependence_detected
business_investment,business_investment,core_capital_goods_shipments_log_change,consumer_demand,consumer_demand,retail_sales_ex_motor_vehicles_log_change,False,-1,pearson,0.04090935065904992,85,0.7100888174626274,0.8999451827681991,ok,all_cross_model_pairs_statistics_and_lags,right_reference_month = left_reference_month + lag_months,False,True,True,exploratory_serial_dependence_detected
business_investment,business_investment,core_capital_goods_shipments_log_change,consumer_demand,consumer_demand,retail_sales_ex_motor_vehicles_log_change,False,-1,spearman,-0.1036935704514364,85,0.34496452149210327,0.6819529846838112,ok,all_cross_model_pairs_statistics_and_lags,right_reference_month = left_reference_month + lag_months,False,True,True,exploratory_serial_dependence_detected
business_investment,business_investment,core_capital_goods_shipments_log_change,consumer_demand,consumer_demand,retail_sales_ex_motor_vehicles_log_change,False,0,pearson,0.6627246054341501,85,4.885012915190948e-12,9.827496570560612e-11,ok,all_cross_model_pairs_statistics_and_lags,right_reference_month = left_reference_month + lag_months,False,True,True,exploratory_serial_dependence_detected
business_investment,business_investment,core_capital_goods_shipments_log_change,consumer_demand,consumer_demand,retail_sales_ex_motor_vehicles_log_change,False,0,spearman,0.027047097908931013,85,0.8059030802476439,0.9374790933493,ok,all_cross_model_pairs_statistics_and_lags,right_reference_month = left_reference_month + lag_months,False,True,True,exploratory_serial_dependence_detected
business_investment,business_investment,core_capital_goods_shipments_log_change,consumer_demand,consumer_demand,retail_sales_ex_motor_vehicles_log_change,False,1,pearson,-0.28130023707069046,85,0.009108665256006876,0.04944703996118018,ok,all_cross_model_pairs_statistics_and_lags,right_reference_month = left_reference_month + lag_months,False,True,True,exploratory_serial_dependence_detected
business_investment,business_investment,core_capital_goods_shipments_log_change,consumer_demand,consumer_demand,retail_sales_ex_motor_vehicles_log_change,False,1,spearman,-0.1586671878053547,85,0.14695112550209713,0.4085958123716847,ok,all_cross_model_pairs_statistics_and_lags,right_reference_month = left_reference_month + lag_months,False,True,True,exploratory_serial_dependence_detected
business_investment,business_investment,core_capital_goods_shipments_log_change,housing_activity,housing_activity,building_permits_log_change,False,-1,pearson,0.031801095777445235,84,0.7739842481336522,0.9285652059100499,ok,all_cross_model_pairs_statistics_and_lags,right_reference_month = left_reference_month + lag_months,False,True,True,exploratory_serial_dependence_detected
business_investment,business_investment,core_capital_goods_shipments_log_change,housing_activity,housing_activity,building_permits_log_change,False,-1,spearman,0.014437582261820393,84,0.8962921391125768,0.9604319406571155,ok,all_cross_model_pairs_statistics_and_lags,right_reference_month = left_reference_month + lag_months,False,True,True,exploratory_serial_dependence_detected
business_investment,business_investment,core_capital_goods_shipments_log_change,housing_activity,housing_activity,building_permits_log_change,False,0,pearson,0.4277402104676151,84,4.9408859020070976e-05,0.0004969949936724787,ok,all_cross_model_pairs_statistics_and_lags,right_reference_month = left_reference_month + lag_months,False,True,True,exploratory_serial_dependence_detected
business_investment,business_investment,core_capital_goods_shipments_log_change,housing_activity,housing_activity,building_permits_log_change,False,0,spearman,0.24051837602510887,84,0.027537218895504572,0.12230816704237096,ok,all_cross_model_pairs_statistics_and_lags,right_reference_month = left_reference_month + lag_months,False,True,True,exploratory_serial_dependence_detected
business_investment,business_investment,core_capital_goods_shipments_log_change,housing_activity,housing_activity,building_permits_log_change,False,1,pearson,-0.2537723416972963,83,0.020615761201035653,0.0952782477128945,ok,all_cross_model_pairs_statistics_and_lags,right_reference_month = left_reference_month + lag_months,False,True,True,exploratory_serial_dependence_detected
business_investment,business_investment,core_capital_goods_shipments_log_change,housing_activity,housing_activity,building_permits_log_change,False,1,spearman,-0.16817094160614585,83,0.12858122121149979,0.38238937090724284,ok,all_cross_model_pairs_statistics_and_lags,right_reference_month = left_reference_month + lag_months,False,True,True,exploratory_serial_dependence_detected
business_investment,business_investment,core_capital_goods_shipments_log_change,housing_activity,housing_activity,housing_starts_log_change,False,-1,pearson,0.16259664371037308,84,0.1394755827963199,0.4008528225249898,ok,all_cross_model_pairs_statistics_and_lags,right_reference_month = left_reference_month + lag_months,False,True,True,exploratory_serial_dependence_detected
business_investment,business_investment,core_capital_goods_shipments_log_change,housing_activity,housing_activity,housing_starts_log_change,False,-1,spearman,0.02818669636529311,84,0.7990976890602123,0.9359294851321664,ok,all_cross_model_pairs_statistics_and_lags,right_reference_month = left_reference_month + lag_months,False,True,True,exploratory_serial_dependence_detected
business_investment,business_investment,core_capital_goods_shipments_log_change,housing_activity,housing_activity,housing_starts_log_change,False,0,pearson,0.28115650872214076,84,0.00957766946942884,0.05039327628530251,ok,all_cross_model_pairs_statistics_and_lags,right_reference_month = left_reference_month + lag_months,False,True,True,exploratory_serial_dependence_detected
business_investment,business_investment,core_capital_goods_shipments_log_change,housing_activity,housing_activity,housing_starts_log_change,False,0,spearman,0.11863926293408929,84,0.2824393577278842,0.5999643499561267,ok,all_cross_model_pairs_statistics_and_lags,right_reference_month = left_reference_month + lag_months,False,True,True,exploratory_serial_dependence_detected
business_investment,business_investment,core_capital_goods_shipments_log_change,housing_activity,housing_activity,housing_starts_log_change,False,1,pearson,-0.0368943488031383,83,0.7405396833201993,0.9047753089499379,ok,all_cross_model_pairs_statistics_and_lags,right_reference_month = left_reference_month + lag_months,False,True,True,exploratory_serial_dependence_detected
business_investment,business_investment,core_capital_goods_shipments_log_change,housing_activity,housing_activity,housing_starts_log_change,False,1,spearman,-0.0077872465471642656,83,0.9442968878572661,0.9665286548823937,ok,all_cross_model_pairs_statistics_and_lags,right_reference_month = left_reference_month + lag_months,False,True,True,exploratory_serial_dependence_detected
business_investment,business_investment,core_capital_goods_shipments_log_change,inflation_pressure,inflation_expectations,one_year_inflation_expectations_change,False,-1,pearson,,0,,,insufficient_observations,all_cross_model_pairs_statistics_and_lags,right_reference_month = left_reference_month + lag_months,False,False,False,exploratory_no_serial_dependence_detected
business_investment,business_investment,core_capital_goods_shipments_log_change,inflation_pressure,inflation_expectations,one_year_inflation_expectations_change,False,-1,spearman,,0,,,insufficient_observations,all_cross_model_pairs_statistics_and_lags,right_reference_month = left_reference_month + lag_months,False,False,False,exploratory_no_serial_dependence_detected
business_investment,business_investment,core_capital_goods_shipments_log_change,inflation_pressure,inflation_expectations,one_year_inflation_expectations_change,False,0,pearson,,1,,,insufficient_observations,all_cross_model_pairs_statistics_and_lags,right_reference_month = left_reference_month + lag_months,False,False,False,exploratory_no_serial_dependence_detected
business_investment,business_investment,core_capital_goods_shipments_log_change,inflation_pressure,inflation_expectations,one_year_inflation_expectations_change,False,0,spearman,,1,,,insufficient_observations,all_cross_model_pairs_statistics_and_lags,right_reference_month = left_reference_month + lag_months,False,False,False,exploratory_no_serial_dependence_detected
business_investment,business_investment,core_capital_goods_shipments_log_change,inflation_pressure,inflation_expectations,one_year_inflation_expectations_change,False,1,pearson,,2,,,insufficient_observations,all_cross_model_pairs_statistics_and_lags,right_reference_month = left_reference_month + lag_months,False,False,False,exploratory_no_serial_dependence_detected
business_investment,business_investment,core_capital_goods_shipments_log_change,inflation_pressure,inflation_expectations,one_year_inflation_expectations_change,False,1,spearman,,2,,,insufficient_observations,all_cross_model_pairs_statistics_and_lags,right_reference_month = left_reference_month + lag_months,False,False,False,exploratory_no_serial_dependence_detected
business_investment,business_investment,core_capital_goods_shipments_log_change,inflation_pressure,inflation_input_costs,intermediate_materials_prices_log_change,False,-1,pearson,0.10751244004187414,38,0.520562673221605,0.8166625423935271,ok,all_cross_model_pairs_statistics_and_lags,right_reference_month = left_reference_month + lag_months,False,True,True,exploratory_serial_dependence_detected
business_investment,business_investment,core_capital_goods_shipments_log_change,inflation_pressure,inflation_input_costs,intermediate_materials_prices_log_change,False,-1,spearman,0.10559142138089507,38,0.5280841799889061,0.8185659823624363,ok,all_cross_model_pairs_statistics_and_lags,right_reference_month = left_reference_month + lag_months,False,True,True,exploratory_serial_dependence_detected
business_investment,business_investment,core_capital_goods_shipments_log_change,inflation_pressure,inflation_input_costs,intermediate_materials_prices_log_change,False,0,pearson,0.056923190152642286,39,0.730696926594562,0.9021601043153076,ok,all_cross_model_pairs_statistics_and_lags,right_reference_month = left_reference_month + lag_months,False,True,True,exploratory_serial_dependence_detected
business_investment,business_investment,core_capital_goods_shipments_log_change,inflation_pressure,inflation_input_costs,intermediate_materials_prices_log_change,False,0,spearman,0.09392712550607286,39,0.5695257895695883,0.825113578370814,ok,all_cross_model_pairs_statistics_and_lags,right_reference_month = left_reference_month + lag_months,False,True,True,exploratory_serial_dependence_detected
business_investment,business_investment,core_capital_goods_shipments_log_change,inflation_pressure,inflation_input_costs,intermediate_materials_prices_log_change,False,1,pearson,0.3192049637469164,40,0.04467763355731223,0.18728135702771903,ok,all_cross_model_pairs_statistics_and_lags,right_reference_month = left_reference_month + lag_months,False,True,True,exploratory_serial_dependence_detected
business_investment,business_investment,core_capital_goods_shipments_log_change,inflation_pressure,inflation_input_costs,intermediate_materials_prices_log_change,False,1,spearman,0.27729831144465295,40,0.08321478999015618,0.28177681363003376,ok,all_cross_model_pairs_statistics_and_lags,right_reference_month = left_reference_month + lag_months,False,True,True,exploratory_serial_dependence_detected
business_investment,business_investment,core_capital_goods_shipments_log_change,monthly_labor_demand,monthly_labor_demand,hires_rate_change,False,-1,pearson,0.6203345108531882,85,2.4231701025840033e-10,3.766928068562405e-09,ok,all_cross_model_pairs_statistics_and_lags,right_reference_month = left_reference_month + lag_months,False,True,True,exploratory_serial_dependence_detected
business_investment,business_investment,core_capital_goods_shipments_log_change,monthly_labor_demand,monthly_labor_demand,hires_rate_change,False,-1,spearman,0.2181356263435607,85,0.04490371718208468,0.18728135702771903,ok,all_cross_model_pairs_statistics_and_lags,right_reference_month = left_reference_month + lag_months,False,True,True,exploratory_serial_dependence_detected
business_investment,business_investment,core_capital_goods_shipments_log_change,monthly_labor_demand,monthly_labor_demand,hires_rate_change,False,0,pearson,-0.1118673514906518,85,0.308061080239546,0.6346800568790646,ok,all_cross_model_pairs_statistics_and_lags,right_reference_month = left_reference_month + lag_months,False,True,True,exploratory_serial_dependence_detected
business_investment,business_investment,core_capital_goods_shipments_log_change,monthly_labor_demand,monthly_labor_demand,hires_rate_change,False,0,spearman,-0.361188196208716,85,0.0006835373531009655,0.005436506389779772,ok,all_cross_model_pairs_statistics_and_lags,right_reference_month = left_reference_month + lag_months,False,True,True,exploratory_serial_dependence_detected
business_investment,business_investment,core_capital_goods_shipments_log_change,monthly_labor_demand,monthly_labor_demand,hires_rate_change,False,1,pearson,-0.26560916857772404,84,0.014609952243184093,0.07055693570391368,ok,all_cross_model_pairs_statistics_and_lags,right_reference_month = left_reference_month + lag_months,False,True,True,exploratory_serial_dependence_detected
business_investment,business_investment,core_capital_goods_shipments_log_change,monthly_labor_demand,monthly_labor_demand,hires_rate_change,False,1,spearman,0.06364280652019845,84,0.5651969737213597,0.822541978777468,ok,all_cross_model_pairs_statistics_and_lags,right_reference_month = left_reference_month + lag_months,False,True,True,exploratory_serial_dependence_detected
business_investment,business_investment,core_capital_goods_shipments_log_change,monthly_labor_demand,monthly_labor_demand,job_openings_rate_change,False,-1,pearson,0.40949300246732484,85,9.961234089864293e-05,0.0008965110680877864,ok,all_cross_model_pairs_statistics_and_lags,right_reference_month = left_reference_month + lag_months,False,True,True,exploratory_serial_dependence_detected
business_investment,business_investment,core_capital_goods_shipments_log_change,monthly_labor_demand,monthly_labor_demand,job_openings_rate_change,False,-1,spearman,0.13298807895251125,85,0.22500238314383622,0.542238399748745,ok,all_cross_model_pairs_statistics_and_lags,right_reference_month = left_reference_month + lag_months,False,True,True,exploratory_serial_dependence_detected
business_investment,business_investment,core_capital_goods_shipments_log_change,monthly_labor_demand,monthly_labor_demand,job_openings_rate_change,False,0,pearson,-0.09548266473649039,85,0.38470445281578625,0.7113476787233308,ok,all_cross_model_pairs_statistics_and_lags,right_reference_month = left_reference_month + lag_months,False,True,True,exploratory_serial_dependence_detected
business_investment,business_investment,core_capital_goods_shipments_log_change,monthly_labor_demand,monthly_labor_demand,job_openings_rate_change,False,0,spearman,0.10678131717803402,85,0.3307107953045332,0.669249065054144,ok,all_cross_model_pairs_statistics_and_lags,right_reference_month = left_reference_month + lag_months,False,True,True,exploratory_serial_dependence_detected
business_investment,business_investment,core_capital_goods_shipments_log_change,monthly_labor_demand,monthly_labor_demand,job_openings_rate_change,False,1,pearson,-0.04502644681351897,84,0.6842304548376796,0.8879412912516099,ok,all_cross_model_pairs_statistics_and_lags,right_reference_month = left_reference_month + lag_months,False,True,True,exploratory_serial_dependence_detected
business_investment,business_investment,core_capital_goods_shipments_log_change,monthly_labor_demand,monthly_labor_demand,job_openings_rate_change,False,1,spearman,-0.051392123114305965,84,0.6424572267909904,0.874702786480149,ok,all_cross_model_pairs_statistics_and_lags,right_reference_month = left_reference_month + lag_months,False,True,True,exploratory_serial_dependence_detected
business_investment,business_investment,core_capital_goods_shipments_log_change,monthly_labor_demand,monthly_labor_demand,layoffs_discharges_rate_change,False,-1,pearson,-0.6511788730819739,85,1.503749213540923e-11,2.857123505727754e-10,ok,all_cross_model_pairs_statistics_and_lags,right_reference_month = left_reference_month + lag_months,False,True,True,exploratory_serial_dependence_detected
business_investment,business_investment,core_capital_goods_shipments_log_change,monthly_labor_demand,monthly_labor_demand,layoffs_discharges_rate_change,False,-1,spearman,0.030076216533124877,85,0.7846647500234047,0.9285652059100499,ok,all_cross_model_pairs_statistics_and_lags,right_reference_month = left_reference_month + lag_months,False,True,True,exploratory_serial_dependence_detected
business_investment,business_investment,core_capital_goods_shipments_log_change,monthly_labor_demand,monthly_labor_demand,layoffs_discharges_rate_change,False,0,pearson,0.3912410659595327,85,0.00021357916172633142,0.00187292495667706,ok,all_cross_model_pairs_statistics_and_lags,right_reference_month = left_reference_month + lag_months,False,True,True,exploratory_serial_dependence_detected
business_investment,business_investment,core_capital_goods_shipments_log_change,monthly_labor_demand,monthly_labor_demand,layoffs_discharges_rate_change,False,0,spearman,0.0014266171584913034,85,0.9896612857015166,0.9927720494022555,ok,all_cross_model_pairs_statistics_and_lags,right_reference_month = left_reference_month + lag_months,False,True,True,exploratory_serial_dependence_detected
business_investment,business_investment,core_capital_goods_shipments_log_change,monthly_labor_demand,monthly_labor_demand,layoffs_discharges_rate_change,False,1,pearson,-0.029338860854371818,84,0.7910687518411808,0.932915562516151,ok,all_cross_model_pairs_statistics_and_lags,right_reference_month = left_reference_month + lag_months,False,True,True,exploratory_serial_dependence_detected
business_investment,business_investment,core_capital_goods_shipments_log_change,monthly_labor_demand,monthly_labor_demand,layoffs_discharges_rate_change,False,1,spearman,0.06635618102662752,84,0.5486972973846893,0.8185659823624363,ok,all_cross_model_pairs_statistics_and_lags,right_reference_month = left_reference_month + lag_months,False,True,True,exploratory_serial_dependence_detected
business_investment,business_investment,core_capital_goods_shipments_log_change,monthly_labor_demand,monthly_labor_demand,quits_rate_change,False,-1,pearson,0.7111675840061832,85,2.4138337963897148e-14,9.172568426280915e-13,ok,all_cross_model_pairs_statistics_and_lags,right_reference_month = left_reference_month + lag_months,False,True,True,exploratory_serial_dependence_detected
business_investment,business_investment,core_capital_goods_shipments_log_change,monthly_labor_demand,monthly_labor_demand,quits_rate_change,False,-1,spearman,0.3445378151260505,85,0.001242592802952342,0.009443705302437799,ok,all_cross_model_pairs_statistics_and_lags,right_reference_month = left_reference_month + lag_months,False,True,True,exploratory_serial_dependence_detected
business_investment,business_investment,core_capital_goods_shipments_log_change,monthly_labor_demand,monthly_labor_demand,quits_rate_change,False,0,pearson,-0.30751250738013464,85,0.004198290081320851,0.02709085297757983,ok,all_cross_model_pairs_statistics_and_lags,right_reference_month = left_reference_month + lag_months,False,True,True,exploratory_serial_dependence_detected
business_investment,business_investment,core_capital_goods_shipments_log_change,monthly_labor_demand,monthly_labor_demand,quits_rate_change,False,0,spearman,-0.08897791674809459,85,0.418056495456103,0.74080477433154,ok,all_cross_model_pairs_statistics_and_lags,right_reference_month = left_reference_month + lag_months,False,True,True,exploratory_serial_dependence_detected
business_investment,business_investment,core_capital_goods_shipments_log_change,monthly_labor_demand,monthly_labor_demand,quits_rate_change,False,1,pearson,0.07343063753969613,84,0.5068082518518773,0.8166625423935271,ok,all_cross_model_pairs_statistics_and_lags,right_reference_month = left_reference_month + lag_months,False,True,True,exploratory_serial_dependence_detected
business_investment,business_investment,core_capital_goods_shipments_log_change,monthly_labor_demand,monthly_labor_demand,quits_rate_change,False,1,spearman,0.13886807735142248,84,0.2077450130046672,0.5224176062323248,ok,all_cross_model_pairs_statistics_and_lags,right_reference_month = left_reference_month + lag_months,False,True,True,exploratory_serial_dependence_detected
business_investment,business_investment,core_capital_goods_shipments_log_change,weekly_labor_stress,weekly_labor_stress,initial_claims_innovation,False,-1,pearson,-0.6882713177941076,85,3.376104500344683e-13,1.049661581016256e-11,ok,all_cross_model_pairs_statistics_and_lags,right_reference_month = left_reference_month + lag_months,False,True,True,exploratory_serial_dependence_detected
business_investment,business_investment,core_capital_goods_shipments_log_change,weekly_labor_stress,weekly_labor_stress,initial_claims_innovation,False,-1,spearman,-0.20717217119405903,85,0.057112634979094475,0.2297943666217684,ok,all_cross_model_pairs_statistics_and_lags,right_reference_month = left_reference_month + lag_months,False,True,True,exploratory_serial_dependence_detected
business_investment,business_investment,core_capital_goods_shipments_log_change,weekly_labor_stress,weekly_labor_stress,initial_claims_innovation,False,0,pearson,-0.0013979249910618145,85,0.9898692071525413,0.9927720494022555,ok,all_cross_model_pairs_statistics_and_lags,right_reference_month = left_reference_month + lag_months,False,True,True,exploratory_serial_dependence_detected
business_investment,business_investment,core_capital_goods_shipments_log_change,weekly_labor_stress,weekly_labor_stress,initial_claims_innovation,False,0,spearman,-0.020949775258940786,85,0.849067443745344,0.9533155720894452,ok,all_cross_model_pairs_statistics_and_lags,right_reference_month = left_reference_month + lag_months,False,True,True,exploratory_serial_dependence_detected
business_investment,business_investment,core_capital_goods_shipments_log_change,weekly_labor_stress,weekly_labor_stress,initial_claims_innovation,False,1,pearson,-0.043812929726042685,85,0.6905227759037442,0.8879412912516099,ok,all_cross_model_pairs_statistics_and_lags,right_reference_month = left_reference_month + lag_months,False,True,True,exploratory_serial_dependence_detected
business_investment,business_investment,core_capital_goods_shipments_log_change,weekly_labor_stress,weekly_labor_stress,initial_claims_innovation,False,1,spearman,-0.010611686535079146,85,0.9232116036627689,0.9604319406571155,ok,all_cross_model_pairs_statistics_and_lags,right_reference_month = left_reference_month + lag_months,False,True,True,exploratory_serial_dependence_detected
consumer_demand,consumer_demand,motor_vehicle_sales_log_change,housing_activity,housing_activity,building_permits_log_change,False,-1,pearson,-0.10762343588491034,130,0.22292469835685919,0.542238399748745,ok,all_cross_model_pairs_statistics_and_lags,right_reference_month = left_reference_month + lag_months,True,True,True,exploratory_serial_dependence_detected
consumer_demand,consumer_demand,motor_vehicle_sales_log_change,housing_activity,housing_activity,building_permits_log_change,False,-1,spearman,0.04234661131518933,130,0.6323818185598818,0.8685726182629703,ok,all_cross_model_pairs_statistics_and_lags,right_reference_month = left_reference_month + lag_months,True,True,True,exploratory_serial_dependence_detected
consumer_demand,consumer_demand,motor_vehicle_sales_log_change,housing_activity,housing_activity,building_permits_log_change,False,0,pearson,0.09694667421666947,130,0.27252193813621733,0.5932240414525132,ok,all_cross_model_pairs_statistics_and_lags,right_reference_month = left_reference_month + lag_months,True,True,True,exploratory_serial_dependence_detected
consumer_demand,consumer_demand,motor_vehicle_sales_log_change,housing_activity,housing_activity,building_permits_log_change,False,0,spearman,0.0648295074355788,130,0.4636789354822004,0.7735521752922563,ok,all_cross_model_pairs_statistics_and_lags,right_reference_month = left_reference_month + lag_months,True,True,True,exploratory_serial_dependence_detected
consumer_demand,consumer_demand,motor_vehicle_sales_log_change,housing_activity,housing_activity,building_permits_log_change,False,1,pearson,0.29960070582176057,130,0.0005344283642533271,0.004351773823205664,ok,all_cross_model_pairs_statistics_and_lags,right_reference_month = left_reference_month + lag_months,True,True,True,exploratory_serial_dependence_detected
consumer_demand,consumer_demand,motor_vehicle_sales_log_change,housing_activity,housing_activity,building_permits_log_change,False,1,spearman,0.08467956683827445,130,0.3381169632611316,0.6762339265222632,ok,all_cross_model_pairs_statistics_and_lags,right_reference_month = left_reference_month + lag_months,True,True,True,exploratory_serial_dependence_detected
consumer_demand,consumer_demand,motor_vehicle_sales_log_change,housing_activity,housing_activity,housing_starts_log_change,False,-1,pearson,-0.23300113270338532,130,0.007635283663619898,0.043077152362291635,ok,all_cross_model_pairs_statistics_and_lags,right_reference_month = left_reference_month + lag_months,True,True,True,exploratory_serial_dependence_detected
consumer_demand,consumer_demand,motor_vehicle_sales_log_change,housing_activity,housing_activity,housing_starts_log_change,False,-1,spearman,-0.12833440303704816,130,0.1456334500519069,0.40825114686682096,ok,all_cross_model_pairs_statistics_and_lags,right_reference_month = left_reference_month + lag_months,True,True,True,exploratory_serial_dependence_detected
consumer_demand,consumer_demand,motor_vehicle_sales_log_change,housing_activity,housing_activity,housing_starts_log_change,False,0,pearson,0.16173473091193016,130,0.06600756563422945,0.2536470499652413,ok,all_cross_model_pairs_statistics_and_lags,right_reference_month = left_reference_month + lag_months,True,True,True,exploratory_serial_dependence_detected
consumer_demand,consumer_demand,motor_vehicle_sales_log_change,housing_activity,housing_activity,housing_starts_log_change,False,0,spearman,0.0703355228120007,130,0.42650388507862386,0.742753329695665,ok,all_cross_model_pairs_statistics_and_lags,right_reference_month = left_reference_month + lag_months,True,True,True,exploratory_serial_dependence_detected
consumer_demand,consumer_demand,motor_vehicle_sales_log_change,housing_activity,housing_activity,housing_starts_log_change,False,1,pearson,0.27082978934814356,130,0.0018296763723331575,0.01331381530506255,ok,all_cross_model_pairs_statistics_and_lags,right_reference_month = left_reference_month + lag_months,True,True,True,exploratory_serial_dependence_detected
consumer_demand,consumer_demand,motor_vehicle_sales_log_change,housing_activity,housing_activity,housing_starts_log_change,False,1,spearman,0.08902757104425842,130,0.31380576426453655,0.6426441399908474,ok,all_cross_model_pairs_statistics_and_lags,right_reference_month = left_reference_month + lag_months,True,True,True,exploratory_serial_dependence_detected
consumer_demand,consumer_demand,motor_vehicle_sales_log_change,inflation_pressure,inflation_expectations,one_year_inflation_expectations_change,False,-1,pearson,,1,,,insufficient_observations,all_cross_model_pairs_statistics_and_lags,right_reference_month = left_reference_month + lag_months,True,False,True,exploratory_serial_dependence_detected
consumer_demand,consumer_demand,motor_vehicle_sales_log_change,inflation_pressure,inflation_expectations,one_year_inflation_expectations_change,False,-1,spearman,,1,,,insufficient_observations,all_cross_model_pairs_statistics_and_lags,right_reference_month = left_reference_month + lag_months,True,False,True,exploratory_serial_dependence_detected
consumer_demand,consumer_demand,motor_vehicle_sales_log_change,inflation_pressure,inflation_expectations,one_year_inflation_expectations_change,False,0,pearson,,2,,,insufficient_observations,all_cross_model_pairs_statistics_and_lags,right_reference_month = left_reference_month + lag_months,True,False,True,exploratory_serial_dependence_detected
consumer_demand,consumer_demand,motor_vehicle_sales_log_change,inflation_pressure,inflation_expectations,one_year_inflation_expectations_change,False,0,spearman,,2,,,insufficient_observations,all_cross_model_pairs_statistics_and_lags,right_reference_month = left_reference_month + lag_months,True,False,True,exploratory_serial_dependence_detected
consumer_demand,consumer_demand,motor_vehicle_sales_log_change,inflation_pressure,inflation_expectations,one_year_inflation_expectations_change,False,1,pearson,,3,,,insufficient_observations,all_cross_model_pairs_statistics_and_lags,right_reference_month = left_reference_month + lag_months,True,False,True,exploratory_serial_dependence_detected
consumer_demand,consumer_demand,motor_vehicle_sales_log_change,inflation_pressure,inflation_expectations,one_year_inflation_expectations_change,False,1,spearman,,3,,,insufficient_observations,all_cross_model_pairs_statistics_and_lags,right_reference_month = left_reference_month + lag_months,True,False,True,exploratory_serial_dependence_detected
consumer_demand,consumer_demand,motor_vehicle_sales_log_change,inflation_pressure,inflation_input_costs,intermediate_materials_prices_log_change,False,-1,pearson,0.07072992083441422,39,0.6687431345809536,0.8879412912516099,ok,all_cross_model_pairs_statistics_and_lags,right_reference_month = left_reference_month + lag_months,True,True,True,exploratory_serial_dependence_detected
consumer_demand,consumer_demand,motor_vehicle_sales_log_change,inflation_pressure,inflation_input_costs,intermediate_materials_prices_log_change,False,-1,spearman,-0.014170040485829961,39,0.9317709257586421,0.962736122687177,ok,all_cross_model_pairs_statistics_and_lags,right_reference_month = left_reference_month + lag_months,True,True,True,exploratory_serial_dependence_detected
consumer_demand,consumer_demand,motor_vehicle_sales_log_change,inflation_pressure,inflation_input_costs,intermediate_materials_prices_log_change,False,0,pearson,-0.01763411520481447,40,0.9139959511809346,0.9604319406571155,ok,all_cross_model_pairs_statistics_and_lags,right_reference_month = left_reference_month + lag_months,True,True,True,exploratory_serial_dependence_detected
consumer_demand,consumer_demand,motor_vehicle_sales_log_change,inflation_pressure,inflation_input_costs,intermediate_materials_prices_log_change,False,0,spearman,0.075234521575985,40,0.6445178426695835,0.874702786480149,ok,all_cross_model_pairs_statistics_and_lags,right_reference_month = left_reference_month + lag_months,True,True,True,exploratory_serial_dependence_detected
consumer_demand,consumer_demand,motor_vehicle_sales_log_change,inflation_pressure,inflation_input_costs,intermediate_materials_prices_log_change,False,1,pearson,-0.10541847656065557,40,0.5173790062066335,0.8166625423935271,ok,all_cross_model_pairs_statistics_and_lags,right_reference_month = left_reference_month + lag_months,True,True,True,exploratory_serial_dependence_detected
consumer_demand,consumer_demand,motor_vehicle_sales_log_change,inflation_pressure,inflation_input_costs,intermediate_materials_prices_log_change,False,1,spearman,-0.19193245778611634,40,0.23543882480280634,0.5527725043061257,ok,all_cross_model_pairs_statistics_and_lags,right_reference_month = left_reference_month + lag_months,True,True,True,exploratory_serial_dependence_detected
consumer_demand,consumer_demand,motor_vehicle_sales_log_change,monthly_labor_demand,monthly_labor_demand,hires_rate_change,False,-1,pearson,-0.1452454323525887,96,0.1579598722381745,0.43032808014445456,ok,all_cross_model_pairs_statistics_and_lags,right_reference_month = left_reference_month + lag_months,True,True,True,exploratory_serial_dependence_detected
consumer_demand,consumer_demand,motor_vehicle_sales_log_change,monthly_labor_demand,monthly_labor_demand,hires_rate_change,False,-1,spearman,-0.06573521432447096,96,0.5245661101507697,0.8185659823624363,ok,all_cross_model_pairs_statistics_and_lags,right_reference_month = left_reference_month + lag_months,True,True,True,exploratory_serial_dependence_detected
consumer_demand,consumer_demand,motor_vehicle_sales_log_change,monthly_labor_demand,monthly_labor_demand,hires_rate_change,False,0,pearson,0.6523649949886818,96,5.992485040880467e-13,1.4792754291806684e-11,ok,all_cross_model_pairs_statistics_and_lags,right_reference_month = left_reference_month + lag_months,True,True,True,exploratory_serial_dependence_detected
consumer_demand,consumer_demand,motor_vehicle_sales_log_change,monthly_labor_demand,monthly_labor_demand,hires_rate_change,False,0,spearman,-0.020754205100379813,96,0.8409279346719908,0.9533155720894452,ok,all_cross_model_pairs_statistics_and_lags,right_reference_month = left_reference_month + lag_months,True,True,True,exploratory_serial_dependence_detected
consumer_demand,consumer_demand,motor_vehicle_sales_log_change,monthly_labor_demand,monthly_labor_demand,hires_rate_change,False,1,pearson,0.06959363990264628,96,0.5004632940036989,0.8166625423935271,ok,all_cross_model_pairs_statistics_and_lags,right_reference_month = left_reference_month + lag_months,True,True,True,exploratory_serial_dependence_detected
consumer_demand,consumer_demand,motor_vehicle_sales_log_change,monthly_labor_demand,monthly_labor_demand,hires_rate_change,False,1,spearman,0.198657080846446,96,0.05234054793687694,0.21310080231442752,ok,all_cross_model_pairs_statistics_and_lags,right_reference_month = left_reference_month + lag_months,True,True,True,exploratory_serial_dependence_detected
consumer_demand,consumer_demand,motor_vehicle_sales_log_change,monthly_labor_demand,monthly_labor_demand,job_openings_rate_change,False,-1,pearson,0.08226425069162649,96,0.4255584241162315,0.742753329695665,ok,all_cross_model_pairs_statistics_and_lags,right_reference_month = left_reference_month + lag_months,True,True,True,exploratory_serial_dependence_detected
consumer_demand,consumer_demand,motor_vehicle_sales_log_change,monthly_labor_demand,monthly_labor_demand,job_openings_rate_change,False,-1,spearman,0.013700488334237657,96,0.8946010132410034,0.9604319406571155,ok,all_cross_model_pairs_statistics_and_lags,right_reference_month = left_reference_month + lag_months,True,True,True,exploratory_serial_dependence_detected
consumer_demand,consumer_demand,motor_vehicle_sales_log_change,monthly_labor_demand,monthly_labor_demand,job_openings_rate_change,False,0,pearson,0.4789208291479027,96,7.975650480682238e-07,1.0491047939974327e-05,ok,all_cross_model_pairs_statistics_and_lags,right_reference_month = left_reference_month + lag_months,True,True,True,exploratory_serial_dependence_detected
consumer_demand,consumer_demand,motor_vehicle_sales_log_change,monthly_labor_demand,monthly_labor_demand,job_openings_rate_change,False,0,spearman,0.020320130222463376,96,0.8442125575185543,0.9533155720894452,ok,all_cross_model_pairs_statistics_and_lags,right_reference_month = left_reference_month + lag_months,True,True,True,exploratory_serial_dependence_detected
consumer_demand,consumer_demand,motor_vehicle_sales_log_change,monthly_labor_demand,monthly_labor_demand,job_openings_rate_change,False,1,pearson,-0.19946535456615855,96,0.05136963169865537,0.21166763904747155,ok,all_cross_model_pairs_statistics_and_lags,right_reference_month = left_reference_month + lag_months,True,True,True,exploratory_serial_dependence_detected
consumer_demand,consumer_demand,motor_vehicle_sales_log_change,monthly_labor_demand,monthly_labor_demand,job_openings_rate_change,False,1,spearman,0.08814432989690721,96,0.3931131908734196,0.7113476787233308,ok,all_cross_model_pairs_statistics_and_lags,right_reference_month = left_reference_month + lag_months,True,True,True,exploratory_serial_dependence_detected
consumer_demand,consumer_demand,motor_vehicle_sales_log_change,monthly_labor_demand,monthly_labor_demand,layoffs_discharges_rate_change,False,-1,pearson,-0.11444729623720906,96,0.26686391066142673,0.5926458275727788,ok,all_cross_model_pairs_statistics_and_lags,right_reference_month = left_reference_month + lag_months,True,True,True,exploratory_serial_dependence_detected
consumer_demand,consumer_demand,motor_vehicle_sales_log_change,monthly_labor_demand,monthly_labor_demand,layoffs_discharges_rate_change,False,-1,spearman,-0.060661964188822574,96,0.5571240135524896,0.8185659823624363,ok,all_cross_model_pairs_statistics_and_lags,right_reference_month = left_reference_month + lag_months,True,True,True,exploratory_serial_dependence_detected
consumer_demand,consumer_demand,motor_vehicle_sales_log_change,monthly_labor_demand,monthly_labor_demand,layoffs_discharges_rate_change,False,0,pearson,-0.7794820712536407,96,8.417890149050564e-21,4.11274061567899e-19,ok,all_cross_model_pairs_statistics_and_lags,right_reference_month = left_reference_month + lag_months,True,True,True,exploratory_serial_dependence_detected
consumer_demand,consumer_demand,motor_vehicle_sales_log_change,monthly_labor_demand,monthly_labor_demand,layoffs_discharges_rate_change,False,0,spearman,-0.1452523060227889,96,0.157939985790005,0.43032808014445456,ok,all_cross_model_pairs_statistics_and_lags,right_reference_month = left_reference_month + lag_months,True,True,True,exploratory_serial_dependence_detected
consumer_demand,consumer_demand,motor_vehicle_sales_log_change,monthly_labor_demand,monthly_labor_demand,layoffs_discharges_rate_change,False,1,pearson,0.4666881845613653,96,1.6451716878290073e-06,1.9409735858533314e-05,ok,all_cross_model_pairs_statistics_and_lags,right_reference_month = left_reference_month + lag_months,True,True,True,exploratory_serial_dependence_detected
consumer_demand,consumer_demand,motor_vehicle_sales_log_change,monthly_labor_demand,monthly_labor_demand,layoffs_discharges_rate_change,False,1,spearman,-0.012235485621269668,96,0.9058166516888834,0.9604319406571155,ok,all_cross_model_pairs_statistics_and_lags,right_reference_month = left_reference_month + lag_months,True,True,True,exploratory_serial_dependence_detected
consumer_demand,consumer_demand,motor_vehicle_sales_log_change,monthly_labor_demand,monthly_labor_demand,quits_rate_change,False,-1,pearson,0.018535882493144196,96,0.8577412898927755,0.9533155720894452,ok,all_cross_model_pairs_statistics_and_lags,right_reference_month = left_reference_month + lag_months,True,True,True,exploratory_serial_dependence_detected
consumer_demand,consumer_demand,motor_vehicle_sales_log_change,monthly_labor_demand,monthly_labor_demand,quits_rate_change,False,-1,spearman,-0.01782419967444384,96,0.8631492152233182,0.9553301993733813,ok,all_cross_model_pairs_statistics_and_lags,right_reference_month = left_reference_month + lag_months,True,True,True,exploratory_serial_dependence_detected
consumer_demand,consumer_demand,motor_vehicle_sales_log_change,monthly_labor_demand,monthly_labor_demand,quits_rate_change,False,0,pearson,0.7373035154410359,96,1.0748869535309297e-17,4.595141726344725e-16,ok,all_cross_model_pairs_statistics_and_lags,right_reference_month = left_reference_month + lag_months,True,True,True,exploratory_serial_dependence_detected
consumer_demand,consumer_demand,motor_vehicle_sales_log_change,monthly_labor_demand,monthly_labor_demand,quits_rate_change,False,0,spearman,0.11535539880629408,96,0.26306221211855674,0.5926458275727788,ok,all_cross_model_pairs_statistics_and_lags,right_reference_month = left_reference_month + lag_months,True,True,True,exploratory_serial_dependence_detected
consumer_demand,consumer_demand,motor_vehicle_sales_log_change,monthly_labor_demand,monthly_labor_demand,quits_rate_change,False,1,pearson,-0.31049750111794217,96,0.002077898826623383,0.014805029139691603,ok,all_cross_model_pairs_statistics_and_lags,right_reference_month = left_reference_month + lag_months,True,True,True,exploratory_serial_dependence_detected
consumer_demand,consumer_demand,motor_vehicle_sales_log_change,monthly_labor_demand,monthly_labor_demand,quits_rate_change,False,1,spearman,-0.05842376559956593,96,0.5717892341341606,0.825113578370814,ok,all_cross_model_pairs_statistics_and_lags,right_reference_month = left_reference_month + lag_months,True,True,True,exploratory_serial_dependence_detected
consumer_demand,consumer_demand,motor_vehicle_sales_log_change,weekly_labor_stress,weekly_labor_stress,initial_claims_innovation,False,-1,pearson,0.2815784613137457,112,0.0026330369553308973,0.01800997277446334,ok,all_cross_model_pairs_statistics_and_lags,right_reference_month = left_reference_month + lag_months,True,True,True,exploratory_serial_dependence_detected
consumer_demand,consumer_demand,motor_vehicle_sales_log_change,weekly_labor_stress,weekly_labor_stress,initial_claims_innovation,False,-1,spearman,0.08336180681313425,112,0.38220343134981544,0.7113476787233308,ok,all_cross_model_pairs_statistics_and_lags,right_reference_month = left_reference_month + lag_months,True,True,True,exploratory_serial_dependence_detected
consumer_demand,consumer_demand,motor_vehicle_sales_log_change,weekly_labor_stress,weekly_labor_stress,initial_claims_innovation,False,0,pearson,-0.7825916289585796,113,1.3632536054778947e-24,1.1655818326836e-22,ok,all_cross_model_pairs_statistics_and_lags,right_reference_month = left_reference_month + lag_months,True,True,True,exploratory_serial_dependence_detected
consumer_demand,consumer_demand,motor_vehicle_sales_log_change,weekly_labor_stress,weekly_labor_stress,initial_claims_innovation,False,0,spearman,-0.16843269678621334,113,0.0745341810348314,0.26643075934148647,ok,all_cross_model_pairs_statistics_and_lags,right_reference_month = left_reference_month + lag_months,True,True,True,exploratory_serial_dependence_detected
consumer_demand,consumer_demand,motor_vehicle_sales_log_change,weekly_labor_stress,weekly_labor_stress,initial_claims_innovation,False,1,pearson,0.03292006535409745,114,0.7280574264065118,0.902158115329808,ok,all_cross_model_pairs_statistics_and_lags,right_reference_month = left_reference_month + lag_months,True,True,True,exploratory_serial_dependence_detected
consumer_demand,consumer_demand,motor_vehicle_sales_log_change,weekly_labor_stress,weekly_labor_stress,initial_claims_innovation,False,1,spearman,0.006856888276867622,114,0.9422791758122321,0.9665286548823937,ok,all_cross_model_pairs_statistics_and_lags,right_reference_month = left_reference_month + lag_months,True,True,True,exploratory_serial_dependence_detected
consumer_demand,consumer_demand,retail_sales_ex_motor_vehicles_log_change,housing_activity,housing_activity,building_permits_log_change,False,-1,pearson,-0.06727566116288546,130,0.44694721539651877,0.7642797383280471,ok,all_cross_model_pairs_statistics_and_lags,right_reference_month = left_reference_month + lag_months,True,True,True,exploratory_serial_dependence_detected
consumer_demand,consumer_demand,retail_sales_ex_motor_vehicles_log_change,housing_activity,housing_activity,building_permits_log_change,False,-1,spearman,0.045225252290759126,130,0.6094010953586475,0.8523427946956,ok,all_cross_model_pairs_statistics_and_lags,right_reference_month = left_reference_month + lag_months,True,True,True,exploratory_serial_dependence_detected
consumer_demand,consumer_demand,retail_sales_ex_motor_vehicles_log_change,housing_activity,housing_activity,building_permits_log_change,False,0,pearson,0.4060148069221988,130,1.6458547950218308e-06,1.9409735858533314e-05,ok,all_cross_model_pairs_statistics_and_lags,right_reference_month = left_reference_month + lag_months,True,True,True,exploratory_serial_dependence_detected
consumer_demand,consumer_demand,retail_sales_ex_motor_vehicles_log_change,housing_activity,housing_activity,building_permits_log_change,False,0,spearman,0.0961012713542449,130,0.27674522875480695,0.5952633222273206,ok,all_cross_model_pairs_statistics_and_lags,right_reference_month = left_reference_month + lag_months,True,True,True,exploratory_serial_dependence_detected
consumer_demand,consumer_demand,retail_sales_ex_motor_vehicles_log_change,housing_activity,housing_activity,building_permits_log_change,False,1,pearson,-0.13750457291206244,130,0.11874301099050927,0.35938150228985993,ok,all_cross_model_pairs_statistics_and_lags,right_reference_month = left_reference_month + lag_months,True,True,True,exploratory_serial_dependence_detected
consumer_demand,consumer_demand,retail_sales_ex_motor_vehicles_log_change,housing_activity,housing_activity,building_permits_log_change,False,1,spearman,0.015783364514058637,130,0.8585415093671026,0.9533155720894452,ok,all_cross_model_pairs_statistics_and_lags,right_reference_month = left_reference_month + lag_months,True,True,True,exploratory_serial_dependence_detected
consumer_demand,consumer_demand,retail_sales_ex_motor_vehicles_log_change,housing_activity,housing_activity,housing_starts_log_change,False,-1,pearson,0.05962469338002961,130,0.5004002661678464,0.8166625423935271,ok,all_cross_model_pairs_statistics_and_lags,right_reference_month = left_reference_month + lag_months,True,True,True,exploratory_serial_dependence_detected
consumer_demand,consumer_demand,retail_sales_ex_motor_vehicles_log_change,housing_activity,housing_activity,housing_starts_log_change,False,-1,spearman,-0.0651080855945049,130,0.46175623334690585,0.7735521752922563,ok,all_cross_model_pairs_statistics_and_lags,right_reference_month = left_reference_month + lag_months,True,True,True,exploratory_serial_dependence_detected
consumer_demand,consumer_demand,retail_sales_ex_motor_vehicles_log_change,housing_activity,housing_activity,housing_starts_log_change,False,0,pearson,0.3433888948241282,130,6.341151879101397e-05,0.0006024094285146327,ok,all_cross_model_pairs_statistics_and_lags,right_reference_month = left_reference_month + lag_months,True,True,True,exploratory_serial_dependence_detected
consumer_demand,consumer_demand,retail_sales_ex_motor_vehicles_log_change,housing_activity,housing_activity,housing_starts_log_change,False,0,spearman,0.10343716287263241,130,0.2415509839630246,0.5602242703240587,ok,all_cross_model_pairs_statistics_and_lags,right_reference_month = left_reference_month + lag_months,True,True,True,exploratory_serial_dependence_detected
consumer_demand,consumer_demand,retail_sales_ex_motor_vehicles_log_change,housing_activity,housing_activity,housing_starts_log_change,False,1,pearson,0.010965037013110928,130,0.9014602503228071,0.9604319406571155,ok,all_cross_model_pairs_statistics_and_lags,right_reference_month = left_reference_month + lag_months,True,True,True,exploratory_serial_dependence_detected
consumer_demand,consumer_demand,retail_sales_ex_motor_vehicles_log_change,housing_activity,housing_activity,housing_starts_log_change,False,1,spearman,0.06998047221729096,130,0.4288480158192352,0.742753329695665,ok,all_cross_model_pairs_statistics_and_lags,right_reference_month = left_reference_month + lag_months,True,True,True,exploratory_serial_dependence_detected
consumer_demand,consumer_demand,retail_sales_ex_motor_vehicles_log_change,inflation_pressure,inflation_expectations,one_year_inflation_expectations_change,False,-1,pearson,,1,,,insufficient_observations,all_cross_model_pairs_statistics_and_lags,right_reference_month = left_reference_month + lag_months,True,False,True,exploratory_serial_dependence_detected
consumer_demand,consumer_demand,retail_sales_ex_motor_vehicles_log_change,inflation_pressure,inflation_expectations,one_year_inflation_expectations_change,False,-1,spearman,,1,,,insufficient_observations,all_cross_model_pairs_statistics_and_lags,right_reference_month = left_reference_month + lag_months,True,False,True,exploratory_serial_dependence_detected
consumer_demand,consumer_demand,retail_sales_ex_motor_vehicles_log_change,inflation_pressure,inflation_expectations,one_year_inflation_expectations_change,False,0,pearson,,2,,,insufficient_observations,all_cross_model_pairs_statistics_and_lags,right_reference_month = left_reference_month + lag_months,True,False,True,exploratory_serial_dependence_detected
consumer_demand,consumer_demand,retail_sales_ex_motor_vehicles_log_change,inflation_pressure,inflation_expectations,one_year_inflation_expectations_change,False,0,spearman,,2,,,insufficient_observations,all_cross_model_pairs_statistics_and_lags,right_reference_month = left_reference_month + lag_months,True,False,True,exploratory_serial_dependence_detected
consumer_demand,consumer_demand,retail_sales_ex_motor_vehicles_log_change,inflation_pressure,inflation_expectations,one_year_inflation_expectations_change,False,1,pearson,,3,,,insufficient_observations,all_cross_model_pairs_statistics_and_lags,right_reference_month = left_reference_month + lag_months,True,False,True,exploratory_serial_dependence_detected
consumer_demand,consumer_demand,retail_sales_ex_motor_vehicles_log_change,inflation_pressure,inflation_expectations,one_year_inflation_expectations_change,False,1,spearman,,3,,,insufficient_observations,all_cross_model_pairs_statistics_and_lags,right_reference_month = left_reference_month + lag_months,True,False,True,exploratory_serial_dependence_detected
consumer_demand,consumer_demand,retail_sales_ex_motor_vehicles_log_change,inflation_pressure,inflation_input_costs,intermediate_materials_prices_log_change,False,-1,pearson,-0.021768193747480104,39,0.8953522358369301,0.9604319406571155,ok,all_cross_model_pairs_statistics_and_lags,right_reference_month = left_reference_month + lag_months,True,True,True,exploratory_serial_dependence_detected
consumer_demand,consumer_demand,retail_sales_ex_motor_vehicles_log_change,inflation_pressure,inflation_input_costs,intermediate_materials_prices_log_change,False,-1,spearman,0.006477732793522267,39,0.9687806689263285,0.9831542693555025,ok,all_cross_model_pairs_statistics_and_lags,right_reference_month = left_reference_month + lag_months,True,True,True,exploratory_serial_dependence_detected
consumer_demand,consumer_demand,retail_sales_ex_motor_vehicles_log_change,inflation_pressure,inflation_input_costs,intermediate_materials_prices_log_change,False,0,pearson,-0.2829939374361863,40,0.0768228896941272,0.27086008531331446,ok,all_cross_model_pairs_statistics_and_lags,right_reference_month = left_reference_month + lag_months,True,True,True,exploratory_serial_dependence_detected
consumer_demand,consumer_demand,retail_sales_ex_motor_vehicles_log_change,inflation_pressure,inflation_input_costs,intermediate_materials_prices_log_change,False,0,spearman,-0.40600375234521585,40,0.009338812987095142,0.04990428189978966,ok,all_cross_model_pairs_statistics_and_lags,right_reference_month = left_reference_month + lag_months,True,True,True,exploratory_serial_dependence_detected
consumer_demand,consumer_demand,retail_sales_ex_motor_vehicles_log_change,inflation_pressure,inflation_input_costs,intermediate_materials_prices_log_change,False,1,pearson,-0.03565908387722476,40,0.8270818430964098,0.9523972738685931,ok,all_cross_model_pairs_statistics_and_lags,right_reference_month = left_reference_month + lag_months,True,True,True,exploratory_serial_dependence_detected
consumer_demand,consumer_demand,retail_sales_ex_motor_vehicles_log_change,inflation_pressure,inflation_input_costs,intermediate_materials_prices_log_change,False,1,spearman,0.021951219512195124,40,0.8930503648698279,0.9604319406571155,ok,all_cross_model_pairs_statistics_and_lags,right_reference_month = left_reference_month + lag_months,True,True,True,exploratory_serial_dependence_detected
consumer_demand,consumer_demand,retail_sales_ex_motor_vehicles_log_change,monthly_labor_demand,monthly_labor_demand,hires_rate_change,False,-1,pearson,0.5155699982171491,96,7.640910315242733e-08,1.0888297199220896e-06,ok,all_cross_model_pairs_statistics_and_lags,right_reference_month = left_reference_month + lag_months,True,True,True,exploratory_serial_dependence_detected
consumer_demand,consumer_demand,retail_sales_ex_motor_vehicles_log_change,monthly_labor_demand,monthly_labor_demand,hires_rate_change,False,-1,spearman,-0.0911964188822572,96,0.3768705118507258,0.7113476787233308,ok,all_cross_model_pairs_statistics_and_lags,right_reference_month = left_reference_month + lag_months,True,True,True,exploratory_serial_dependence_detected
consumer_demand,consumer_demand,retail_sales_ex_motor_vehicles_log_change,monthly_labor_demand,monthly_labor_demand,hires_rate_change,False,0,pearson,0.282584469480573,96,0.005277689432971151,0.031120168725450578,ok,all_cross_model_pairs_statistics_and_lags,right_reference_month = left_reference_month + lag_months,True,True,True,exploratory_serial_dependence_detected
consumer_demand,consumer_demand,retail_sales_ex_motor_vehicles_log_change,monthly_labor_demand,monthly_labor_demand,hires_rate_change,False,0,spearman,0.1701437873033098,96,0.09745236776196149,0.31919001238871153,ok,all_cross_model_pairs_statistics_and_lags,right_reference_month = left_reference_month + lag_months,True,True,True,exploratory_serial_dependence_detected
consumer_demand,consumer_demand,retail_sales_ex_motor_vehicles_log_change,monthly_labor_demand,monthly_labor_demand,hires_rate_change,False,1,pearson,-0.4248582715382182,96,1.5998821781289422e-05,0.0001709874077875307,ok,all_cross_model_pairs_statistics_and_lags,right_reference_month = left_reference_month + lag_months,True,True,True,exploratory_serial_dependence_detected
consumer_demand,consumer_demand,retail_sales_ex_motor_vehicles_log_change,monthly_labor_demand,monthly_labor_demand,hires_rate_change,False,1,spearman,-0.05778621812262615,96,0.5759993972506458,0.8258544937320944,ok,all_cross_model_pairs_statistics_and_lags,right_reference_month = left_reference_month + lag_months,True,True,True,exploratory_serial_dependence_detected
consumer_demand,consumer_demand,retail_sales_ex_motor_vehicles_log_change,monthly_labor_demand,monthly_labor_demand,job_openings_rate_change,False,-1,pearson,0.5209152410056362,96,5.30100955750257e-08,7.882370733329907e-07,ok,all_cross_model_pairs_statistics_and_lags,right_reference_month = left_reference_month + lag_months,True,True,True,exploratory_serial_dependence_detected
consumer_demand,consumer_demand,retail_sales_ex_motor_vehicles_log_change,monthly_labor_demand,monthly_labor_demand,job_openings_rate_change,False,-1,spearman,0.009875203472599025,96,0.9239242937900322,0.9604319406571155,ok,all_cross_model_pairs_statistics_and_lags,right_reference_month = left_reference_month + lag_months,True,True,True,exploratory_serial_dependence_detected
consumer_demand,consumer_demand,retail_sales_ex_motor_vehicles_log_change,monthly_labor_demand,monthly_labor_demand,job_openings_rate_change,False,0,pearson,-0.15483445987021466,96,0.13199311610513575,0.3886791309484009,ok,all_cross_model_pairs_statistics_and_lags,right_reference_month = left_reference_month + lag_months,True,True,True,exploratory_serial_dependence_detected
consumer_demand,consumer_demand,retail_sales_ex_motor_vehicles_log_change,monthly_labor_demand,monthly_labor_demand,job_openings_rate_change,False,0,spearman,0.0711340206185567,96,0.4910048655301512,0.8151634175306395,ok,all_cross_model_pairs_statistics_and_lags,right_reference_month = left_reference_month + lag_months,True,True,True,exploratory_serial_dependence_detected
consumer_demand,consumer_demand,retail_sales_ex_motor_vehicles_log_change,monthly_labor_demand,monthly_labor_demand,job_openings_rate_change,False,1,pearson,-0.13551646803516348,96,0.18801515961509546,0.48959332169543895,ok,all_cross_model_pairs_statistics_and_lags,right_reference_month = left_reference_month + lag_months,True,True,True,exploratory_serial_dependence_detected
consumer_demand,consumer_demand,retail_sales_ex_motor_vehicles_log_change,monthly_labor_demand,monthly_labor_demand,job_openings_rate_change,False,1,spearman,-0.1637683125339121,96,0.11085538467866746,0.3423908542655192,ok,all_cross_model_pairs_statistics_and_lags,right_reference_month = left_reference_month + lag_months,True,True,True,exploratory_serial_dependence_detected
consumer_demand,consumer_demand,retail_sales_ex_motor_vehicles_log_change,monthly_labor_demand,monthly_labor_demand,layoffs_discharges_rate_change,False,-1,pearson,-0.929649435125495,96,1.528468145107081e-42,5.227361056266218e-40,ok,all_cross_model_pairs_statistics_and_lags,right_reference_month = left_reference_month + lag_months,True,True,True,exploratory_serial_dependence_detected
consumer_demand,consumer_demand,retail_sales_ex_motor_vehicles_log_change,monthly_labor_demand,monthly_labor_demand,layoffs_discharges_rate_change,False,-1,spearman,-0.1875746066196419,96,0.06724198442375963,0.2555195408102866,ok,all_cross_model_pairs_statistics_and_lags,right_reference_month = left_reference_month + lag_months,True,True,True,exploratory_serial_dependence_detected
consumer_demand,consumer_demand,retail_sales_ex_motor_vehicles_log_change,monthly_labor_demand,monthly_labor_demand,layoffs_discharges_rate_change,False,0,pearson,0.3340422385189231,96,0.0008805645678260274,0.006844388231738668,ok,all_cross_model_pairs_statistics_and_lags,right_reference_month = left_reference_month + lag_months,True,True,True,exploratory_serial_dependence_detected
consumer_demand,consumer_demand,retail_sales_ex_motor_vehicles_log_change,monthly_labor_demand,monthly_labor_demand,layoffs_discharges_rate_change,False,0,spearman,-0.08944655453065654,96,0.3861325670156899,0.7113476787233308,ok,all_cross_model_pairs_statistics_and_lags,right_reference_month = left_reference_month + lag_months,True,True,True,exploratory_serial_dependence_detected
consumer_demand,consumer_demand,retail_sales_ex_motor_vehicles_log_change,monthly_labor_demand,monthly_labor_demand,layoffs_discharges_rate_change,False,1,pearson,0.17609205528228497,96,0.08612917136875108,0.28878604517757717,ok,all_cross_model_pairs_statistics_and_lags,right_reference_month = left_reference_month + lag_months,True,True,True,exploratory_serial_dependence_detected
consumer_demand,consumer_demand,retail_sales_ex_motor_vehicles_log_change,monthly_labor_demand,monthly_labor_demand,layoffs_discharges_rate_change,False,1,spearman,0.10200759631036355,96,0.3226844872235743,0.6568934204194191,ok,all_cross_model_pairs_statistics_and_lags,right_reference_month = left_reference_month + lag_months,True,True,True,exploratory_serial_dependence_detected
consumer_demand,consumer_demand,retail_sales_ex_motor_vehicles_log_change,monthly_labor_demand,monthly_labor_demand,quits_rate_change,False,-1,pearson,0.8425081842054323,96,5.397404404166254e-27,6.15304102074953e-25,ok,all_cross_model_pairs_statistics_and_lags,right_reference_month = left_reference_month + lag_months,True,True,True,exploratory_serial_dependence_detected
consumer_demand,consumer_demand,retail_sales_ex_motor_vehicles_log_change,monthly_labor_demand,monthly_labor_demand,quits_rate_change,False,-1,spearman,0.04274281063483451,96,0.6792436985094777,0.8879412912516099,ok,all_cross_model_pairs_statistics_and_lags,right_reference_month = left_reference_month + lag_months,True,True,True,exploratory_serial_dependence_detected
consumer_demand,consumer_demand,retail_sales_ex_motor_vehicles_log_change,monthly_labor_demand,monthly_labor_demand,quits_rate_change,False,0,pearson,-0.17987150858947376,96,0.07949561437476835,0.2738030667035676,ok,all_cross_model_pairs_statistics_and_lags,right_reference_month = left_reference_month + lag_months,True,True,True,exploratory_serial_dependence_detected
consumer_demand,consumer_demand,retail_sales_ex_motor_vehicles_log_change,monthly_labor_demand,monthly_labor_demand,quits_rate_change,False,0,spearman,-0.03167390124796527,96,0.7593372866482282,0.9208984114670002,ok,all_cross_model_pairs_statistics_and_lags,right_reference_month = left_reference_month + lag_months,True,True,True,exploratory_serial_dependence_detected
consumer_demand,consumer_demand,retail_sales_ex_motor_vehicles_log_change,monthly_labor_demand,monthly_labor_demand,quits_rate_change,False,1,pearson,-0.1147054086697474,96,0.2657795812988926,0.5926458275727788,ok,all_cross_model_pairs_statistics_and_lags,right_reference_month = left_reference_month + lag_months,True,True,True,exploratory_serial_dependence_detected
consumer_demand,consumer_demand,retail_sales_ex_motor_vehicles_log_change,monthly_labor_demand,monthly_labor_demand,quits_rate_change,False,1,spearman,0.18895822029300052,96,0.06521229786375501,0.25343870306141153,ok,all_cross_model_pairs_statistics_and_lags,right_reference_month = left_reference_month + lag_months,True,True,True,exploratory_serial_dependence_detected
consumer_demand,consumer_demand,retail_sales_ex_motor_vehicles_log_change,weekly_labor_stress,weekly_labor_stress,initial_claims_innovation,False,-1,pearson,-0.8248542597207663,112,5.207189022141969e-29,8.904293227862766e-27,ok,all_cross_model_pairs_statistics_and_lags,right_reference_month = left_reference_month + lag_months,True,True,True,exploratory_serial_dependence_detected
consumer_demand,consumer_demand,retail_sales_ex_motor_vehicles_log_change,weekly_labor_stress,weekly_labor_stress,initial_claims_innovation,False,-1,spearman,-0.024438787713123994,112,0.7981264889481623,0.9359294851321664,ok,all_cross_model_pairs_statistics_and_lags,right_reference_month = left_reference_month + lag_months,True,True,True,exploratory_serial_dependence_detected
consumer_demand,consumer_demand,retail_sales_ex_motor_vehicles_log_change,weekly_labor_stress,weekly_labor_stress,initial_claims_innovation,False,0,pearson,-0.20110306531343816,113,0.03269103834054308,0.142172993077494,ok,all_cross_model_pairs_statistics_and_lags,right_reference_month = left_reference_month + lag_months,True,True,True,exploratory_serial_dependence_detected
consumer_demand,consumer_demand,retail_sales_ex_motor_vehicles_log_change,weekly_labor_stress,weekly_labor_stress,initial_claims_innovation,False,0,spearman,0.12330328032470557,113,0.1932141342855625,0.4968363453057322,ok,all_cross_model_pairs_statistics_and_lags,right_reference_month = left_reference_month + lag_months,True,True,True,exploratory_serial_dependence_detected
consumer_demand,consumer_demand,retail_sales_ex_motor_vehicles_log_change,weekly_labor_stress,weekly_labor_stress,initial_claims_innovation,False,1,pearson,0.06082217688167952,114,0.5203267186974179,0.8166625423935271,ok,all_cross_model_pairs_statistics_and_lags,right_reference_month = left_reference_month + lag_months,True,True,True,exploratory_serial_dependence_detected
consumer_demand,consumer_demand,retail_sales_ex_motor_vehicles_log_change,weekly_labor_stress,weekly_labor_stress,initial_claims_innovation,False,1,spearman,-0.08095016301816489,114,0.39189143653135766,0.7113476787233308,ok,all_cross_model_pairs_statistics_and_lags,right_reference_month = left_reference_month + lag_months,True,True,True,exploratory_serial_dependence_detected
housing_activity,housing_activity,building_permits_log_change,inflation_pressure,inflation_expectations,one_year_inflation_expectations_change,False,-1,pearson,,0,,,insufficient_observations,all_cross_model_pairs_statistics_and_lags,right_reference_month = left_reference_month + lag_months,True,False,True,exploratory_serial_dependence_detected
housing_activity,housing_activity,building_permits_log_change,inflation_pressure,inflation_expectations,one_year_inflation_expectations_change,False,-1,spearman,,0,,,insufficient_observations,all_cross_model_pairs_statistics_and_lags,right_reference_month = left_reference_month + lag_months,True,False,True,exploratory_serial_dependence_detected
housing_activity,housing_activity,building_permits_log_change,inflation_pressure,inflation_expectations,one_year_inflation_expectations_change,False,0,pearson,,1,,,insufficient_observations,all_cross_model_pairs_statistics_and_lags,right_reference_month = left_reference_month + lag_months,True,False,True,exploratory_serial_dependence_detected
housing_activity,housing_activity,building_permits_log_change,inflation_pressure,inflation_expectations,one_year_inflation_expectations_change,False,0,spearman,,1,,,insufficient_observations,all_cross_model_pairs_statistics_and_lags,right_reference_month = left_reference_month + lag_months,True,False,True,exploratory_serial_dependence_detected
housing_activity,housing_activity,building_permits_log_change,inflation_pressure,inflation_expectations,one_year_inflation_expectations_change,False,1,pearson,,2,,,insufficient_observations,all_cross_model_pairs_statistics_and_lags,right_reference_month = left_reference_month + lag_months,True,False,True,exploratory_serial_dependence_detected
housing_activity,housing_activity,building_permits_log_change,inflation_pressure,inflation_expectations,one_year_inflation_expectations_change,False,1,spearman,,2,,,insufficient_observations,all_cross_model_pairs_statistics_and_lags,right_reference_month = left_reference_month + lag_months,True,False,True,exploratory_serial_dependence_detected
housing_activity,housing_activity,building_permits_log_change,inflation_pressure,inflation_input_costs,intermediate_materials_prices_log_change,False,-1,pearson,-0.07081773029879776,37,0.677039739798654,0.8879412912516099,ok,all_cross_model_pairs_statistics_and_lags,right_reference_month = left_reference_month + lag_months,True,True,True,exploratory_serial_dependence_detected
housing_activity,housing_activity,building_permits_log_change,inflation_pressure,inflation_input_costs,intermediate_materials_prices_log_change,False,-1,spearman,-0.019914651493598858,37,0.9068680887541146,0.9604319406571155,ok,all_cross_model_pairs_statistics_and_lags,right_reference_month = left_reference_month + lag_months,True,True,True,exploratory_serial_dependence_detected
housing_activity,housing_activity,building_permits_log_change,inflation_pressure,inflation_input_costs,intermediate_materials_prices_log_change,False,0,pearson,0.09061145419425172,38,0.5884920064712855,0.8316705215420647,ok,all_cross_model_pairs_statistics_and_lags,right_reference_month = left_reference_month + lag_months,True,True,True,exploratory_serial_dependence_detected
housing_activity,housing_activity,building_permits_log_change,inflation_pressure,inflation_input_costs,intermediate_materials_prices_log_change,False,0,spearman,0.056570740781267094,38,0.7358556488314727,0.9047753089499379,ok,all_cross_model_pairs_statistics_and_lags,right_reference_month = left_reference_month + lag_months,True,True,True,exploratory_serial_dependence_detected
housing_activity,housing_activity,building_permits_log_change,inflation_pressure,inflation_input_costs,intermediate_materials_prices_log_change,False,1,pearson,-0.014639174745041877,39,0.9295175857449022,0.962736122687177,ok,all_cross_model_pairs_statistics_and_lags,right_reference_month = left_reference_month + lag_months,True,True,True,exploratory_serial_dependence_detected
housing_activity,housing_activity,building_permits_log_change,inflation_pressure,inflation_input_costs,intermediate_materials_prices_log_change,False,1,spearman,0.010931174089068827,39,0.9473411916230209,0.9665286548823937,ok,all_cross_model_pairs_statistics_and_lags,right_reference_month = left_reference_month + lag_months,True,True,True,exploratory_serial_dependence_detected
housing_activity,housing_activity,building_permits_log_change,monthly_labor_demand,monthly_labor_demand,hires_rate_change,False,-1,pearson,0.3263095030299755,94,0.00132876299004747,0.009879063969483364,ok,all_cross_model_pairs_statistics_and_lags,right_reference_month = left_reference_month + lag_months,True,True,True,exploratory_serial_dependence_detected
housing_activity,housing_activity,building_permits_log_change,monthly_labor_demand,monthly_labor_demand,hires_rate_change,False,-1,spearman,0.23521294657370953,94,0.022484656143157363,0.10253003201279758,ok,all_cross_model_pairs_statistics_and_lags,right_reference_month = left_reference_month + lag_months,True,True,True,exploratory_serial_dependence_detected
housing_activity,housing_activity,building_permits_log_change,monthly_labor_demand,monthly_labor_demand,hires_rate_change,False,0,pearson,-0.018911488920447844,95,0.8556592541007727,0.9533155720894452,ok,all_cross_model_pairs_statistics_and_lags,right_reference_month = left_reference_month + lag_months,True,True,True,exploratory_serial_dependence_detected
housing_activity,housing_activity,building_permits_log_change,monthly_labor_demand,monthly_labor_demand,hires_rate_change,False,0,spearman,-0.28086506159014557,95,0.005833039123277032,0.03381185390102957,ok,all_cross_model_pairs_statistics_and_lags,right_reference_month = left_reference_month + lag_months,True,True,True,exploratory_serial_dependence_detected
housing_activity,housing_activity,building_permits_log_change,monthly_labor_demand,monthly_labor_demand,hires_rate_change,False,1,pearson,-0.04176470234061816,95,0.6877881915917299,0.8879412912516099,ok,all_cross_model_pairs_statistics_and_lags,right_reference_month = left_reference_month + lag_months,True,True,True,exploratory_serial_dependence_detected
housing_activity,housing_activity,building_permits_log_change,monthly_labor_demand,monthly_labor_demand,hires_rate_change,False,1,spearman,0.057558790593505035,95,0.5795470131453294,0.8258544937320944,ok,all_cross_model_pairs_statistics_and_lags,right_reference_month = left_reference_month + lag_months,True,True,True,exploratory_serial_dependence_detected
housing_activity,housing_activity,building_permits_log_change,monthly_labor_demand,monthly_labor_demand,job_openings_rate_change,False,-1,pearson,0.24060785648126823,94,0.01949143292803537,0.09131602823819311,ok,all_cross_model_pairs_statistics_and_lags,right_reference_month = left_reference_month + lag_months,True,True,True,exploratory_serial_dependence_detected
housing_activity,housing_activity,building_permits_log_change,monthly_labor_demand,monthly_labor_demand,job_openings_rate_change,False,-1,spearman,0.11610735830654191,94,0.26510131594187275,0.5926458275727788,ok,all_cross_model_pairs_statistics_and_lags,right_reference_month = left_reference_month + lag_months,True,True,True,exploratory_serial_dependence_detected
housing_activity,housing_activity,building_permits_log_change,monthly_labor_demand,monthly_labor_demand,job_openings_rate_change,False,0,pearson,0.04136533497049685,95,0.6906210043068077,0.8879412912516099,ok,all_cross_model_pairs_statistics_and_lags,right_reference_month = left_reference_month + lag_months,True,True,True,exploratory_serial_dependence_detected
housing_activity,housing_activity,building_permits_log_change,monthly_labor_demand,monthly_labor_demand,job_openings_rate_change,False,0,spearman,0.11779115341545353,95,0.2556008571380809,0.5827699542748245,ok,all_cross_model_pairs_statistics_and_lags,right_reference_month = left_reference_month + lag_months,True,True,True,exploratory_serial_dependence_detected
housing_activity,housing_activity,building_permits_log_change,monthly_labor_demand,monthly_labor_demand,job_openings_rate_change,False,1,pearson,-0.16909427841482713,95,0.10139497977697229,0.3223974722932188,ok,all_cross_model_pairs_statistics_and_lags,right_reference_month = left_reference_month + lag_months,True,True,True,exploratory_serial_dependence_detected
housing_activity,housing_activity,building_permits_log_change,monthly_labor_demand,monthly_labor_demand,job_openings_rate_change,False,1,spearman,-0.28961366181410975,95,0.004417318754712,0.027976352113176,ok,all_cross_model_pairs_statistics_and_lags,right_reference_month = left_reference_month + lag_months,True,True,True,exploratory_serial_dependence_detected
housing_activity,housing_activity,building_permits_log_change,monthly_labor_demand,monthly_labor_demand,layoffs_discharges_rate_change,False,-1,pearson,-0.4372997701457646,94,1.0477573094249013e-05,0.00011559129026558588,ok,all_cross_model_pairs_statistics_and_lags,right_reference_month = left_reference_month + lag_months,True,True,True,exploratory_serial_dependence_detected
housing_activity,housing_activity,building_permits_log_change,monthly_labor_demand,monthly_labor_demand,layoffs_discharges_rate_change,False,-1,spearman,-0.003417259690062494,94,0.973923111747783,0.9854488290465734,ok,all_cross_model_pairs_statistics_and_lags,right_reference_month = left_reference_month + lag_months,True,True,True,exploratory_serial_dependence_detected
housing_activity,housing_activity,building_permits_log_change,monthly_labor_demand,monthly_labor_demand,layoffs_discharges_rate_change,False,0,pearson,0.14581806313883047,95,0.15854192426374641,0.43032808014445456,ok,all_cross_model_pairs_statistics_and_lags,right_reference_month = left_reference_month + lag_months,True,True,True,exploratory_serial_dependence_detected
housing_activity,housing_activity,building_permits_log_change,monthly_labor_demand,monthly_labor_demand,layoffs_discharges_rate_change,False,0,spearman,-0.16451567749160134,95,0.1111268562089843,0.3423908542655192,ok,all_cross_model_pairs_statistics_and_lags,right_reference_month = left_reference_month + lag_months,True,True,True,exploratory_serial_dependence_detected
housing_activity,housing_activity,building_permits_log_change,monthly_labor_demand,monthly_labor_demand,layoffs_discharges_rate_change,False,1,pearson,-0.012877017397347914,95,0.9014314837296353,0.9604319406571155,ok,all_cross_model_pairs_statistics_and_lags,right_reference_month = left_reference_month + lag_months,True,True,True,exploratory_serial_dependence_detected
housing_activity,housing_activity,building_permits_log_change,monthly_labor_demand,monthly_labor_demand,layoffs_discharges_rate_change,False,1,spearman,0.1192889137737962,95,0.249563871691687,0.5728244571715232,ok,all_cross_model_pairs_statistics_and_lags,right_reference_month = left_reference_month + lag_months,True,True,True,exploratory_serial_dependence_detected
housing_activity,housing_activity,building_permits_log_change,monthly_labor_demand,monthly_labor_demand,quits_rate_change,False,-1,pearson,0.4051321543111615,94,5.11196718437588e-05,0.0004995122220161574,ok,all_cross_model_pairs_statistics_and_lags,right_reference_month = left_reference_month + lag_months,True,True,True,exploratory_serial_dependence_detected
housing_activity,housing_activity,building_permits_log_change,monthly_labor_demand,monthly_labor_demand,quits_rate_change,False,-1,spearman,0.08965068814796084,94,0.39017614625305064,0.7113476787233308,ok,all_cross_model_pairs_statistics_and_lags,right_reference_month = left_reference_month + lag_months,True,True,True,exploratory_serial_dependence_detected
housing_activity,housing_activity,building_permits_log_change,monthly_labor_demand,monthly_labor_demand,quits_rate_change,False,0,pearson,-0.06117102310767611,95,0.5559415471323048,0.8185659823624363,ok,all_cross_model_pairs_statistics_and_lags,right_reference_month = left_reference_month + lag_months,True,True,True,exploratory_serial_dependence_detected
housing_activity,housing_activity,building_permits_log_change,monthly_labor_demand,monthly_labor_demand,quits_rate_change,False,0,spearman,0.07924132138857783,95,0.4452691542081439,0.7642797383280471,ok,all_cross_model_pairs_statistics_and_lags,right_reference_month = left_reference_month + lag_months,True,True,True,exploratory_serial_dependence_detected
housing_activity,housing_activity,building_permits_log_change,monthly_labor_demand,monthly_labor_demand,quits_rate_change,False,1,pearson,-0.04879213095250907,95,0.6386758222029981,0.8737085247737014,ok,all_cross_model_pairs_statistics_and_lags,right_reference_month = left_reference_month + lag_months,True,True,True,exploratory_serial_dependence_detected
housing_activity,housing_activity,building_permits_log_change,monthly_labor_demand,monthly_labor_demand,quits_rate_change,False,1,spearman,-0.1852043673012318,95,0.07236249400335311,0.2632763079696464,ok,all_cross_model_pairs_statistics_and_lags,right_reference_month = left_reference_month + lag_months,True,True,True,exploratory_serial_dependence_detected
housing_activity,housing_activity,building_permits_log_change,weekly_labor_stress,weekly_labor_stress,initial_claims_innovation,False,-1,pearson,-0.3345870025665194,110,0.00035340801782274425,0.0029479400511067933,ok,all_cross_model_pairs_statistics_and_lags,right_reference_month = left_reference_month + lag_months,True,True,True,exploratory_serial_dependence_detected
housing_activity,housing_activity,building_permits_log_change,weekly_labor_stress,weekly_labor_stress,initial_claims_innovation,False,-1,spearman,0.08632869733787164,110,0.36984936125688334,0.7066395617310285,ok,all_cross_model_pairs_statistics_and_lags,right_reference_month = left_reference_month + lag_months,True,True,True,exploratory_serial_dependence_detected
housing_activity,housing_activity,building_permits_log_change,weekly_labor_stress,weekly_labor_stress,initial_claims_innovation,False,0,pearson,-0.08025838956348262,111,0.40239328178670497,0.7235636734637105,ok,all_cross_model_pairs_statistics_and_lags,right_reference_month = left_reference_month + lag_months,True,True,True,exploratory_serial_dependence_detected
housing_activity,housing_activity,building_permits_log_change,weekly_labor_stress,weekly_labor_stress,initial_claims_innovation,False,0,spearman,-0.08907511407511408,111,0.3525311788592783,0.6889466466849896,ok,all_cross_model_pairs_statistics_and_lags,right_reference_month = left_reference_month + lag_months,True,True,True,exploratory_serial_dependence_detected
housing_activity,housing_activity,building_permits_log_change,weekly_labor_stress,weekly_labor_stress,initial_claims_innovation,False,1,pearson,-0.08738903122891152,112,0.3595527078686678,0.6944909090857002,ok,all_cross_model_pairs_statistics_and_lags,right_reference_month = left_reference_month + lag_months,True,True,True,exploratory_serial_dependence_detected
housing_activity,housing_activity,building_permits_log_change,weekly_labor_stress,weekly_labor_stress,initial_claims_innovation,False,1,spearman,0.046109953189599207,112,0.6292630389603735,0.8677740295340635,ok,all_cross_model_pairs_statistics_and_lags,right_reference_month = left_reference_month + lag_months,True,True,True,exploratory_serial_dependence_detected
housing_activity,housing_activity,housing_starts_log_change,inflation_pressure,inflation_expectations,one_year_inflation_expectations_change,False,-1,pearson,,0,,,insufficient_observations,all_cross_model_pairs_statistics_and_lags,right_reference_month = left_reference_month + lag_months,True,False,True,exploratory_serial_dependence_detected
housing_activity,housing_activity,housing_starts_log_change,inflation_pressure,inflation_expectations,one_year_inflation_expectations_change,False,-1,spearman,,0,,,insufficient_observations,all_cross_model_pairs_statistics_and_lags,right_reference_month = left_reference_month + lag_months,True,False,True,exploratory_serial_dependence_detected
housing_activity,housing_activity,housing_starts_log_change,inflation_pressure,inflation_expectations,one_year_inflation_expectations_change,False,0,pearson,,1,,,insufficient_observations,all_cross_model_pairs_statistics_and_lags,right_reference_month = left_reference_month + lag_months,True,False,True,exploratory_serial_dependence_detected
housing_activity,housing_activity,housing_starts_log_change,inflation_pressure,inflation_expectations,one_year_inflation_expectations_change,False,0,spearman,,1,,,insufficient_observations,all_cross_model_pairs_statistics_and_lags,right_reference_month = left_reference_month + lag_months,True,False,True,exploratory_serial_dependence_detected
housing_activity,housing_activity,housing_starts_log_change,inflation_pressure,inflation_expectations,one_year_inflation_expectations_change,False,1,pearson,,2,,,insufficient_observations,all_cross_model_pairs_statistics_and_lags,right_reference_month = left_reference_month + lag_months,True,False,True,exploratory_serial_dependence_detected
housing_activity,housing_activity,housing_starts_log_change,inflation_pressure,inflation_expectations,one_year_inflation_expectations_change,False,1,spearman,,2,,,insufficient_observations,all_cross_model_pairs_statistics_and_lags,right_reference_month = left_reference_month + lag_months,True,False,True,exploratory_serial_dependence_detected
housing_activity,housing_activity,housing_starts_log_change,inflation_pressure,inflation_input_costs,intermediate_materials_prices_log_change,False,-1,pearson,-0.14616375175237392,37,0.38802017422651375,0.7113476787233308,ok,all_cross_model_pairs_statistics_and_lags,right_reference_month = left_reference_month + lag_months,True,True,True,exploratory_serial_dependence_detected
housing_activity,housing_activity,housing_starts_log_change,inflation_pressure,inflation_input_costs,intermediate_materials_prices_log_change,False,-1,spearman,-0.0734945471787577,37,0.6655295922008242,0.8879412912516099,ok,all_cross_model_pairs_statistics_and_lags,right_reference_month = left_reference_month + lag_months,True,True,True,exploratory_serial_dependence_detected
housing_activity,housing_activity,housing_starts_log_change,inflation_pressure,inflation_input_costs,intermediate_materials_prices_log_change,False,0,pearson,-0.15226162563926707,38,0.36146018075220654,0.6944909090857002,ok,all_cross_model_pairs_statistics_and_lags,right_reference_month = left_reference_month + lag_months,True,True,True,exploratory_serial_dependence_detected
housing_activity,housing_activity,housing_starts_log_change,inflation_pressure,inflation_input_costs,intermediate_materials_prices_log_change,False,0,spearman,0.01674143779406937,38,0.9205344049238022,0.9604319406571155,ok,all_cross_model_pairs_statistics_and_lags,right_reference_month = left_reference_month + lag_months,True,True,True,exploratory_serial_dependence_detected
housing_activity,housing_activity,housing_starts_log_change,inflation_pressure,inflation_input_costs,intermediate_materials_prices_log_change,False,1,pearson,-0.10151723673506863,39,0.5385941816048784,0.8185659823624363,ok,all_cross_model_pairs_statistics_and_lags,right_reference_month = left_reference_month + lag_months,True,True,True,exploratory_serial_dependence_detected
housing_activity,housing_activity,housing_starts_log_change,inflation_pressure,inflation_input_costs,intermediate_materials_prices_log_change,False,1,spearman,-0.17348178137651823,39,0.2908863671134773,0.6103259972564984,ok,all_cross_model_pairs_statistics_and_lags,right_reference_month = left_reference_month + lag_months,True,True,True,exploratory_serial_dependence_detected
housing_activity,housing_activity,housing_starts_log_change,monthly_labor_demand,monthly_labor_demand,hires_rate_change,False,-1,pearson,0.2410247941481773,94,0.019275075165576642,0.09131602823819311,ok,all_cross_model_pairs_statistics_and_lags,right_reference_month = left_reference_month + lag_months,True,True,True,exploratory_serial_dependence_detected
housing_activity,housing_activity,housing_starts_log_change,monthly_labor_demand,monthly_labor_demand,hires_rate_change,False,-1,spearman,0.06221146552035545,94,0.5513959192274578,0.8185659823624363,ok,all_cross_model_pairs_statistics_and_lags,right_reference_month = left_reference_month + lag_months,True,True,True,exploratory_serial_dependence_detected
housing_activity,housing_activity,housing_starts_log_change,monthly_labor_demand,monthly_labor_demand,hires_rate_change,False,0,pearson,0.26229267026625724,95,0.010234799672607623,0.051475021882820694,ok,all_cross_model_pairs_statistics_and_lags,right_reference_month = left_reference_month + lag_months,True,True,True,exploratory_serial_dependence_detected
housing_activity,housing_activity,housing_starts_log_change,monthly_labor_demand,monthly_labor_demand,hires_rate_change,False,0,spearman,0.15274356103023518,95,0.13947802889027425,0.4008528225249898,ok,all_cross_model_pairs_statistics_and_lags,right_reference_month = left_reference_month + lag_months,True,True,True,exploratory_serial_dependence_detected
housing_activity,housing_activity,housing_starts_log_change,monthly_labor_demand,monthly_labor_demand,hires_rate_change,False,1,pearson,-0.3096413709260005,95,0.0022620854806304066,0.015788433354604062,ok,all_cross_model_pairs_statistics_and_lags,right_reference_month = left_reference_month + lag_months,True,True,True,exploratory_serial_dependence_detected
housing_activity,housing_activity,housing_starts_log_change,monthly_labor_demand,monthly_labor_demand,hires_rate_change,False,1,spearman,-0.2634658454647256,95,0.00988857209000065,0.050475994847466,ok,all_cross_model_pairs_statistics_and_lags,right_reference_month = left_reference_month + lag_months,True,True,True,exploratory_serial_dependence_detected
housing_activity,housing_activity,housing_starts_log_change,monthly_labor_demand,monthly_labor_demand,job_openings_rate_change,False,-1,pearson,0.1885211998232685,94,0.06880796514724075,0.2579796870842922,ok,all_cross_model_pairs_statistics_and_lags,right_reference_month = left_reference_month + lag_months,True,True,True,exploratory_serial_dependence_detected
housing_activity,housing_activity,housing_starts_log_change,monthly_labor_demand,monthly_labor_demand,job_openings_rate_change,False,-1,spearman,0.12651085503738757,94,0.2243486792577417,0.542238399748745,ok,all_cross_model_pairs_statistics_and_lags,right_reference_month = left_reference_month + lag_months,True,True,True,exploratory_serial_dependence_detected
housing_activity,housing_activity,housing_starts_log_change,monthly_labor_demand,monthly_labor_demand,job_openings_rate_change,False,0,pearson,-0.029999202054292184,95,0.772894996733392,0.9285652059100499,ok,all_cross_model_pairs_statistics_and_lags,right_reference_month = left_reference_month + lag_months,True,True,True,exploratory_serial_dependence_detected
housing_activity,housing_activity,housing_starts_log_change,monthly_labor_demand,monthly_labor_demand,job_openings_rate_change,False,0,spearman,-0.07045072788353864,95,0.49750407628216875,0.8166625423935271,ok,all_cross_model_pairs_statistics_and_lags,right_reference_month = left_reference_month + lag_months,True,True,True,exploratory_serial_dependence_detected
housing_activity,housing_activity,housing_starts_log_change,monthly_labor_demand,monthly_labor_demand,job_openings_rate_change,False,1,pearson,-0.18367811789471494,95,0.07478758156954006,0.26643075934148647,ok,all_cross_model_pairs_statistics_and_lags,right_reference_month = left_reference_month + lag_months,True,True,True,exploratory_serial_dependence_detected
housing_activity,housing_activity,housing_starts_log_change,monthly_labor_demand,monthly_labor_demand,job_openings_rate_change,False,1,spearman,-0.061072228443449054,95,0.5565809688635931,0.8185659823624363,ok,all_cross_model_pairs_statistics_and_lags,right_reference_month = left_reference_month + lag_months,True,True,True,exploratory_serial_dependence_detected
housing_activity,housing_activity,housing_starts_log_change,monthly_labor_demand,monthly_labor_demand,layoffs_discharges_rate_change,False,-1,pearson,-0.29053033670432754,94,0.00450213249817906,0.02799507844322252,ok,all_cross_model_pairs_statistics_and_lags,right_reference_month = left_reference_month + lag_months,True,True,True,exploratory_serial_dependence_detected
housing_activity,housing_activity,housing_starts_log_change,monthly_labor_demand,monthly_labor_demand,layoffs_discharges_rate_change,False,-1,spearman,-0.18221291045045693,94,0.07879359506044656,0.2738030667035676,ok,all_cross_model_pairs_statistics_and_lags,right_reference_month = left_reference_month + lag_months,True,True,True,exploratory_serial_dependence_detected
housing_activity,housing_activity,housing_starts_log_change,monthly_labor_demand,monthly_labor_demand,layoffs_discharges_rate_change,False,0,pearson,-0.032534311784427936,95,0.7542881072871815,0.9180303654527263,ok,all_cross_model_pairs_statistics_and_lags,right_reference_month = left_reference_month + lag_months,True,True,True,exploratory_serial_dependence_detected
housing_activity,housing_activity,housing_starts_log_change,monthly_labor_demand,monthly_labor_demand,layoffs_discharges_rate_change,False,0,spearman,-0.016685330347144457,95,0.8724976806136863,0.9604319406571155,ok,all_cross_model_pairs_statistics_and_lags,right_reference_month = left_reference_month + lag_months,True,True,True,exploratory_serial_dependence_detected
housing_activity,housing_activity,housing_starts_log_change,monthly_labor_demand,monthly_labor_demand,layoffs_discharges_rate_change,False,1,pearson,0.1910618055433835,95,0.0636372732136657,0.2530691562682985,ok,all_cross_model_pairs_statistics_and_lags,right_reference_month = left_reference_month + lag_months,True,True,True,exploratory_serial_dependence_detected
housing_activity,housing_activity,housing_starts_log_change,monthly_labor_demand,monthly_labor_demand,layoffs_discharges_rate_change,False,1,spearman,0.0847424412094065,95,0.4142125404319808,0.7378160876444658,ok,all_cross_model_pairs_statistics_and_lags,right_reference_month = left_reference_month + lag_months,True,True,True,exploratory_serial_dependence_detected
housing_activity,housing_activity,housing_starts_log_change,monthly_labor_demand,monthly_labor_demand,quits_rate_change,False,-1,pearson,0.2892866500345832,94,0.0046848075367444675,0.028610788885117998,ok,all_cross_model_pairs_statistics_and_lags,right_reference_month = left_reference_month + lag_months,True,True,True,exploratory_serial_dependence_detected
housing_activity,housing_activity,housing_starts_log_change,monthly_labor_demand,monthly_labor_demand,quits_rate_change,False,-1,spearman,0.09636961311996532,94,0.3554917283952422,0.6907850631316638,ok,all_cross_model_pairs_statistics_and_lags,right_reference_month = left_reference_month + lag_months,True,True,True,exploratory_serial_dependence_detected
housing_activity,housing_activity,housing_starts_log_change,monthly_labor_demand,monthly_labor_demand,quits_rate_change,False,0,pearson,0.10693127751229375,95,0.3023530467128384,0.6266954059138833,ok,all_cross_model_pairs_statistics_and_lags,right_reference_month = left_reference_month + lag_months,True,True,True,exploratory_serial_dependence_detected
housing_activity,housing_activity,housing_starts_log_change,monthly_labor_demand,monthly_labor_demand,quits_rate_change,False,0,spearman,0.13421052631578947,95,0.19474121044763612,0.49702607442605634,ok,all_cross_model_pairs_statistics_and_lags,right_reference_month = left_reference_month + lag_months,True,True,True,exploratory_serial_dependence_detected
housing_activity,housing_activity,housing_starts_log_change,monthly_labor_demand,monthly_labor_demand,quits_rate_change,False,1,pearson,-0.16344722476734813,95,0.11349900538041323,0.3465773200009047,ok,all_cross_model_pairs_statistics_and_lags,right_reference_month = left_reference_month + lag_months,True,True,True,exploratory_serial_dependence_detected
housing_activity,housing_activity,housing_starts_log_change,monthly_labor_demand,monthly_labor_demand,quits_rate_change,False,1,spearman,-0.0681131019036954,95,0.5119154706241069,0.8166625423935271,ok,all_cross_model_pairs_statistics_and_lags,right_reference_month = left_reference_month + lag_months,True,True,True,exploratory_serial_dependence_detected
housing_activity,housing_activity,housing_starts_log_change,weekly_labor_stress,weekly_labor_stress,initial_claims_innovation,False,-1,pearson,-0.27796463073552446,110,0.003280134672828568,0.02157319342514174,ok,all_cross_model_pairs_statistics_and_lags,right_reference_month = left_reference_month + lag_months,True,True,True,exploratory_serial_dependence_detected
housing_activity,housing_activity,housing_starts_log_change,weekly_labor_stress,weekly_labor_stress,initial_claims_innovation,False,-1,spearman,-0.1407524288258233,110,0.14246520216483402,0.4053458405167177,ok,all_cross_model_pairs_statistics_and_lags,right_reference_month = left_reference_month + lag_months,True,True,True,exploratory_serial_dependence_detected
housing_activity,housing_activity,housing_starts_log_change,weekly_labor_stress,weekly_labor_stress,initial_claims_innovation,False,0,pearson,-0.24794290190725143,111,0.008696159361785976,0.047969137124690385,ok,all_cross_model_pairs_statistics_and_lags,right_reference_month = left_reference_month + lag_months,True,True,True,exploratory_serial_dependence_detected
housing_activity,housing_activity,housing_starts_log_change,weekly_labor_stress,weekly_labor_stress,initial_claims_innovation,False,0,spearman,-0.09985082485082485,111,0.29709024232932396,0.6195418468087122,ok,all_cross_model_pairs_statistics_and_lags,right_reference_month = left_reference_month + lag_months,True,True,True,exploratory_serial_dependence_detected
housing_activity,housing_activity,housing_starts_log_change,weekly_labor_stress,weekly_labor_stress,initial_claims_innovation,False,1,pearson,0.03442104931994461,112,0.7186240603514524,0.9001666599242014,ok,all_cross_model_pairs_statistics_and_lags,right_reference_month = left_reference_month + lag_months,True,True,True,exploratory_serial_dependence_detected
housing_activity,housing_activity,housing_starts_log_change,weekly_labor_stress,weekly_labor_stress,initial_claims_innovation,False,1,spearman,0.01835685242764889,112,0.8476580559653343,0.9533155720894452,ok,all_cross_model_pairs_statistics_and_lags,right_reference_month = left_reference_month + lag_months,True,True,True,exploratory_serial_dependence_detected
inflation_pressure,inflation_expectations,one_year_inflation_expectations_change,inflation_pressure,inflation_input_costs,intermediate_materials_prices_log_change,True,-1,pearson,,3,,,insufficient_observations,all_cross_model_pairs_statistics_and_lags,right_reference_month = left_reference_month + lag_months,False,True,True,exploratory_serial_dependence_detected
inflation_pressure,inflation_expectations,one_year_inflation_expectations_change,inflation_pressure,inflation_input_costs,intermediate_materials_prices_log_change,True,-1,spearman,,3,,,insufficient_observations,all_cross_model_pairs_statistics_and_lags,right_reference_month = left_reference_month + lag_months,False,True,True,exploratory_serial_dependence_detected
inflation_pressure,inflation_expectations,one_year_inflation_expectations_change,inflation_pressure,inflation_input_costs,intermediate_materials_prices_log_change,True,0,pearson,,2,,,insufficient_observations,all_cross_model_pairs_statistics_and_lags,right_reference_month = left_reference_month + lag_months,False,True,True,exploratory_serial_dependence_detected
inflation_pressure,inflation_expectations,one_year_inflation_expectations_change,inflation_pressure,inflation_input_costs,intermediate_materials_prices_log_change,True,0,spearman,,2,,,insufficient_observations,all_cross_model_pairs_statistics_and_lags,right_reference_month = left_reference_month + lag_months,False,True,True,exploratory_serial_dependence_detected
inflation_pressure,inflation_expectations,one_year_inflation_expectations_change,inflation_pressure,inflation_input_costs,intermediate_materials_prices_log_change,True,1,pearson,,1,,,insufficient_observations,all_cross_model_pairs_statistics_and_lags,right_reference_month = left_reference_month + lag_months,False,True,True,exploratory_serial_dependence_detected
inflation_pressure,inflation_expectations,one_year_inflation_expectations_change,inflation_pressure,inflation_input_costs,intermediate_materials_prices_log_change,True,1,spearman,,1,,,insufficient_observations,all_cross_model_pairs_statistics_and_lags,right_reference_month = left_reference_month + lag_months,False,True,True,exploratory_serial_dependence_detected
inflation_pressure,inflation_expectations,one_year_inflation_expectations_change,monthly_labor_demand,monthly_labor_demand,hires_rate_change,False,-1,pearson,,2,,,insufficient_observations,all_cross_model_pairs_statistics_and_lags,right_reference_month = left_reference_month + lag_months,False,True,True,exploratory_serial_dependence_detected
inflation_pressure,inflation_expectations,one_year_inflation_expectations_change,monthly_labor_demand,monthly_labor_demand,hires_rate_change,False,-1,spearman,,2,,,insufficient_observations,all_cross_model_pairs_statistics_and_lags,right_reference_month = left_reference_month + lag_months,False,True,True,exploratory_serial_dependence_detected
inflation_pressure,inflation_expectations,one_year_inflation_expectations_change,monthly_labor_demand,monthly_labor_demand,hires_rate_change,False,0,pearson,,1,,,insufficient_observations,all_cross_model_pairs_statistics_and_lags,right_reference_month = left_reference_month + lag_months,False,True,True,exploratory_serial_dependence_detected
inflation_pressure,inflation_expectations,one_year_inflation_expectations_change,monthly_labor_demand,monthly_labor_demand,hires_rate_change,False,0,spearman,,1,,,insufficient_observations,all_cross_model_pairs_statistics_and_lags,right_reference_month = left_reference_month + lag_months,False,True,True,exploratory_serial_dependence_detected
inflation_pressure,inflation_expectations,one_year_inflation_expectations_change,monthly_labor_demand,monthly_labor_demand,hires_rate_change,False,1,pearson,,0,,,insufficient_observations,all_cross_model_pairs_statistics_and_lags,right_reference_month = left_reference_month + lag_months,False,True,True,exploratory_serial_dependence_detected
inflation_pressure,inflation_expectations,one_year_inflation_expectations_change,monthly_labor_demand,monthly_labor_demand,hires_rate_change,False,1,spearman,,0,,,insufficient_observations,all_cross_model_pairs_statistics_and_lags,right_reference_month = left_reference_month + lag_months,False,True,True,exploratory_serial_dependence_detected
inflation_pressure,inflation_expectations,one_year_inflation_expectations_change,monthly_labor_demand,monthly_labor_demand,job_openings_rate_change,False,-1,pearson,,2,,,insufficient_observations,all_cross_model_pairs_statistics_and_lags,right_reference_month = left_reference_month + lag_months,False,True,True,exploratory_serial_dependence_detected
inflation_pressure,inflation_expectations,one_year_inflation_expectations_change,monthly_labor_demand,monthly_labor_demand,job_openings_rate_change,False,-1,spearman,,2,,,insufficient_observations,all_cross_model_pairs_statistics_and_lags,right_reference_month = left_reference_month + lag_months,False,True,True,exploratory_serial_dependence_detected
inflation_pressure,inflation_expectations,one_year_inflation_expectations_change,monthly_labor_demand,monthly_labor_demand,job_openings_rate_change,False,0,pearson,,1,,,insufficient_observations,all_cross_model_pairs_statistics_and_lags,right_reference_month = left_reference_month + lag_months,False,True,True,exploratory_serial_dependence_detected
inflation_pressure,inflation_expectations,one_year_inflation_expectations_change,monthly_labor_demand,monthly_labor_demand,job_openings_rate_change,False,0,spearman,,1,,,insufficient_observations,all_cross_model_pairs_statistics_and_lags,right_reference_month = left_reference_month + lag_months,False,True,True,exploratory_serial_dependence_detected
inflation_pressure,inflation_expectations,one_year_inflation_expectations_change,monthly_labor_demand,monthly_labor_demand,job_openings_rate_change,False,1,pearson,,0,,,insufficient_observations,all_cross_model_pairs_statistics_and_lags,right_reference_month = left_reference_month + lag_months,False,True,True,exploratory_serial_dependence_detected
inflation_pressure,inflation_expectations,one_year_inflation_expectations_change,monthly_labor_demand,monthly_labor_demand,job_openings_rate_change,False,1,spearman,,0,,,insufficient_observations,all_cross_model_pairs_statistics_and_lags,right_reference_month = left_reference_month + lag_months,False,True,True,exploratory_serial_dependence_detected
inflation_pressure,inflation_expectations,one_year_inflation_expectations_change,monthly_labor_demand,monthly_labor_demand,layoffs_discharges_rate_change,False,-1,pearson,,2,,,insufficient_observations,all_cross_model_pairs_statistics_and_lags,right_reference_month = left_reference_month + lag_months,False,True,True,exploratory_serial_dependence_detected
inflation_pressure,inflation_expectations,one_year_inflation_expectations_change,monthly_labor_demand,monthly_labor_demand,layoffs_discharges_rate_change,False,-1,spearman,,2,,,insufficient_observations,all_cross_model_pairs_statistics_and_lags,right_reference_month = left_reference_month + lag_months,False,True,True,exploratory_serial_dependence_detected
inflation_pressure,inflation_expectations,one_year_inflation_expectations_change,monthly_labor_demand,monthly_labor_demand,layoffs_discharges_rate_change,False,0,pearson,,1,,,insufficient_observations,all_cross_model_pairs_statistics_and_lags,right_reference_month = left_reference_month + lag_months,False,True,True,exploratory_serial_dependence_detected
inflation_pressure,inflation_expectations,one_year_inflation_expectations_change,monthly_labor_demand,monthly_labor_demand,layoffs_discharges_rate_change,False,0,spearman,,1,,,insufficient_observations,all_cross_model_pairs_statistics_and_lags,right_reference_month = left_reference_month + lag_months,False,True,True,exploratory_serial_dependence_detected
inflation_pressure,inflation_expectations,one_year_inflation_expectations_change,monthly_labor_demand,monthly_labor_demand,layoffs_discharges_rate_change,False,1,pearson,,0,,,insufficient_observations,all_cross_model_pairs_statistics_and_lags,right_reference_month = left_reference_month + lag_months,False,True,True,exploratory_serial_dependence_detected
inflation_pressure,inflation_expectations,one_year_inflation_expectations_change,monthly_labor_demand,monthly_labor_demand,layoffs_discharges_rate_change,False,1,spearman,,0,,,insufficient_observations,all_cross_model_pairs_statistics_and_lags,right_reference_month = left_reference_month + lag_months,False,True,True,exploratory_serial_dependence_detected
inflation_pressure,inflation_expectations,one_year_inflation_expectations_change,monthly_labor_demand,monthly_labor_demand,quits_rate_change,False,-1,pearson,,2,,,insufficient_observations,all_cross_model_pairs_statistics_and_lags,right_reference_month = left_reference_month + lag_months,False,True,True,exploratory_serial_dependence_detected
inflation_pressure,inflation_expectations,one_year_inflation_expectations_change,monthly_labor_demand,monthly_labor_demand,quits_rate_change,False,-1,spearman,,2,,,insufficient_observations,all_cross_model_pairs_statistics_and_lags,right_reference_month = left_reference_month + lag_months,False,True,True,exploratory_serial_dependence_detected
inflation_pressure,inflation_expectations,one_year_inflation_expectations_change,monthly_labor_demand,monthly_labor_demand,quits_rate_change,False,0,pearson,,1,,,insufficient_observations,all_cross_model_pairs_statistics_and_lags,right_reference_month = left_reference_month + lag_months,False,True,True,exploratory_serial_dependence_detected
inflation_pressure,inflation_expectations,one_year_inflation_expectations_change,monthly_labor_demand,monthly_labor_demand,quits_rate_change,False,0,spearman,,1,,,insufficient_observations,all_cross_model_pairs_statistics_and_lags,right_reference_month = left_reference_month + lag_months,False,True,True,exploratory_serial_dependence_detected
inflation_pressure,inflation_expectations,one_year_inflation_expectations_change,monthly_labor_demand,monthly_labor_demand,quits_rate_change,False,1,pearson,,0,,,insufficient_observations,all_cross_model_pairs_statistics_and_lags,right_reference_month = left_reference_month + lag_months,False,True,True,exploratory_serial_dependence_detected
inflation_pressure,inflation_expectations,one_year_inflation_expectations_change,monthly_labor_demand,monthly_labor_demand,quits_rate_change,False,1,spearman,,0,,,insufficient_observations,all_cross_model_pairs_statistics_and_lags,right_reference_month = left_reference_month + lag_months,False,True,True,exploratory_serial_dependence_detected
inflation_pressure,inflation_expectations,one_year_inflation_expectations_change,weekly_labor_stress,weekly_labor_stress,initial_claims_innovation,False,-1,pearson,,3,,,insufficient_observations,all_cross_model_pairs_statistics_and_lags,right_reference_month = left_reference_month + lag_months,False,True,True,exploratory_serial_dependence_detected
inflation_pressure,inflation_expectations,one_year_inflation_expectations_change,weekly_labor_stress,weekly_labor_stress,initial_claims_innovation,False,-1,spearman,,3,,,insufficient_observations,all_cross_model_pairs_statistics_and_lags,right_reference_month = left_reference_month + lag_months,False,True,True,exploratory_serial_dependence_detected
inflation_pressure,inflation_expectations,one_year_inflation_expectations_change,weekly_labor_stress,weekly_labor_stress,initial_claims_innovation,False,0,pearson,,3,,,insufficient_observations,all_cross_model_pairs_statistics_and_lags,right_reference_month = left_reference_month + lag_months,False,True,True,exploratory_serial_dependence_detected
inflation_pressure,inflation_expectations,one_year_inflation_expectations_change,weekly_labor_stress,weekly_labor_stress,initial_claims_innovation,False,0,spearman,,3,,,insufficient_observations,all_cross_model_pairs_statistics_and_lags,right_reference_month = left_reference_month + lag_months,False,True,True,exploratory_serial_dependence_detected
inflation_pressure,inflation_expectations,one_year_inflation_expectations_change,weekly_labor_stress,weekly_labor_stress,initial_claims_innovation,False,1,pearson,,2,,,insufficient_observations,all_cross_model_pairs_statistics_and_lags,right_reference_month = left_reference_month + lag_months,False,True,True,exploratory_serial_dependence_detected
inflation_pressure,inflation_expectations,one_year_inflation_expectations_change,weekly_labor_stress,weekly_labor_stress,initial_claims_innovation,False,1,spearman,,2,,,insufficient_observations,all_cross_model_pairs_statistics_and_lags,right_reference_month = left_reference_month + lag_months,False,True,True,exploratory_serial_dependence_detected
inflation_pressure,inflation_input_costs,intermediate_materials_prices_log_change,monthly_labor_demand,monthly_labor_demand,hires_rate_change,False,-1,pearson,-0.15374124485610133,40,0.34355762656810473,0.6819529846838112,ok,all_cross_model_pairs_statistics_and_lags,right_reference_month = left_reference_month + lag_months,True,True,True,exploratory_serial_dependence_detected
inflation_pressure,inflation_input_costs,intermediate_materials_prices_log_change,monthly_labor_demand,monthly_labor_demand,hires_rate_change,False,-1,spearman,-0.1782363977485929,40,0.2711752436792428,0.5932240414525132,ok,all_cross_model_pairs_statistics_and_lags,right_reference_month = left_reference_month + lag_months,True,True,True,exploratory_serial_dependence_detected
inflation_pressure,inflation_input_costs,intermediate_materials_prices_log_change,monthly_labor_demand,monthly_labor_demand,hires_rate_change,False,0,pearson,0.04568132033334727,39,0.7824388744604022,0.9285652059100499,ok,all_cross_model_pairs_statistics_and_lags,right_reference_month = left_reference_month + lag_months,True,True,True,exploratory_serial_dependence_detected
inflation_pressure,inflation_input_costs,intermediate_materials_prices_log_change,monthly_labor_demand,monthly_labor_demand,hires_rate_change,False,0,spearman,0.03623481781376518,39,0.8266532999745628,0.9523972738685931,ok,all_cross_model_pairs_statistics_and_lags,right_reference_month = left_reference_month + lag_months,True,True,True,exploratory_serial_dependence_detected
inflation_pressure,inflation_input_costs,intermediate_materials_prices_log_change,monthly_labor_demand,monthly_labor_demand,hires_rate_change,False,1,pearson,0.10769328781629336,38,0.5198573194948615,0.8166625423935271,ok,all_cross_model_pairs_statistics_and_lags,right_reference_month = left_reference_month + lag_months,True,True,True,exploratory_serial_dependence_detected
inflation_pressure,inflation_input_costs,intermediate_materials_prices_log_change,monthly_labor_demand,monthly_labor_demand,hires_rate_change,False,1,spearman,0.10427836743626218,38,0.5332556023046554,0.8185659823624363,ok,all_cross_model_pairs_statistics_and_lags,right_reference_month = left_reference_month + lag_months,True,True,True,exploratory_serial_dependence_detected
inflation_pressure,inflation_input_costs,intermediate_materials_prices_log_change,monthly_labor_demand,monthly_labor_demand,job_openings_rate_change,False,-1,pearson,0.1070240100925983,40,0.5109832819476405,0.8166625423935271,ok,all_cross_model_pairs_statistics_and_lags,right_reference_month = left_reference_month + lag_months,True,True,True,exploratory_serial_dependence_detected
inflation_pressure,inflation_input_costs,intermediate_materials_prices_log_change,monthly_labor_demand,monthly_labor_demand,job_openings_rate_change,False,-1,spearman,0.030769230769230774,40,0.8505040138014162,0.9533155720894452,ok,all_cross_model_pairs_statistics_and_lags,right_reference_month = left_reference_month + lag_months,True,True,True,exploratory_serial_dependence_detected
inflation_pressure,inflation_input_costs,intermediate_materials_prices_log_change,monthly_labor_demand,monthly_labor_demand,job_openings_rate_change,False,0,pearson,0.28371830593408204,39,0.08005937622911333,0.2738030667035676,ok,all_cross_model_pairs_statistics_and_lags,right_reference_month = left_reference_month + lag_months,True,True,True,exploratory_serial_dependence_detected
inflation_pressure,inflation_input_costs,intermediate_materials_prices_log_change,monthly_labor_demand,monthly_labor_demand,job_openings_rate_change,False,0,spearman,0.20323886639676114,39,0.21463094414731526,0.5357940357546118,ok,all_cross_model_pairs_statistics_and_lags,right_reference_month = left_reference_month + lag_months,True,True,True,exploratory_serial_dependence_detected
inflation_pressure,inflation_input_costs,intermediate_materials_prices_log_change,monthly_labor_demand,monthly_labor_demand,job_openings_rate_change,False,1,pearson,0.10389608829638836,38,0.5347657910974766,0.8185659823624363,ok,all_cross_model_pairs_statistics_and_lags,right_reference_month = left_reference_month + lag_months,True,True,True,exploratory_serial_dependence_detected
inflation_pressure,inflation_input_costs,intermediate_materials_prices_log_change,monthly_labor_demand,monthly_labor_demand,job_openings_rate_change,False,1,spearman,0.010613852719115878,38,0.9495720118142815,0.9665286548823937,ok,all_cross_model_pairs_statistics_and_lags,right_reference_month = left_reference_month + lag_months,True,True,True,exploratory_serial_dependence_detected
inflation_pressure,inflation_input_costs,intermediate_materials_prices_log_change,monthly_labor_demand,monthly_labor_demand,layoffs_discharges_rate_change,False,-1,pearson,0.1938555757628682,40,0.23069022696946767,0.5478892890524857,ok,all_cross_model_pairs_statistics_and_lags,right_reference_month = left_reference_month + lag_months,True,True,True,exploratory_serial_dependence_detected
inflation_pressure,inflation_input_costs,intermediate_materials_prices_log_change,monthly_labor_demand,monthly_labor_demand,layoffs_discharges_rate_change,False,-1,spearman,0.12833020637898687,40,0.4300150856132797,0.742753329695665,ok,all_cross_model_pairs_statistics_and_lags,right_reference_month = left_reference_month + lag_months,True,True,True,exploratory_serial_dependence_detected
inflation_pressure,inflation_input_costs,intermediate_materials_prices_log_change,monthly_labor_demand,monthly_labor_demand,layoffs_discharges_rate_change,False,0,pearson,0.26876937213057495,39,0.09803505221868852,0.31919001238871153,ok,all_cross_model_pairs_statistics_and_lags,right_reference_month = left_reference_month + lag_months,True,True,True,exploratory_serial_dependence_detected
inflation_pressure,inflation_input_costs,intermediate_materials_prices_log_change,monthly_labor_demand,monthly_labor_demand,layoffs_discharges_rate_change,False,0,spearman,0.17773279352226723,39,0.2790413134434907,0.5964508074854613,ok,all_cross_model_pairs_statistics_and_lags,right_reference_month = left_reference_month + lag_months,True,True,True,exploratory_serial_dependence_detected
inflation_pressure,inflation_input_costs,intermediate_materials_prices_log_change,monthly_labor_demand,monthly_labor_demand,layoffs_discharges_rate_change,False,1,pearson,0.2970234384625936,38,0.07015237104923736,0.2579796870842922,ok,all_cross_model_pairs_statistics_and_lags,right_reference_month = left_reference_month + lag_months,True,True,True,exploratory_serial_dependence_detected
inflation_pressure,inflation_input_costs,intermediate_materials_prices_log_change,monthly_labor_demand,monthly_labor_demand,layoffs_discharges_rate_change,False,1,spearman,0.21895174526753475,38,0.18659682906605712,0.48959332169543895,ok,all_cross_model_pairs_statistics_and_lags,right_reference_month = left_reference_month + lag_months,True,True,True,exploratory_serial_dependence_detected
inflation_pressure,inflation_input_costs,intermediate_materials_prices_log_change,monthly_labor_demand,monthly_labor_demand,quits_rate_change,False,-1,pearson,-0.12296369913133398,40,0.449705757986117,0.7651709912002589,ok,all_cross_model_pairs_statistics_and_lags,right_reference_month = left_reference_month + lag_months,True,True,True,exploratory_serial_dependence_detected
inflation_pressure,inflation_input_costs,intermediate_materials_prices_log_change,monthly_labor_demand,monthly_labor_demand,quits_rate_change,False,-1,spearman,-0.09568480300187618,40,0.5569859143523521,0.8185659823624363,ok,all_cross_model_pairs_statistics_and_lags,right_reference_month = left_reference_month + lag_months,True,True,True,exploratory_serial_dependence_detected
inflation_pressure,inflation_input_costs,intermediate_materials_prices_log_change,monthly_labor_demand,monthly_labor_demand,quits_rate_change,False,0,pearson,0.15772909938852492,39,0.3375633882904593,0.6762339265222632,ok,all_cross_model_pairs_statistics_and_lags,right_reference_month = left_reference_month + lag_months,True,True,True,exploratory_serial_dependence_detected
inflation_pressure,inflation_input_costs,intermediate_materials_prices_log_change,monthly_labor_demand,monthly_labor_demand,quits_rate_change,False,0,spearman,0.17955465587044536,39,0.2740625688581786,0.5932240414525132,ok,all_cross_model_pairs_statistics_and_lags,right_reference_month = left_reference_month + lag_months,True,True,True,exploratory_serial_dependence_detected
inflation_pressure,inflation_input_costs,intermediate_materials_prices_log_change,monthly_labor_demand,monthly_labor_demand,quits_rate_change,False,1,pearson,0.0008638439647127624,38,0.9958931462973328,0.9958931462973328,ok,all_cross_model_pairs_statistics_and_lags,right_reference_month = left_reference_month + lag_months,True,True,True,exploratory_serial_dependence_detected
inflation_pressure,inflation_input_costs,intermediate_materials_prices_log_change,monthly_labor_demand,monthly_labor_demand,quits_rate_change,False,1,spearman,-0.09858846700951963,38,0.5559444117153884,0.8185659823624363,ok,all_cross_model_pairs_statistics_and_lags,right_reference_month = left_reference_month + lag_months,True,True,True,exploratory_serial_dependence_detected
inflation_pressure,inflation_input_costs,intermediate_materials_prices_log_change,weekly_labor_stress,weekly_labor_stress,initial_claims_innovation,False,-1,pearson,-0.21973689542184918,40,0.17307540057634982,0.466077062969383,ok,all_cross_model_pairs_statistics_and_lags,right_reference_month = left_reference_month + lag_months,True,True,True,exploratory_serial_dependence_detected
inflation_pressure,inflation_input_costs,intermediate_materials_prices_log_change,weekly_labor_stress,weekly_labor_stress,initial_claims_innovation,False,-1,spearman,-0.11969981238273922,40,0.46191727297228025,0.7735521752922563,ok,all_cross_model_pairs_statistics_and_lags,right_reference_month = left_reference_month + lag_months,True,True,True,exploratory_serial_dependence_detected
inflation_pressure,inflation_input_costs,intermediate_materials_prices_log_change,weekly_labor_stress,weekly_labor_stress,initial_claims_innovation,False,0,pearson,-0.05928698582966821,40,0.7163108419799739,0.9001666599242014,ok,all_cross_model_pairs_statistics_and_lags,right_reference_month = left_reference_month + lag_months,True,True,True,exploratory_serial_dependence_detected
inflation_pressure,inflation_input_costs,intermediate_materials_prices_log_change,weekly_labor_stress,weekly_labor_stress,initial_claims_innovation,False,0,spearman,-0.21257035647279554,40,0.18787523676693121,0.48959332169543895,ok,all_cross_model_pairs_statistics_and_lags,right_reference_month = left_reference_month + lag_months,True,True,True,exploratory_serial_dependence_detected
inflation_pressure,inflation_input_costs,intermediate_materials_prices_log_change,weekly_labor_stress,weekly_labor_stress,initial_claims_innovation,False,1,pearson,-0.016710293971324737,40,0.9184860596922765,0.9604319406571155,ok,all_cross_model_pairs_statistics_and_lags,right_reference_month = left_reference_month + lag_months,True,True,True,exploratory_serial_dependence_detected
inflation_pressure,inflation_input_costs,intermediate_materials_prices_log_change,weekly_labor_stress,weekly_labor_stress,initial_claims_innovation,False,1,spearman,-0.06791744840525328,40,0.6771113837318272,0.8879412912516099,ok,all_cross_model_pairs_statistics_and_lags,right_reference_month = left_reference_month + lag_months,True,True,True,exploratory_serial_dependence_detected
monthly_labor_demand,monthly_labor_demand,hires_rate_change,weekly_labor_stress,weekly_labor_stress,initial_claims_innovation,False,-1,pearson,0.06071235978707348,96,0.5567958957335803,0.8185659823624363,ok,all_cross_model_pairs_statistics_and_lags,right_reference_month = left_reference_month + lag_months,True,True,True,exploratory_serial_dependence_detected
monthly_labor_demand,monthly_labor_demand,hires_rate_change,weekly_labor_stress,weekly_labor_stress,initial_claims_innovation,False,-1,spearman,-0.15444926749864352,96,0.13296917637708452,0.3886791309484009,ok,all_cross_model_pairs_statistics_and_lags,right_reference_month = left_reference_month + lag_months,True,True,True,exploratory_serial_dependence_detected
monthly_labor_demand,monthly_labor_demand,hires_rate_change,weekly_labor_stress,weekly_labor_stress,initial_claims_innovation,False,0,pearson,-0.6014187989770485,96,9.192053128029312e-11,1.5718410848930122e-09,ok,all_cross_model_pairs_statistics_and_lags,right_reference_month = left_reference_month + lag_months,True,True,True,exploratory_serial_dependence_detected
monthly_labor_demand,monthly_labor_demand,hires_rate_change,weekly_labor_stress,weekly_labor_stress,initial_claims_innovation,False,0,spearman,-0.018977211068909386,96,0.8543910090960842,0.9533155720894452,ok,all_cross_model_pairs_statistics_and_lags,right_reference_month = left_reference_month + lag_months,True,True,True,exploratory_serial_dependence_detected
monthly_labor_demand,monthly_labor_demand,hires_rate_change,weekly_labor_stress,weekly_labor_stress,initial_claims_innovation,False,1,pearson,0.06873901701593506,96,0.5057516569872382,0.8166625423935271,ok,all_cross_model_pairs_statistics_and_lags,right_reference_month = left_reference_month + lag_months,True,True,True,exploratory_serial_dependence_detected
monthly_labor_demand,monthly_labor_demand,hires_rate_change,weekly_labor_stress,weekly_labor_stress,initial_claims_innovation,False,1,spearman,-0.043733043950081395,96,0.6722339602689626,0.8879412912516099,ok,all_cross_model_pairs_statistics_and_lags,right_reference_month = left_reference_month + lag_months,True,True,True,exploratory_serial_dependence_detected
monthly_labor_demand,monthly_labor_demand,job_openings_rate_change,weekly_labor_stress,weekly_labor_stress,initial_claims_innovation,False,-1,pearson,0.36108746623287935,96,0.00030113870288021806,0.0025747359096258645,ok,all_cross_model_pairs_statistics_and_lags,right_reference_month = left_reference_month + lag_months,True,True,True,exploratory_serial_dependence_detected
monthly_labor_demand,monthly_labor_demand,job_openings_rate_change,weekly_labor_stress,weekly_labor_stress,initial_claims_innovation,False,-1,spearman,-0.03837493217580032,96,0.7104830390275256,0.8999451827681991,ok,all_cross_model_pairs_statistics_and_lags,right_reference_month = left_reference_month + lag_months,True,True,True,exploratory_serial_dependence_detected
monthly_labor_demand,monthly_labor_demand,job_openings_rate_change,weekly_labor_stress,weekly_labor_stress,initial_claims_innovation,False,0,pearson,-0.4731989771362932,96,1.122959663993694e-06,1.4224155743920124e-05,ok,all_cross_model_pairs_statistics_and_lags,right_reference_month = left_reference_month + lag_months,True,True,True,exploratory_serial_dependence_detected
monthly_labor_demand,monthly_labor_demand,job_openings_rate_change,weekly_labor_stress,weekly_labor_stress,initial_claims_innovation,False,0,spearman,-0.015219750406945199,96,0.8829918677559102,0.9604319406571155,ok,all_cross_model_pairs_statistics_and_lags,right_reference_month = left_reference_month + lag_months,True,True,True,exploratory_serial_dependence_detected
monthly_labor_demand,monthly_labor_demand,job_openings_rate_change,weekly_labor_stress,weekly_labor_stress,initial_claims_innovation,False,1,pearson,-0.050551057932079445,96,0.6247553625740502,0.8650458866409925,ok,all_cross_model_pairs_statistics_and_lags,right_reference_month = left_reference_month + lag_months,True,True,True,exploratory_serial_dependence_detected
monthly_labor_demand,monthly_labor_demand,job_openings_rate_change,weekly_labor_stress,weekly_labor_stress,initial_claims_innovation,False,1,spearman,-0.1666711882799783,96,0.1045852113916665,0.3281480944582564,ok,all_cross_model_pairs_statistics_and_lags,right_reference_month = left_reference_month + lag_months,True,True,True,exploratory_serial_dependence_detected
monthly_labor_demand,monthly_labor_demand,layoffs_discharges_rate_change,weekly_labor_stress,weekly_labor_stress,initial_claims_innovation,False,-1,pearson,-0.6635776486211125,96,1.7352684463098617e-13,5.934618086379727e-12,ok,all_cross_model_pairs_statistics_and_lags,right_reference_month = left_reference_month + lag_months,True,True,True,exploratory_serial_dependence_detected
monthly_labor_demand,monthly_labor_demand,layoffs_discharges_rate_change,weekly_labor_stress,weekly_labor_stress,initial_claims_innovation,False,-1,spearman,-0.04076234400434075,96,0.6933448372418999,0.8881046229840065,ok,all_cross_model_pairs_statistics_and_lags,right_reference_month = left_reference_month + lag_months,True,True,True,exploratory_serial_dependence_detected
monthly_labor_demand,monthly_labor_demand,layoffs_discharges_rate_change,weekly_labor_stress,weekly_labor_stress,initial_claims_innovation,False,0,pearson,0.806323975431214,96,3.6920758897813015e-23,2.52537990861041e-21,ok,all_cross_model_pairs_statistics_and_lags,right_reference_month = left_reference_month + lag_months,True,True,True,exploratory_serial_dependence_detected
monthly_labor_demand,monthly_labor_demand,layoffs_discharges_rate_change,weekly_labor_stress,weekly_labor_stress,initial_claims_innovation,False,0,spearman,0.08612316874660877,96,0.4040955018466922,0.7235636734637105,ok,all_cross_model_pairs_statistics_and_lags,right_reference_month = left_reference_month + lag_months,True,True,True,exploratory_serial_dependence_detected
monthly_labor_demand,monthly_labor_demand,layoffs_discharges_rate_change,weekly_labor_stress,weekly_labor_stress,initial_claims_innovation,False,1,pearson,-0.01400055196179098,96,0.8923062949300936,0.9604319406571155,ok,all_cross_model_pairs_statistics_and_lags,right_reference_month = left_reference_month + lag_months,True,True,True,exploratory_serial_dependence_detected
monthly_labor_demand,monthly_labor_demand,layoffs_discharges_rate_change,weekly_labor_stress,weekly_labor_stress,initial_claims_innovation,False,1,spearman,-0.13802224633749322,96,0.1799043773013601,0.4806820081020715,ok,all_cross_model_pairs_statistics_and_lags,right_reference_month = left_reference_month + lag_months,True,True,True,exploratory_serial_dependence_detected
monthly_labor_demand,monthly_labor_demand,quits_rate_change,weekly_labor_stress,weekly_labor_stress,initial_claims_innovation,False,-1,pearson,0.5020261409270879,96,1.8771875130131157e-07,2.5679925178019425e-06,ok,all_cross_model_pairs_statistics_and_lags,right_reference_month = left_reference_month + lag_months,True,True,True,exploratory_serial_dependence_detected
monthly_labor_demand,monthly_labor_demand,quits_rate_change,weekly_labor_stress,weekly_labor_stress,initial_claims_innovation,False,-1,spearman,0.15739283776451438,96,0.1256483707054589,0.37694511211637666,ok,all_cross_model_pairs_statistics_and_lags,right_reference_month = left_reference_month + lag_months,True,True,True,exploratory_serial_dependence_detected
monthly_labor_demand,monthly_labor_demand,quits_rate_change,weekly_labor_stress,weekly_labor_stress,initial_claims_innovation,False,0,pearson,-0.8051125998513152,96,4.8026515070513507e-23,2.73751135901927e-21,ok,all_cross_model_pairs_statistics_and_lags,right_reference_month = left_reference_month + lag_months,True,True,True,exploratory_serial_dependence_detected
monthly_labor_demand,monthly_labor_demand,quits_rate_change,weekly_labor_stress,weekly_labor_stress,initial_claims_innovation,False,0,spearman,-0.2555344546934346,96,0.01197822840572172,0.059370349489229396,ok,all_cross_model_pairs_statistics_and_lags,right_reference_month = left_reference_month + lag_months,True,True,True,exploratory_serial_dependence_detected
monthly_labor_demand,monthly_labor_demand,quits_rate_change,weekly_labor_stress,weekly_labor_stress,initial_claims_innovation,False,1,pearson,0.03689418851212258,96,0.7211861544421965,0.9001666599242014,ok,all_cross_model_pairs_statistics_and_lags,right_reference_month = left_reference_month + lag_months,True,True,True,exploratory_serial_dependence_detected
monthly_labor_demand,monthly_labor_demand,quits_rate_change,weekly_labor_stress,weekly_labor_stress,initial_claims_innovation,False,1,spearman,0.025488334237655993,96,0.805293421942058,0.9374790933493,ok,all_cross_model_pairs_statistics_and_lags,right_reference_month = left_reference_month + lag_months,True,True,True,exploratory_serial_dependence_detected
