left_block_id,left_model_id,left_response_id,right_block_id,right_model_id,right_response_id,same_economic_block,lag_months,statistic,correlation,sample_count,p_value,q_value,status,bh_family,lag_definition,left_serial_dependence_detected,right_serial_dependence_detected,serial_dependence_detected_either,correlation_p_q_interpretation
business_investment,business_investment_backlog,capital_goods_backlog_to_shipments_log_ratio_level,consumer_demand,consumer_retail_ex_auto_gas,retail_ex_auto_gas_log_change,False,-1,pearson,0.15131824376499742,45,0.32108151112532024,0.6240739230323126,ok,all_cross_model_pairs_statistics_and_lags,right_reference_month = left_reference_month + lag_months,True,False,True,exploratory_serial_dependence_detected
business_investment,business_investment_backlog,capital_goods_backlog_to_shipments_log_ratio_level,consumer_demand,consumer_retail_ex_auto_gas,retail_ex_auto_gas_log_change,False,-1,spearman,0.10184453227931489,45,0.5056009880970919,0.7715806548211543,ok,all_cross_model_pairs_statistics_and_lags,right_reference_month = left_reference_month + lag_months,True,False,True,exploratory_serial_dependence_detected
business_investment,business_investment_backlog,capital_goods_backlog_to_shipments_log_ratio_level,consumer_demand,consumer_retail_ex_auto_gas,retail_ex_auto_gas_log_change,False,0,pearson,0.07210151940162754,47,0.6300756547136225,0.8349008222451147,ok,all_cross_model_pairs_statistics_and_lags,right_reference_month = left_reference_month + lag_months,True,False,True,exploratory_serial_dependence_detected
business_investment,business_investment_backlog,capital_goods_backlog_to_shipments_log_ratio_level,consumer_demand,consumer_retail_ex_auto_gas,retail_ex_auto_gas_log_change,False,0,spearman,0.10291396854764107,47,0.4912165131791859,0.7581020979533246,ok,all_cross_model_pairs_statistics_and_lags,right_reference_month = left_reference_month + lag_months,True,False,True,exploratory_serial_dependence_detected
business_investment,business_investment_backlog,capital_goods_backlog_to_shipments_log_ratio_level,consumer_demand,consumer_retail_ex_auto_gas,retail_ex_auto_gas_log_change,False,1,pearson,0.1056782176979145,46,0.48456427599593344,0.7569670763854145,ok,all_cross_model_pairs_statistics_and_lags,right_reference_month = left_reference_month + lag_months,True,False,True,exploratory_serial_dependence_detected
business_investment,business_investment_backlog,capital_goods_backlog_to_shipments_log_ratio_level,consumer_demand,consumer_retail_ex_auto_gas,retail_ex_auto_gas_log_change,False,1,spearman,0.11032994141227258,46,0.4654308413860013,0.7468541408286998,ok,all_cross_model_pairs_statistics_and_lags,right_reference_month = left_reference_month + lag_months,True,False,True,exploratory_serial_dependence_detected
business_investment,business_investment_backlog,capital_goods_backlog_to_shipments_log_ratio_level,consumer_demand,consumer_vehicle_units,total_vehicle_unit_sales_log_change,False,-1,pearson,0.05380933152172968,109,0.578407739799126,0.8077773899183804,ok,all_cross_model_pairs_statistics_and_lags,right_reference_month = left_reference_month + lag_months,True,False,True,exploratory_serial_dependence_detected
business_investment,business_investment_backlog,capital_goods_backlog_to_shipments_log_ratio_level,consumer_demand,consumer_vehicle_units,total_vehicle_unit_sales_log_change,False,-1,spearman,0.027161523491798723,109,0.7792035711907955,0.9105864937894548,ok,all_cross_model_pairs_statistics_and_lags,right_reference_month = left_reference_month + lag_months,True,False,True,exploratory_serial_dependence_detected
business_investment,business_investment_backlog,capital_goods_backlog_to_shipments_log_ratio_level,consumer_demand,consumer_vehicle_units,total_vehicle_unit_sales_log_change,False,0,pearson,0.22555241012915817,111,0.01730326880742676,0.09533183681717038,ok,all_cross_model_pairs_statistics_and_lags,right_reference_month = left_reference_month + lag_months,True,False,True,exploratory_serial_dependence_detected
business_investment,business_investment_backlog,capital_goods_backlog_to_shipments_log_ratio_level,consumer_demand,consumer_vehicle_units,total_vehicle_unit_sales_log_change,False,0,spearman,0.10354510354510355,111,0.27948535347063524,0.5671908643962892,ok,all_cross_model_pairs_statistics_and_lags,right_reference_month = left_reference_month + lag_months,True,False,True,exploratory_serial_dependence_detected
business_investment,business_investment_backlog,capital_goods_backlog_to_shipments_log_ratio_level,consumer_demand,consumer_vehicle_units,total_vehicle_unit_sales_log_change,False,1,pearson,-0.003836331563939862,110,0.9682714760621811,0.9862522363178302,ok,all_cross_model_pairs_statistics_and_lags,right_reference_month = left_reference_month + lag_months,True,False,True,exploratory_serial_dependence_detected
business_investment,business_investment_backlog,capital_goods_backlog_to_shipments_log_ratio_level,consumer_demand,consumer_vehicle_units,total_vehicle_unit_sales_log_change,False,1,spearman,0.07233505398643014,110,0.45266802265088224,0.7361570873413337,ok,all_cross_model_pairs_statistics_and_lags,right_reference_month = left_reference_month + lag_months,True,False,True,exploratory_serial_dependence_detected
business_investment,business_investment_backlog,capital_goods_backlog_to_shipments_log_ratio_level,housing_activity,housing_new_home_sales,new_single_family_home_sales_log_change,False,-1,pearson,-0.035889205704523884,127,0.6887286756628179,0.8700718141821607,ok,all_cross_model_pairs_statistics_and_lags,right_reference_month = left_reference_month + lag_months,True,False,True,exploratory_serial_dependence_detected
business_investment,business_investment_backlog,capital_goods_backlog_to_shipments_log_ratio_level,housing_activity,housing_new_home_sales,new_single_family_home_sales_log_change,False,-1,spearman,-0.019726049868766405,127,0.8257740152883964,0.9340722468016287,ok,all_cross_model_pairs_statistics_and_lags,right_reference_month = left_reference_month + lag_months,True,False,True,exploratory_serial_dependence_detected
business_investment,business_investment_backlog,capital_goods_backlog_to_shipments_log_ratio_level,housing_activity,housing_new_home_sales,new_single_family_home_sales_log_change,False,0,pearson,0.09166823196414224,128,0.3034315358819632,0.6056890104371013,ok,all_cross_model_pairs_statistics_and_lags,right_reference_month = left_reference_month + lag_months,True,False,True,exploratory_serial_dependence_detected
business_investment,business_investment_backlog,capital_goods_backlog_to_shipments_log_ratio_level,housing_activity,housing_new_home_sales,new_single_family_home_sales_log_change,False,0,spearman,0.04078923274125618,128,0.6475698276813171,0.8458562682057631,ok,all_cross_model_pairs_statistics_and_lags,right_reference_month = left_reference_month + lag_months,True,False,True,exploratory_serial_dependence_detected
business_investment,business_investment_backlog,capital_goods_backlog_to_shipments_log_ratio_level,housing_activity,housing_new_home_sales,new_single_family_home_sales_log_change,False,1,pearson,0.06647022656064343,127,0.4577864761635138,0.7399168049905506,ok,all_cross_model_pairs_statistics_and_lags,right_reference_month = left_reference_month + lag_months,True,False,True,exploratory_serial_dependence_detected
business_investment,business_investment_backlog,capital_goods_backlog_to_shipments_log_ratio_level,housing_activity,housing_new_home_sales,new_single_family_home_sales_log_change,False,1,spearman,0.08628023059617548,127,0.3347877346122324,0.6397510573633467,ok,all_cross_model_pairs_statistics_and_lags,right_reference_month = left_reference_month + lag_months,True,False,True,exploratory_serial_dependence_detected
business_investment,business_investment_backlog,capital_goods_backlog_to_shipments_log_ratio_level,housing_activity,housing_single_family_construction,single_family_building_permits_log_change,False,-1,pearson,-0.16017970889429195,127,0.07203137211473908,0.24067998268686927,ok,all_cross_model_pairs_statistics_and_lags,right_reference_month = left_reference_month + lag_months,True,False,True,exploratory_serial_dependence_detected
business_investment,business_investment_backlog,capital_goods_backlog_to_shipments_log_ratio_level,housing_activity,housing_single_family_construction,single_family_building_permits_log_change,False,-1,spearman,-0.14714566929133857,127,0.09876905572199053,0.30098078179004056,ok,all_cross_model_pairs_statistics_and_lags,right_reference_month = left_reference_month + lag_months,True,False,True,exploratory_serial_dependence_detected
business_investment,business_investment_backlog,capital_goods_backlog_to_shipments_log_ratio_level,housing_activity,housing_single_family_construction,single_family_building_permits_log_change,False,0,pearson,-0.1217583164204267,128,0.17096036029491374,0.4193678230098405,ok,all_cross_model_pairs_statistics_and_lags,right_reference_month = left_reference_month + lag_months,True,False,True,exploratory_serial_dependence_detected
business_investment,business_investment_backlog,capital_goods_backlog_to_shipments_log_ratio_level,housing_activity,housing_single_family_construction,single_family_building_permits_log_change,False,0,spearman,-0.0977900109869987,128,0.27213949632879403,0.5640722339981322,ok,all_cross_model_pairs_statistics_and_lags,right_reference_month = left_reference_month + lag_months,True,False,True,exploratory_serial_dependence_detected
business_investment,business_investment_backlog,capital_goods_backlog_to_shipments_log_ratio_level,housing_activity,housing_single_family_construction,single_family_building_permits_log_change,False,1,pearson,0.07451135103062569,127,0.4050951742882167,0.7050845736259771,ok,all_cross_model_pairs_statistics_and_lags,right_reference_month = left_reference_month + lag_months,True,False,True,exploratory_serial_dependence_detected
business_investment,business_investment_backlog,capital_goods_backlog_to_shipments_log_ratio_level,housing_activity,housing_single_family_construction,single_family_building_permits_log_change,False,1,spearman,0.0264517716535433,127,0.7678406449768095,0.9070390498534446,ok,all_cross_model_pairs_statistics_and_lags,right_reference_month = left_reference_month + lag_months,True,False,True,exploratory_serial_dependence_detected
business_investment,business_investment_backlog,capital_goods_backlog_to_shipments_log_ratio_level,housing_activity,housing_single_family_construction,single_family_housing_starts_log_change,False,-1,pearson,-0.11044375105552673,127,0.21641504470558498,0.48845077847101653,ok,all_cross_model_pairs_statistics_and_lags,right_reference_month = left_reference_month + lag_months,True,True,True,exploratory_serial_dependence_detected
business_investment,business_investment_backlog,capital_goods_backlog_to_shipments_log_ratio_level,housing_activity,housing_single_family_construction,single_family_housing_starts_log_change,False,-1,spearman,-0.08547173790776151,127,0.33935337053842085,0.6436359115307062,ok,all_cross_model_pairs_statistics_and_lags,right_reference_month = left_reference_month + lag_months,True,True,True,exploratory_serial_dependence_detected
business_investment,business_investment_backlog,capital_goods_backlog_to_shipments_log_ratio_level,housing_activity,housing_single_family_construction,single_family_housing_starts_log_change,False,0,pearson,-0.0736290848019424,128,0.40882214077383144,0.709016495489266,ok,all_cross_model_pairs_statistics_and_lags,right_reference_month = left_reference_month + lag_months,True,True,True,exploratory_serial_dependence_detected
business_investment,business_investment_backlog,capital_goods_backlog_to_shipments_log_ratio_level,housing_activity,housing_single_family_construction,single_family_housing_starts_log_change,False,0,spearman,-0.061836202160776406,128,0.48805991350086486,0.7581020979533246,ok,all_cross_model_pairs_statistics_and_lags,right_reference_month = left_reference_month + lag_months,True,True,True,exploratory_serial_dependence_detected
business_investment,business_investment_backlog,capital_goods_backlog_to_shipments_log_ratio_level,housing_activity,housing_single_family_construction,single_family_housing_starts_log_change,False,1,pearson,-0.013077889449551733,127,0.8839771553261698,0.9582765715283116,ok,all_cross_model_pairs_statistics_and_lags,right_reference_month = left_reference_month + lag_months,True,True,True,exploratory_serial_dependence_detected
business_investment,business_investment_backlog,capital_goods_backlog_to_shipments_log_ratio_level,housing_activity,housing_single_family_construction,single_family_housing_starts_log_change,False,1,spearman,-0.027881280464941878,127,0.7556790638541683,0.9040506243004572,ok,all_cross_model_pairs_statistics_and_lags,right_reference_month = left_reference_month + lag_months,True,True,True,exploratory_serial_dependence_detected
business_investment,business_investment_backlog,capital_goods_backlog_to_shipments_log_ratio_level,inflation_pressure,inflation_expectations,one_year_inflation_expectations_change,False,-1,pearson,,0,,,insufficient_observations,all_cross_model_pairs_statistics_and_lags,right_reference_month = left_reference_month + lag_months,True,False,True,exploratory_serial_dependence_detected
business_investment,business_investment_backlog,capital_goods_backlog_to_shipments_log_ratio_level,inflation_pressure,inflation_expectations,one_year_inflation_expectations_change,False,-1,spearman,,0,,,insufficient_observations,all_cross_model_pairs_statistics_and_lags,right_reference_month = left_reference_month + lag_months,True,False,True,exploratory_serial_dependence_detected
business_investment,business_investment_backlog,capital_goods_backlog_to_shipments_log_ratio_level,inflation_pressure,inflation_expectations,one_year_inflation_expectations_change,False,0,pearson,,1,,,insufficient_observations,all_cross_model_pairs_statistics_and_lags,right_reference_month = left_reference_month + lag_months,True,False,True,exploratory_serial_dependence_detected
business_investment,business_investment_backlog,capital_goods_backlog_to_shipments_log_ratio_level,inflation_pressure,inflation_expectations,one_year_inflation_expectations_change,False,0,spearman,,1,,,insufficient_observations,all_cross_model_pairs_statistics_and_lags,right_reference_month = left_reference_month + lag_months,True,False,True,exploratory_serial_dependence_detected
business_investment,business_investment_backlog,capital_goods_backlog_to_shipments_log_ratio_level,inflation_pressure,inflation_expectations,one_year_inflation_expectations_change,False,1,pearson,,1,,,insufficient_observations,all_cross_model_pairs_statistics_and_lags,right_reference_month = left_reference_month + lag_months,True,False,True,exploratory_serial_dependence_detected
business_investment,business_investment_backlog,capital_goods_backlog_to_shipments_log_ratio_level,inflation_pressure,inflation_expectations,one_year_inflation_expectations_change,False,1,spearman,,1,,,insufficient_observations,all_cross_model_pairs_statistics_and_lags,right_reference_month = left_reference_month + lag_months,True,False,True,exploratory_serial_dependence_detected
business_investment,business_investment_backlog,capital_goods_backlog_to_shipments_log_ratio_level,inflation_pressure,inflation_import_prices,import_prices_ex_food_fuels_computers_12m_log_change,False,-1,pearson,-0.41533048312891235,130,8.943024065096289e-07,1.9634002833825035e-05,ok,all_cross_model_pairs_statistics_and_lags,right_reference_month = left_reference_month + lag_months,True,True,True,exploratory_serial_dependence_detected
business_investment,business_investment_backlog,capital_goods_backlog_to_shipments_log_ratio_level,inflation_pressure,inflation_import_prices,import_prices_ex_food_fuels_computers_12m_log_change,False,-1,spearman,-0.44337352688142667,130,1.2714871504329037e-07,3.4118238536616248e-06,ok,all_cross_model_pairs_statistics_and_lags,right_reference_month = left_reference_month + lag_months,True,True,True,exploratory_serial_dependence_detected
business_investment,business_investment_backlog,capital_goods_backlog_to_shipments_log_ratio_level,inflation_pressure,inflation_import_prices,import_prices_ex_food_fuels_computers_12m_log_change,False,0,pearson,-0.44433359789408317,131,1.0582411485725888e-07,2.9207455700603453e-06,ok,all_cross_model_pairs_statistics_and_lags,right_reference_month = left_reference_month + lag_months,True,True,True,exploratory_serial_dependence_detected
business_investment,business_investment_backlog,capital_goods_backlog_to_shipments_log_ratio_level,inflation_pressure,inflation_import_prices,import_prices_ex_food_fuels_computers_12m_log_change,False,0,spearman,-0.4822719265467356,131,5.452412782456279e-09,2.1945961449386522e-07,ok,all_cross_model_pairs_statistics_and_lags,right_reference_month = left_reference_month + lag_months,True,True,True,exploratory_serial_dependence_detected
business_investment,business_investment_backlog,capital_goods_backlog_to_shipments_log_ratio_level,inflation_pressure,inflation_import_prices,import_prices_ex_food_fuels_computers_12m_log_change,False,1,pearson,-0.39518210296660944,129,3.5727032782825007e-06,6.636983397732492e-05,ok,all_cross_model_pairs_statistics_and_lags,right_reference_month = left_reference_month + lag_months,True,True,True,exploratory_serial_dependence_detected
business_investment,business_investment_backlog,capital_goods_backlog_to_shipments_log_ratio_level,inflation_pressure,inflation_import_prices,import_prices_ex_food_fuels_computers_12m_log_change,False,1,spearman,-0.44811605545617184,129,1.0083954653670045e-07,2.8650294692486065e-06,ok,all_cross_model_pairs_statistics_and_lags,right_reference_month = left_reference_month + lag_months,True,True,True,exploratory_serial_dependence_detected
business_investment,business_investment_backlog,capital_goods_backlog_to_shipments_log_ratio_level,inflation_pressure,inflation_input_costs,intermediate_materials_prices_log_change,False,-1,pearson,-0.09533553568861428,35,0.585909902191044,0.8077773899183804,ok,all_cross_model_pairs_statistics_and_lags,right_reference_month = left_reference_month + lag_months,True,True,True,exploratory_serial_dependence_detected
business_investment,business_investment_backlog,capital_goods_backlog_to_shipments_log_ratio_level,inflation_pressure,inflation_input_costs,intermediate_materials_prices_log_change,False,-1,spearman,-0.15434173669467788,35,0.3760174849990406,0.6788060289970708,ok,all_cross_model_pairs_statistics_and_lags,right_reference_month = left_reference_month + lag_months,True,True,True,exploratory_serial_dependence_detected
business_investment,business_investment_backlog,capital_goods_backlog_to_shipments_log_ratio_level,inflation_pressure,inflation_input_costs,intermediate_materials_prices_log_change,False,0,pearson,-0.012104162264823295,37,0.94331641915659,0.9777292498983541,ok,all_cross_model_pairs_statistics_and_lags,right_reference_month = left_reference_month + lag_months,True,True,True,exploratory_serial_dependence_detected
business_investment,business_investment_backlog,capital_goods_backlog_to_shipments_log_ratio_level,inflation_pressure,inflation_input_costs,intermediate_materials_prices_log_change,False,0,spearman,-0.0066382171645329524,37,0.9688958305027131,0.9862522363178302,ok,all_cross_model_pairs_statistics_and_lags,right_reference_month = left_reference_month + lag_months,True,True,True,exploratory_serial_dependence_detected
business_investment,business_investment_backlog,capital_goods_backlog_to_shipments_log_ratio_level,inflation_pressure,inflation_input_costs,intermediate_materials_prices_log_change,False,1,pearson,-0.0023498566440075808,36,0.9891478642730918,0.9958396606066222,ok,all_cross_model_pairs_statistics_and_lags,right_reference_month = left_reference_month + lag_months,True,True,True,exploratory_serial_dependence_detected
business_investment,business_investment_backlog,capital_goods_backlog_to_shipments_log_ratio_level,inflation_pressure,inflation_input_costs,intermediate_materials_prices_log_change,False,1,spearman,0.020334620334620336,36,0.9062943719896567,0.9641854221828285,ok,all_cross_model_pairs_statistics_and_lags,right_reference_month = left_reference_month + lag_months,True,True,True,exploratory_serial_dependence_detected
business_investment,business_investment_backlog,capital_goods_backlog_to_shipments_log_ratio_level,manufacturing_surveys,manufacturing_empire_state,empire_current_new_orders_level,False,-1,pearson,-0.22311545194297178,93,0.03157702277486736,0.14952649019863662,ok,all_cross_model_pairs_statistics_and_lags,right_reference_month = left_reference_month + lag_months,True,True,True,exploratory_serial_dependence_detected
business_investment,business_investment_backlog,capital_goods_backlog_to_shipments_log_ratio_level,manufacturing_surveys,manufacturing_empire_state,empire_current_new_orders_level,False,-1,spearman,-0.2018740115186058,93,0.052318809424422505,0.19482748191631455,ok,all_cross_model_pairs_statistics_and_lags,right_reference_month = left_reference_month + lag_months,True,True,True,exploratory_serial_dependence_detected
business_investment,business_investment_backlog,capital_goods_backlog_to_shipments_log_ratio_level,manufacturing_surveys,manufacturing_empire_state,empire_current_new_orders_level,False,0,pearson,-0.2541314042652021,95,0.012950803816016062,0.07868224205202211,ok,all_cross_model_pairs_statistics_and_lags,right_reference_month = left_reference_month + lag_months,True,True,True,exploratory_serial_dependence_detected
business_investment,business_investment_backlog,capital_goods_backlog_to_shipments_log_ratio_level,manufacturing_surveys,manufacturing_empire_state,empire_current_new_orders_level,False,0,spearman,-0.15699888017917135,95,0.1286574380840912,0.35460753117524224,ok,all_cross_model_pairs_statistics_and_lags,right_reference_month = left_reference_month + lag_months,True,True,True,exploratory_serial_dependence_detected
business_investment,business_investment_backlog,capital_goods_backlog_to_shipments_log_ratio_level,manufacturing_surveys,manufacturing_empire_state,empire_current_new_orders_level,False,1,pearson,-0.2225533560330308,94,0.03108511834762196,0.14792228730937346,ok,all_cross_model_pairs_statistics_and_lags,right_reference_month = left_reference_month + lag_months,True,True,True,exploratory_serial_dependence_detected
business_investment,business_investment_backlog,capital_goods_backlog_to_shipments_log_ratio_level,manufacturing_surveys,manufacturing_empire_state,empire_current_new_orders_level,False,1,spearman,-0.18813712386663295,94,0.06938516063598948,0.23618785005140663,ok,all_cross_model_pairs_statistics_and_lags,right_reference_month = left_reference_month + lag_months,True,True,True,exploratory_serial_dependence_detected
business_investment,business_investment_backlog,capital_goods_backlog_to_shipments_log_ratio_level,manufacturing_surveys,manufacturing_empire_state,empire_current_prices_paid_level,False,-1,pearson,-0.1703642253711076,93,0.10253797589016336,0.3105068486203693,ok,all_cross_model_pairs_statistics_and_lags,right_reference_month = left_reference_month + lag_months,True,True,True,exploratory_serial_dependence_detected
business_investment,business_investment_backlog,capital_goods_backlog_to_shipments_log_ratio_level,manufacturing_surveys,manufacturing_empire_state,empire_current_prices_paid_level,False,-1,spearman,-0.03482438602250007,93,0.7403478819776863,0.8945016541246001,ok,all_cross_model_pairs_statistics_and_lags,right_reference_month = left_reference_month + lag_months,True,True,True,exploratory_serial_dependence_detected
business_investment,business_investment_backlog,capital_goods_backlog_to_shipments_log_ratio_level,manufacturing_surveys,manufacturing_empire_state,empire_current_prices_paid_level,False,0,pearson,-0.18787676603260714,95,0.06826909956481138,0.2338579793603113,ok,all_cross_model_pairs_statistics_and_lags,right_reference_month = left_reference_month + lag_months,True,True,True,exploratory_serial_dependence_detected
business_investment,business_investment_backlog,capital_goods_backlog_to_shipments_log_ratio_level,manufacturing_surveys,manufacturing_empire_state,empire_current_prices_paid_level,False,0,spearman,-0.0776875699888018,95,0.4542715799769387,0.7375232710213828,ok,all_cross_model_pairs_statistics_and_lags,right_reference_month = left_reference_month + lag_months,True,True,True,exploratory_serial_dependence_detected
business_investment,business_investment_backlog,capital_goods_backlog_to_shipments_log_ratio_level,manufacturing_surveys,manufacturing_empire_state,empire_current_prices_paid_level,False,1,pearson,-0.21083257524745425,94,0.04137661775889852,0.17043852082887004,ok,all_cross_model_pairs_statistics_and_lags,right_reference_month = left_reference_month + lag_months,True,True,True,exploratory_serial_dependence_detected
business_investment,business_investment_backlog,capital_goods_backlog_to_shipments_log_ratio_level,manufacturing_surveys,manufacturing_empire_state,empire_current_prices_paid_level,False,1,spearman,-0.11921395802478055,94,0.25243952148000626,0.5359485225267825,ok,all_cross_model_pairs_statistics_and_lags,right_reference_month = left_reference_month + lag_months,True,True,True,exploratory_serial_dependence_detected
business_investment,business_investment_backlog,capital_goods_backlog_to_shipments_log_ratio_level,manufacturing_surveys,manufacturing_philadelphia,philadelphia_current_new_orders_level,False,-1,pearson,-0.3760754314579396,79,0.0006362804404838703,0.0062085546010850375,ok,all_cross_model_pairs_statistics_and_lags,right_reference_month = left_reference_month + lag_months,True,True,True,exploratory_serial_dependence_detected
business_investment,business_investment_backlog,capital_goods_backlog_to_shipments_log_ratio_level,manufacturing_surveys,manufacturing_philadelphia,philadelphia_current_new_orders_level,False,-1,spearman,-0.39454722492697175,79,0.000320614138461447,0.0033302500833737396,ok,all_cross_model_pairs_statistics_and_lags,right_reference_month = left_reference_month + lag_months,True,True,True,exploratory_serial_dependence_detected
business_investment,business_investment_backlog,capital_goods_backlog_to_shipments_log_ratio_level,manufacturing_surveys,manufacturing_philadelphia,philadelphia_current_new_orders_level,False,0,pearson,-0.45510164559020927,81,1.9670716990851872e-05,0.00031005972911593365,ok,all_cross_model_pairs_statistics_and_lags,right_reference_month = left_reference_month + lag_months,True,True,True,exploratory_serial_dependence_detected
business_investment,business_investment_backlog,capital_goods_backlog_to_shipments_log_ratio_level,manufacturing_surveys,manufacturing_philadelphia,philadelphia_current_new_orders_level,False,0,spearman,-0.40429087624209575,81,0.00018169300692463596,0.0020408772638278875,ok,all_cross_model_pairs_statistics_and_lags,right_reference_month = left_reference_month + lag_months,True,True,True,exploratory_serial_dependence_detected
business_investment,business_investment_backlog,capital_goods_backlog_to_shipments_log_ratio_level,manufacturing_surveys,manufacturing_philadelphia,philadelphia_current_new_orders_level,False,1,pearson,-0.2543129646744928,80,0.02282144467137129,0.11789045750023887,ok,all_cross_model_pairs_statistics_and_lags,right_reference_month = left_reference_month + lag_months,True,True,True,exploratory_serial_dependence_detected
business_investment,business_investment_backlog,capital_goods_backlog_to_shipments_log_ratio_level,manufacturing_surveys,manufacturing_philadelphia,philadelphia_current_new_orders_level,False,1,spearman,-0.33183309892170654,80,0.0026384910953189326,0.021599850831170244,ok,all_cross_model_pairs_statistics_and_lags,right_reference_month = left_reference_month + lag_months,True,True,True,exploratory_serial_dependence_detected
business_investment,business_investment_backlog,capital_goods_backlog_to_shipments_log_ratio_level,manufacturing_surveys,manufacturing_philadelphia,philadelphia_current_prices_paid_level,False,-1,pearson,-0.016806276035093222,79,0.8831266190335334,0.9582765715283116,ok,all_cross_model_pairs_statistics_and_lags,right_reference_month = left_reference_month + lag_months,True,True,True,exploratory_serial_dependence_detected
business_investment,business_investment_backlog,capital_goods_backlog_to_shipments_log_ratio_level,manufacturing_surveys,manufacturing_philadelphia,philadelphia_current_prices_paid_level,False,-1,spearman,0.09810126582278482,79,0.3897216146033252,0.69204242593164,ok,all_cross_model_pairs_statistics_and_lags,right_reference_month = left_reference_month + lag_months,True,True,True,exploratory_serial_dependence_detected
business_investment,business_investment_backlog,capital_goods_backlog_to_shipments_log_ratio_level,manufacturing_surveys,manufacturing_philadelphia,philadelphia_current_prices_paid_level,False,0,pearson,-0.02871602527375969,81,0.7991249523471043,0.9179009559658772,ok,all_cross_model_pairs_statistics_and_lags,right_reference_month = left_reference_month + lag_months,True,True,True,exploratory_serial_dependence_detected
business_investment,business_investment_backlog,capital_goods_backlog_to_shipments_log_ratio_level,manufacturing_surveys,manufacturing_philadelphia,philadelphia_current_prices_paid_level,False,0,spearman,0.061472448057813905,81,0.5856373270015701,0.8077773899183804,ok,all_cross_model_pairs_statistics_and_lags,right_reference_month = left_reference_month + lag_months,True,True,True,exploratory_serial_dependence_detected
business_investment,business_investment_backlog,capital_goods_backlog_to_shipments_log_ratio_level,manufacturing_surveys,manufacturing_philadelphia,philadelphia_current_prices_paid_level,False,1,pearson,-0.09879391725274991,80,0.3832803685425081,0.6843786247912436,ok,all_cross_model_pairs_statistics_and_lags,right_reference_month = left_reference_month + lag_months,True,True,True,exploratory_serial_dependence_detected
business_investment,business_investment_backlog,capital_goods_backlog_to_shipments_log_ratio_level,manufacturing_surveys,manufacturing_philadelphia,philadelphia_current_prices_paid_level,False,1,spearman,-0.028926394749179563,80,0.7989495113278109,0.9179009559658772,ok,all_cross_model_pairs_statistics_and_lags,right_reference_month = left_reference_month + lag_months,True,True,True,exploratory_serial_dependence_detected
business_investment,business_investment_backlog,capital_goods_backlog_to_shipments_log_ratio_level,monthly_labor_demand,monthly_labor_demand,hires_rate_change,False,-1,pearson,-0.017036411624857015,92,0.8719477087554599,0.952403819350105,ok,all_cross_model_pairs_statistics_and_lags,right_reference_month = left_reference_month + lag_months,True,True,True,exploratory_serial_dependence_detected
business_investment,business_investment_backlog,capital_goods_backlog_to_shipments_log_ratio_level,monthly_labor_demand,monthly_labor_demand,hires_rate_change,False,-1,spearman,-0.009077878643096034,92,0.9315592639915928,0.9723935510395314,ok,all_cross_model_pairs_statistics_and_lags,right_reference_month = left_reference_month + lag_months,True,True,True,exploratory_serial_dependence_detected
business_investment,business_investment_backlog,capital_goods_backlog_to_shipments_log_ratio_level,monthly_labor_demand,monthly_labor_demand,hires_rate_change,False,0,pearson,0.0010505790047877024,94,0.9919818278233582,0.9960692654237691,ok,all_cross_model_pairs_statistics_and_lags,right_reference_month = left_reference_month + lag_months,True,True,True,exploratory_serial_dependence_detected
business_investment,business_investment_backlog,capital_goods_backlog_to_shipments_log_ratio_level,monthly_labor_demand,monthly_labor_demand,hires_rate_change,False,0,spearman,0.03423761875519272,94,0.7432136101748462,0.8946328163320841,ok,all_cross_model_pairs_statistics_and_lags,right_reference_month = left_reference_month + lag_months,True,True,True,exploratory_serial_dependence_detected
business_investment,business_investment_backlog,capital_goods_backlog_to_shipments_log_ratio_level,monthly_labor_demand,monthly_labor_demand,hires_rate_change,False,1,pearson,0.2212505818566099,93,0.033064824683796824,0.15183590537639743,ok,all_cross_model_pairs_statistics_and_lags,right_reference_month = left_reference_month + lag_months,True,True,True,exploratory_serial_dependence_detected
business_investment,business_investment_backlog,capital_goods_backlog_to_shipments_log_ratio_level,monthly_labor_demand,monthly_labor_demand,hires_rate_change,False,1,spearman,0.04441825072364298,93,0.6724634469820917,0.861538050112335,ok,all_cross_model_pairs_statistics_and_lags,right_reference_month = left_reference_month + lag_months,True,True,True,exploratory_serial_dependence_detected
business_investment,business_investment_backlog,capital_goods_backlog_to_shipments_log_ratio_level,monthly_labor_demand,monthly_labor_demand,job_openings_rate_change,False,-1,pearson,-0.11820817151000784,92,0.26175589584906356,0.5496873812830335,ok,all_cross_model_pairs_statistics_and_lags,right_reference_month = left_reference_month + lag_months,True,False,True,exploratory_serial_dependence_detected
business_investment,business_investment_backlog,capital_goods_backlog_to_shipments_log_ratio_level,monthly_labor_demand,monthly_labor_demand,job_openings_rate_change,False,-1,spearman,-0.0770463757841037,92,0.4653994616592977,0.7468541408286998,ok,all_cross_model_pairs_statistics_and_lags,right_reference_month = left_reference_month + lag_months,True,False,True,exploratory_serial_dependence_detected
business_investment,business_investment_backlog,capital_goods_backlog_to_shipments_log_ratio_level,monthly_labor_demand,monthly_labor_demand,job_openings_rate_change,False,0,pearson,-0.033304740090736314,94,0.7499771816144981,0.8988560266000064,ok,all_cross_model_pairs_statistics_and_lags,right_reference_month = left_reference_month + lag_months,True,False,True,exploratory_serial_dependence_detected
business_investment,business_investment_backlog,capital_goods_backlog_to_shipments_log_ratio_level,monthly_labor_demand,monthly_labor_demand,job_openings_rate_change,False,0,spearman,-0.02838565184409204,94,0.7859437923302177,0.9125260858064788,ok,all_cross_model_pairs_statistics_and_lags,right_reference_month = left_reference_month + lag_months,True,False,True,exploratory_serial_dependence_detected
business_investment,business_investment_backlog,capital_goods_backlog_to_shipments_log_ratio_level,monthly_labor_demand,monthly_labor_demand,job_openings_rate_change,False,1,pearson,0.07016118237188013,93,0.5039528198681034,0.7715030491166209,ok,all_cross_model_pairs_statistics_and_lags,right_reference_month = left_reference_month + lag_months,True,False,True,exploratory_serial_dependence_detected
business_investment,business_investment_backlog,capital_goods_backlog_to_shipments_log_ratio_level,monthly_labor_demand,monthly_labor_demand,job_openings_rate_change,False,1,spearman,0.06841037271343738,93,0.5146804795754499,0.7734334337144347,ok,all_cross_model_pairs_statistics_and_lags,right_reference_month = left_reference_month + lag_months,True,False,True,exploratory_serial_dependence_detected
business_investment,business_investment_backlog,capital_goods_backlog_to_shipments_log_ratio_level,monthly_labor_demand,monthly_labor_demand,layoffs_discharges_rate_change,False,-1,pearson,0.2291343651989499,92,0.02801694105704917,0.13864660757013855,ok,all_cross_model_pairs_statistics_and_lags,right_reference_month = left_reference_month + lag_months,True,False,True,exploratory_serial_dependence_detected
business_investment,business_investment_backlog,capital_goods_backlog_to_shipments_log_ratio_level,monthly_labor_demand,monthly_labor_demand,layoffs_discharges_rate_change,False,-1,spearman,0.021222816454233,92,0.8408538158363797,0.9412106443776859,ok,all_cross_model_pairs_statistics_and_lags,right_reference_month = left_reference_month + lag_months,True,False,True,exploratory_serial_dependence_detected
business_investment,business_investment_backlog,capital_goods_backlog_to_shipments_log_ratio_level,monthly_labor_demand,monthly_labor_demand,layoffs_discharges_rate_change,False,0,pearson,-0.07186049036380096,94,0.49127527258673004,0.7581020979533246,ok,all_cross_model_pairs_statistics_and_lags,right_reference_month = left_reference_month + lag_months,True,False,True,exploratory_serial_dependence_detected
business_investment,business_investment_backlog,capital_goods_backlog_to_shipments_log_ratio_level,monthly_labor_demand,monthly_labor_demand,layoffs_discharges_rate_change,False,0,spearman,-0.06553480475382004,94,0.5302940090474866,0.7818050897847545,ok,all_cross_model_pairs_statistics_and_lags,right_reference_month = left_reference_month + lag_months,True,False,True,exploratory_serial_dependence_detected
business_investment,business_investment_backlog,capital_goods_backlog_to_shipments_log_ratio_level,monthly_labor_demand,monthly_labor_demand,layoffs_discharges_rate_change,False,1,pearson,-0.10555373369791142,93,0.3139479343246994,0.61766538606448,ok,all_cross_model_pairs_statistics_and_lags,right_reference_month = left_reference_month + lag_months,True,False,True,exploratory_serial_dependence_detected
business_investment,business_investment_backlog,capital_goods_backlog_to_shipments_log_ratio_level,monthly_labor_demand,monthly_labor_demand,layoffs_discharges_rate_change,False,1,spearman,-0.03824117453970338,93,0.715910288935695,0.8798592100660069,ok,all_cross_model_pairs_statistics_and_lags,right_reference_month = left_reference_month + lag_months,True,False,True,exploratory_serial_dependence_detected
business_investment,business_investment_backlog,capital_goods_backlog_to_shipments_log_ratio_level,monthly_labor_demand,monthly_labor_demand,quits_rate_change,False,-1,pearson,-0.1860349693331448,92,0.07581176290363047,0.2499459486856895,ok,all_cross_model_pairs_statistics_and_lags,right_reference_month = left_reference_month + lag_months,True,False,True,exploratory_serial_dependence_detected
business_investment,business_investment_backlog,capital_goods_backlog_to_shipments_log_ratio_level,monthly_labor_demand,monthly_labor_demand,quits_rate_change,False,-1,spearman,-0.09432362868548001,92,0.37113644895111114,0.6769684815027246,ok,all_cross_model_pairs_statistics_and_lags,right_reference_month = left_reference_month + lag_months,True,False,True,exploratory_serial_dependence_detected
business_investment,business_investment_backlog,capital_goods_backlog_to_shipments_log_ratio_level,monthly_labor_demand,monthly_labor_demand,quits_rate_change,False,0,pearson,-0.06288551482168236,94,0.5470833533763175,0.7864323204784563,ok,all_cross_model_pairs_statistics_and_lags,right_reference_month = left_reference_month + lag_months,True,False,True,exploratory_serial_dependence_detected
business_investment,business_investment_backlog,capital_goods_backlog_to_shipments_log_ratio_level,monthly_labor_demand,monthly_labor_demand,quits_rate_change,False,0,spearman,-0.07283170176642705,94,0.48542185351784417,0.7569670763854145,ok,all_cross_model_pairs_statistics_and_lags,right_reference_month = left_reference_month + lag_months,True,False,True,exploratory_serial_dependence_detected
business_investment,business_investment_backlog,capital_goods_backlog_to_shipments_log_ratio_level,monthly_labor_demand,monthly_labor_demand,quits_rate_change,False,1,pearson,0.041659306061677406,93,0.6917461854954935,0.8712214018104911,ok,all_cross_model_pairs_statistics_and_lags,right_reference_month = left_reference_month + lag_months,True,False,True,exploratory_serial_dependence_detected
business_investment,business_investment_backlog,capital_goods_backlog_to_shipments_log_ratio_level,monthly_labor_demand,monthly_labor_demand,quits_rate_change,False,1,spearman,-0.025827340276327174,93,0.8058817778255827,0.9223717978430247,ok,all_cross_model_pairs_statistics_and_lags,right_reference_month = left_reference_month + lag_months,True,False,True,exploratory_serial_dependence_detected
business_investment,business_investment_backlog,capital_goods_backlog_to_shipments_log_ratio_level,weekly_labor_stress,weekly_continued_claims,continued_claims_innovation,False,-1,pearson,0.2559094127822807,108,0.007512903614813891,0.0507515027406309,ok,all_cross_model_pairs_statistics_and_lags,right_reference_month = left_reference_month + lag_months,True,True,True,exploratory_serial_dependence_detected
business_investment,business_investment_backlog,capital_goods_backlog_to_shipments_log_ratio_level,weekly_labor_stress,weekly_continued_claims,continued_claims_innovation,False,-1,spearman,0.30906856440595615,108,0.0011354030689289215,0.010155549672086464,ok,all_cross_model_pairs_statistics_and_lags,right_reference_month = left_reference_month + lag_months,True,True,True,exploratory_serial_dependence_detected
business_investment,business_investment_backlog,capital_goods_backlog_to_shipments_log_ratio_level,weekly_labor_stress,weekly_continued_claims,continued_claims_innovation,False,0,pearson,0.013722788389760054,110,0.8868522307932821,0.9582765715283116,ok,all_cross_model_pairs_statistics_and_lags,right_reference_month = left_reference_month + lag_months,True,True,True,exploratory_serial_dependence_detected
business_investment,business_investment_backlog,capital_goods_backlog_to_shipments_log_ratio_level,weekly_labor_stress,weekly_continued_claims,continued_claims_innovation,False,0,spearman,0.26498207966097875,110,0.005148376156246651,0.037393468924317774,ok,all_cross_model_pairs_statistics_and_lags,right_reference_month = left_reference_month + lag_months,True,True,True,exploratory_serial_dependence_detected
business_investment,business_investment_backlog,capital_goods_backlog_to_shipments_log_ratio_level,weekly_labor_stress,weekly_continued_claims,continued_claims_innovation,False,1,pearson,-0.03716229240202202,109,0.7012413869407789,0.871813616196644,ok,all_cross_model_pairs_statistics_and_lags,right_reference_month = left_reference_month + lag_months,True,True,True,exploratory_serial_dependence_detected
business_investment,business_investment_backlog,capital_goods_backlog_to_shipments_log_ratio_level,weekly_labor_stress,weekly_continued_claims,continued_claims_innovation,False,1,spearman,0.2367621165786304,109,0.013185433237175219,0.07911259942305131,ok,all_cross_model_pairs_statistics_and_lags,right_reference_month = left_reference_month + lag_months,True,True,True,exploratory_serial_dependence_detected
business_investment,business_investment_backlog,capital_goods_backlog_to_shipments_log_ratio_level,weekly_labor_stress,weekly_labor_stress,initial_claims_innovation,False,-1,pearson,0.209733157016415,108,0.0293658813717214,0.14254995680946167,ok,all_cross_model_pairs_statistics_and_lags,right_reference_month = left_reference_month + lag_months,True,True,True,exploratory_serial_dependence_detected
business_investment,business_investment_backlog,capital_goods_backlog_to_shipments_log_ratio_level,weekly_labor_stress,weekly_labor_stress,initial_claims_innovation,False,-1,spearman,0.014023454990616099,108,0.8854631344416167,0.9582765715283116,ok,all_cross_model_pairs_statistics_and_lags,right_reference_month = left_reference_month + lag_months,True,True,True,exploratory_serial_dependence_detected
business_investment,business_investment_backlog,capital_goods_backlog_to_shipments_log_ratio_level,weekly_labor_stress,weekly_labor_stress,initial_claims_innovation,False,0,pearson,-0.04765317066221445,110,0.6210503214967481,0.8274960145735981,ok,all_cross_model_pairs_statistics_and_lags,right_reference_month = left_reference_month + lag_months,True,True,True,exploratory_serial_dependence_detected
business_investment,business_investment_backlog,capital_goods_backlog_to_shipments_log_ratio_level,weekly_labor_stress,weekly_labor_stress,initial_claims_innovation,False,0,spearman,-0.012176814011676399,110,0.8995282857544943,0.9604129780170888,ok,all_cross_model_pairs_statistics_and_lags,right_reference_month = left_reference_month + lag_months,True,True,True,exploratory_serial_dependence_detected
business_investment,business_investment_backlog,capital_goods_backlog_to_shipments_log_ratio_level,weekly_labor_stress,weekly_labor_stress,initial_claims_innovation,False,1,pearson,-0.055775936158480345,109,0.5645792745181853,0.7996826674260513,ok,all_cross_model_pairs_statistics_and_lags,right_reference_month = left_reference_month + lag_months,True,True,True,exploratory_serial_dependence_detected
business_investment,business_investment_backlog,capital_goods_backlog_to_shipments_log_ratio_level,weekly_labor_stress,weekly_labor_stress,initial_claims_innovation,False,1,spearman,-0.03754054304513021,109,0.6983469444791099,0.8715802950475713,ok,all_cross_model_pairs_statistics_and_lags,right_reference_month = left_reference_month + lag_months,True,True,True,exploratory_serial_dependence_detected
business_investment,business_investment_backlog,core_capital_goods_orders_log_change,consumer_demand,consumer_retail_ex_auto_gas,retail_ex_auto_gas_log_change,False,-1,pearson,-0.029449612211972814,45,0.84771372956882,0.9441743049467107,ok,all_cross_model_pairs_statistics_and_lags,right_reference_month = left_reference_month + lag_months,True,False,True,exploratory_serial_dependence_detected
business_investment,business_investment_backlog,core_capital_goods_orders_log_change,consumer_demand,consumer_retail_ex_auto_gas,retail_ex_auto_gas_log_change,False,-1,spearman,-0.0150197628458498,45,0.9219912168770023,0.9712579231223383,ok,all_cross_model_pairs_statistics_and_lags,right_reference_month = left_reference_month + lag_months,True,False,True,exploratory_serial_dependence_detected
business_investment,business_investment_backlog,core_capital_goods_orders_log_change,consumer_demand,consumer_retail_ex_auto_gas,retail_ex_auto_gas_log_change,False,0,pearson,0.1985064051908647,47,0.1810264456514131,0.43392443300065775,ok,all_cross_model_pairs_statistics_and_lags,right_reference_month = left_reference_month + lag_months,True,False,True,exploratory_serial_dependence_detected
business_investment,business_investment_backlog,core_capital_goods_orders_log_change,consumer_demand,consumer_retail_ex_auto_gas,retail_ex_auto_gas_log_change,False,0,spearman,0.1589962997224792,47,0.28575484960057296,0.5774878341300281,ok,all_cross_model_pairs_statistics_and_lags,right_reference_month = left_reference_month + lag_months,True,False,True,exploratory_serial_dependence_detected
business_investment,business_investment_backlog,core_capital_goods_orders_log_change,consumer_demand,consumer_retail_ex_auto_gas,retail_ex_auto_gas_log_change,False,1,pearson,0.0011299613166747893,46,0.9940535369560182,0.9961158886924414,ok,all_cross_model_pairs_statistics_and_lags,right_reference_month = left_reference_month + lag_months,True,False,True,exploratory_serial_dependence_detected
business_investment,business_investment_backlog,core_capital_goods_orders_log_change,consumer_demand,consumer_retail_ex_auto_gas,retail_ex_auto_gas_log_change,False,1,spearman,-0.013876040703052728,46,0.9270744808574961,0.9723935510395314,ok,all_cross_model_pairs_statistics_and_lags,right_reference_month = left_reference_month + lag_months,True,False,True,exploratory_serial_dependence_detected
business_investment,business_investment_backlog,core_capital_goods_orders_log_change,consumer_demand,consumer_vehicle_units,total_vehicle_unit_sales_log_change,False,-1,pearson,0.17000937056578547,109,0.0771651573145689,0.2518295336684917,ok,all_cross_model_pairs_statistics_and_lags,right_reference_month = left_reference_month + lag_months,True,False,True,exploratory_serial_dependence_detected
business_investment,business_investment_backlog,core_capital_goods_orders_log_change,consumer_demand,consumer_vehicle_units,total_vehicle_unit_sales_log_change,False,-1,spearman,0.008803632656843667,109,0.9276080233652458,0.9723935510395314,ok,all_cross_model_pairs_statistics_and_lags,right_reference_month = left_reference_month + lag_months,True,False,True,exploratory_serial_dependence_detected
business_investment,business_investment_backlog,core_capital_goods_orders_log_change,consumer_demand,consumer_vehicle_units,total_vehicle_unit_sales_log_change,False,0,pearson,-0.47087710487959633,111,1.8334342735830499e-07,4.660782916529542e-06,ok,all_cross_model_pairs_statistics_and_lags,right_reference_month = left_reference_month + lag_months,True,False,True,exploratory_serial_dependence_detected
business_investment,business_investment_backlog,core_capital_goods_orders_log_change,consumer_demand,consumer_vehicle_units,total_vehicle_unit_sales_log_change,False,0,spearman,0.17298174798174795,111,0.06943824991159367,0.23618785005140663,ok,all_cross_model_pairs_statistics_and_lags,right_reference_month = left_reference_month + lag_months,True,False,True,exploratory_serial_dependence_detected
business_investment,business_investment_backlog,core_capital_goods_orders_log_change,consumer_demand,consumer_vehicle_units,total_vehicle_unit_sales_log_change,False,1,pearson,-0.02793660468120039,110,0.772037315824745,0.9072847288159411,ok,all_cross_model_pairs_statistics_and_lags,right_reference_month = left_reference_month + lag_months,True,False,True,exploratory_serial_dependence_detected
business_investment,business_investment_backlog,core_capital_goods_orders_log_change,consumer_demand,consumer_vehicle_units,total_vehicle_unit_sales_log_change,False,1,spearman,-0.0660956202240606,110,0.49268252882479435,0.7581436946029398,ok,all_cross_model_pairs_statistics_and_lags,right_reference_month = left_reference_month + lag_months,True,False,True,exploratory_serial_dependence_detected
business_investment,business_investment_backlog,core_capital_goods_orders_log_change,housing_activity,housing_new_home_sales,new_single_family_home_sales_log_change,False,-1,pearson,0.15209242313299468,127,0.08782331584280945,0.27724615393514357,ok,all_cross_model_pairs_statistics_and_lags,right_reference_month = left_reference_month + lag_months,True,False,True,exploratory_serial_dependence_detected
business_investment,business_investment_backlog,core_capital_goods_orders_log_change,housing_activity,housing_new_home_sales,new_single_family_home_sales_log_change,False,-1,spearman,0.0270610704911886,127,0.7626499199816872,0.9070390498534446,ok,all_cross_model_pairs_statistics_and_lags,right_reference_month = left_reference_month + lag_months,True,False,True,exploratory_serial_dependence_detected
business_investment,business_investment_backlog,core_capital_goods_orders_log_change,housing_activity,housing_new_home_sales,new_single_family_home_sales_log_change,False,0,pearson,-0.1407976719335077,128,0.1129152675667136,0.3287186722806481,ok,all_cross_model_pairs_statistics_and_lags,right_reference_month = left_reference_month + lag_months,True,False,True,exploratory_serial_dependence_detected
business_investment,business_investment_backlog,core_capital_goods_orders_log_change,housing_activity,housing_new_home_sales,new_single_family_home_sales_log_change,False,0,spearman,0.02038317158029665,128,0.8193580204306962,0.9289904316150851,ok,all_cross_model_pairs_statistics_and_lags,right_reference_month = left_reference_month + lag_months,True,False,True,exploratory_serial_dependence_detected
business_investment,business_investment_backlog,core_capital_goods_orders_log_change,housing_activity,housing_new_home_sales,new_single_family_home_sales_log_change,False,1,pearson,0.02342103991680114,127,0.7938088258641218,0.9150588613183075,ok,all_cross_model_pairs_statistics_and_lags,right_reference_month = left_reference_month + lag_months,True,False,True,exploratory_serial_dependence_detected
business_investment,business_investment_backlog,core_capital_goods_orders_log_change,housing_activity,housing_new_home_sales,new_single_family_home_sales_log_change,False,1,spearman,0.09022309711286088,127,0.3130856003652475,0.61766538606448,ok,all_cross_model_pairs_statistics_and_lags,right_reference_month = left_reference_month + lag_months,True,False,True,exploratory_serial_dependence_detected
business_investment,business_investment_backlog,core_capital_goods_orders_log_change,housing_activity,housing_single_family_construction,single_family_building_permits_log_change,False,-1,pearson,0.1834806766672348,127,0.0389379960473031,0.16353958339867303,ok,all_cross_model_pairs_statistics_and_lags,right_reference_month = left_reference_month + lag_months,True,False,True,exploratory_serial_dependence_detected
business_investment,business_investment_backlog,core_capital_goods_orders_log_change,housing_activity,housing_single_family_construction,single_family_building_permits_log_change,False,-1,spearman,-0.011576677915260592,127,0.8972176551572256,0.9604129780170888,ok,all_cross_model_pairs_statistics_and_lags,right_reference_month = left_reference_month + lag_months,True,False,True,exploratory_serial_dependence_detected
business_investment,business_investment_backlog,core_capital_goods_orders_log_change,housing_activity,housing_single_family_construction,single_family_building_permits_log_change,False,0,pearson,0.2609178621815129,128,0.0029327877682538634,0.023649006114890438,ok,all_cross_model_pairs_statistics_and_lags,right_reference_month = left_reference_month + lag_months,True,False,True,exploratory_serial_dependence_detected
business_investment,business_investment_backlog,core_capital_goods_orders_log_change,housing_activity,housing_single_family_construction,single_family_building_permits_log_change,False,0,spearman,0.19530534700604285,128,0.027155672413840412,0.13521845129778268,ok,all_cross_model_pairs_statistics_and_lags,right_reference_month = left_reference_month + lag_months,True,False,True,exploratory_serial_dependence_detected
business_investment,business_investment_backlog,core_capital_goods_orders_log_change,housing_activity,housing_single_family_construction,single_family_building_permits_log_change,False,1,pearson,-0.042774824582131145,127,0.6330059420913552,0.8365030643779058,ok,all_cross_model_pairs_statistics_and_lags,right_reference_month = left_reference_month + lag_months,True,False,True,exploratory_serial_dependence_detected
business_investment,business_investment_backlog,core_capital_goods_orders_log_change,housing_activity,housing_single_family_construction,single_family_building_permits_log_change,False,1,spearman,-0.05173767341582301,127,0.5634827552602815,0.7993015294881526,ok,all_cross_model_pairs_statistics_and_lags,right_reference_month = left_reference_month + lag_months,True,False,True,exploratory_serial_dependence_detected
business_investment,business_investment_backlog,core_capital_goods_orders_log_change,housing_activity,housing_single_family_construction,single_family_housing_starts_log_change,False,-1,pearson,0.11514355195655049,127,0.19737580869124252,0.4528860598473641,ok,all_cross_model_pairs_statistics_and_lags,right_reference_month = left_reference_month + lag_months,True,True,True,exploratory_serial_dependence_detected
business_investment,business_investment_backlog,core_capital_goods_orders_log_change,housing_activity,housing_single_family_construction,single_family_housing_starts_log_change,False,-1,spearman,0.03181242969628796,127,0.7225498372046284,0.8842823876791703,ok,all_cross_model_pairs_statistics_and_lags,right_reference_month = left_reference_month + lag_months,True,True,True,exploratory_serial_dependence_detected
business_investment,business_investment_backlog,core_capital_goods_orders_log_change,housing_activity,housing_single_family_construction,single_family_housing_starts_log_change,False,0,pearson,0.15588248993445544,128,0.07890656351553539,0.25578436361076234,ok,all_cross_model_pairs_statistics_and_lags,right_reference_month = left_reference_month + lag_months,True,True,True,exploratory_serial_dependence_detected
business_investment,business_investment_backlog,core_capital_goods_orders_log_change,housing_activity,housing_single_family_construction,single_family_housing_starts_log_change,False,0,spearman,0.033853689800402854,128,0.7044188406198502,0.8730432157021176,ok,all_cross_model_pairs_statistics_and_lags,right_reference_month = left_reference_month + lag_months,True,True,True,exploratory_serial_dependence_detected
business_investment,business_investment_backlog,core_capital_goods_orders_log_change,housing_activity,housing_single_family_construction,single_family_housing_starts_log_change,False,1,pearson,0.055110553072656505,127,0.5382961108949214,0.7854894911246134,ok,all_cross_model_pairs_statistics_and_lags,right_reference_month = left_reference_month + lag_months,True,True,True,exploratory_serial_dependence_detected
business_investment,business_investment_backlog,core_capital_goods_orders_log_change,housing_activity,housing_single_family_construction,single_family_housing_starts_log_change,False,1,spearman,0.050642107236595416,127,0.5717828439815447,0.8056684201437074,ok,all_cross_model_pairs_statistics_and_lags,right_reference_month = left_reference_month + lag_months,True,True,True,exploratory_serial_dependence_detected
business_investment,business_investment_backlog,core_capital_goods_orders_log_change,inflation_pressure,inflation_expectations,one_year_inflation_expectations_change,False,-1,pearson,,0,,,insufficient_observations,all_cross_model_pairs_statistics_and_lags,right_reference_month = left_reference_month + lag_months,True,False,True,exploratory_serial_dependence_detected
business_investment,business_investment_backlog,core_capital_goods_orders_log_change,inflation_pressure,inflation_expectations,one_year_inflation_expectations_change,False,-1,spearman,,0,,,insufficient_observations,all_cross_model_pairs_statistics_and_lags,right_reference_month = left_reference_month + lag_months,True,False,True,exploratory_serial_dependence_detected
business_investment,business_investment_backlog,core_capital_goods_orders_log_change,inflation_pressure,inflation_expectations,one_year_inflation_expectations_change,False,0,pearson,,1,,,insufficient_observations,all_cross_model_pairs_statistics_and_lags,right_reference_month = left_reference_month + lag_months,True,False,True,exploratory_serial_dependence_detected
business_investment,business_investment_backlog,core_capital_goods_orders_log_change,inflation_pressure,inflation_expectations,one_year_inflation_expectations_change,False,0,spearman,,1,,,insufficient_observations,all_cross_model_pairs_statistics_and_lags,right_reference_month = left_reference_month + lag_months,True,False,True,exploratory_serial_dependence_detected
business_investment,business_investment_backlog,core_capital_goods_orders_log_change,inflation_pressure,inflation_expectations,one_year_inflation_expectations_change,False,1,pearson,,1,,,insufficient_observations,all_cross_model_pairs_statistics_and_lags,right_reference_month = left_reference_month + lag_months,True,False,True,exploratory_serial_dependence_detected
business_investment,business_investment_backlog,core_capital_goods_orders_log_change,inflation_pressure,inflation_expectations,one_year_inflation_expectations_change,False,1,spearman,,1,,,insufficient_observations,all_cross_model_pairs_statistics_and_lags,right_reference_month = left_reference_month + lag_months,True,False,True,exploratory_serial_dependence_detected
business_investment,business_investment_backlog,core_capital_goods_orders_log_change,inflation_pressure,inflation_import_prices,import_prices_ex_food_fuels_computers_12m_log_change,False,-1,pearson,-0.02640000599451606,130,0.7655877818788175,0.9070390498534446,ok,all_cross_model_pairs_statistics_and_lags,right_reference_month = left_reference_month + lag_months,True,True,True,exploratory_serial_dependence_detected
business_investment,business_investment_backlog,core_capital_goods_orders_log_change,inflation_pressure,inflation_import_prices,import_prices_ex_food_fuels_computers_12m_log_change,False,-1,spearman,-0.033524969615862564,130,0.7049417269644428,0.8730432157021176,ok,all_cross_model_pairs_statistics_and_lags,right_reference_month = left_reference_month + lag_months,True,True,True,exploratory_serial_dependence_detected
business_investment,business_investment_backlog,core_capital_goods_orders_log_change,inflation_pressure,inflation_import_prices,import_prices_ex_food_fuels_computers_12m_log_change,False,0,pearson,0.11767304116852861,131,0.180708449778866,0.43392443300065775,ok,all_cross_model_pairs_statistics_and_lags,right_reference_month = left_reference_month + lag_months,True,True,True,exploratory_serial_dependence_detected
business_investment,business_investment_backlog,core_capital_goods_orders_log_change,inflation_pressure,inflation_import_prices,import_prices_ex_food_fuels_computers_12m_log_change,False,0,spearman,0.04497410985960604,131,0.6099975348069326,0.8215564169985082,ok,all_cross_model_pairs_statistics_and_lags,right_reference_month = left_reference_month + lag_months,True,True,True,exploratory_serial_dependence_detected
business_investment,business_investment_backlog,core_capital_goods_orders_log_change,inflation_pressure,inflation_import_prices,import_prices_ex_food_fuels_computers_12m_log_change,False,1,pearson,0.0020394547504739174,129,0.9816994786378977,0.9919683016362021,ok,all_cross_model_pairs_statistics_and_lags,right_reference_month = left_reference_month + lag_months,True,True,True,exploratory_serial_dependence_detected
business_investment,business_investment_backlog,core_capital_goods_orders_log_change,inflation_pressure,inflation_import_prices,import_prices_ex_food_fuels_computers_12m_log_change,False,1,spearman,-0.02895796064400716,129,0.7446012260155235,0.8946328163320841,ok,all_cross_model_pairs_statistics_and_lags,right_reference_month = left_reference_month + lag_months,True,True,True,exploratory_serial_dependence_detected
business_investment,business_investment_backlog,core_capital_goods_orders_log_change,inflation_pressure,inflation_input_costs,intermediate_materials_prices_log_change,False,-1,pearson,0.03709730838947087,35,0.8324404001936577,0.9383167171377752,ok,all_cross_model_pairs_statistics_and_lags,right_reference_month = left_reference_month + lag_months,True,True,True,exploratory_serial_dependence_detected
business_investment,business_investment_backlog,core_capital_goods_orders_log_change,inflation_pressure,inflation_input_costs,intermediate_materials_prices_log_change,False,-1,spearman,-0.08459383753501402,35,0.6289849716248167,0.8349008222451147,ok,all_cross_model_pairs_statistics_and_lags,right_reference_month = left_reference_month + lag_months,True,True,True,exploratory_serial_dependence_detected
business_investment,business_investment_backlog,core_capital_goods_orders_log_change,inflation_pressure,inflation_input_costs,intermediate_materials_prices_log_change,False,0,pearson,0.3478702677398829,37,0.034877208291731236,0.15704030696674343,ok,all_cross_model_pairs_statistics_and_lags,right_reference_month = left_reference_month + lag_months,True,True,True,exploratory_serial_dependence_detected
business_investment,business_investment_backlog,core_capital_goods_orders_log_change,inflation_pressure,inflation_input_costs,intermediate_materials_prices_log_change,False,0,spearman,0.2709815078236131,37,0.10474812622845324,0.3152233331360929,ok,all_cross_model_pairs_statistics_and_lags,right_reference_month = left_reference_month + lag_months,True,True,True,exploratory_serial_dependence_detected
business_investment,business_investment_backlog,core_capital_goods_orders_log_change,inflation_pressure,inflation_input_costs,intermediate_materials_prices_log_change,False,1,pearson,0.02323637591148056,36,0.8929946071875967,0.9593783856080961,ok,all_cross_model_pairs_statistics_and_lags,right_reference_month = left_reference_month + lag_months,True,True,True,exploratory_serial_dependence_detected
business_investment,business_investment_backlog,core_capital_goods_orders_log_change,inflation_pressure,inflation_input_costs,intermediate_materials_prices_log_change,False,1,spearman,-0.0501930501930502,36,0.7712707183372979,0.9072847288159411,ok,all_cross_model_pairs_statistics_and_lags,right_reference_month = left_reference_month + lag_months,True,True,True,exploratory_serial_dependence_detected
business_investment,business_investment_backlog,core_capital_goods_orders_log_change,manufacturing_surveys,manufacturing_empire_state,empire_current_new_orders_level,False,-1,pearson,-0.054982039592564855,93,0.600659306477963,0.8183877151730778,ok,all_cross_model_pairs_statistics_and_lags,right_reference_month = left_reference_month + lag_months,True,True,True,exploratory_serial_dependence_detected
business_investment,business_investment_backlog,core_capital_goods_orders_log_change,manufacturing_surveys,manufacturing_empire_state,empire_current_new_orders_level,False,-1,spearman,-0.017755363910357792,93,0.8658563940013005,0.9493953196427427,ok,all_cross_model_pairs_statistics_and_lags,right_reference_month = left_reference_month + lag_months,True,True,True,exploratory_serial_dependence_detected
business_investment,business_investment_backlog,core_capital_goods_orders_log_change,manufacturing_surveys,manufacturing_empire_state,empire_current_new_orders_level,False,0,pearson,0.14753601673461628,95,0.15364117809709554,0.39057204747840607,ok,all_cross_model_pairs_statistics_and_lags,right_reference_month = left_reference_month + lag_months,True,True,True,exploratory_serial_dependence_detected
business_investment,business_investment_backlog,core_capital_goods_orders_log_change,manufacturing_surveys,manufacturing_empire_state,empire_current_new_orders_level,False,0,spearman,-0.05246360582306832,95,0.6136076313433101,0.8215564169985082,ok,all_cross_model_pairs_statistics_and_lags,right_reference_month = left_reference_month + lag_months,True,True,True,exploratory_serial_dependence_detected
business_investment,business_investment_backlog,core_capital_goods_orders_log_change,manufacturing_surveys,manufacturing_empire_state,empire_current_new_orders_level,False,1,pearson,0.21569900353920712,94,0.03680286572360997,0.1615388078400468,ok,all_cross_model_pairs_statistics_and_lags,right_reference_month = left_reference_month + lag_months,True,True,True,exploratory_serial_dependence_detected
business_investment,business_investment_backlog,core_capital_goods_orders_log_change,manufacturing_surveys,manufacturing_empire_state,empire_current_new_orders_level,False,1,spearman,0.05270382545244374,94,0.6139125379823217,0.8215564169985082,ok,all_cross_model_pairs_statistics_and_lags,right_reference_month = left_reference_month + lag_months,True,True,True,exploratory_serial_dependence_detected
business_investment,business_investment_backlog,core_capital_goods_orders_log_change,manufacturing_surveys,manufacturing_empire_state,empire_current_prices_paid_level,False,-1,pearson,-0.013896065216750802,93,0.8948239393715264,0.9593783856080961,ok,all_cross_model_pairs_statistics_and_lags,right_reference_month = left_reference_month + lag_months,True,True,True,exploratory_serial_dependence_detected
business_investment,business_investment_backlog,core_capital_goods_orders_log_change,manufacturing_surveys,manufacturing_empire_state,empire_current_prices_paid_level,False,-1,spearman,-0.035451045925218576,93,0.7358456992860151,0.8941219440381013,ok,all_cross_model_pairs_statistics_and_lags,right_reference_month = left_reference_month + lag_months,True,True,True,exploratory_serial_dependence_detected
business_investment,business_investment_backlog,core_capital_goods_orders_log_change,manufacturing_surveys,manufacturing_empire_state,empire_current_prices_paid_level,False,0,pearson,-0.04773034086103801,95,0.6460036075588435,0.8455819578615756,ok,all_cross_model_pairs_statistics_and_lags,right_reference_month = left_reference_month + lag_months,True,True,True,exploratory_serial_dependence_detected
business_investment,business_investment_backlog,core_capital_goods_orders_log_change,manufacturing_surveys,manufacturing_empire_state,empire_current_prices_paid_level,False,0,spearman,-0.02793952967525196,95,0.7881080157940636,0.9128445362794549,ok,all_cross_model_pairs_statistics_and_lags,right_reference_month = left_reference_month + lag_months,True,True,True,exploratory_serial_dependence_detected
business_investment,business_investment_backlog,core_capital_goods_orders_log_change,manufacturing_surveys,manufacturing_empire_state,empire_current_prices_paid_level,False,1,pearson,-0.11360389933504113,94,0.2756129342102675,0.5640722339981322,ok,all_cross_model_pairs_statistics_and_lags,right_reference_month = left_reference_month + lag_months,True,True,True,exploratory_serial_dependence_detected
business_investment,business_investment_backlog,core_capital_goods_orders_log_change,manufacturing_surveys,manufacturing_empire_state,empire_current_prices_paid_level,False,1,spearman,-0.1675035220171224,94,0.1065922977809278,0.317437828636654,ok,all_cross_model_pairs_statistics_and_lags,right_reference_month = left_reference_month + lag_months,True,True,True,exploratory_serial_dependence_detected
business_investment,business_investment_backlog,core_capital_goods_orders_log_change,manufacturing_surveys,manufacturing_philadelphia,philadelphia_current_new_orders_level,False,-1,pearson,-0.04491357763149971,79,0.6942928152163149,0.8715802950475713,ok,all_cross_model_pairs_statistics_and_lags,right_reference_month = left_reference_month + lag_months,True,True,True,exploratory_serial_dependence_detected
business_investment,business_investment_backlog,core_capital_goods_orders_log_change,manufacturing_surveys,manufacturing_philadelphia,philadelphia_current_new_orders_level,False,-1,spearman,-0.09773612463485881,79,0.39149715695246207,0.6926488161466637,ok,all_cross_model_pairs_statistics_and_lags,right_reference_month = left_reference_month + lag_months,True,True,True,exploratory_serial_dependence_detected
business_investment,business_investment_backlog,core_capital_goods_orders_log_change,manufacturing_surveys,manufacturing_philadelphia,philadelphia_current_new_orders_level,False,0,pearson,0.33830387617691626,81,0.002008058569513622,0.017166235204868666,ok,all_cross_model_pairs_statistics_and_lags,right_reference_month = left_reference_month + lag_months,True,True,True,exploratory_serial_dependence_detected
business_investment,business_investment_backlog,core_capital_goods_orders_log_change,manufacturing_surveys,manufacturing_philadelphia,philadelphia_current_new_orders_level,False,0,spearman,0.047899728997289975,81,0.6710984156257066,0.861538050112335,ok,all_cross_model_pairs_statistics_and_lags,right_reference_month = left_reference_month + lag_months,True,True,True,exploratory_serial_dependence_detected
business_investment,business_investment_backlog,core_capital_goods_orders_log_change,manufacturing_surveys,manufacturing_philadelphia,philadelphia_current_new_orders_level,False,1,pearson,0.2206661067042172,80,0.04918853105860195,0.18560984766644328,ok,all_cross_model_pairs_statistics_and_lags,right_reference_month = left_reference_month + lag_months,True,True,True,exploratory_serial_dependence_detected
business_investment,business_investment_backlog,core_capital_goods_orders_log_change,manufacturing_surveys,manufacturing_philadelphia,philadelphia_current_new_orders_level,False,1,spearman,0.13488045007032348,80,0.23291620929633405,0.516048298578575,ok,all_cross_model_pairs_statistics_and_lags,right_reference_month = left_reference_month + lag_months,True,True,True,exploratory_serial_dependence_detected
business_investment,business_investment_backlog,core_capital_goods_orders_log_change,manufacturing_surveys,manufacturing_philadelphia,philadelphia_current_prices_paid_level,False,-1,pearson,0.08068215790901506,79,0.479664688737169,0.7547066240431071,ok,all_cross_model_pairs_statistics_and_lags,right_reference_month = left_reference_month + lag_months,True,True,True,exploratory_serial_dependence_detected
business_investment,business_investment_backlog,core_capital_goods_orders_log_change,manufacturing_surveys,manufacturing_philadelphia,philadelphia_current_prices_paid_level,False,-1,spearman,0.07611976630963974,79,0.5049307683199216,0.7715806548211543,ok,all_cross_model_pairs_statistics_and_lags,right_reference_month = left_reference_month + lag_months,True,True,True,exploratory_serial_dependence_detected
business_investment,business_investment_backlog,core_capital_goods_orders_log_change,manufacturing_surveys,manufacturing_philadelphia,philadelphia_current_prices_paid_level,False,0,pearson,-0.026032827190246015,81,0.81755338157024,0.9286671067176334,ok,all_cross_model_pairs_statistics_and_lags,right_reference_month = left_reference_month + lag_months,True,True,True,exploratory_serial_dependence_detected
business_investment,business_investment_backlog,core_capital_goods_orders_log_change,manufacturing_surveys,manufacturing_philadelphia,philadelphia_current_prices_paid_level,False,0,spearman,-0.041079494128274614,81,0.7157663180061012,0.8798592100660069,ok,all_cross_model_pairs_statistics_and_lags,right_reference_month = left_reference_month + lag_months,True,True,True,exploratory_serial_dependence_detected
business_investment,business_investment_backlog,core_capital_goods_orders_log_change,manufacturing_surveys,manufacturing_philadelphia,philadelphia_current_prices_paid_level,False,1,pearson,-0.10876785391263015,80,0.33685836745629905,0.6405613837850096,ok,all_cross_model_pairs_statistics_and_lags,right_reference_month = left_reference_month + lag_months,True,True,True,exploratory_serial_dependence_detected
business_investment,business_investment_backlog,core_capital_goods_orders_log_change,manufacturing_surveys,manufacturing_philadelphia,philadelphia_current_prices_paid_level,False,1,spearman,-0.13281762775433661,80,0.2402059956027046,0.5199197851777557,ok,all_cross_model_pairs_statistics_and_lags,right_reference_month = left_reference_month + lag_months,True,True,True,exploratory_serial_dependence_detected
business_investment,business_investment_backlog,core_capital_goods_orders_log_change,monthly_labor_demand,monthly_labor_demand,hires_rate_change,False,-1,pearson,0.10529600054132907,92,0.31782611334653776,0.6227586723990984,ok,all_cross_model_pairs_statistics_and_lags,right_reference_month = left_reference_month + lag_months,True,True,True,exploratory_serial_dependence_detected
business_investment,business_investment_backlog,core_capital_goods_orders_log_change,monthly_labor_demand,monthly_labor_demand,hires_rate_change,False,-1,spearman,-0.1439360078911271,92,0.17104650338082522,0.4193678230098405,ok,all_cross_model_pairs_statistics_and_lags,right_reference_month = left_reference_month + lag_months,True,True,True,exploratory_serial_dependence_detected
business_investment,business_investment_backlog,core_capital_goods_orders_log_change,monthly_labor_demand,monthly_labor_demand,hires_rate_change,False,0,pearson,0.2857438170055369,94,0.005241886955225494,0.03778852834886438,ok,all_cross_model_pairs_statistics_and_lags,right_reference_month = left_reference_month + lag_months,True,True,True,exploratory_serial_dependence_detected
business_investment,business_investment_backlog,core_capital_goods_orders_log_change,monthly_labor_demand,monthly_labor_demand,hires_rate_change,False,0,spearman,0.008647906657515443,94,0.9340707914534638,0.9733682681165545,ok,all_cross_model_pairs_statistics_and_lags,right_reference_month = left_reference_month + lag_months,True,True,True,exploratory_serial_dependence_detected
business_investment,business_investment_backlog,core_capital_goods_orders_log_change,monthly_labor_demand,monthly_labor_demand,hires_rate_change,False,1,pearson,-0.46094701810034305,93,3.3250261277811934e-06,6.297990665562026e-05,ok,all_cross_model_pairs_statistics_and_lags,right_reference_month = left_reference_month + lag_months,True,True,True,exploratory_serial_dependence_detected
business_investment,business_investment_backlog,core_capital_goods_orders_log_change,monthly_labor_demand,monthly_labor_demand,hires_rate_change,False,1,spearman,-0.030810778550326757,93,0.7693850138636451,0.9070390498534446,ok,all_cross_model_pairs_statistics_and_lags,right_reference_month = left_reference_month + lag_months,True,True,True,exploratory_serial_dependence_detected
business_investment,business_investment_backlog,core_capital_goods_orders_log_change,monthly_labor_demand,monthly_labor_demand,job_openings_rate_change,False,-1,pearson,0.1917452082445145,92,0.0670947245660233,0.23147679975278038,ok,all_cross_model_pairs_statistics_and_lags,right_reference_month = left_reference_month + lag_months,True,False,True,exploratory_serial_dependence_detected
business_investment,business_investment_backlog,core_capital_goods_orders_log_change,monthly_labor_demand,monthly_labor_demand,job_openings_rate_change,False,-1,spearman,0.07481158392799346,92,0.47847929144614826,0.7547066240431071,ok,all_cross_model_pairs_statistics_and_lags,right_reference_month = left_reference_month + lag_months,True,False,True,exploratory_serial_dependence_detected
business_investment,business_investment_backlog,core_capital_goods_orders_log_change,monthly_labor_demand,monthly_labor_demand,job_openings_rate_change,False,0,pearson,0.20917941771556683,94,0.04303426310697398,0.17178139736089612,ok,all_cross_model_pairs_statistics_and_lags,right_reference_month = left_reference_month + lag_months,True,False,True,exploratory_serial_dependence_detected
business_investment,business_investment_backlog,core_capital_goods_orders_log_change,monthly_labor_demand,monthly_labor_demand,job_openings_rate_change,False,0,spearman,0.18919192284073258,94,0.06780930180607775,0.23310955709847367,ok,all_cross_model_pairs_statistics_and_lags,right_reference_month = left_reference_month + lag_months,True,False,True,exploratory_serial_dependence_detected
business_investment,business_investment_backlog,core_capital_goods_orders_log_change,monthly_labor_demand,monthly_labor_demand,job_openings_rate_change,False,1,pearson,-0.034763174983745516,93,0.7407881193578468,0.8945016541246001,ok,all_cross_model_pairs_statistics_and_lags,right_reference_month = left_reference_month + lag_months,True,False,True,exploratory_serial_dependence_detected
business_investment,business_investment_backlog,core_capital_goods_orders_log_change,monthly_labor_demand,monthly_labor_demand,job_openings_rate_change,False,1,spearman,-0.09568499895556681,93,0.36157480050110924,0.6665672848932662,ok,all_cross_model_pairs_statistics_and_lags,right_reference_month = left_reference_month + lag_months,True,False,True,exploratory_serial_dependence_detected
business_investment,business_investment_backlog,core_capital_goods_orders_log_change,monthly_labor_demand,monthly_labor_demand,layoffs_discharges_rate_change,False,-1,pearson,-0.549185830355594,92,1.4391711159106625e-08,4.966227733939107e-07,ok,all_cross_model_pairs_statistics_and_lags,right_reference_month = left_reference_month + lag_months,True,False,True,exploratory_serial_dependence_detected
business_investment,business_investment_backlog,core_capital_goods_orders_log_change,monthly_labor_demand,monthly_labor_demand,layoffs_discharges_rate_change,False,-1,spearman,0.0744879244177982,92,0.48038984466988033,0.7547066240431071,ok,all_cross_model_pairs_statistics_and_lags,right_reference_month = left_reference_month + lag_months,True,False,True,exploratory_serial_dependence_detected
business_investment,business_investment_backlog,core_capital_goods_orders_log_change,monthly_labor_demand,monthly_labor_demand,layoffs_discharges_rate_change,False,0,pearson,0.011023629317118259,94,0.9160177772160051,0.9686993984394437,ok,all_cross_model_pairs_statistics_and_lags,right_reference_month = left_reference_month + lag_months,True,False,True,exploratory_serial_dependence_detected
business_investment,business_investment_backlog,core_capital_goods_orders_log_change,monthly_labor_demand,monthly_labor_demand,layoffs_discharges_rate_change,False,0,spearman,-0.15082902864573924,94,0.1467544557149762,0.37905027866488505,ok,all_cross_model_pairs_statistics_and_lags,right_reference_month = left_reference_month + lag_months,True,False,True,exploratory_serial_dependence_detected
business_investment,business_investment_backlog,core_capital_goods_orders_log_change,monthly_labor_demand,monthly_labor_demand,layoffs_discharges_rate_change,False,1,pearson,-0.03095342640338248,93,0.7683472639836174,0.9070390498534446,ok,all_cross_model_pairs_statistics_and_lags,right_reference_month = left_reference_month + lag_months,True,False,True,exploratory_serial_dependence_detected
business_investment,business_investment_backlog,core_capital_goods_orders_log_change,monthly_labor_demand,monthly_labor_demand,layoffs_discharges_rate_change,False,1,spearman,0.11491748977947538,93,0.27269636519502877,0.5640722339981322,ok,all_cross_model_pairs_statistics_and_lags,right_reference_month = left_reference_month + lag_months,True,False,True,exploratory_serial_dependence_detected
business_investment,business_investment_backlog,core_capital_goods_orders_log_change,monthly_labor_demand,monthly_labor_demand,quits_rate_change,False,-1,pearson,0.18572841284269465,92,0.07630429754511472,0.25071412050537695,ok,all_cross_model_pairs_statistics_and_lags,right_reference_month = left_reference_month + lag_months,True,False,True,exploratory_serial_dependence_detected
business_investment,business_investment_backlog,core_capital_goods_orders_log_change,monthly_labor_demand,monthly_labor_demand,quits_rate_change,False,-1,spearman,-0.14418260561318064,92,0.17030672529744262,0.4193678230098405,ok,all_cross_model_pairs_statistics_and_lags,right_reference_month = left_reference_month + lag_months,True,False,True,exploratory_serial_dependence_detected
business_investment,business_investment_backlog,core_capital_goods_orders_log_change,monthly_labor_demand,monthly_labor_demand,quits_rate_change,False,0,pearson,0.3333137265109761,94,0.0010279460347113341,0.009457103519344274,ok,all_cross_model_pairs_statistics_and_lags,right_reference_month = left_reference_month + lag_months,True,False,True,exploratory_serial_dependence_detected
business_investment,business_investment_backlog,core_capital_goods_orders_log_change,monthly_labor_demand,monthly_labor_demand,quits_rate_change,False,0,spearman,0.21524401257089187,94,0.03721171708541424,0.1615388078400468,ok,all_cross_model_pairs_statistics_and_lags,right_reference_month = left_reference_month + lag_months,True,False,True,exploratory_serial_dependence_detected
business_investment,business_investment_backlog,core_capital_goods_orders_log_change,monthly_labor_demand,monthly_labor_demand,quits_rate_change,False,1,pearson,0.1365199973188132,93,0.19193920062637357,0.4475963521949402,ok,all_cross_model_pairs_statistics_and_lags,right_reference_month = left_reference_month + lag_months,True,False,True,exploratory_serial_dependence_detected
business_investment,business_investment_backlog,core_capital_goods_orders_log_change,monthly_labor_demand,monthly_labor_demand,quits_rate_change,False,1,spearman,0.11484288741010412,93,0.2730098863446922,0.5640722339981322,ok,all_cross_model_pairs_statistics_and_lags,right_reference_month = left_reference_month + lag_months,True,False,True,exploratory_serial_dependence_detected
business_investment,business_investment_backlog,core_capital_goods_orders_log_change,weekly_labor_stress,weekly_continued_claims,continued_claims_innovation,False,-1,pearson,-0.5293205149856617,108,3.869153118308262e-09,1.6989099601299005e-07,ok,all_cross_model_pairs_statistics_and_lags,right_reference_month = left_reference_month + lag_months,True,True,True,exploratory_serial_dependence_detected
business_investment,business_investment_backlog,core_capital_goods_orders_log_change,weekly_labor_stress,weekly_continued_claims,continued_claims_innovation,False,-1,spearman,-0.00581135023388303,108,0.9524016815300186,0.9802195880577573,ok,all_cross_model_pairs_statistics_and_lags,right_reference_month = left_reference_month + lag_months,True,True,True,exploratory_serial_dependence_detected
business_investment,business_investment_backlog,core_capital_goods_orders_log_change,weekly_labor_stress,weekly_continued_claims,continued_claims_innovation,False,0,pearson,-0.043898762014430444,110,0.6488400566671537,0.8458562682057631,ok,all_cross_model_pairs_statistics_and_lags,right_reference_month = left_reference_month + lag_months,True,True,True,exploratory_serial_dependence_detected
business_investment,business_investment_backlog,core_capital_goods_orders_log_change,weekly_labor_stress,weekly_continued_claims,continued_claims_innovation,False,0,spearman,-0.06160539188062123,110,0.5225955840051089,0.7802586308329755,ok,all_cross_model_pairs_statistics_and_lags,right_reference_month = left_reference_month + lag_months,True,True,True,exploratory_serial_dependence_detected
business_investment,business_investment_backlog,core_capital_goods_orders_log_change,weekly_labor_stress,weekly_continued_claims,continued_claims_innovation,False,1,pearson,-0.09094052845449122,109,0.3469860102469838,0.6521176768454987,ok,all_cross_model_pairs_statistics_and_lags,right_reference_month = left_reference_month + lag_months,True,True,True,exploratory_serial_dependence_detected
business_investment,business_investment_backlog,core_capital_goods_orders_log_change,weekly_labor_stress,weekly_continued_claims,continued_claims_innovation,False,1,spearman,-0.2877953850430915,109,0.002409309380191203,0.02006373156262674,ok,all_cross_model_pairs_statistics_and_lags,right_reference_month = left_reference_month + lag_months,True,True,True,exploratory_serial_dependence_detected
business_investment,business_investment_backlog,core_capital_goods_orders_log_change,weekly_labor_stress,weekly_labor_stress,initial_claims_innovation,False,-1,pearson,-0.52443878671571,108,5.692566073629832e-09,2.1996075308505672e-07,ok,all_cross_model_pairs_statistics_and_lags,right_reference_month = left_reference_month + lag_months,True,True,True,exploratory_serial_dependence_detected
business_investment,business_investment_backlog,core_capital_goods_orders_log_change,weekly_labor_stress,weekly_labor_stress,initial_claims_innovation,False,-1,spearman,-0.0406794516371812,108,0.6759419012046751,0.8648475186274387,ok,all_cross_model_pairs_statistics_and_lags,right_reference_month = left_reference_month + lag_months,True,True,True,exploratory_serial_dependence_detected
business_investment,business_investment_backlog,core_capital_goods_orders_log_change,weekly_labor_stress,weekly_labor_stress,initial_claims_innovation,False,0,pearson,0.08000555039108027,110,0.4060568133608846,0.705487197314055,ok,all_cross_model_pairs_statistics_and_lags,right_reference_month = left_reference_month + lag_months,True,True,True,exploratory_serial_dependence_detected
business_investment,business_investment_backlog,core_capital_goods_orders_log_change,weekly_labor_stress,weekly_labor_stress,initial_claims_innovation,False,0,spearman,-0.05669138696661632,110,0.5563541266470354,0.7926815432758646,ok,all_cross_model_pairs_statistics_and_lags,right_reference_month = left_reference_month + lag_months,True,True,True,exploratory_serial_dependence_detected
business_investment,business_investment_backlog,core_capital_goods_orders_log_change,weekly_labor_stress,weekly_labor_stress,initial_claims_innovation,False,1,pearson,-0.099464036758531,109,0.3034715124757319,0.6056890104371013,ok,all_cross_model_pairs_statistics_and_lags,right_reference_month = left_reference_month + lag_months,True,True,True,exploratory_serial_dependence_detected
business_investment,business_investment_backlog,core_capital_goods_orders_log_change,weekly_labor_stress,weekly_labor_stress,initial_claims_innovation,False,1,spearman,-0.08532110091743121,109,0.3777125881625538,0.6788060289970708,ok,all_cross_model_pairs_statistics_and_lags,right_reference_month = left_reference_month + lag_months,True,True,True,exploratory_serial_dependence_detected
consumer_demand,consumer_retail_ex_auto_gas,retail_ex_auto_gas_log_change,consumer_demand,consumer_vehicle_units,total_vehicle_unit_sales_log_change,True,-1,pearson,-0.08328683301639737,46,0.58212007241968,0.8077773899183804,ok,all_cross_model_pairs_statistics_and_lags,right_reference_month = left_reference_month + lag_months,False,False,False,exploratory_no_serial_dependence_detected
consumer_demand,consumer_retail_ex_auto_gas,retail_ex_auto_gas_log_change,consumer_demand,consumer_vehicle_units,total_vehicle_unit_sales_log_change,True,-1,spearman,-0.09478877582485354,46,0.5309152576592122,0.7818050897847545,ok,all_cross_model_pairs_statistics_and_lags,right_reference_month = left_reference_month + lag_months,False,False,False,exploratory_no_serial_dependence_detected
consumer_demand,consumer_retail_ex_auto_gas,retail_ex_auto_gas_log_change,consumer_demand,consumer_vehicle_units,total_vehicle_unit_sales_log_change,True,0,pearson,0.580185390508523,47,1.9160690692111533e-05,0.0003084871201429957,ok,all_cross_model_pairs_statistics_and_lags,right_reference_month = left_reference_month + lag_months,False,False,False,exploratory_no_serial_dependence_detected
consumer_demand,consumer_retail_ex_auto_gas,retail_ex_auto_gas_log_change,consumer_demand,consumer_vehicle_units,total_vehicle_unit_sales_log_change,True,0,spearman,0.5082099907493063,47,0.00026536910751201925,0.002816995141281435,ok,all_cross_model_pairs_statistics_and_lags,right_reference_month = left_reference_month + lag_months,False,False,False,exploratory_no_serial_dependence_detected
consumer_demand,consumer_retail_ex_auto_gas,retail_ex_auto_gas_log_change,consumer_demand,consumer_vehicle_units,total_vehicle_unit_sales_log_change,True,1,pearson,-0.21190385300813164,45,0.16228709254902837,0.4061381642548223,ok,all_cross_model_pairs_statistics_and_lags,right_reference_month = left_reference_month + lag_months,False,False,False,exploratory_no_serial_dependence_detected
consumer_demand,consumer_retail_ex_auto_gas,retail_ex_auto_gas_log_change,consumer_demand,consumer_vehicle_units,total_vehicle_unit_sales_log_change,True,1,spearman,-0.12292490118577075,45,0.42113224917895503,0.7171443685706728,ok,all_cross_model_pairs_statistics_and_lags,right_reference_month = left_reference_month + lag_months,False,False,False,exploratory_no_serial_dependence_detected
consumer_demand,consumer_retail_ex_auto_gas,retail_ex_auto_gas_log_change,housing_activity,housing_new_home_sales,new_single_family_home_sales_log_change,False,-1,pearson,-0.31267139983151165,46,0.034375072374244406,0.15589821555643238,ok,all_cross_model_pairs_statistics_and_lags,right_reference_month = left_reference_month + lag_months,False,False,False,exploratory_no_serial_dependence_detected
consumer_demand,consumer_retail_ex_auto_gas,retail_ex_auto_gas_log_change,housing_activity,housing_new_home_sales,new_single_family_home_sales_log_change,False,-1,spearman,-0.4173296330558125,46,0.003907742053310954,0.030199030587987053,ok,all_cross_model_pairs_statistics_and_lags,right_reference_month = left_reference_month + lag_months,False,False,False,exploratory_no_serial_dependence_detected
consumer_demand,consumer_retail_ex_auto_gas,retail_ex_auto_gas_log_change,housing_activity,housing_new_home_sales,new_single_family_home_sales_log_change,False,0,pearson,0.30045649579123007,46,0.04247277537844539,0.17166820508610145,ok,all_cross_model_pairs_statistics_and_lags,right_reference_month = left_reference_month + lag_months,False,False,False,exploratory_no_serial_dependence_detected
consumer_demand,consumer_retail_ex_auto_gas,retail_ex_auto_gas_log_change,housing_activity,housing_new_home_sales,new_single_family_home_sales_log_change,False,0,spearman,0.32112241751464693,46,0.029554310462586404,0.14274731953429234,ok,all_cross_model_pairs_statistics_and_lags,right_reference_month = left_reference_month + lag_months,False,False,False,exploratory_no_serial_dependence_detected
consumer_demand,consumer_retail_ex_auto_gas,retail_ex_auto_gas_log_change,housing_activity,housing_new_home_sales,new_single_family_home_sales_log_change,False,1,pearson,0.04401005034472574,44,0.7766687203279001,0.9105864937894548,ok,all_cross_model_pairs_statistics_and_lags,right_reference_month = left_reference_month + lag_months,False,False,False,exploratory_no_serial_dependence_detected
consumer_demand,consumer_retail_ex_auto_gas,retail_ex_auto_gas_log_change,housing_activity,housing_new_home_sales,new_single_family_home_sales_log_change,False,1,spearman,0.03199436222692036,44,0.8366584174501941,0.9397814316940553,ok,all_cross_model_pairs_statistics_and_lags,right_reference_month = left_reference_month + lag_months,False,False,False,exploratory_no_serial_dependence_detected
consumer_demand,consumer_retail_ex_auto_gas,retail_ex_auto_gas_log_change,housing_activity,housing_single_family_construction,single_family_building_permits_log_change,False,-1,pearson,-0.10685283781526825,46,0.47969435901388474,0.7547066240431071,ok,all_cross_model_pairs_statistics_and_lags,right_reference_month = left_reference_month + lag_months,False,False,False,exploratory_no_serial_dependence_detected
consumer_demand,consumer_retail_ex_auto_gas,retail_ex_auto_gas_log_change,housing_activity,housing_single_family_construction,single_family_building_permits_log_change,False,-1,spearman,-0.11736046870181929,46,0.4372994043485379,0.725840481027559,ok,all_cross_model_pairs_statistics_and_lags,right_reference_month = left_reference_month + lag_months,False,False,False,exploratory_no_serial_dependence_detected
consumer_demand,consumer_retail_ex_auto_gas,retail_ex_auto_gas_log_change,housing_activity,housing_single_family_construction,single_family_building_permits_log_change,False,0,pearson,-0.09017889063032558,46,0.5511704162132365,0.7887861067584985,ok,all_cross_model_pairs_statistics_and_lags,right_reference_month = left_reference_month + lag_months,False,False,False,exploratory_no_serial_dependence_detected
consumer_demand,consumer_retail_ex_auto_gas,retail_ex_auto_gas_log_change,housing_activity,housing_single_family_construction,single_family_building_permits_log_change,False,0,spearman,-0.10773974714770274,46,0.4760344288327188,0.7547066240431071,ok,all_cross_model_pairs_statistics_and_lags,right_reference_month = left_reference_month + lag_months,False,False,False,exploratory_no_serial_dependence_detected
consumer_demand,consumer_retail_ex_auto_gas,retail_ex_auto_gas_log_change,housing_activity,housing_single_family_construction,single_family_building_permits_log_change,False,1,pearson,0.12372091908350143,44,0.4236372230659432,0.7171443685706728,ok,all_cross_model_pairs_statistics_and_lags,right_reference_month = left_reference_month + lag_months,False,False,False,exploratory_no_serial_dependence_detected
consumer_demand,consumer_retail_ex_auto_gas,retail_ex_auto_gas_log_change,housing_activity,housing_single_family_construction,single_family_building_permits_log_change,False,1,spearman,0.013248766737138828,44,0.9319783255368141,0.9723935510395314,ok,all_cross_model_pairs_statistics_and_lags,right_reference_month = left_reference_month + lag_months,False,False,False,exploratory_no_serial_dependence_detected
consumer_demand,consumer_retail_ex_auto_gas,retail_ex_auto_gas_log_change,housing_activity,housing_single_family_construction,single_family_housing_starts_log_change,False,-1,pearson,0.3057687377009509,46,0.03877803089840467,0.16353958339867303,ok,all_cross_model_pairs_statistics_and_lags,right_reference_month = left_reference_month + lag_months,False,True,True,exploratory_serial_dependence_detected
consumer_demand,consumer_retail_ex_auto_gas,retail_ex_auto_gas_log_change,housing_activity,housing_single_family_construction,single_family_housing_starts_log_change,False,-1,spearman,0.22084489670058585,46,0.14023903510777463,0.3691305392755049,ok,all_cross_model_pairs_statistics_and_lags,right_reference_month = left_reference_month + lag_months,False,True,True,exploratory_serial_dependence_detected
consumer_demand,consumer_retail_ex_auto_gas,retail_ex_auto_gas_log_change,housing_activity,housing_single_family_construction,single_family_housing_starts_log_change,False,0,pearson,-0.17740649396297709,46,0.2381991295003874,0.5199197851777557,ok,all_cross_model_pairs_statistics_and_lags,right_reference_month = left_reference_month + lag_months,False,True,True,exploratory_serial_dependence_detected
consumer_demand,consumer_retail_ex_auto_gas,retail_ex_auto_gas_log_change,housing_activity,housing_single_family_construction,single_family_housing_starts_log_change,False,0,spearman,-0.16842429848905335,46,0.2631879258164168,0.5514957404309297,ok,all_cross_model_pairs_statistics_and_lags,right_reference_month = left_reference_month + lag_months,False,True,True,exploratory_serial_dependence_detected
consumer_demand,consumer_retail_ex_auto_gas,retail_ex_auto_gas_log_change,housing_activity,housing_single_family_construction,single_family_housing_starts_log_change,False,1,pearson,-0.22841955924764692,44,0.13587212560376974,0.3615770615240815,ok,all_cross_model_pairs_statistics_and_lags,right_reference_month = left_reference_month + lag_months,False,True,True,exploratory_serial_dependence_detected
consumer_demand,consumer_retail_ex_auto_gas,retail_ex_auto_gas_log_change,housing_activity,housing_single_family_construction,single_family_housing_starts_log_change,False,1,spearman,-0.22720225510923187,44,0.1380273038016898,0.36529965882858173,ok,all_cross_model_pairs_statistics_and_lags,right_reference_month = left_reference_month + lag_months,False,True,True,exploratory_serial_dependence_detected
consumer_demand,consumer_retail_ex_auto_gas,retail_ex_auto_gas_log_change,inflation_pressure,inflation_expectations,one_year_inflation_expectations_change,False,-1,pearson,,0,,,insufficient_observations,all_cross_model_pairs_statistics_and_lags,right_reference_month = left_reference_month + lag_months,False,False,False,exploratory_no_serial_dependence_detected
consumer_demand,consumer_retail_ex_auto_gas,retail_ex_auto_gas_log_change,inflation_pressure,inflation_expectations,one_year_inflation_expectations_change,False,-1,spearman,,0,,,insufficient_observations,all_cross_model_pairs_statistics_and_lags,right_reference_month = left_reference_month + lag_months,False,False,False,exploratory_no_serial_dependence_detected
consumer_demand,consumer_retail_ex_auto_gas,retail_ex_auto_gas_log_change,inflation_pressure,inflation_expectations,one_year_inflation_expectations_change,False,0,pearson,,1,,,insufficient_observations,all_cross_model_pairs_statistics_and_lags,right_reference_month = left_reference_month + lag_months,False,False,False,exploratory_no_serial_dependence_detected
consumer_demand,consumer_retail_ex_auto_gas,retail_ex_auto_gas_log_change,inflation_pressure,inflation_expectations,one_year_inflation_expectations_change,False,0,spearman,,1,,,insufficient_observations,all_cross_model_pairs_statistics_and_lags,right_reference_month = left_reference_month + lag_months,False,False,False,exploratory_no_serial_dependence_detected
consumer_demand,consumer_retail_ex_auto_gas,retail_ex_auto_gas_log_change,inflation_pressure,inflation_expectations,one_year_inflation_expectations_change,False,1,pearson,,1,,,insufficient_observations,all_cross_model_pairs_statistics_and_lags,right_reference_month = left_reference_month + lag_months,False,False,False,exploratory_no_serial_dependence_detected
consumer_demand,consumer_retail_ex_auto_gas,retail_ex_auto_gas_log_change,inflation_pressure,inflation_expectations,one_year_inflation_expectations_change,False,1,spearman,,1,,,insufficient_observations,all_cross_model_pairs_statistics_and_lags,right_reference_month = left_reference_month + lag_months,False,False,False,exploratory_no_serial_dependence_detected
consumer_demand,consumer_retail_ex_auto_gas,retail_ex_auto_gas_log_change,inflation_pressure,inflation_import_prices,import_prices_ex_food_fuels_computers_12m_log_change,False,-1,pearson,0.024904577770706586,46,0.8695044885068941,0.9523144397932649,ok,all_cross_model_pairs_statistics_and_lags,right_reference_month = left_reference_month + lag_months,False,True,True,exploratory_serial_dependence_detected
consumer_demand,consumer_retail_ex_auto_gas,retail_ex_auto_gas_log_change,inflation_pressure,inflation_import_prices,import_prices_ex_food_fuels_computers_12m_log_change,False,-1,spearman,-0.01165587419056429,46,0.9387182723699931,0.9750557538810896,ok,all_cross_model_pairs_statistics_and_lags,right_reference_month = left_reference_month + lag_months,False,True,True,exploratory_serial_dependence_detected
consumer_demand,consumer_retail_ex_auto_gas,retail_ex_auto_gas_log_change,inflation_pressure,inflation_import_prices,import_prices_ex_food_fuels_computers_12m_log_change,False,0,pearson,0.08270674023726259,47,0.5804763873709831,0.8077773899183804,ok,all_cross_model_pairs_statistics_and_lags,right_reference_month = left_reference_month + lag_months,False,True,True,exploratory_serial_dependence_detected
consumer_demand,consumer_retail_ex_auto_gas,retail_ex_auto_gas_log_change,inflation_pressure,inflation_import_prices,import_prices_ex_food_fuels_computers_12m_log_change,False,0,spearman,0.10661424606845515,47,0.475681429389126,0.7547066240431071,ok,all_cross_model_pairs_statistics_and_lags,right_reference_month = left_reference_month + lag_months,False,True,True,exploratory_serial_dependence_detected
consumer_demand,consumer_retail_ex_auto_gas,retail_ex_auto_gas_log_change,inflation_pressure,inflation_import_prices,import_prices_ex_food_fuels_computers_12m_log_change,False,1,pearson,0.10800350724762159,45,0.48006901402731245,0.7547066240431071,ok,all_cross_model_pairs_statistics_and_lags,right_reference_month = left_reference_month + lag_months,False,True,True,exploratory_serial_dependence_detected
consumer_demand,consumer_retail_ex_auto_gas,retail_ex_auto_gas_log_change,inflation_pressure,inflation_import_prices,import_prices_ex_food_fuels_computers_12m_log_change,False,1,spearman,0.13873517786561262,45,0.3634130380529801,0.6674087352836098,ok,all_cross_model_pairs_statistics_and_lags,right_reference_month = left_reference_month + lag_months,False,True,True,exploratory_serial_dependence_detected
consumer_demand,consumer_retail_ex_auto_gas,retail_ex_auto_gas_log_change,inflation_pressure,inflation_input_costs,intermediate_materials_prices_log_change,False,-1,pearson,0.30759236906577814,35,0.07225382503021954,0.24067998268686927,ok,all_cross_model_pairs_statistics_and_lags,right_reference_month = left_reference_month + lag_months,False,True,True,exploratory_serial_dependence_detected
consumer_demand,consumer_retail_ex_auto_gas,retail_ex_auto_gas_log_change,inflation_pressure,inflation_input_costs,intermediate_materials_prices_log_change,False,-1,spearman,0.2705882352941177,35,0.11591011199368007,0.3325015528146061,ok,all_cross_model_pairs_statistics_and_lags,right_reference_month = left_reference_month + lag_months,False,True,True,exploratory_serial_dependence_detected
consumer_demand,consumer_retail_ex_auto_gas,retail_ex_auto_gas_log_change,inflation_pressure,inflation_input_costs,intermediate_materials_prices_log_change,False,0,pearson,0.2516905322380475,37,0.13290679661344745,0.35564533387421116,ok,all_cross_model_pairs_statistics_and_lags,right_reference_month = left_reference_month + lag_months,False,True,True,exploratory_serial_dependence_detected
consumer_demand,consumer_retail_ex_auto_gas,retail_ex_auto_gas_log_change,inflation_pressure,inflation_input_costs,intermediate_materials_prices_log_change,False,0,spearman,0.156235182550972,37,0.355792851352068,0.6597257818802131,ok,all_cross_model_pairs_statistics_and_lags,right_reference_month = left_reference_month + lag_months,False,True,True,exploratory_serial_dependence_detected
consumer_demand,consumer_retail_ex_auto_gas,retail_ex_auto_gas_log_change,inflation_pressure,inflation_input_costs,intermediate_materials_prices_log_change,False,1,pearson,0.349109581131534,36,0.03689709465313933,0.1615388078400468,ok,all_cross_model_pairs_statistics_and_lags,right_reference_month = left_reference_month + lag_months,False,True,True,exploratory_serial_dependence_detected
consumer_demand,consumer_retail_ex_auto_gas,retail_ex_auto_gas_log_change,inflation_pressure,inflation_input_costs,intermediate_materials_prices_log_change,False,1,spearman,0.38172458172458174,36,0.021602792204729437,0.11403441131021112,ok,all_cross_model_pairs_statistics_and_lags,right_reference_month = left_reference_month + lag_months,False,True,True,exploratory_serial_dependence_detected
consumer_demand,consumer_retail_ex_auto_gas,retail_ex_auto_gas_log_change,manufacturing_surveys,manufacturing_empire_state,empire_current_new_orders_level,False,-1,pearson,0.15005274099400828,46,0.31956641357816595,0.6238621172081519,ok,all_cross_model_pairs_statistics_and_lags,right_reference_month = left_reference_month + lag_months,False,True,True,exploratory_serial_dependence_detected
consumer_demand,consumer_retail_ex_auto_gas,retail_ex_auto_gas_log_change,manufacturing_surveys,manufacturing_empire_state,empire_current_new_orders_level,False,-1,spearman,0.1728646315140302,46,0.25062477167816377,0.5356272775245712,ok,all_cross_model_pairs_statistics_and_lags,right_reference_month = left_reference_month + lag_months,False,True,True,exploratory_serial_dependence_detected
consumer_demand,consumer_retail_ex_auto_gas,retail_ex_auto_gas_log_change,manufacturing_surveys,manufacturing_empire_state,empire_current_new_orders_level,False,0,pearson,0.20000381231598885,47,0.17769065617976354,0.43127933133078283,ok,all_cross_model_pairs_statistics_and_lags,right_reference_month = left_reference_month + lag_months,False,True,True,exploratory_serial_dependence_detected
consumer_demand,consumer_retail_ex_auto_gas,retail_ex_auto_gas_log_change,manufacturing_surveys,manufacturing_empire_state,empire_current_new_orders_level,False,0,spearman,0.3308279370952822,47,0.023126146990620666,0.11820030684095008,ok,all_cross_model_pairs_statistics_and_lags,right_reference_month = left_reference_month + lag_months,False,True,True,exploratory_serial_dependence_detected
consumer_demand,consumer_retail_ex_auto_gas,retail_ex_auto_gas_log_change,manufacturing_surveys,manufacturing_empire_state,empire_current_new_orders_level,False,1,pearson,-0.042051986751279545,45,0.7838721794704852,0.912313885986131,ok,all_cross_model_pairs_statistics_and_lags,right_reference_month = left_reference_month + lag_months,False,True,True,exploratory_serial_dependence_detected
consumer_demand,consumer_retail_ex_auto_gas,retail_ex_auto_gas_log_change,manufacturing_surveys,manufacturing_empire_state,empire_current_new_orders_level,False,1,spearman,-0.09433465085638998,45,0.5376400987743636,0.7854894911246134,ok,all_cross_model_pairs_statistics_and_lags,right_reference_month = left_reference_month + lag_months,False,True,True,exploratory_serial_dependence_detected
consumer_demand,consumer_retail_ex_auto_gas,retail_ex_auto_gas_log_change,manufacturing_surveys,manufacturing_empire_state,empire_current_prices_paid_level,False,-1,pearson,0.12940877270987047,46,0.39136152517323053,0.6926488161466637,ok,all_cross_model_pairs_statistics_and_lags,right_reference_month = left_reference_month + lag_months,False,True,True,exploratory_serial_dependence_detected
consumer_demand,consumer_retail_ex_auto_gas,retail_ex_auto_gas_log_change,manufacturing_surveys,manufacturing_empire_state,empire_current_prices_paid_level,False,-1,spearman,0.05359235275979032,46,0.7235395843498045,0.8842823876791703,ok,all_cross_model_pairs_statistics_and_lags,right_reference_month = left_reference_month + lag_months,False,True,True,exploratory_serial_dependence_detected
consumer_demand,consumer_retail_ex_auto_gas,retail_ex_auto_gas_log_change,manufacturing_surveys,manufacturing_empire_state,empire_current_prices_paid_level,False,0,pearson,-0.05218447690965978,47,0.727567838404225,0.8862932306412123,ok,all_cross_model_pairs_statistics_and_lags,right_reference_month = left_reference_month + lag_months,False,True,True,exploratory_serial_dependence_detected
consumer_demand,consumer_retail_ex_auto_gas,retail_ex_auto_gas_log_change,manufacturing_surveys,manufacturing_empire_state,empire_current_prices_paid_level,False,0,spearman,-0.1317067530064755,47,0.3775199449918999,0.6788060289970708,ok,all_cross_model_pairs_statistics_and_lags,right_reference_month = left_reference_month + lag_months,False,True,True,exploratory_serial_dependence_detected
consumer_demand,consumer_retail_ex_auto_gas,retail_ex_auto_gas_log_change,manufacturing_surveys,manufacturing_empire_state,empire_current_prices_paid_level,False,1,pearson,0.3109275946152786,45,0.03762549872050779,0.1615388078400468,ok,all_cross_model_pairs_statistics_and_lags,right_reference_month = left_reference_month + lag_months,False,True,True,exploratory_serial_dependence_detected
consumer_demand,consumer_retail_ex_auto_gas,retail_ex_auto_gas_log_change,manufacturing_surveys,manufacturing_empire_state,empire_current_prices_paid_level,False,1,spearman,0.3064558629776021,45,0.04061165826484897,0.16909854260277632,ok,all_cross_model_pairs_statistics_and_lags,right_reference_month = left_reference_month + lag_months,False,True,True,exploratory_serial_dependence_detected
consumer_demand,consumer_retail_ex_auto_gas,retail_ex_auto_gas_log_change,manufacturing_surveys,manufacturing_philadelphia,philadelphia_current_new_orders_level,False,-1,pearson,0.2583288890359225,46,0.08302249044665287,0.26646484293584627,ok,all_cross_model_pairs_statistics_and_lags,right_reference_month = left_reference_month + lag_months,False,True,True,exploratory_serial_dependence_detected
consumer_demand,consumer_retail_ex_auto_gas,retail_ex_auto_gas_log_change,manufacturing_surveys,manufacturing_philadelphia,philadelphia_current_new_orders_level,False,-1,spearman,0.35220474868948504,46,0.01637238133237453,0.09285044159058609,ok,all_cross_model_pairs_statistics_and_lags,right_reference_month = left_reference_month + lag_months,False,True,True,exploratory_serial_dependence_detected
consumer_demand,consumer_retail_ex_auto_gas,retail_ex_auto_gas_log_change,manufacturing_surveys,manufacturing_philadelphia,philadelphia_current_new_orders_level,False,0,pearson,0.02668740157867417,47,0.8586722729769507,0.9488904634305647,ok,all_cross_model_pairs_statistics_and_lags,right_reference_month = left_reference_month + lag_months,False,True,True,exploratory_serial_dependence_detected
consumer_demand,consumer_retail_ex_auto_gas,retail_ex_auto_gas_log_change,manufacturing_surveys,manufacturing_philadelphia,philadelphia_current_new_orders_level,False,0,spearman,0.07400555041628122,47,0.6210424784939748,0.8274960145735981,ok,all_cross_model_pairs_statistics_and_lags,right_reference_month = left_reference_month + lag_months,False,True,True,exploratory_serial_dependence_detected
consumer_demand,consumer_retail_ex_auto_gas,retail_ex_auto_gas_log_change,manufacturing_surveys,manufacturing_philadelphia,philadelphia_current_new_orders_level,False,1,pearson,0.10232103348044756,45,0.5036013608681228,0.7715030491166209,ok,all_cross_model_pairs_statistics_and_lags,right_reference_month = left_reference_month + lag_months,False,True,True,exploratory_serial_dependence_detected
consumer_demand,consumer_retail_ex_auto_gas,retail_ex_auto_gas_log_change,manufacturing_surveys,manufacturing_philadelphia,philadelphia_current_new_orders_level,False,1,spearman,0.20118577075098812,45,0.1851000949506915,0.4404105707447487,ok,all_cross_model_pairs_statistics_and_lags,right_reference_month = left_reference_month + lag_months,False,True,True,exploratory_serial_dependence_detected
consumer_demand,consumer_retail_ex_auto_gas,retail_ex_auto_gas_log_change,manufacturing_surveys,manufacturing_philadelphia,philadelphia_current_prices_paid_level,False,-1,pearson,-0.056362667148229864,46,0.7098586674901133,0.8765170233103237,ok,all_cross_model_pairs_statistics_and_lags,right_reference_month = left_reference_month + lag_months,False,True,True,exploratory_serial_dependence_detected
consumer_demand,consumer_retail_ex_auto_gas,retail_ex_auto_gas_log_change,manufacturing_surveys,manufacturing_philadelphia,philadelphia_current_prices_paid_level,False,-1,spearman,-0.04976873265494912,46,0.7425622917160242,0.8946328163320841,ok,all_cross_model_pairs_statistics_and_lags,right_reference_month = left_reference_month + lag_months,False,True,True,exploratory_serial_dependence_detected
consumer_demand,consumer_retail_ex_auto_gas,retail_ex_auto_gas_log_change,manufacturing_surveys,manufacturing_philadelphia,philadelphia_current_prices_paid_level,False,0,pearson,0.20016830159074872,47,0.177326935499986,0.43127933133078283,ok,all_cross_model_pairs_statistics_and_lags,right_reference_month = left_reference_month + lag_months,False,True,True,exploratory_serial_dependence_detected
consumer_demand,consumer_retail_ex_auto_gas,retail_ex_auto_gas_log_change,manufacturing_surveys,manufacturing_philadelphia,philadelphia_current_prices_paid_level,False,0,spearman,0.19472710453283998,47,0.18964484230816492,0.44573459287028544,ok,all_cross_model_pairs_statistics_and_lags,right_reference_month = left_reference_month + lag_months,False,True,True,exploratory_serial_dependence_detected
consumer_demand,consumer_retail_ex_auto_gas,retail_ex_auto_gas_log_change,manufacturing_surveys,manufacturing_philadelphia,philadelphia_current_prices_paid_level,False,1,pearson,0.2435923836503931,45,0.10685790695165309,0.317437828636654,ok,all_cross_model_pairs_statistics_and_lags,right_reference_month = left_reference_month + lag_months,False,True,True,exploratory_serial_dependence_detected
consumer_demand,consumer_retail_ex_auto_gas,retail_ex_auto_gas_log_change,manufacturing_surveys,manufacturing_philadelphia,philadelphia_current_prices_paid_level,False,1,spearman,0.23188405797101447,45,0.12534266306874806,0.34977791205761294,ok,all_cross_model_pairs_statistics_and_lags,right_reference_month = left_reference_month + lag_months,False,True,True,exploratory_serial_dependence_detected
consumer_demand,consumer_retail_ex_auto_gas,retail_ex_auto_gas_log_change,monthly_labor_demand,monthly_labor_demand,hires_rate_change,False,-1,pearson,-0.042315142097409504,46,0.7800744291654167,0.9105864937894548,ok,all_cross_model_pairs_statistics_and_lags,right_reference_month = left_reference_month + lag_months,False,True,True,exploratory_serial_dependence_detected
consumer_demand,consumer_retail_ex_auto_gas,retail_ex_auto_gas_log_change,monthly_labor_demand,monthly_labor_demand,hires_rate_change,False,-1,spearman,0.007215541165587419,46,0.9620414441433116,0.9823805867256226,ok,all_cross_model_pairs_statistics_and_lags,right_reference_month = left_reference_month + lag_months,False,True,True,exploratory_serial_dependence_detected
consumer_demand,consumer_retail_ex_auto_gas,retail_ex_auto_gas_log_change,monthly_labor_demand,monthly_labor_demand,hires_rate_change,False,0,pearson,0.0019437346843232664,47,0.9896543210997488,0.9958396606066222,ok,all_cross_model_pairs_statistics_and_lags,right_reference_month = left_reference_month + lag_months,False,True,True,exploratory_serial_dependence_detected
consumer_demand,consumer_retail_ex_auto_gas,retail_ex_auto_gas_log_change,monthly_labor_demand,monthly_labor_demand,hires_rate_change,False,0,spearman,-0.1595744680851064,47,0.2839838204375746,0.5751118879301824,ok,all_cross_model_pairs_statistics_and_lags,right_reference_month = left_reference_month + lag_months,False,True,True,exploratory_serial_dependence_detected
consumer_demand,consumer_retail_ex_auto_gas,retail_ex_auto_gas_log_change,monthly_labor_demand,monthly_labor_demand,hires_rate_change,False,1,pearson,0.03323194014014804,45,0.8284318548395155,0.9359768090048094,ok,all_cross_model_pairs_statistics_and_lags,right_reference_month = left_reference_month + lag_months,False,True,True,exploratory_serial_dependence_detected
consumer_demand,consumer_retail_ex_auto_gas,retail_ex_auto_gas_log_change,monthly_labor_demand,monthly_labor_demand,hires_rate_change,False,1,spearman,-0.00039525691699604737,45,0.9979439741815216,0.9989781130148703,ok,all_cross_model_pairs_statistics_and_lags,right_reference_month = left_reference_month + lag_months,False,True,True,exploratory_serial_dependence_detected
consumer_demand,consumer_retail_ex_auto_gas,retail_ex_auto_gas_log_change,monthly_labor_demand,monthly_labor_demand,job_openings_rate_change,False,-1,pearson,0.3981464397815812,46,0.006137224589754992,0.04359234524781855,ok,all_cross_model_pairs_statistics_and_lags,right_reference_month = left_reference_month + lag_months,False,False,False,exploratory_no_serial_dependence_detected
consumer_demand,consumer_retail_ex_auto_gas,retail_ex_auto_gas_log_change,monthly_labor_demand,monthly_labor_demand,job_openings_rate_change,False,-1,spearman,0.46876349059512795,46,0.0010167554386832155,0.009444093786230635,ok,all_cross_model_pairs_statistics_and_lags,right_reference_month = left_reference_month + lag_months,False,False,False,exploratory_no_serial_dependence_detected
consumer_demand,consumer_retail_ex_auto_gas,retail_ex_auto_gas_log_change,monthly_labor_demand,monthly_labor_demand,job_openings_rate_change,False,0,pearson,-0.1963438855430752,47,0.18592283200628926,0.4412812179805293,ok,all_cross_model_pairs_statistics_and_lags,right_reference_month = left_reference_month + lag_months,False,False,False,exploratory_no_serial_dependence_detected
consumer_demand,consumer_retail_ex_auto_gas,retail_ex_auto_gas_log_change,monthly_labor_demand,monthly_labor_demand,job_openings_rate_change,False,0,spearman,-0.1332099907493062,47,0.37205128132940724,0.6769684815027246,ok,all_cross_model_pairs_statistics_and_lags,right_reference_month = left_reference_month + lag_months,False,False,False,exploratory_no_serial_dependence_detected
consumer_demand,consumer_retail_ex_auto_gas,retail_ex_auto_gas_log_change,monthly_labor_demand,monthly_labor_demand,job_openings_rate_change,False,1,pearson,0.07851888080225539,45,0.6081672253271981,0.8209673606527691,ok,all_cross_model_pairs_statistics_and_lags,right_reference_month = left_reference_month + lag_months,False,False,False,exploratory_no_serial_dependence_detected
consumer_demand,consumer_retail_ex_auto_gas,retail_ex_auto_gas_log_change,monthly_labor_demand,monthly_labor_demand,job_openings_rate_change,False,1,spearman,0.05638998682476943,45,0.7129300657757223,0.8784316881879435,ok,all_cross_model_pairs_statistics_and_lags,right_reference_month = left_reference_month + lag_months,False,False,False,exploratory_no_serial_dependence_detected
consumer_demand,consumer_retail_ex_auto_gas,retail_ex_auto_gas_log_change,monthly_labor_demand,monthly_labor_demand,layoffs_discharges_rate_change,False,-1,pearson,0.30110988944753025,46,0.04200339244035294,0.17071826779212762,ok,all_cross_model_pairs_statistics_and_lags,right_reference_month = left_reference_month + lag_months,False,False,False,exploratory_no_serial_dependence_detected
consumer_demand,consumer_retail_ex_auto_gas,retail_ex_auto_gas_log_change,monthly_labor_demand,monthly_labor_demand,layoffs_discharges_rate_change,False,-1,spearman,0.2764724020968239,46,0.06289128051078541,0.2206782295174994,ok,all_cross_model_pairs_statistics_and_lags,right_reference_month = left_reference_month + lag_months,False,False,False,exploratory_no_serial_dependence_detected
consumer_demand,consumer_retail_ex_auto_gas,retail_ex_auto_gas_log_change,monthly_labor_demand,monthly_labor_demand,layoffs_discharges_rate_change,False,0,pearson,-0.10673828122601,47,0.4751652363467221,0.7547066240431071,ok,all_cross_model_pairs_statistics_and_lags,right_reference_month = left_reference_month + lag_months,False,False,False,exploratory_no_serial_dependence_detected
consumer_demand,consumer_retail_ex_auto_gas,retail_ex_auto_gas_log_change,monthly_labor_demand,monthly_labor_demand,layoffs_discharges_rate_change,False,0,spearman,-0.11632747456059205,47,0.4361710546259616,0.725840481027559,ok,all_cross_model_pairs_statistics_and_lags,right_reference_month = left_reference_month + lag_months,False,False,False,exploratory_no_serial_dependence_detected
consumer_demand,consumer_retail_ex_auto_gas,retail_ex_auto_gas_log_change,monthly_labor_demand,monthly_labor_demand,layoffs_discharges_rate_change,False,1,pearson,0.13023829101116258,45,0.3938144397540526,0.6931609352563423,ok,all_cross_model_pairs_statistics_and_lags,right_reference_month = left_reference_month + lag_months,False,False,False,exploratory_no_serial_dependence_detected
consumer_demand,consumer_retail_ex_auto_gas,retail_ex_auto_gas_log_change,monthly_labor_demand,monthly_labor_demand,layoffs_discharges_rate_change,False,1,spearman,0.20263504611330693,45,0.1818883706413962,0.4349113020781899,ok,all_cross_model_pairs_statistics_and_lags,right_reference_month = left_reference_month + lag_months,False,False,False,exploratory_no_serial_dependence_detected
consumer_demand,consumer_retail_ex_auto_gas,retail_ex_auto_gas_log_change,monthly_labor_demand,monthly_labor_demand,quits_rate_change,False,-1,pearson,0.009153782131352166,46,0.9518556948901793,0.9802195880577573,ok,all_cross_model_pairs_statistics_and_lags,right_reference_month = left_reference_month + lag_months,False,False,False,exploratory_no_serial_dependence_detected
consumer_demand,consumer_retail_ex_auto_gas,retail_ex_auto_gas_log_change,monthly_labor_demand,monthly_labor_demand,quits_rate_change,False,-1,spearman,0.15991366019118103,46,0.2884222648899357,0.5816616030974486,ok,all_cross_model_pairs_statistics_and_lags,right_reference_month = left_reference_month + lag_months,False,False,False,exploratory_no_serial_dependence_detected
consumer_demand,consumer_retail_ex_auto_gas,retail_ex_auto_gas_log_change,monthly_labor_demand,monthly_labor_demand,quits_rate_change,False,0,pearson,-0.23334819596082765,47,0.11443775632087894,0.3309786604969133,ok,all_cross_model_pairs_statistics_and_lags,right_reference_month = left_reference_month + lag_months,False,False,False,exploratory_no_serial_dependence_detected
consumer_demand,consumer_retail_ex_auto_gas,retail_ex_auto_gas_log_change,monthly_labor_demand,monthly_labor_demand,quits_rate_change,False,0,spearman,-0.16119333950046255,47,0.27906320971756743,0.5671908643962892,ok,all_cross_model_pairs_statistics_and_lags,right_reference_month = left_reference_month + lag_months,False,False,False,exploratory_no_serial_dependence_detected
consumer_demand,consumer_retail_ex_auto_gas,retail_ex_auto_gas_log_change,monthly_labor_demand,monthly_labor_demand,quits_rate_change,False,1,pearson,0.23397061689760218,45,0.12188365819532908,0.3422663192345578,ok,all_cross_model_pairs_statistics_and_lags,right_reference_month = left_reference_month + lag_months,False,False,False,exploratory_no_serial_dependence_detected
consumer_demand,consumer_retail_ex_auto_gas,retail_ex_auto_gas_log_change,monthly_labor_demand,monthly_labor_demand,quits_rate_change,False,1,spearman,0.27101449275362316,45,0.07174568559522489,0.24064698710065013,ok,all_cross_model_pairs_statistics_and_lags,right_reference_month = left_reference_month + lag_months,False,False,False,exploratory_no_serial_dependence_detected
consumer_demand,consumer_retail_ex_auto_gas,retail_ex_auto_gas_log_change,weekly_labor_stress,weekly_continued_claims,continued_claims_innovation,False,-1,pearson,-0.1957610269760011,46,0.19229035834461716,0.4475963521949402,ok,all_cross_model_pairs_statistics_and_lags,right_reference_month = left_reference_month + lag_months,False,True,True,exploratory_serial_dependence_detected
consumer_demand,consumer_retail_ex_auto_gas,retail_ex_auto_gas_log_change,weekly_labor_stress,weekly_continued_claims,continued_claims_innovation,False,-1,spearman,-0.17335800185013875,46,0.24925425655111266,0.5338794053844231,ok,all_cross_model_pairs_statistics_and_lags,right_reference_month = left_reference_month + lag_months,False,True,True,exploratory_serial_dependence_detected
consumer_demand,consumer_retail_ex_auto_gas,retail_ex_auto_gas_log_change,weekly_labor_stress,weekly_continued_claims,continued_claims_innovation,False,0,pearson,-0.21568862317124418,47,0.14537315405667187,0.3766849871293858,ok,all_cross_model_pairs_statistics_and_lags,right_reference_month = left_reference_month + lag_months,False,True,True,exploratory_serial_dependence_detected
consumer_demand,consumer_retail_ex_auto_gas,retail_ex_auto_gas_log_change,weekly_labor_stress,weekly_continued_claims,continued_claims_innovation,False,0,spearman,-0.24444958371877892,47,0.09772902916051705,0.29881706279803966,ok,all_cross_model_pairs_statistics_and_lags,right_reference_month = left_reference_month + lag_months,False,True,True,exploratory_serial_dependence_detected
consumer_demand,consumer_retail_ex_auto_gas,retail_ex_auto_gas_log_change,weekly_labor_stress,weekly_continued_claims,continued_claims_innovation,False,1,pearson,-0.1005696274206871,45,0.5109708568467466,0.7734334337144347,ok,all_cross_model_pairs_statistics_and_lags,right_reference_month = left_reference_month + lag_months,False,True,True,exploratory_serial_dependence_detected
consumer_demand,consumer_retail_ex_auto_gas,retail_ex_auto_gas_log_change,weekly_labor_stress,weekly_continued_claims,continued_claims_innovation,False,1,spearman,-0.15270092226613965,45,0.3166276682878107,0.6216713974919209,ok,all_cross_model_pairs_statistics_and_lags,right_reference_month = left_reference_month + lag_months,False,True,True,exploratory_serial_dependence_detected
consumer_demand,consumer_retail_ex_auto_gas,retail_ex_auto_gas_log_change,weekly_labor_stress,weekly_labor_stress,initial_claims_innovation,False,-1,pearson,-0.018434652986069534,46,0.9032164048372525,0.9630320607867394,ok,all_cross_model_pairs_statistics_and_lags,right_reference_month = left_reference_month + lag_months,False,True,True,exploratory_serial_dependence_detected
consumer_demand,consumer_retail_ex_auto_gas,retail_ex_auto_gas_log_change,weekly_labor_stress,weekly_labor_stress,initial_claims_innovation,False,-1,spearman,-0.061486278137526974,46,0.6847954562486425,0.869267294002876,ok,all_cross_model_pairs_statistics_and_lags,right_reference_month = left_reference_month + lag_months,False,True,True,exploratory_serial_dependence_detected
consumer_demand,consumer_retail_ex_auto_gas,retail_ex_auto_gas_log_change,weekly_labor_stress,weekly_labor_stress,initial_claims_innovation,False,0,pearson,-0.09159209743421856,47,0.5403363036416511,0.7864323204784563,ok,all_cross_model_pairs_statistics_and_lags,right_reference_month = left_reference_month + lag_months,False,True,True,exploratory_serial_dependence_detected
consumer_demand,consumer_retail_ex_auto_gas,retail_ex_auto_gas_log_change,weekly_labor_stress,weekly_labor_stress,initial_claims_innovation,False,0,spearman,-0.07562442183163738,47,0.6134052804354414,0.8215564169985082,ok,all_cross_model_pairs_statistics_and_lags,right_reference_month = left_reference_month + lag_months,False,True,True,exploratory_serial_dependence_detected
consumer_demand,consumer_retail_ex_auto_gas,retail_ex_auto_gas_log_change,weekly_labor_stress,weekly_labor_stress,initial_claims_innovation,False,1,pearson,-0.13538478269202325,45,0.37522725986996586,0.6788060289970708,ok,all_cross_model_pairs_statistics_and_lags,right_reference_month = left_reference_month + lag_months,False,True,True,exploratory_serial_dependence_detected
consumer_demand,consumer_retail_ex_auto_gas,retail_ex_auto_gas_log_change,weekly_labor_stress,weekly_labor_stress,initial_claims_innovation,False,1,spearman,-0.10974967061923584,45,0.47295581276783394,0.7547066240431071,ok,all_cross_model_pairs_statistics_and_lags,right_reference_month = left_reference_month + lag_months,False,True,True,exploratory_serial_dependence_detected
consumer_demand,consumer_vehicle_units,total_vehicle_unit_sales_log_change,housing_activity,housing_new_home_sales,new_single_family_home_sales_log_change,False,-1,pearson,-0.13526078026519392,110,0.15886323197699126,0.39964031794211863,ok,all_cross_model_pairs_statistics_and_lags,right_reference_month = left_reference_month + lag_months,False,False,False,exploratory_no_serial_dependence_detected
consumer_demand,consumer_vehicle_units,total_vehicle_unit_sales_log_change,housing_activity,housing_new_home_sales,new_single_family_home_sales_log_change,False,-1,spearman,0.037125532538376575,110,0.7001924923535197,0.871813616196644,ok,all_cross_model_pairs_statistics_and_lags,right_reference_month = left_reference_month + lag_months,False,False,False,exploratory_no_serial_dependence_detected
consumer_demand,consumer_vehicle_units,total_vehicle_unit_sales_log_change,housing_activity,housing_new_home_sales,new_single_family_home_sales_log_change,False,0,pearson,0.4590956519418141,110,4.5460343220994613e-07,1.045587894082876e-05,ok,all_cross_model_pairs_statistics_and_lags,right_reference_month = left_reference_month + lag_months,False,False,False,exploratory_no_serial_dependence_detected
consumer_demand,consumer_vehicle_units,total_vehicle_unit_sales_log_change,housing_activity,housing_new_home_sales,new_single_family_home_sales_log_change,False,0,spearman,0.21571579920203773,110,0.0236160797844797,0.12006912143056522,ok,all_cross_model_pairs_statistics_and_lags,right_reference_month = left_reference_month + lag_months,False,False,False,exploratory_no_serial_dependence_detected
consumer_demand,consumer_vehicle_units,total_vehicle_unit_sales_log_change,housing_activity,housing_new_home_sales,new_single_family_home_sales_log_change,False,1,pearson,0.13583704165430008,108,0.16099294296129307,0.40394592961197173,ok,all_cross_model_pairs_statistics_and_lags,right_reference_month = left_reference_month + lag_months,False,False,False,exploratory_no_serial_dependence_detected
consumer_demand,consumer_vehicle_units,total_vehicle_unit_sales_log_change,housing_activity,housing_new_home_sales,new_single_family_home_sales_log_change,False,1,spearman,0.03983156611125401,108,0.6823286339308975,0.8684182613665968,ok,all_cross_model_pairs_statistics_and_lags,right_reference_month = left_reference_month + lag_months,False,False,False,exploratory_no_serial_dependence_detected
consumer_demand,consumer_vehicle_units,total_vehicle_unit_sales_log_change,housing_activity,housing_single_family_construction,single_family_building_permits_log_change,False,-1,pearson,-0.42768239688279086,110,3.1583437690575107e-06,6.10192016181911e-05,ok,all_cross_model_pairs_statistics_and_lags,right_reference_month = left_reference_month + lag_months,False,False,False,exploratory_no_serial_dependence_detected
consumer_demand,consumer_vehicle_units,total_vehicle_unit_sales_log_change,housing_activity,housing_single_family_construction,single_family_building_permits_log_change,False,-1,spearman,-0.08558934247007642,110,0.373977857210725,0.6788060289970708,ok,all_cross_model_pairs_statistics_and_lags,right_reference_month = left_reference_month + lag_months,False,False,False,exploratory_no_serial_dependence_detected
consumer_demand,consumer_vehicle_units,total_vehicle_unit_sales_log_change,housing_activity,housing_single_family_construction,single_family_building_permits_log_change,False,0,pearson,-0.32532433035669667,110,0.0005245665189900734,0.005224033580870216,ok,all_cross_model_pairs_statistics_and_lags,right_reference_month = left_reference_month + lag_months,False,False,False,exploratory_no_serial_dependence_detected
consumer_demand,consumer_vehicle_units,total_vehicle_unit_sales_log_change,housing_activity,housing_single_family_construction,single_family_building_permits_log_change,False,0,spearman,0.35241530103915425,110,0.00015947960447965627,0.001834015451516047,ok,all_cross_model_pairs_statistics_and_lags,right_reference_month = left_reference_month + lag_months,False,False,False,exploratory_no_serial_dependence_detected
consumer_demand,consumer_vehicle_units,total_vehicle_unit_sales_log_change,housing_activity,housing_single_family_construction,single_family_building_permits_log_change,False,1,pearson,0.18095324039529292,108,0.060910845878331205,0.21474407707470053,ok,all_cross_model_pairs_statistics_and_lags,right_reference_month = left_reference_month + lag_months,False,False,False,exploratory_no_serial_dependence_detected
consumer_demand,consumer_vehicle_units,total_vehicle_unit_sales_log_change,housing_activity,housing_single_family_construction,single_family_building_permits_log_change,False,1,spearman,-0.008516962473920375,108,0.9302879792351573,0.9723935510395314,ok,all_cross_model_pairs_statistics_and_lags,right_reference_month = left_reference_month + lag_months,False,False,False,exploratory_no_serial_dependence_detected
consumer_demand,consumer_vehicle_units,total_vehicle_unit_sales_log_change,housing_activity,housing_single_family_construction,single_family_housing_starts_log_change,False,-1,pearson,-0.25242296373078993,110,0.007804352338990873,0.05163701616072043,ok,all_cross_model_pairs_statistics_and_lags,right_reference_month = left_reference_month + lag_months,False,True,True,exploratory_serial_dependence_detected
consumer_demand,consumer_vehicle_units,total_vehicle_unit_sales_log_change,housing_activity,housing_single_family_construction,single_family_housing_starts_log_change,False,-1,spearman,0.14563938417149427,110,0.12898003584774878,0.35460753117524224,ok,all_cross_model_pairs_statistics_and_lags,right_reference_month = left_reference_month + lag_months,False,True,True,exploratory_serial_dependence_detected
consumer_demand,consumer_vehicle_units,total_vehicle_unit_sales_log_change,housing_activity,housing_single_family_construction,single_family_housing_starts_log_change,False,0,pearson,-0.22211018956020573,110,0.019694899246312146,0.1062864395080309,ok,all_cross_model_pairs_statistics_and_lags,right_reference_month = left_reference_month + lag_months,False,True,True,exploratory_serial_dependence_detected
consumer_demand,consumer_vehicle_units,total_vehicle_unit_sales_log_change,housing_activity,housing_single_family_construction,single_family_housing_starts_log_change,False,0,spearman,-0.14190654374140613,110,0.13918809432241736,0.3673652981296589,ok,all_cross_model_pairs_statistics_and_lags,right_reference_month = left_reference_month + lag_months,False,True,True,exploratory_serial_dependence_detected
consumer_demand,consumer_vehicle_units,total_vehicle_unit_sales_log_change,housing_activity,housing_single_family_construction,single_family_housing_starts_log_change,False,1,pearson,-0.008859686330984677,108,0.9274902348241751,0.9723935510395314,ok,all_cross_model_pairs_statistics_and_lags,right_reference_month = left_reference_month + lag_months,False,True,True,exploratory_serial_dependence_detected
consumer_demand,consumer_vehicle_units,total_vehicle_unit_sales_log_change,housing_activity,housing_single_family_construction,single_family_housing_starts_log_change,False,1,spearman,0.10524260005525546,108,0.2783647333200831,0.5671908643962892,ok,all_cross_model_pairs_statistics_and_lags,right_reference_month = left_reference_month + lag_months,False,True,True,exploratory_serial_dependence_detected
consumer_demand,consumer_vehicle_units,total_vehicle_unit_sales_log_change,inflation_pressure,inflation_expectations,one_year_inflation_expectations_change,False,-1,pearson,,0,,,insufficient_observations,all_cross_model_pairs_statistics_and_lags,right_reference_month = left_reference_month + lag_months,False,False,False,exploratory_no_serial_dependence_detected
consumer_demand,consumer_vehicle_units,total_vehicle_unit_sales_log_change,inflation_pressure,inflation_expectations,one_year_inflation_expectations_change,False,-1,spearman,,0,,,insufficient_observations,all_cross_model_pairs_statistics_and_lags,right_reference_month = left_reference_month + lag_months,False,False,False,exploratory_no_serial_dependence_detected
consumer_demand,consumer_vehicle_units,total_vehicle_unit_sales_log_change,inflation_pressure,inflation_expectations,one_year_inflation_expectations_change,False,0,pearson,,1,,,insufficient_observations,all_cross_model_pairs_statistics_and_lags,right_reference_month = left_reference_month + lag_months,False,False,False,exploratory_no_serial_dependence_detected
consumer_demand,consumer_vehicle_units,total_vehicle_unit_sales_log_change,inflation_pressure,inflation_expectations,one_year_inflation_expectations_change,False,0,spearman,,1,,,insufficient_observations,all_cross_model_pairs_statistics_and_lags,right_reference_month = left_reference_month + lag_months,False,False,False,exploratory_no_serial_dependence_detected
consumer_demand,consumer_vehicle_units,total_vehicle_unit_sales_log_change,inflation_pressure,inflation_expectations,one_year_inflation_expectations_change,False,1,pearson,,1,,,insufficient_observations,all_cross_model_pairs_statistics_and_lags,right_reference_month = left_reference_month + lag_months,False,False,False,exploratory_no_serial_dependence_detected
consumer_demand,consumer_vehicle_units,total_vehicle_unit_sales_log_change,inflation_pressure,inflation_expectations,one_year_inflation_expectations_change,False,1,spearman,,1,,,insufficient_observations,all_cross_model_pairs_statistics_and_lags,right_reference_month = left_reference_month + lag_months,False,False,False,exploratory_no_serial_dependence_detected
consumer_demand,consumer_vehicle_units,total_vehicle_unit_sales_log_change,inflation_pressure,inflation_import_prices,import_prices_ex_food_fuels_computers_12m_log_change,False,-1,pearson,-0.062133271747009486,110,0.519031850399592,0.7773407247845052,ok,all_cross_model_pairs_statistics_and_lags,right_reference_month = left_reference_month + lag_months,False,True,True,exploratory_serial_dependence_detected
consumer_demand,consumer_vehicle_units,total_vehicle_unit_sales_log_change,inflation_pressure,inflation_import_prices,import_prices_ex_food_fuels_computers_12m_log_change,False,-1,spearman,-0.20893537407298873,110,0.02848533981041041,0.13967938201449978,ok,all_cross_model_pairs_statistics_and_lags,right_reference_month = left_reference_month + lag_months,False,True,True,exploratory_serial_dependence_detected
consumer_demand,consumer_vehicle_units,total_vehicle_unit_sales_log_change,inflation_pressure,inflation_import_prices,import_prices_ex_food_fuels_computers_12m_log_change,False,0,pearson,-0.19346096916938565,111,0.041908544903777996,0.17071826779212762,ok,all_cross_model_pairs_statistics_and_lags,right_reference_month = left_reference_month + lag_months,False,True,True,exploratory_serial_dependence_detected
consumer_demand,consumer_vehicle_units,total_vehicle_unit_sales_log_change,inflation_pressure,inflation_import_prices,import_prices_ex_food_fuels_computers_12m_log_change,False,0,spearman,-0.11874341874341875,111,0.21450432711243705,0.48549240658560366,ok,all_cross_model_pairs_statistics_and_lags,right_reference_month = left_reference_month + lag_months,False,True,True,exploratory_serial_dependence_detected
consumer_demand,consumer_vehicle_units,total_vehicle_unit_sales_log_change,inflation_pressure,inflation_import_prices,import_prices_ex_food_fuels_computers_12m_log_change,False,1,pearson,-0.02608818762774491,109,0.7877185246825137,0.9128445362794549,ok,all_cross_model_pairs_statistics_and_lags,right_reference_month = left_reference_month + lag_months,False,True,True,exploratory_serial_dependence_detected
consumer_demand,consumer_vehicle_units,total_vehicle_unit_sales_log_change,inflation_pressure,inflation_import_prices,import_prices_ex_food_fuels_computers_12m_log_change,False,1,spearman,-0.09456028171624503,109,0.32804945794821844,0.6287614610674187,ok,all_cross_model_pairs_statistics_and_lags,right_reference_month = left_reference_month + lag_months,False,True,True,exploratory_serial_dependence_detected
consumer_demand,consumer_vehicle_units,total_vehicle_unit_sales_log_change,inflation_pressure,inflation_input_costs,intermediate_materials_prices_log_change,False,-1,pearson,-0.01821186301357186,35,0.9172976192041454,0.9686993984394437,ok,all_cross_model_pairs_statistics_and_lags,right_reference_month = left_reference_month + lag_months,False,True,True,exploratory_serial_dependence_detected
consumer_demand,consumer_vehicle_units,total_vehicle_unit_sales_log_change,inflation_pressure,inflation_input_costs,intermediate_materials_prices_log_change,False,-1,spearman,-0.04929971988795519,35,0.778526547943051,0.9105864937894548,ok,all_cross_model_pairs_statistics_and_lags,right_reference_month = left_reference_month + lag_months,False,True,True,exploratory_serial_dependence_detected
consumer_demand,consumer_vehicle_units,total_vehicle_unit_sales_log_change,inflation_pressure,inflation_input_costs,intermediate_materials_prices_log_change,False,0,pearson,0.13247837011986663,37,0.4344316863299091,0.7248031243431644,ok,all_cross_model_pairs_statistics_and_lags,right_reference_month = left_reference_month + lag_months,False,True,True,exploratory_serial_dependence_detected
consumer_demand,consumer_vehicle_units,total_vehicle_unit_sales_log_change,inflation_pressure,inflation_input_costs,intermediate_materials_prices_log_change,False,0,spearman,0.13632053105737316,37,0.4211019255246158,0.7171443685706728,ok,all_cross_model_pairs_statistics_and_lags,right_reference_month = left_reference_month + lag_months,False,True,True,exploratory_serial_dependence_detected
consumer_demand,consumer_vehicle_units,total_vehicle_unit_sales_log_change,inflation_pressure,inflation_input_costs,intermediate_materials_prices_log_change,False,1,pearson,-0.022172749803212283,36,0.897866435973937,0.9604129780170888,ok,all_cross_model_pairs_statistics_and_lags,right_reference_month = left_reference_month + lag_months,False,True,True,exploratory_serial_dependence_detected
consumer_demand,consumer_vehicle_units,total_vehicle_unit_sales_log_change,inflation_pressure,inflation_input_costs,intermediate_materials_prices_log_change,False,1,spearman,-0.10398970398970399,36,0.5461372962606709,0.7864323204784563,ok,all_cross_model_pairs_statistics_and_lags,right_reference_month = left_reference_month + lag_months,False,True,True,exploratory_serial_dependence_detected
consumer_demand,consumer_vehicle_units,total_vehicle_unit_sales_log_change,manufacturing_surveys,manufacturing_empire_state,empire_current_new_orders_level,False,-1,pearson,-0.1575550533928489,93,0.13147935418868106,0.35552945546504733,ok,all_cross_model_pairs_statistics_and_lags,right_reference_month = left_reference_month + lag_months,False,True,True,exploratory_serial_dependence_detected
consumer_demand,consumer_vehicle_units,total_vehicle_unit_sales_log_change,manufacturing_surveys,manufacturing_empire_state,empire_current_new_orders_level,False,-1,spearman,-0.24078660738265045,93,0.020073268561229884,0.10772654127860037,ok,all_cross_model_pairs_statistics_and_lags,right_reference_month = left_reference_month + lag_months,False,True,True,exploratory_serial_dependence_detected
consumer_demand,consumer_vehicle_units,total_vehicle_unit_sales_log_change,manufacturing_surveys,manufacturing_empire_state,empire_current_new_orders_level,False,0,pearson,-0.46090019914547836,95,2.599097167723941e-06,5.123934416370055e-05,ok,all_cross_model_pairs_statistics_and_lags,right_reference_month = left_reference_month + lag_months,False,True,True,exploratory_serial_dependence_detected
consumer_demand,consumer_vehicle_units,total_vehicle_unit_sales_log_change,manufacturing_surveys,manufacturing_empire_state,empire_current_new_orders_level,False,0,spearman,0.006676931690929451,95,0.9487967580013354,0.9802195880577573,ok,all_cross_model_pairs_statistics_and_lags,right_reference_month = left_reference_month + lag_months,False,True,True,exploratory_serial_dependence_detected
consumer_demand,consumer_vehicle_units,total_vehicle_unit_sales_log_change,manufacturing_surveys,manufacturing_empire_state,empire_current_new_orders_level,False,1,pearson,-0.3668326525802133,94,0.0002762324945144035,0.002900441192401237,ok,all_cross_model_pairs_statistics_and_lags,right_reference_month = left_reference_month + lag_months,False,True,True,exploratory_serial_dependence_detected
consumer_demand,consumer_vehicle_units,total_vehicle_unit_sales_log_change,manufacturing_surveys,manufacturing_empire_state,empire_current_new_orders_level,False,1,spearman,-0.12534046165516743,94,0.22869979479194893,0.5078712684345349,ok,all_cross_model_pairs_statistics_and_lags,right_reference_month = left_reference_month + lag_months,False,True,True,exploratory_serial_dependence_detected
consumer_demand,consumer_vehicle_units,total_vehicle_unit_sales_log_change,manufacturing_surveys,manufacturing_empire_state,empire_current_prices_paid_level,False,-1,pearson,-4.357097282274374e-05,93,0.9996692766111784,0.9996692766111784,ok,all_cross_model_pairs_statistics_and_lags,right_reference_month = left_reference_month + lag_months,False,True,True,exploratory_serial_dependence_detected
consumer_demand,consumer_vehicle_units,total_vehicle_unit_sales_log_change,manufacturing_surveys,manufacturing_empire_state,empire_current_prices_paid_level,False,-1,spearman,-0.10402554385127269,93,0.32104458894523225,0.6240739230323126,ok,all_cross_model_pairs_statistics_and_lags,right_reference_month = left_reference_month + lag_months,False,True,True,exploratory_serial_dependence_detected
consumer_demand,consumer_vehicle_units,total_vehicle_unit_sales_log_change,manufacturing_surveys,manufacturing_empire_state,empire_current_prices_paid_level,False,0,pearson,0.03091274506507362,95,0.7661744554879379,0.9070390498534446,ok,all_cross_model_pairs_statistics_and_lags,right_reference_month = left_reference_month + lag_months,False,True,True,exploratory_serial_dependence_detected
consumer_demand,consumer_vehicle_units,total_vehicle_unit_sales_log_change,manufacturing_surveys,manufacturing_empire_state,empire_current_prices_paid_level,False,0,spearman,-0.17992721164613662,95,0.08102545991927308,0.26177456281611305,ok,all_cross_model_pairs_statistics_and_lags,right_reference_month = left_reference_month + lag_months,False,True,True,exploratory_serial_dependence_detected
consumer_demand,consumer_vehicle_units,total_vehicle_unit_sales_log_change,manufacturing_surveys,manufacturing_empire_state,empire_current_prices_paid_level,False,1,pearson,-0.020313762440829795,94,0.845914287998281,0.9440076558629265,ok,all_cross_model_pairs_statistics_and_lags,right_reference_month = left_reference_month + lag_months,False,True,True,exploratory_serial_dependence_detected
consumer_demand,consumer_vehicle_units,total_vehicle_unit_sales_log_change,manufacturing_surveys,manufacturing_empire_state,empire_current_prices_paid_level,False,1,spearman,-0.12067333742730196,94,0.24663692405004287,0.5306264334796023,ok,all_cross_model_pairs_statistics_and_lags,right_reference_month = left_reference_month + lag_months,False,True,True,exploratory_serial_dependence_detected
consumer_demand,consumer_vehicle_units,total_vehicle_unit_sales_log_change,manufacturing_surveys,manufacturing_philadelphia,philadelphia_current_new_orders_level,False,-1,pearson,-0.2779471187767788,79,0.013132684395610494,0.07911259942305131,ok,all_cross_model_pairs_statistics_and_lags,right_reference_month = left_reference_month + lag_months,False,True,True,exploratory_serial_dependence_detected
consumer_demand,consumer_vehicle_units,total_vehicle_unit_sales_log_change,manufacturing_surveys,manufacturing_philadelphia,philadelphia_current_new_orders_level,False,-1,spearman,-0.07441577409931842,79,0.5145405621106837,0.7734334337144347,ok,all_cross_model_pairs_statistics_and_lags,right_reference_month = left_reference_month + lag_months,False,True,True,exploratory_serial_dependence_detected
consumer_demand,consumer_vehicle_units,total_vehicle_unit_sales_log_change,manufacturing_surveys,manufacturing_philadelphia,philadelphia_current_new_orders_level,False,0,pearson,-0.6004414660229382,81,3.1198224296150462e-09,1.4351183176229214e-07,ok,all_cross_model_pairs_statistics_and_lags,right_reference_month = left_reference_month + lag_months,False,True,True,exploratory_serial_dependence_detected
consumer_demand,consumer_vehicle_units,total_vehicle_unit_sales_log_change,manufacturing_surveys,manufacturing_philadelphia,philadelphia_current_new_orders_level,False,0,spearman,-0.13796296296296295,81,0.2193527809131141,0.4916352351788126,ok,all_cross_model_pairs_statistics_and_lags,right_reference_month = left_reference_month + lag_months,False,True,True,exploratory_serial_dependence_detected
consumer_demand,consumer_vehicle_units,total_vehicle_unit_sales_log_change,manufacturing_surveys,manufacturing_philadelphia,philadelphia_current_new_orders_level,False,1,pearson,-0.22412922645815023,80,0.045648761748510125,0.17998654632269706,ok,all_cross_model_pairs_statistics_and_lags,right_reference_month = left_reference_month + lag_months,False,True,True,exploratory_serial_dependence_detected
consumer_demand,consumer_vehicle_units,total_vehicle_unit_sales_log_change,manufacturing_surveys,manufacturing_philadelphia,philadelphia_current_new_orders_level,False,1,spearman,0.04939052977027661,80,0.6635077437513831,0.8557389592307557,ok,all_cross_model_pairs_statistics_and_lags,right_reference_month = left_reference_month + lag_months,False,True,True,exploratory_serial_dependence_detected
consumer_demand,consumer_vehicle_units,total_vehicle_unit_sales_log_change,manufacturing_surveys,manufacturing_philadelphia,philadelphia_current_prices_paid_level,False,-1,pearson,-0.07863327066177697,79,0.49092681749407463,0.7581020979533246,ok,all_cross_model_pairs_statistics_and_lags,right_reference_month = left_reference_month + lag_months,False,True,True,exploratory_serial_dependence_detected
consumer_demand,consumer_vehicle_units,total_vehicle_unit_sales_log_change,manufacturing_surveys,manufacturing_philadelphia,philadelphia_current_prices_paid_level,False,-1,spearman,-0.2593232716650438,79,0.021009795727158026,0.11212962802450084,ok,all_cross_model_pairs_statistics_and_lags,right_reference_month = left_reference_month + lag_months,False,True,True,exploratory_serial_dependence_detected
consumer_demand,consumer_vehicle_units,total_vehicle_unit_sales_log_change,manufacturing_surveys,manufacturing_philadelphia,philadelphia_current_prices_paid_level,False,0,pearson,-0.020330834167201977,81,0.8570331502941605,0.9488904634305647,ok,all_cross_model_pairs_statistics_and_lags,right_reference_month = left_reference_month + lag_months,False,True,True,exploratory_serial_dependence_detected
consumer_demand,consumer_vehicle_units,total_vehicle_unit_sales_log_change,manufacturing_surveys,manufacturing_philadelphia,philadelphia_current_prices_paid_level,False,0,spearman,-0.10492321589882564,81,0.35122896484091076,0.6549945560546714,ok,all_cross_model_pairs_statistics_and_lags,right_reference_month = left_reference_month + lag_months,False,True,True,exploratory_serial_dependence_detected
consumer_demand,consumer_vehicle_units,total_vehicle_unit_sales_log_change,manufacturing_surveys,manufacturing_philadelphia,philadelphia_current_prices_paid_level,False,1,pearson,-0.0707853169819295,80,0.5326656093977645,0.7825483309366525,ok,all_cross_model_pairs_statistics_and_lags,right_reference_month = left_reference_month + lag_months,False,True,True,exploratory_serial_dependence_detected
consumer_demand,consumer_vehicle_units,total_vehicle_unit_sales_log_change,manufacturing_surveys,manufacturing_philadelphia,philadelphia_current_prices_paid_level,False,1,spearman,-0.1295827473042663,80,0.25195245837290386,0.5359485225267825,ok,all_cross_model_pairs_statistics_and_lags,right_reference_month = left_reference_month + lag_months,False,True,True,exploratory_serial_dependence_detected
consumer_demand,consumer_vehicle_units,total_vehicle_unit_sales_log_change,monthly_labor_demand,monthly_labor_demand,hires_rate_change,False,-1,pearson,-0.2481457789885078,92,0.017078214668774683,0.09533183681717038,ok,all_cross_model_pairs_statistics_and_lags,right_reference_month = left_reference_month + lag_months,False,True,True,exploratory_serial_dependence_detected
consumer_demand,consumer_vehicle_units,total_vehicle_unit_sales_log_change,monthly_labor_demand,monthly_labor_demand,hires_rate_change,False,-1,spearman,-0.14896043647796803,92,0.15643523517413255,0.39455988819376514,ok,all_cross_model_pairs_statistics_and_lags,right_reference_month = left_reference_month + lag_months,False,True,True,exploratory_serial_dependence_detected
consumer_demand,consumer_vehicle_units,total_vehicle_unit_sales_log_change,monthly_labor_demand,monthly_labor_demand,hires_rate_change,False,0,pearson,-0.2924331395736042,94,0.0042349160611657895,0.032212038701465766,ok,all_cross_model_pairs_statistics_and_lags,right_reference_month = left_reference_month + lag_months,False,True,True,exploratory_serial_dependence_detected
consumer_demand,consumer_vehicle_units,total_vehicle_unit_sales_log_change,monthly_labor_demand,monthly_labor_demand,hires_rate_change,False,0,spearman,-0.08446338908355308,94,0.41828865619616357,0.716430570718961,ok,all_cross_model_pairs_statistics_and_lags,right_reference_month = left_reference_month + lag_months,False,True,True,exploratory_serial_dependence_detected
consumer_demand,consumer_vehicle_units,total_vehicle_unit_sales_log_change,monthly_labor_demand,monthly_labor_demand,hires_rate_change,False,1,pearson,0.7538895131570147,93,2.747653034301067e-18,3.7917611873354726e-16,ok,all_cross_model_pairs_statistics_and_lags,right_reference_month = left_reference_month + lag_months,False,True,True,exploratory_serial_dependence_detected
consumer_demand,consumer_vehicle_units,total_vehicle_unit_sales_log_change,monthly_labor_demand,monthly_labor_demand,hires_rate_change,False,1,spearman,0.08051087702545433,93,0.44298372129395824,0.7299640597243288,ok,all_cross_model_pairs_statistics_and_lags,right_reference_month = left_reference_month + lag_months,False,True,True,exploratory_serial_dependence_detected
consumer_demand,consumer_vehicle_units,total_vehicle_unit_sales_log_change,monthly_labor_demand,monthly_labor_demand,job_openings_rate_change,False,-1,pearson,-0.2770571932202673,92,0.00750285483160218,0.0507515027406309,ok,all_cross_model_pairs_statistics_and_lags,right_reference_month = left_reference_month + lag_months,False,False,False,exploratory_no_serial_dependence_detected
consumer_demand,consumer_vehicle_units,total_vehicle_unit_sales_log_change,monthly_labor_demand,monthly_labor_demand,job_openings_rate_change,False,-1,spearman,-0.02020560085076214,92,0.8483885058941458,0.9441743049467107,ok,all_cross_model_pairs_statistics_and_lags,right_reference_month = left_reference_month + lag_months,False,False,False,exploratory_no_serial_dependence_detected
consumer_demand,consumer_vehicle_units,total_vehicle_unit_sales_log_change,monthly_labor_demand,monthly_labor_demand,job_openings_rate_change,False,0,pearson,-0.13975515804201896,94,0.1791261597109187,0.4325896757018686,ok,all_cross_model_pairs_statistics_and_lags,right_reference_month = left_reference_month + lag_months,False,False,False,exploratory_no_serial_dependence_detected
consumer_demand,consumer_vehicle_units,total_vehicle_unit_sales_log_change,monthly_labor_demand,monthly_labor_demand,job_openings_rate_change,False,0,spearman,-0.0908066322291659,94,0.3840690729156172,0.684521631801635,ok,all_cross_model_pairs_statistics_and_lags,right_reference_month = left_reference_month + lag_months,False,False,False,exploratory_no_serial_dependence_detected
consumer_demand,consumer_vehicle_units,total_vehicle_unit_sales_log_change,monthly_labor_demand,monthly_labor_demand,job_openings_rate_change,False,1,pearson,0.12615436074444195,93,0.2282205071230996,0.5078712684345349,ok,all_cross_model_pairs_statistics_and_lags,right_reference_month = left_reference_month + lag_months,False,False,False,exploratory_no_serial_dependence_detected
consumer_demand,consumer_vehicle_units,total_vehicle_unit_sales_log_change,monthly_labor_demand,monthly_labor_demand,job_openings_rate_change,False,1,spearman,0.08246545910298109,93,0.43195412895618107,0.7219164162139635,ok,all_cross_model_pairs_statistics_and_lags,right_reference_month = left_reference_month + lag_months,False,False,False,exploratory_no_serial_dependence_detected
consumer_demand,consumer_vehicle_units,total_vehicle_unit_sales_log_change,monthly_labor_demand,monthly_labor_demand,layoffs_discharges_rate_change,False,-1,pearson,0.9739965201110622,92,7.97633539450297e-60,3.852569995544934e-57,ok,all_cross_model_pairs_statistics_and_lags,right_reference_month = left_reference_month + lag_months,False,False,False,exploratory_no_serial_dependence_detected
consumer_demand,consumer_vehicle_units,total_vehicle_unit_sales_log_change,monthly_labor_demand,monthly_labor_demand,layoffs_discharges_rate_change,False,-1,spearman,0.15862398471094122,92,0.13098101371604423,0.35552945546504733,ok,all_cross_model_pairs_statistics_and_lags,right_reference_month = left_reference_month + lag_months,False,False,False,exploratory_no_serial_dependence_detected
consumer_demand,consumer_vehicle_units,total_vehicle_unit_sales_log_change,monthly_labor_demand,monthly_labor_demand,layoffs_discharges_rate_change,False,0,pearson,-0.06236262271376002,94,0.5504273878377446,0.7887861067584985,ok,all_cross_model_pairs_statistics_and_lags,right_reference_month = left_reference_month + lag_months,False,False,False,exploratory_no_serial_dependence_detected
consumer_demand,consumer_vehicle_units,total_vehicle_unit_sales_log_change,monthly_labor_demand,monthly_labor_demand,layoffs_discharges_rate_change,False,0,spearman,-0.28542426760105477,94,0.005294916265935643,0.03788806750291727,ok,all_cross_model_pairs_statistics_and_lags,right_reference_month = left_reference_month + lag_months,False,False,False,exploratory_no_serial_dependence_detected
consumer_demand,consumer_vehicle_units,total_vehicle_unit_sales_log_change,monthly_labor_demand,monthly_labor_demand,layoffs_discharges_rate_change,False,1,pearson,-0.13615072876841125,93,0.1931554118181891,0.44837829408775054,ok,all_cross_model_pairs_statistics_and_lags,right_reference_month = left_reference_month + lag_months,False,False,False,exploratory_no_serial_dependence_detected
consumer_demand,consumer_vehicle_units,total_vehicle_unit_sales_log_change,monthly_labor_demand,monthly_labor_demand,layoffs_discharges_rate_change,False,1,spearman,-0.1627674494941959,93,0.1190299723433597,0.3362074657417704,ok,all_cross_model_pairs_statistics_and_lags,right_reference_month = left_reference_month + lag_months,False,False,False,exploratory_no_serial_dependence_detected
consumer_demand,consumer_vehicle_units,total_vehicle_unit_sales_log_change,monthly_labor_demand,monthly_labor_demand,quits_rate_change,False,-1,pearson,-0.5576926046743367,92,7.701615441852447e-09,2.8614463526267167e-07,ok,all_cross_model_pairs_statistics_and_lags,right_reference_month = left_reference_month + lag_months,False,False,False,exploratory_no_serial_dependence_detected
consumer_demand,consumer_vehicle_units,total_vehicle_unit_sales_log_change,monthly_labor_demand,monthly_labor_demand,quits_rate_change,False,-1,spearman,-0.027048687637747947,92,0.7979960420546502,0.9179009559658772,ok,all_cross_model_pairs_statistics_and_lags,right_reference_month = left_reference_month + lag_months,False,False,False,exploratory_no_serial_dependence_detected
consumer_demand,consumer_vehicle_units,total_vehicle_unit_sales_log_change,monthly_labor_demand,monthly_labor_demand,quits_rate_change,False,0,pearson,-0.31868287267445566,94,0.0017453806948945123,0.015189529290703593,ok,all_cross_model_pairs_statistics_and_lags,right_reference_month = left_reference_month + lag_months,False,False,False,exploratory_no_serial_dependence_detected
consumer_demand,consumer_vehicle_units,total_vehicle_unit_sales_log_change,monthly_labor_demand,monthly_labor_demand,quits_rate_change,False,0,spearman,-0.16227287504966947,94,0.11814211425364539,0.33467824741648516,ok,all_cross_model_pairs_statistics_and_lags,right_reference_month = left_reference_month + lag_months,False,False,False,exploratory_no_serial_dependence_detected
consumer_demand,consumer_vehicle_units,total_vehicle_unit_sales_log_change,monthly_labor_demand,monthly_labor_demand,quits_rate_change,False,1,pearson,0.002575298686583727,93,0.9804542406098025,0.9919683016362021,ok,all_cross_model_pairs_statistics_and_lags,right_reference_month = left_reference_month + lag_months,False,False,False,exploratory_no_serial_dependence_detected
consumer_demand,consumer_vehicle_units,total_vehicle_unit_sales_log_change,monthly_labor_demand,monthly_labor_demand,quits_rate_change,False,1,spearman,0.04204589537763719,93,0.6890320267591645,0.8700718141821607,ok,all_cross_model_pairs_statistics_and_lags,right_reference_month = left_reference_month + lag_months,False,False,False,exploratory_no_serial_dependence_detected
consumer_demand,consumer_vehicle_units,total_vehicle_unit_sales_log_change,weekly_labor_stress,weekly_continued_claims,continued_claims_innovation,False,-1,pearson,0.9379277324942844,108,1.4723473776199279e-50,3.555718916952126e-48,ok,all_cross_model_pairs_statistics_and_lags,right_reference_month = left_reference_month + lag_months,False,True,True,exploratory_serial_dependence_detected
consumer_demand,consumer_vehicle_units,total_vehicle_unit_sales_log_change,weekly_labor_stress,weekly_continued_claims,continued_claims_innovation,False,-1,spearman,-0.0669924833519106,108,0.4908990396946001,0.7581020979533246,ok,all_cross_model_pairs_statistics_and_lags,right_reference_month = left_reference_month + lag_months,False,True,True,exploratory_serial_dependence_detected
consumer_demand,consumer_vehicle_units,total_vehicle_unit_sales_log_change,weekly_labor_stress,weekly_continued_claims,continued_claims_innovation,False,0,pearson,-0.03957209264432756,110,0.6814719915371495,0.8684182613665968,ok,all_cross_model_pairs_statistics_and_lags,right_reference_month = left_reference_month + lag_months,False,True,True,exploratory_serial_dependence_detected
consumer_demand,consumer_vehicle_units,total_vehicle_unit_sales_log_change,weekly_labor_stress,weekly_continued_claims,continued_claims_innovation,False,0,spearman,-0.18390550684128665,110,0.05445233708100475,0.1992460515918583,ok,all_cross_model_pairs_statistics_and_lags,right_reference_month = left_reference_month + lag_months,False,True,True,exploratory_serial_dependence_detected
consumer_demand,consumer_vehicle_units,total_vehicle_unit_sales_log_change,weekly_labor_stress,weekly_continued_claims,continued_claims_innovation,False,1,pearson,-0.16338759753478374,109,0.08958741012882089,0.28189393545420516,ok,all_cross_model_pairs_statistics_and_lags,right_reference_month = left_reference_month + lag_months,False,True,True,exploratory_serial_dependence_detected
consumer_demand,consumer_vehicle_units,total_vehicle_unit_sales_log_change,weekly_labor_stress,weekly_continued_claims,continued_claims_innovation,False,1,spearman,0.005337781484570476,109,0.9560699651609004,0.9802195880577573,ok,all_cross_model_pairs_statistics_and_lags,right_reference_month = left_reference_month + lag_months,False,True,True,exploratory_serial_dependence_detected
consumer_demand,consumer_vehicle_units,total_vehicle_unit_sales_log_change,weekly_labor_stress,weekly_labor_stress,initial_claims_innovation,False,-1,pearson,0.934074085400276,108,3.23852378277651e-49,5.214023290270181e-47,ok,all_cross_model_pairs_statistics_and_lags,right_reference_month = left_reference_month + lag_months,False,True,True,exploratory_serial_dependence_detected
consumer_demand,consumer_vehicle_units,total_vehicle_unit_sales_log_change,weekly_labor_stress,weekly_labor_stress,initial_claims_innovation,False,-1,spearman,0.031162174778739983,108,0.7488498848966533,0.8986198618759839,ok,all_cross_model_pairs_statistics_and_lags,right_reference_month = left_reference_month + lag_months,False,True,True,exploratory_serial_dependence_detected
consumer_demand,consumer_vehicle_units,total_vehicle_unit_sales_log_change,weekly_labor_stress,weekly_labor_stress,initial_claims_innovation,False,0,pearson,-0.161755564288057,110,0.09136059154080854,0.2856127230693238,ok,all_cross_model_pairs_statistics_and_lags,right_reference_month = left_reference_month + lag_months,False,True,True,exploratory_serial_dependence_detected
consumer_demand,consumer_vehicle_units,total_vehicle_unit_sales_log_change,weekly_labor_stress,weekly_labor_stress,initial_claims_innovation,False,0,spearman,-0.08758199400401236,110,0.3629151494570614,0.6674087352836098,ok,all_cross_model_pairs_statistics_and_lags,right_reference_month = left_reference_month + lag_months,False,True,True,exploratory_serial_dependence_detected
consumer_demand,consumer_vehicle_units,total_vehicle_unit_sales_log_change,weekly_labor_stress,weekly_labor_stress,initial_claims_innovation,False,1,pearson,-0.03756986226425747,109,0.6981227683621507,0.8715802950475713,ok,all_cross_model_pairs_statistics_and_lags,right_reference_month = left_reference_month + lag_months,False,True,True,exploratory_serial_dependence_detected
consumer_demand,consumer_vehicle_units,total_vehicle_unit_sales_log_change,weekly_labor_stress,weekly_labor_stress,initial_claims_innovation,False,1,spearman,0.013307385784450006,109,0.8907640180133423,0.9593783856080961,ok,all_cross_model_pairs_statistics_and_lags,right_reference_month = left_reference_month + lag_months,False,True,True,exploratory_serial_dependence_detected
housing_activity,housing_new_home_sales,new_single_family_home_sales_log_change,housing_activity,housing_single_family_construction,single_family_building_permits_log_change,True,-1,pearson,-0.11573741151788518,126,0.19686211505034387,0.4528860598473641,ok,all_cross_model_pairs_statistics_and_lags,right_reference_month = left_reference_month + lag_months,False,False,False,exploratory_no_serial_dependence_detected
housing_activity,housing_new_home_sales,new_single_family_home_sales_log_change,housing_activity,housing_single_family_construction,single_family_building_permits_log_change,True,-1,spearman,0.09814473190851145,126,0.27424701228075526,0.5640722339981322,ok,all_cross_model_pairs_statistics_and_lags,right_reference_month = left_reference_month + lag_months,False,False,False,exploratory_no_serial_dependence_detected
housing_activity,housing_new_home_sales,new_single_family_home_sales_log_change,housing_activity,housing_single_family_construction,single_family_building_permits_log_change,True,0,pearson,0.06359095499937496,128,0.47577516066662495,0.7547066240431071,ok,all_cross_model_pairs_statistics_and_lags,right_reference_month = left_reference_month + lag_months,False,False,False,exploratory_no_serial_dependence_detected
housing_activity,housing_new_home_sales,new_single_family_home_sales_log_change,housing_activity,housing_single_family_construction,single_family_building_permits_log_change,True,0,spearman,0.18843275041201246,128,0.0331649855428777,0.15183590537639743,ok,all_cross_model_pairs_statistics_and_lags,right_reference_month = left_reference_month + lag_months,False,False,False,exploratory_no_serial_dependence_detected
housing_activity,housing_new_home_sales,new_single_family_home_sales_log_change,housing_activity,housing_single_family_construction,single_family_building_permits_log_change,True,1,pearson,0.21684975003169876,126,0.014729247626080468,0.0846931738499627,ok,all_cross_model_pairs_statistics_and_lags,right_reference_month = left_reference_month + lag_months,False,False,False,exploratory_no_serial_dependence_detected
housing_activity,housing_new_home_sales,new_single_family_home_sales_log_change,housing_activity,housing_single_family_construction,single_family_building_permits_log_change,True,1,spearman,0.17101162354705662,126,0.05554374575786734,0.20095602397790205,ok,all_cross_model_pairs_statistics_and_lags,right_reference_month = left_reference_month + lag_months,False,False,False,exploratory_no_serial_dependence_detected
housing_activity,housing_new_home_sales,new_single_family_home_sales_log_change,housing_activity,housing_single_family_construction,single_family_housing_starts_log_change,True,-1,pearson,-0.083216391054088,126,0.35423798269443174,0.6593331238590001,ok,all_cross_model_pairs_statistics_and_lags,right_reference_month = left_reference_month + lag_months,False,True,True,exploratory_serial_dependence_detected
housing_activity,housing_new_home_sales,new_single_family_home_sales_log_change,housing_activity,housing_single_family_construction,single_family_housing_starts_log_change,True,-1,spearman,0.006242219722534683,126,0.9446942371320189,0.978107859667235,ok,all_cross_model_pairs_statistics_and_lags,right_reference_month = left_reference_month + lag_months,False,True,True,exploratory_serial_dependence_detected
housing_activity,housing_new_home_sales,new_single_family_home_sales_log_change,housing_activity,housing_single_family_construction,single_family_housing_starts_log_change,True,0,pearson,0.05377540656671361,128,0.5465968593265063,0.7864323204784563,ok,all_cross_model_pairs_statistics_and_lags,right_reference_month = left_reference_month + lag_months,False,True,True,exploratory_serial_dependence_detected
housing_activity,housing_new_home_sales,new_single_family_home_sales_log_change,housing_activity,housing_single_family_construction,single_family_housing_starts_log_change,True,0,spearman,0.1406908075444058,128,0.1131915557863921,0.3287186722806481,ok,all_cross_model_pairs_statistics_and_lags,right_reference_month = left_reference_month + lag_months,False,True,True,exploratory_serial_dependence_detected
housing_activity,housing_new_home_sales,new_single_family_home_sales_log_change,housing_activity,housing_single_family_construction,single_family_housing_starts_log_change,True,1,pearson,-0.0477705104307336,126,0.5952926982219418,0.8142829109031465,ok,all_cross_model_pairs_statistics_and_lags,right_reference_month = left_reference_month + lag_months,False,True,True,exploratory_serial_dependence_detected
housing_activity,housing_new_home_sales,new_single_family_home_sales_log_change,housing_activity,housing_single_family_construction,single_family_housing_starts_log_change,True,1,spearman,-0.07111811023622047,126,0.42874240004824143,0.7202872320810456,ok,all_cross_model_pairs_statistics_and_lags,right_reference_month = left_reference_month + lag_months,False,True,True,exploratory_serial_dependence_detected
housing_activity,housing_new_home_sales,new_single_family_home_sales_log_change,inflation_pressure,inflation_expectations,one_year_inflation_expectations_change,False,-1,pearson,,0,,,insufficient_observations,all_cross_model_pairs_statistics_and_lags,right_reference_month = left_reference_month + lag_months,False,False,False,exploratory_no_serial_dependence_detected
housing_activity,housing_new_home_sales,new_single_family_home_sales_log_change,inflation_pressure,inflation_expectations,one_year_inflation_expectations_change,False,-1,spearman,,0,,,insufficient_observations,all_cross_model_pairs_statistics_and_lags,right_reference_month = left_reference_month + lag_months,False,False,False,exploratory_no_serial_dependence_detected
housing_activity,housing_new_home_sales,new_single_family_home_sales_log_change,inflation_pressure,inflation_expectations,one_year_inflation_expectations_change,False,0,pearson,,1,,,insufficient_observations,all_cross_model_pairs_statistics_and_lags,right_reference_month = left_reference_month + lag_months,False,False,False,exploratory_no_serial_dependence_detected
housing_activity,housing_new_home_sales,new_single_family_home_sales_log_change,inflation_pressure,inflation_expectations,one_year_inflation_expectations_change,False,0,spearman,,1,,,insufficient_observations,all_cross_model_pairs_statistics_and_lags,right_reference_month = left_reference_month + lag_months,False,False,False,exploratory_no_serial_dependence_detected
housing_activity,housing_new_home_sales,new_single_family_home_sales_log_change,inflation_pressure,inflation_expectations,one_year_inflation_expectations_change,False,1,pearson,,1,,,insufficient_observations,all_cross_model_pairs_statistics_and_lags,right_reference_month = left_reference_month + lag_months,False,False,False,exploratory_no_serial_dependence_detected
housing_activity,housing_new_home_sales,new_single_family_home_sales_log_change,inflation_pressure,inflation_expectations,one_year_inflation_expectations_change,False,1,spearman,,1,,,insufficient_observations,all_cross_model_pairs_statistics_and_lags,right_reference_month = left_reference_month + lag_months,False,False,False,exploratory_no_serial_dependence_detected
housing_activity,housing_new_home_sales,new_single_family_home_sales_log_change,inflation_pressure,inflation_import_prices,import_prices_ex_food_fuels_computers_12m_log_change,False,-1,pearson,0.011288151357426196,127,0.8997657816826764,0.9604129780170888,ok,all_cross_model_pairs_statistics_and_lags,right_reference_month = left_reference_month + lag_months,False,True,True,exploratory_serial_dependence_detected
housing_activity,housing_new_home_sales,new_single_family_home_sales_log_change,inflation_pressure,inflation_import_prices,import_prices_ex_food_fuels_computers_12m_log_change,False,-1,spearman,0.01533792650918635,127,0.8641052830831499,0.9493953196427427,ok,all_cross_model_pairs_statistics_and_lags,right_reference_month = left_reference_month + lag_months,False,True,True,exploratory_serial_dependence_detected
housing_activity,housing_new_home_sales,new_single_family_home_sales_log_change,inflation_pressure,inflation_import_prices,import_prices_ex_food_fuels_computers_12m_log_change,False,0,pearson,-0.08326438524367205,128,0.3500915427641134,0.6541362288397168,ok,all_cross_model_pairs_statistics_and_lags,right_reference_month = left_reference_month + lag_months,False,True,True,exploratory_serial_dependence_detected
housing_activity,housing_new_home_sales,new_single_family_home_sales_log_change,inflation_pressure,inflation_import_prices,import_prices_ex_food_fuels_computers_12m_log_change,False,0,spearman,-0.024972532503204543,128,0.7796278695478728,0.9105864937894548,ok,all_cross_model_pairs_statistics_and_lags,right_reference_month = left_reference_month + lag_months,False,True,True,exploratory_serial_dependence_detected
housing_activity,housing_new_home_sales,new_single_family_home_sales_log_change,inflation_pressure,inflation_import_prices,import_prices_ex_food_fuels_computers_12m_log_change,False,1,pearson,0.004309554360993643,127,0.9616475134462804,0.9823805867256226,ok,all_cross_model_pairs_statistics_and_lags,right_reference_month = left_reference_month + lag_months,False,True,True,exploratory_serial_dependence_detected
housing_activity,housing_new_home_sales,new_single_family_home_sales_log_change,inflation_pressure,inflation_import_prices,import_prices_ex_food_fuels_computers_12m_log_change,False,1,spearman,-0.0029644731908511435,127,0.9736126498456869,0.9889693162470384,ok,all_cross_model_pairs_statistics_and_lags,right_reference_month = left_reference_month + lag_months,False,True,True,exploratory_serial_dependence_detected
housing_activity,housing_new_home_sales,new_single_family_home_sales_log_change,inflation_pressure,inflation_input_costs,intermediate_materials_prices_log_change,False,-1,pearson,0.19638776111540426,34,0.2656318939884296,0.5554121419758075,ok,all_cross_model_pairs_statistics_and_lags,right_reference_month = left_reference_month + lag_months,False,True,True,exploratory_serial_dependence_detected
housing_activity,housing_new_home_sales,new_single_family_home_sales_log_change,inflation_pressure,inflation_input_costs,intermediate_materials_prices_log_change,False,-1,spearman,0.23636363636363636,34,0.1783558832031305,0.4318089803865265,ok,all_cross_model_pairs_statistics_and_lags,right_reference_month = left_reference_month + lag_months,False,True,True,exploratory_serial_dependence_detected
housing_activity,housing_new_home_sales,new_single_family_home_sales_log_change,inflation_pressure,inflation_input_costs,intermediate_materials_prices_log_change,False,0,pearson,-0.035799266846570775,36,0.8357901205529479,0.9397814316940553,ok,all_cross_model_pairs_statistics_and_lags,right_reference_month = left_reference_month + lag_months,False,True,True,exploratory_serial_dependence_detected
housing_activity,housing_new_home_sales,new_single_family_home_sales_log_change,inflation_pressure,inflation_input_costs,intermediate_materials_prices_log_change,False,0,spearman,-0.03088803088803089,36,0.8580710885452416,0.9488904634305647,ok,all_cross_model_pairs_statistics_and_lags,right_reference_month = left_reference_month + lag_months,False,True,True,exploratory_serial_dependence_detected
housing_activity,housing_new_home_sales,new_single_family_home_sales_log_change,inflation_pressure,inflation_input_costs,intermediate_materials_prices_log_change,False,1,pearson,0.06700933957074497,36,0.6977912744364216,0.8715802950475713,ok,all_cross_model_pairs_statistics_and_lags,right_reference_month = left_reference_month + lag_months,False,True,True,exploratory_serial_dependence_detected
housing_activity,housing_new_home_sales,new_single_family_home_sales_log_change,inflation_pressure,inflation_input_costs,intermediate_materials_prices_log_change,False,1,spearman,0.08854568854568855,36,0.6075770347240854,0.8209673606527691,ok,all_cross_model_pairs_statistics_and_lags,right_reference_month = left_reference_month + lag_months,False,True,True,exploratory_serial_dependence_detected
housing_activity,housing_new_home_sales,new_single_family_home_sales_log_change,manufacturing_surveys,manufacturing_empire_state,empire_current_new_orders_level,False,-1,pearson,-0.08699242540876029,92,0.4096224052219119,0.7091312606529873,ok,all_cross_model_pairs_statistics_and_lags,right_reference_month = left_reference_month + lag_months,False,True,True,exploratory_serial_dependence_detected
housing_activity,housing_new_home_sales,new_single_family_home_sales_log_change,manufacturing_surveys,manufacturing_empire_state,empire_current_new_orders_level,False,-1,spearman,-0.014009833084166883,92,0.894551820158302,0.9593783856080961,ok,all_cross_model_pairs_statistics_and_lags,right_reference_month = left_reference_month + lag_months,False,True,True,exploratory_serial_dependence_detected
housing_activity,housing_new_home_sales,new_single_family_home_sales_log_change,manufacturing_surveys,manufacturing_empire_state,empire_current_new_orders_level,False,0,pearson,-0.27250507908156196,94,0.007879906706329017,0.05178224407016211,ok,all_cross_model_pairs_statistics_and_lags,right_reference_month = left_reference_month + lag_months,False,True,True,exploratory_serial_dependence_detected
housing_activity,housing_new_home_sales,new_single_family_home_sales_log_change,manufacturing_surveys,manufacturing_empire_state,empire_current_new_orders_level,False,0,spearman,-0.05281941986056425,94,0.6131343034315647,0.8215564169985082,ok,all_cross_model_pairs_statistics_and_lags,right_reference_month = left_reference_month + lag_months,False,True,True,exploratory_serial_dependence_detected
housing_activity,housing_new_home_sales,new_single_family_home_sales_log_change,manufacturing_surveys,manufacturing_empire_state,empire_current_new_orders_level,False,1,pearson,-0.044893220880449954,94,0.6674510222792375,0.8591213741549104,ok,all_cross_model_pairs_statistics_and_lags,right_reference_month = left_reference_month + lag_months,False,True,True,exploratory_serial_dependence_detected
housing_activity,housing_new_home_sales,new_single_family_home_sales_log_change,manufacturing_surveys,manufacturing_empire_state,empire_current_new_orders_level,False,1,spearman,-0.009124733591012535,94,0.9304444312974564,0.9723935510395314,ok,all_cross_model_pairs_statistics_and_lags,right_reference_month = left_reference_month + lag_months,False,True,True,exploratory_serial_dependence_detected
housing_activity,housing_new_home_sales,new_single_family_home_sales_log_change,manufacturing_surveys,manufacturing_empire_state,empire_current_prices_paid_level,False,-1,pearson,0.0695046826829304,92,0.5103150210068805,0.7734334337144347,ok,all_cross_model_pairs_statistics_and_lags,right_reference_month = left_reference_month + lag_months,False,True,True,exploratory_serial_dependence_detected
housing_activity,housing_new_home_sales,new_single_family_home_sales_log_change,manufacturing_surveys,manufacturing_empire_state,empire_current_prices_paid_level,False,-1,spearman,0.06685880739176671,92,0.5265846534711992,0.78138367934436,ok,all_cross_model_pairs_statistics_and_lags,right_reference_month = left_reference_month + lag_months,False,True,True,exploratory_serial_dependence_detected
housing_activity,housing_new_home_sales,new_single_family_home_sales_log_change,manufacturing_surveys,manufacturing_empire_state,empire_current_prices_paid_level,False,0,pearson,0.06573749222483456,94,0.5290201995855924,0.7818050897847545,ok,all_cross_model_pairs_statistics_and_lags,right_reference_month = left_reference_month + lag_months,False,True,True,exploratory_serial_dependence_detected
housing_activity,housing_new_home_sales,new_single_family_home_sales_log_change,manufacturing_surveys,manufacturing_empire_state,empire_current_prices_paid_level,False,0,spearman,0.06634396561066358,94,0.525217926477062,0.7805546415028337,ok,all_cross_model_pairs_statistics_and_lags,right_reference_month = left_reference_month + lag_months,False,True,True,exploratory_serial_dependence_detected
housing_activity,housing_new_home_sales,new_single_family_home_sales_log_change,manufacturing_surveys,manufacturing_empire_state,empire_current_prices_paid_level,False,1,pearson,-0.025698764949895446,94,0.8057862466705202,0.9223717978430247,ok,all_cross_model_pairs_statistics_and_lags,right_reference_month = left_reference_month + lag_months,False,True,True,exploratory_serial_dependence_detected
housing_activity,housing_new_home_sales,new_single_family_home_sales_log_change,manufacturing_surveys,manufacturing_empire_state,empire_current_prices_paid_level,False,1,spearman,-0.014904453997037893,94,0.8866230884964573,0.9582765715283116,ok,all_cross_model_pairs_statistics_and_lags,right_reference_month = left_reference_month + lag_months,False,True,True,exploratory_serial_dependence_detected
housing_activity,housing_new_home_sales,new_single_family_home_sales_log_change,manufacturing_surveys,manufacturing_philadelphia,philadelphia_current_new_orders_level,False,-1,pearson,-0.3361539607807222,78,0.002621234486671828,0.021599850831170244,ok,all_cross_model_pairs_statistics_and_lags,right_reference_month = left_reference_month + lag_months,False,True,True,exploratory_serial_dependence_detected
housing_activity,housing_new_home_sales,new_single_family_home_sales_log_change,manufacturing_surveys,manufacturing_philadelphia,philadelphia_current_new_orders_level,False,-1,spearman,-0.1928830663007878,78,0.0906608800158106,0.28434548732231507,ok,all_cross_model_pairs_statistics_and_lags,right_reference_month = left_reference_month + lag_months,False,True,True,exploratory_serial_dependence_detected
housing_activity,housing_new_home_sales,new_single_family_home_sales_log_change,manufacturing_surveys,manufacturing_philadelphia,philadelphia_current_new_orders_level,False,0,pearson,-0.365858683847337,80,0.0008458371345437831,0.008142084028922447,ok,all_cross_model_pairs_statistics_and_lags,right_reference_month = left_reference_month + lag_months,False,True,True,exploratory_serial_dependence_detected
housing_activity,housing_new_home_sales,new_single_family_home_sales_log_change,manufacturing_surveys,manufacturing_philadelphia,philadelphia_current_new_orders_level,False,0,spearman,-0.23183309892170653,80,0.03852494914290764,0.1632241266317929,ok,all_cross_model_pairs_statistics_and_lags,right_reference_month = left_reference_month + lag_months,False,True,True,exploratory_serial_dependence_detected
housing_activity,housing_new_home_sales,new_single_family_home_sales_log_change,manufacturing_surveys,manufacturing_philadelphia,philadelphia_current_new_orders_level,False,1,pearson,-0.0602514909863759,80,0.5954833220967974,0.8142829109031465,ok,all_cross_model_pairs_statistics_and_lags,right_reference_month = left_reference_month + lag_months,False,True,True,exploratory_serial_dependence_detected
housing_activity,housing_new_home_sales,new_single_family_home_sales_log_change,manufacturing_surveys,manufacturing_philadelphia,philadelphia_current_new_orders_level,False,1,spearman,-0.03370839193624004,80,0.7665915144682925,0.9070390498534446,ok,all_cross_model_pairs_statistics_and_lags,right_reference_month = left_reference_month + lag_months,False,True,True,exploratory_serial_dependence_detected
housing_activity,housing_new_home_sales,new_single_family_home_sales_log_change,manufacturing_surveys,manufacturing_philadelphia,philadelphia_current_prices_paid_level,False,-1,pearson,0.02717799542817595,78,0.8132791356886218,0.9275414935952877,ok,all_cross_model_pairs_statistics_and_lags,right_reference_month = left_reference_month + lag_months,False,True,True,exploratory_serial_dependence_detected
housing_activity,housing_new_home_sales,new_single_family_home_sales_log_change,manufacturing_surveys,manufacturing_philadelphia,philadelphia_current_prices_paid_level,False,-1,spearman,0.02320464345780801,78,0.8401854709951062,0.9412106443776859,ok,all_cross_model_pairs_statistics_and_lags,right_reference_month = left_reference_month + lag_months,False,True,True,exploratory_serial_dependence_detected
housing_activity,housing_new_home_sales,new_single_family_home_sales_log_change,manufacturing_surveys,manufacturing_philadelphia,philadelphia_current_prices_paid_level,False,0,pearson,0.057238545825033654,80,0.6140411315454689,0.8215564169985082,ok,all_cross_model_pairs_statistics_and_lags,right_reference_month = left_reference_month + lag_months,False,True,True,exploratory_serial_dependence_detected
housing_activity,housing_new_home_sales,new_single_family_home_sales_log_change,manufacturing_surveys,manufacturing_philadelphia,philadelphia_current_prices_paid_level,False,0,spearman,0.05993905297702767,80,0.5973960403558028,0.8150912076041039,ok,all_cross_model_pairs_statistics_and_lags,right_reference_month = left_reference_month + lag_months,False,True,True,exploratory_serial_dependence_detected
housing_activity,housing_new_home_sales,new_single_family_home_sales_log_change,manufacturing_surveys,manufacturing_philadelphia,philadelphia_current_prices_paid_level,False,1,pearson,-0.05895526369864016,80,0.6034365216489648,0.8187074156080055,ok,all_cross_model_pairs_statistics_and_lags,right_reference_month = left_reference_month + lag_months,False,True,True,exploratory_serial_dependence_detected
housing_activity,housing_new_home_sales,new_single_family_home_sales_log_change,manufacturing_surveys,manufacturing_philadelphia,philadelphia_current_prices_paid_level,False,1,spearman,-0.07374589779653072,80,0.5156222891429565,0.7734334337144347,ok,all_cross_model_pairs_statistics_and_lags,right_reference_month = left_reference_month + lag_months,False,True,True,exploratory_serial_dependence_detected
housing_activity,housing_new_home_sales,new_single_family_home_sales_log_change,monthly_labor_demand,monthly_labor_demand,hires_rate_change,False,-1,pearson,-0.09322133870011536,91,0.3794567863958781,0.6788060289970708,ok,all_cross_model_pairs_statistics_and_lags,right_reference_month = left_reference_month + lag_months,False,True,True,exploratory_serial_dependence_detected
housing_activity,housing_new_home_sales,new_single_family_home_sales_log_change,monthly_labor_demand,monthly_labor_demand,hires_rate_change,False,-1,spearman,-0.08187609491957318,91,0.4403823459685675,0.7284406613110209,ok,all_cross_model_pairs_statistics_and_lags,right_reference_month = left_reference_month + lag_months,False,True,True,exploratory_serial_dependence_detected
housing_activity,housing_new_home_sales,new_single_family_home_sales_log_change,monthly_labor_demand,monthly_labor_demand,hires_rate_change,False,0,pearson,-0.06485312540346999,93,0.5368305091486707,0.7854894911246134,ok,all_cross_model_pairs_statistics_and_lags,right_reference_month = left_reference_month + lag_months,False,True,True,exploratory_serial_dependence_detected
housing_activity,housing_new_home_sales,new_single_family_home_sales_log_change,monthly_labor_demand,monthly_labor_demand,hires_rate_change,False,0,spearman,-0.08425591596789112,93,0.42198944512981434,0.7171443685706728,ok,all_cross_model_pairs_statistics_and_lags,right_reference_month = left_reference_month + lag_months,False,True,True,exploratory_serial_dependence_detected
housing_activity,housing_new_home_sales,new_single_family_home_sales_log_change,monthly_labor_demand,monthly_labor_demand,hires_rate_change,False,1,pearson,0.41867086389777025,93,2.9608822654602732e-05,0.0004268973534977051,ok,all_cross_model_pairs_statistics_and_lags,right_reference_month = left_reference_month + lag_months,False,True,True,exploratory_serial_dependence_detected
housing_activity,housing_new_home_sales,new_single_family_home_sales_log_change,monthly_labor_demand,monthly_labor_demand,hires_rate_change,False,1,spearman,0.12197487392199574,93,0.2441286638593956,0.5264024314468218,ok,all_cross_model_pairs_statistics_and_lags,right_reference_month = left_reference_month + lag_months,False,True,True,exploratory_serial_dependence_detected
housing_activity,housing_new_home_sales,new_single_family_home_sales_log_change,monthly_labor_demand,monthly_labor_demand,job_openings_rate_change,False,-1,pearson,-0.09022571161835038,91,0.39502668887570397,0.6931609352563423,ok,all_cross_model_pairs_statistics_and_lags,right_reference_month = left_reference_month + lag_months,False,False,False,exploratory_no_serial_dependence_detected
housing_activity,housing_new_home_sales,new_single_family_home_sales_log_change,monthly_labor_demand,monthly_labor_demand,job_openings_rate_change,False,-1,spearman,0.02624621755056538,91,0.8049435407002373,0.9223717978430247,ok,all_cross_model_pairs_statistics_and_lags,right_reference_month = left_reference_month + lag_months,False,False,False,exploratory_no_serial_dependence_detected
housing_activity,housing_new_home_sales,new_single_family_home_sales_log_change,monthly_labor_demand,monthly_labor_demand,job_openings_rate_change,False,0,pearson,-0.20650725228452932,93,0.04703199617017962,0.18246147911804625,ok,all_cross_model_pairs_statistics_and_lags,right_reference_month = left_reference_month + lag_months,False,False,False,exploratory_no_serial_dependence_detected
housing_activity,housing_new_home_sales,new_single_family_home_sales_log_change,monthly_labor_demand,monthly_labor_demand,job_openings_rate_change,False,0,spearman,-0.2057533347259109,93,0.04786085013831769,0.18346659219688446,ok,all_cross_model_pairs_statistics_and_lags,right_reference_month = left_reference_month + lag_months,False,False,False,exploratory_no_serial_dependence_detected
housing_activity,housing_new_home_sales,new_single_family_home_sales_log_change,monthly_labor_demand,monthly_labor_demand,job_openings_rate_change,False,1,pearson,0.267845047059919,93,0.00944038133340551,0.059996107684669224,ok,all_cross_model_pairs_statistics_and_lags,right_reference_month = left_reference_month + lag_months,False,False,False,exploratory_no_serial_dependence_detected
housing_activity,housing_new_home_sales,new_single_family_home_sales_log_change,monthly_labor_demand,monthly_labor_demand,job_openings_rate_change,False,1,spearman,0.21712273581808955,93,0.036568826947801024,0.1615388078400468,ok,all_cross_model_pairs_statistics_and_lags,right_reference_month = left_reference_month + lag_months,False,False,False,exploratory_no_serial_dependence_detected
housing_activity,housing_new_home_sales,new_single_family_home_sales_log_change,monthly_labor_demand,monthly_labor_demand,layoffs_discharges_rate_change,False,-1,pearson,0.43110554121785943,91,1.9900313877006095e-05,0.00031005972911593365,ok,all_cross_model_pairs_statistics_and_lags,right_reference_month = left_reference_month + lag_months,False,False,False,exploratory_no_serial_dependence_detected
housing_activity,housing_new_home_sales,new_single_family_home_sales_log_change,monthly_labor_demand,monthly_labor_demand,layoffs_discharges_rate_change,False,-1,spearman,0.02290173594521421,91,0.8293955988696862,0.9359768090048094,ok,all_cross_model_pairs_statistics_and_lags,right_reference_month = left_reference_month + lag_months,False,False,False,exploratory_no_serial_dependence_detected
housing_activity,housing_new_home_sales,new_single_family_home_sales_log_change,monthly_labor_demand,monthly_labor_demand,layoffs_discharges_rate_change,False,0,pearson,-0.22173172066616767,93,0.03267543269487398,0.15175224991946282,ok,all_cross_model_pairs_statistics_and_lags,right_reference_month = left_reference_month + lag_months,False,False,False,exploratory_no_serial_dependence_detected
housing_activity,housing_new_home_sales,new_single_family_home_sales_log_change,monthly_labor_demand,monthly_labor_demand,layoffs_discharges_rate_change,False,0,spearman,-0.21500402852794603,93,0.03848492207846175,0.1632241266317929,ok,all_cross_model_pairs_statistics_and_lags,right_reference_month = left_reference_month + lag_months,False,False,False,exploratory_no_serial_dependence_detected
housing_activity,housing_new_home_sales,new_single_family_home_sales_log_change,monthly_labor_demand,monthly_labor_demand,layoffs_discharges_rate_change,False,1,pearson,-0.1308602273363632,93,0.21119478117049117,0.4811654684214492,ok,all_cross_model_pairs_statistics_and_lags,right_reference_month = left_reference_month + lag_months,False,False,False,exploratory_no_serial_dependence_detected
housing_activity,housing_new_home_sales,new_single_family_home_sales_log_change,monthly_labor_demand,monthly_labor_demand,layoffs_discharges_rate_change,False,1,spearman,-0.059070156068156715,93,0.5738169184339605,0.806851736837272,ok,all_cross_model_pairs_statistics_and_lags,right_reference_month = left_reference_month + lag_months,False,False,False,exploratory_no_serial_dependence_detected
housing_activity,housing_new_home_sales,new_single_family_home_sales_log_change,monthly_labor_demand,monthly_labor_demand,quits_rate_change,False,-1,pearson,-0.22332018992479338,91,0.03335029846682767,0.15196409584412982,ok,all_cross_model_pairs_statistics_and_lags,right_reference_month = left_reference_month + lag_months,False,False,False,exploratory_no_serial_dependence_detected
housing_activity,housing_new_home_sales,new_single_family_home_sales_log_change,monthly_labor_demand,monthly_labor_demand,quits_rate_change,False,-1,spearman,0.045007166746297185,91,0.6718425088569668,0.861538050112335,ok,all_cross_model_pairs_statistics_and_lags,right_reference_month = left_reference_month + lag_months,False,False,False,exploratory_no_serial_dependence_detected
housing_activity,housing_new_home_sales,new_single_family_home_sales_log_change,monthly_labor_demand,monthly_labor_demand,quits_rate_change,False,0,pearson,-0.07952770236090077,93,0.4485910117452073,0.733229978588613,ok,all_cross_model_pairs_statistics_and_lags,right_reference_month = left_reference_month + lag_months,False,False,False,exploratory_no_serial_dependence_detected
housing_activity,housing_new_home_sales,new_single_family_home_sales_log_change,monthly_labor_demand,monthly_labor_demand,quits_rate_change,False,0,spearman,-0.10332428157918293,93,0.3243353569505503,0.6262019160357617,ok,all_cross_model_pairs_statistics_and_lags,right_reference_month = left_reference_month + lag_months,False,False,False,exploratory_no_serial_dependence_detected
housing_activity,housing_new_home_sales,new_single_family_home_sales_log_change,monthly_labor_demand,monthly_labor_demand,quits_rate_change,False,1,pearson,0.20712071523715583,93,0.046366351632214246,0.1814328539537242,ok,all_cross_model_pairs_statistics_and_lags,right_reference_month = left_reference_month + lag_months,False,False,False,exploratory_no_serial_dependence_detected
housing_activity,housing_new_home_sales,new_single_family_home_sales_log_change,monthly_labor_demand,monthly_labor_demand,quits_rate_change,False,1,spearman,0.1845065799289785,93,0.0766461541802629,0.2509836777563863,ok,all_cross_model_pairs_statistics_and_lags,right_reference_month = left_reference_month + lag_months,False,False,False,exploratory_no_serial_dependence_detected
housing_activity,housing_new_home_sales,new_single_family_home_sales_log_change,weekly_labor_stress,weekly_continued_claims,continued_claims_innovation,False,-1,pearson,0.3850439942162598,107,4.218056719681438e-05,0.0005905279407554013,ok,all_cross_model_pairs_statistics_and_lags,right_reference_month = left_reference_month + lag_months,False,True,True,exploratory_serial_dependence_detected
housing_activity,housing_new_home_sales,new_single_family_home_sales_log_change,weekly_labor_stress,weekly_continued_claims,continued_claims_innovation,False,-1,spearman,-0.04439742157957641,107,0.6497709727983217,0.8459282476053623,ok,all_cross_model_pairs_statistics_and_lags,right_reference_month = left_reference_month + lag_months,False,True,True,exploratory_serial_dependence_detected
housing_activity,housing_new_home_sales,new_single_family_home_sales_log_change,weekly_labor_stress,weekly_continued_claims,continued_claims_innovation,False,0,pearson,-0.18855183569494083,109,0.04958886649649372,0.18639239313468067,ok,all_cross_model_pairs_statistics_and_lags,right_reference_month = left_reference_month + lag_months,False,True,True,exploratory_serial_dependence_detected
housing_activity,housing_new_home_sales,new_single_family_home_sales_log_change,weekly_labor_stress,weekly_continued_claims,continued_claims_innovation,False,0,spearman,-0.08221666203317579,109,0.39537440509963206,0.6931609352563423,ok,all_cross_model_pairs_statistics_and_lags,right_reference_month = left_reference_month + lag_months,False,True,True,exploratory_serial_dependence_detected
housing_activity,housing_new_home_sales,new_single_family_home_sales_log_change,weekly_labor_stress,weekly_continued_claims,continued_claims_innovation,False,1,pearson,-0.14891095087536585,109,0.12225389435283925,0.3423109041879499,ok,all_cross_model_pairs_statistics_and_lags,right_reference_month = left_reference_month + lag_months,False,True,True,exploratory_serial_dependence_detected
housing_activity,housing_new_home_sales,new_single_family_home_sales_log_change,weekly_labor_stress,weekly_continued_claims,continued_claims_innovation,False,1,spearman,-0.11705124640904459,109,0.22546118959829395,0.5029919379952701,ok,all_cross_model_pairs_statistics_and_lags,right_reference_month = left_reference_month + lag_months,False,True,True,exploratory_serial_dependence_detected
housing_activity,housing_new_home_sales,new_single_family_home_sales_log_change,weekly_labor_stress,weekly_labor_stress,initial_claims_innovation,False,-1,pearson,0.3482371833630356,107,0.00023726307011992612,0.002546623619287207,ok,all_cross_model_pairs_statistics_and_lags,right_reference_month = left_reference_month + lag_months,False,True,True,exploratory_serial_dependence_detected
housing_activity,housing_new_home_sales,new_single_family_home_sales_log_change,weekly_labor_stress,weekly_labor_stress,initial_claims_innovation,False,-1,spearman,-0.16103371931268246,107,0.09751666729354196,0.29881706279803966,ok,all_cross_model_pairs_statistics_and_lags,right_reference_month = left_reference_month + lag_months,False,True,True,exploratory_serial_dependence_detected
housing_activity,housing_new_home_sales,new_single_family_home_sales_log_change,weekly_labor_stress,weekly_labor_stress,initial_claims_innovation,False,0,pearson,-0.23800134501473794,109,0.012699745602429875,0.07813983599966406,ok,all_cross_model_pairs_statistics_and_lags,right_reference_month = left_reference_month + lag_months,False,True,True,exploratory_serial_dependence_detected
housing_activity,housing_new_home_sales,new_single_family_home_sales_log_change,weekly_labor_stress,weekly_labor_stress,initial_claims_innovation,False,0,spearman,-0.106449819293856,109,0.27059663823115143,0.5633542080415782,ok,all_cross_model_pairs_statistics_and_lags,right_reference_month = left_reference_month + lag_months,False,True,True,exploratory_serial_dependence_detected
housing_activity,housing_new_home_sales,new_single_family_home_sales_log_change,weekly_labor_stress,weekly_labor_stress,initial_claims_innovation,False,1,pearson,-0.07886322763337102,109,0.4149953042398474,0.7120523337401289,ok,all_cross_model_pairs_statistics_and_lags,right_reference_month = left_reference_month + lag_months,False,True,True,exploratory_serial_dependence_detected
housing_activity,housing_new_home_sales,new_single_family_home_sales_log_change,weekly_labor_stress,weekly_labor_stress,initial_claims_innovation,False,1,spearman,-0.05260865536094894,109,0.58692690529037,0.8077773899183804,ok,all_cross_model_pairs_statistics_and_lags,right_reference_month = left_reference_month + lag_months,False,True,True,exploratory_serial_dependence_detected
housing_activity,housing_single_family_construction,single_family_building_permits_log_change,inflation_pressure,inflation_expectations,one_year_inflation_expectations_change,False,-1,pearson,,0,,,insufficient_observations,all_cross_model_pairs_statistics_and_lags,right_reference_month = left_reference_month + lag_months,False,False,False,exploratory_no_serial_dependence_detected
housing_activity,housing_single_family_construction,single_family_building_permits_log_change,inflation_pressure,inflation_expectations,one_year_inflation_expectations_change,False,-1,spearman,,0,,,insufficient_observations,all_cross_model_pairs_statistics_and_lags,right_reference_month = left_reference_month + lag_months,False,False,False,exploratory_no_serial_dependence_detected
housing_activity,housing_single_family_construction,single_family_building_permits_log_change,inflation_pressure,inflation_expectations,one_year_inflation_expectations_change,False,0,pearson,,1,,,insufficient_observations,all_cross_model_pairs_statistics_and_lags,right_reference_month = left_reference_month + lag_months,False,False,False,exploratory_no_serial_dependence_detected
housing_activity,housing_single_family_construction,single_family_building_permits_log_change,inflation_pressure,inflation_expectations,one_year_inflation_expectations_change,False,0,spearman,,1,,,insufficient_observations,all_cross_model_pairs_statistics_and_lags,right_reference_month = left_reference_month + lag_months,False,False,False,exploratory_no_serial_dependence_detected
housing_activity,housing_single_family_construction,single_family_building_permits_log_change,inflation_pressure,inflation_expectations,one_year_inflation_expectations_change,False,1,pearson,,1,,,insufficient_observations,all_cross_model_pairs_statistics_and_lags,right_reference_month = left_reference_month + lag_months,False,False,False,exploratory_no_serial_dependence_detected
housing_activity,housing_single_family_construction,single_family_building_permits_log_change,inflation_pressure,inflation_expectations,one_year_inflation_expectations_change,False,1,spearman,,1,,,insufficient_observations,all_cross_model_pairs_statistics_and_lags,right_reference_month = left_reference_month + lag_months,False,False,False,exploratory_no_serial_dependence_detected
housing_activity,housing_single_family_construction,single_family_building_permits_log_change,inflation_pressure,inflation_import_prices,import_prices_ex_food_fuels_computers_12m_log_change,False,-1,pearson,-0.18069100471990776,127,0.0420610224995097,0.17071826779212762,ok,all_cross_model_pairs_statistics_and_lags,right_reference_month = left_reference_month + lag_months,False,True,True,exploratory_serial_dependence_detected
housing_activity,housing_single_family_construction,single_family_building_permits_log_change,inflation_pressure,inflation_import_prices,import_prices_ex_food_fuels_computers_12m_log_change,False,-1,spearman,-0.17311117360329958,127,0.05161924814979489,0.1932720686538832,ok,all_cross_model_pairs_statistics_and_lags,right_reference_month = left_reference_month + lag_months,False,True,True,exploratory_serial_dependence_detected
housing_activity,housing_single_family_construction,single_family_building_permits_log_change,inflation_pressure,inflation_import_prices,import_prices_ex_food_fuels_computers_12m_log_change,False,0,pearson,-0.10481059840305887,128,0.23903182671934115,0.5199197851777557,ok,all_cross_model_pairs_statistics_and_lags,right_reference_month = left_reference_month + lag_months,False,True,True,exploratory_serial_dependence_detected
housing_activity,housing_single_family_construction,single_family_building_permits_log_change,inflation_pressure,inflation_import_prices,import_prices_ex_food_fuels_computers_12m_log_change,False,0,spearman,-0.11705159311481413,128,0.18823287339872496,0.44349501391016666,ok,all_cross_model_pairs_statistics_and_lags,right_reference_month = left_reference_month + lag_months,False,True,True,exploratory_serial_dependence_detected
housing_activity,housing_single_family_construction,single_family_building_permits_log_change,inflation_pressure,inflation_import_prices,import_prices_ex_food_fuels_computers_12m_log_change,False,1,pearson,-0.10527563449257003,127,0.23881961246954383,0.5199197851777557,ok,all_cross_model_pairs_statistics_and_lags,right_reference_month = left_reference_month + lag_months,False,True,True,exploratory_serial_dependence_detected
housing_activity,housing_single_family_construction,single_family_building_permits_log_change,inflation_pressure,inflation_import_prices,import_prices_ex_food_fuels_computers_12m_log_change,False,1,spearman,-0.11751851331083613,127,0.18822896145869483,0.44349501391016666,ok,all_cross_model_pairs_statistics_and_lags,right_reference_month = left_reference_month + lag_months,False,True,True,exploratory_serial_dependence_detected
housing_activity,housing_single_family_construction,single_family_building_permits_log_change,inflation_pressure,inflation_input_costs,intermediate_materials_prices_log_change,False,-1,pearson,-0.3463404798086925,34,0.0447984774092789,0.17735790646460417,ok,all_cross_model_pairs_statistics_and_lags,right_reference_month = left_reference_month + lag_months,False,True,True,exploratory_serial_dependence_detected
housing_activity,housing_single_family_construction,single_family_building_permits_log_change,inflation_pressure,inflation_input_costs,intermediate_materials_prices_log_change,False,-1,spearman,-0.42215431627196337,34,0.012883314051739717,0.07868224205202211,ok,all_cross_model_pairs_statistics_and_lags,right_reference_month = left_reference_month + lag_months,False,True,True,exploratory_serial_dependence_detected
housing_activity,housing_single_family_construction,single_family_building_permits_log_change,inflation_pressure,inflation_input_costs,intermediate_materials_prices_log_change,False,0,pearson,-0.12767708616553547,36,0.4580437364227218,0.7399168049905506,ok,all_cross_model_pairs_statistics_and_lags,right_reference_month = left_reference_month + lag_months,False,True,True,exploratory_serial_dependence_detected
housing_activity,housing_single_family_construction,single_family_building_permits_log_change,inflation_pressure,inflation_input_costs,intermediate_materials_prices_log_change,False,0,spearman,-0.1353925353925354,36,0.4310938674916788,0.7218559801355235,ok,all_cross_model_pairs_statistics_and_lags,right_reference_month = left_reference_month + lag_months,False,True,True,exploratory_serial_dependence_detected
housing_activity,housing_single_family_construction,single_family_building_permits_log_change,inflation_pressure,inflation_input_costs,intermediate_materials_prices_log_change,False,1,pearson,-0.3130157341327324,36,0.06305092271928554,0.2206782295174994,ok,all_cross_model_pairs_statistics_and_lags,right_reference_month = left_reference_month + lag_months,False,True,True,exploratory_serial_dependence_detected
housing_activity,housing_single_family_construction,single_family_building_permits_log_change,inflation_pressure,inflation_input_costs,intermediate_materials_prices_log_change,False,1,spearman,-0.36602316602316604,36,0.02813119573886869,0.13864660757013855,ok,all_cross_model_pairs_statistics_and_lags,right_reference_month = left_reference_month + lag_months,False,True,True,exploratory_serial_dependence_detected
housing_activity,housing_single_family_construction,single_family_building_permits_log_change,manufacturing_surveys,manufacturing_empire_state,empire_current_new_orders_level,False,-1,pearson,-0.2549801547902912,92,0.01416959861738172,0.08346239185604111,ok,all_cross_model_pairs_statistics_and_lags,right_reference_month = left_reference_month + lag_months,False,True,True,exploratory_serial_dependence_detected
housing_activity,housing_single_family_construction,single_family_building_permits_log_change,manufacturing_surveys,manufacturing_empire_state,empire_current_new_orders_level,False,-1,spearman,-0.16082795185179477,92,0.12564486074947379,0.34977791205761294,ok,all_cross_model_pairs_statistics_and_lags,right_reference_month = left_reference_month + lag_months,False,True,True,exploratory_serial_dependence_detected
housing_activity,housing_single_family_construction,single_family_building_permits_log_change,manufacturing_surveys,manufacturing_empire_state,empire_current_new_orders_level,False,0,pearson,0.056694679906958964,94,0.5872967472961802,0.8077773899183804,ok,all_cross_model_pairs_statistics_and_lags,right_reference_month = left_reference_month + lag_months,False,True,True,exploratory_serial_dependence_detected
housing_activity,housing_single_family_construction,single_family_building_permits_log_change,manufacturing_surveys,manufacturing_empire_state,empire_current_new_orders_level,False,0,spearman,-0.10266950836253295,94,0.324769316701777,0.6262019160357617,ok,all_cross_model_pairs_statistics_and_lags,right_reference_month = left_reference_month + lag_months,False,True,True,exploratory_serial_dependence_detected
housing_activity,housing_single_family_construction,single_family_building_permits_log_change,manufacturing_surveys,manufacturing_empire_state,empire_current_new_orders_level,False,1,pearson,0.21102484428099821,94,0.041187326654392294,0.17043852082887004,ok,all_cross_model_pairs_statistics_and_lags,right_reference_month = left_reference_month + lag_months,False,True,True,exploratory_serial_dependence_detected
housing_activity,housing_single_family_construction,single_family_building_permits_log_change,manufacturing_surveys,manufacturing_empire_state,empire_current_new_orders_level,False,1,spearman,-0.07853917566737709,94,0.45178616810048416,0.7361000865206575,ok,all_cross_model_pairs_statistics_and_lags,right_reference_month = left_reference_month + lag_months,False,True,True,exploratory_serial_dependence_detected
housing_activity,housing_single_family_construction,single_family_building_permits_log_change,manufacturing_surveys,manufacturing_empire_state,empire_current_prices_paid_level,False,-1,pearson,-0.17472618222986727,92,0.09574500777928409,0.29644127408586035,ok,all_cross_model_pairs_statistics_and_lags,right_reference_month = left_reference_month + lag_months,False,True,True,exploratory_serial_dependence_detected
housing_activity,housing_single_family_construction,single_family_building_permits_log_change,manufacturing_surveys,manufacturing_empire_state,empire_current_prices_paid_level,False,-1,spearman,-0.22332506203473945,92,0.032364805035911874,0.1510357568342554,ok,all_cross_model_pairs_statistics_and_lags,right_reference_month = left_reference_month + lag_months,False,True,True,exploratory_serial_dependence_detected
housing_activity,housing_single_family_construction,single_family_building_permits_log_change,manufacturing_surveys,manufacturing_empire_state,empire_current_prices_paid_level,False,0,pearson,-0.2746903233643853,94,0.0073768328742179435,0.050539152882939954,ok,all_cross_model_pairs_statistics_and_lags,right_reference_month = left_reference_month + lag_months,False,True,True,exploratory_serial_dependence_detected
housing_activity,housing_single_family_construction,single_family_building_permits_log_change,manufacturing_surveys,manufacturing_empire_state,empire_current_prices_paid_level,False,0,spearman,-0.25232091897554454,94,0.014149438535585228,0.08346239185604111,ok,all_cross_model_pairs_statistics_and_lags,right_reference_month = left_reference_month + lag_months,False,True,True,exploratory_serial_dependence_detected
housing_activity,housing_single_family_construction,single_family_building_permits_log_change,manufacturing_surveys,manufacturing_empire_state,empire_current_prices_paid_level,False,1,pearson,-0.29073201014287076,94,0.004473116045343785,0.03375804765470388,ok,all_cross_model_pairs_statistics_and_lags,right_reference_month = left_reference_month + lag_months,False,True,True,exploratory_serial_dependence_detected
housing_activity,housing_single_family_construction,single_family_building_permits_log_change,manufacturing_surveys,manufacturing_empire_state,empire_current_prices_paid_level,False,1,spearman,-0.29942564028465124,94,0.003370294966749357,0.026686106048195726,ok,all_cross_model_pairs_statistics_and_lags,right_reference_month = left_reference_month + lag_months,False,True,True,exploratory_serial_dependence_detected
housing_activity,housing_single_family_construction,single_family_building_permits_log_change,manufacturing_surveys,manufacturing_philadelphia,philadelphia_current_new_orders_level,False,-1,pearson,-0.268962674603531,78,0.017260126645952653,0.09533183681717038,ok,all_cross_model_pairs_statistics_and_lags,right_reference_month = left_reference_month + lag_months,False,True,True,exploratory_serial_dependence_detected
housing_activity,housing_single_family_construction,single_family_building_permits_log_change,manufacturing_surveys,manufacturing_philadelphia,philadelphia_current_new_orders_level,False,-1,spearman,-0.3324902945156109,78,0.002937764734768998,0.023649006114890438,ok,all_cross_model_pairs_statistics_and_lags,right_reference_month = left_reference_month + lag_months,False,True,True,exploratory_serial_dependence_detected
housing_activity,housing_single_family_construction,single_family_building_permits_log_change,manufacturing_surveys,manufacturing_philadelphia,philadelphia_current_new_orders_level,False,0,pearson,0.22603772288873178,80,0.043789736450652386,0.17407771774209962,ok,all_cross_model_pairs_statistics_and_lags,right_reference_month = left_reference_month + lag_months,False,True,True,exploratory_serial_dependence_detected
housing_activity,housing_single_family_construction,single_family_building_permits_log_change,manufacturing_surveys,manufacturing_philadelphia,philadelphia_current_new_orders_level,False,0,spearman,-0.10911861228316926,80,0.3352931971721665,0.6397510573633467,ok,all_cross_model_pairs_statistics_and_lags,right_reference_month = left_reference_month + lag_months,False,True,True,exploratory_serial_dependence_detected
housing_activity,housing_single_family_construction,single_family_building_permits_log_change,manufacturing_surveys,manufacturing_philadelphia,philadelphia_current_new_orders_level,False,1,pearson,0.25248734767598147,80,0.023851297972131848,0.12063012482240505,ok,all_cross_model_pairs_statistics_and_lags,right_reference_month = left_reference_month + lag_months,False,True,True,exploratory_serial_dependence_detected
housing_activity,housing_single_family_construction,single_family_building_permits_log_change,manufacturing_surveys,manufacturing_philadelphia,philadelphia_current_new_orders_level,False,1,spearman,-0.08980309423347398,80,0.42825328122522166,0.7202872320810456,ok,all_cross_model_pairs_statistics_and_lags,right_reference_month = left_reference_month + lag_months,False,True,True,exploratory_serial_dependence_detected
housing_activity,housing_single_family_construction,single_family_building_permits_log_change,manufacturing_surveys,manufacturing_philadelphia,philadelphia_current_prices_paid_level,False,-1,pearson,-0.19467270344145615,78,0.08765005108887378,0.27724615393514357,ok,all_cross_model_pairs_statistics_and_lags,right_reference_month = left_reference_month + lag_months,False,True,True,exploratory_serial_dependence_detected
housing_activity,housing_single_family_construction,single_family_building_permits_log_change,manufacturing_surveys,manufacturing_philadelphia,philadelphia_current_prices_paid_level,False,-1,spearman,-0.28795255377533857,78,0.010574222997296375,0.06590128655089224,ok,all_cross_model_pairs_statistics_and_lags,right_reference_month = left_reference_month + lag_months,False,True,True,exploratory_serial_dependence_detected
housing_activity,housing_single_family_construction,single_family_building_permits_log_change,manufacturing_surveys,manufacturing_philadelphia,philadelphia_current_prices_paid_level,False,0,pearson,-0.34120811811198115,80,0.001952630221844822,0.016841435663411588,ok,all_cross_model_pairs_statistics_and_lags,right_reference_month = left_reference_month + lag_months,False,True,True,exploratory_serial_dependence_detected
housing_activity,housing_single_family_construction,single_family_building_permits_log_change,manufacturing_surveys,manufacturing_philadelphia,philadelphia_current_prices_paid_level,False,0,spearman,-0.43234880450070323,80,6.203836517764637e-05,0.0007990541434880852,ok,all_cross_model_pairs_statistics_and_lags,right_reference_month = left_reference_month + lag_months,False,True,True,exploratory_serial_dependence_detected
housing_activity,housing_single_family_construction,single_family_building_permits_log_change,manufacturing_surveys,manufacturing_philadelphia,philadelphia_current_prices_paid_level,False,1,pearson,-0.3374803346930215,80,0.002203353912361145,0.018670525257376017,ok,all_cross_model_pairs_statistics_and_lags,right_reference_month = left_reference_month + lag_months,False,True,True,exploratory_serial_dependence_detected
housing_activity,housing_single_family_construction,single_family_building_permits_log_change,manufacturing_surveys,manufacturing_philadelphia,philadelphia_current_prices_paid_level,False,1,spearman,-0.44692920768870137,80,3.24023606068256e-05,0.00046030412273814016,ok,all_cross_model_pairs_statistics_and_lags,right_reference_month = left_reference_month + lag_months,False,True,True,exploratory_serial_dependence_detected
housing_activity,housing_single_family_construction,single_family_building_permits_log_change,monthly_labor_demand,monthly_labor_demand,hires_rate_change,False,-1,pearson,0.10548308452200755,91,0.31968089856939463,0.6238621172081519,ok,all_cross_model_pairs_statistics_and_lags,right_reference_month = left_reference_month + lag_months,False,True,True,exploratory_serial_dependence_detected
housing_activity,housing_single_family_construction,single_family_building_permits_log_change,monthly_labor_demand,monthly_labor_demand,hires_rate_change,False,-1,spearman,0.03741041567128524,91,0.724791360039776,0.8842823876791703,ok,all_cross_model_pairs_statistics_and_lags,right_reference_month = left_reference_month + lag_months,False,True,True,exploratory_serial_dependence_detected
housing_activity,housing_single_family_construction,single_family_building_permits_log_change,monthly_labor_demand,monthly_labor_demand,hires_rate_change,False,0,pearson,0.1643317165769354,93,0.11547692483861322,0.3325015528146061,ok,all_cross_model_pairs_statistics_and_lags,right_reference_month = left_reference_month + lag_months,False,True,True,exploratory_serial_dependence_detected
housing_activity,housing_single_family_construction,single_family_building_permits_log_change,monthly_labor_demand,monthly_labor_demand,hires_rate_change,False,0,spearman,-0.24639670555936852,93,0.017272367306392616,0.09533183681717038,ok,all_cross_model_pairs_statistics_and_lags,right_reference_month = left_reference_month + lag_months,False,True,True,exploratory_serial_dependence_detected
housing_activity,housing_single_family_construction,single_family_building_permits_log_change,monthly_labor_demand,monthly_labor_demand,hires_rate_change,False,1,pearson,-0.17043288135345766,93,0.10239753554437202,0.3105068486203693,ok,all_cross_model_pairs_statistics_and_lags,right_reference_month = left_reference_month + lag_months,False,True,True,exploratory_serial_dependence_detected
housing_activity,housing_single_family_construction,single_family_building_permits_log_change,monthly_labor_demand,monthly_labor_demand,hires_rate_change,False,1,spearman,0.05790635910596519,93,0.5814012584968851,0.8077773899183804,ok,all_cross_model_pairs_statistics_and_lags,right_reference_month = left_reference_month + lag_months,False,True,True,exploratory_serial_dependence_detected
housing_activity,housing_single_family_construction,single_family_building_permits_log_change,monthly_labor_demand,monthly_labor_demand,job_openings_rate_change,False,-1,pearson,0.011002745825417687,91,0.9175568836150011,0.9686993984394437,ok,all_cross_model_pairs_statistics_and_lags,right_reference_month = left_reference_month + lag_months,False,False,False,exploratory_no_serial_dependence_detected
housing_activity,housing_single_family_construction,single_family_building_permits_log_change,monthly_labor_demand,monthly_labor_demand,job_openings_rate_change,False,-1,spearman,-0.09033285555024687,91,0.39446334057791804,0.6931609352563423,ok,all_cross_model_pairs_statistics_and_lags,right_reference_month = left_reference_month + lag_months,False,False,False,exploratory_no_serial_dependence_detected
housing_activity,housing_single_family_construction,single_family_building_permits_log_change,monthly_labor_demand,monthly_labor_demand,job_openings_rate_change,False,0,pearson,0.08386965055717133,93,0.4241278978787547,0.7171443685706728,ok,all_cross_model_pairs_statistics_and_lags,right_reference_month = left_reference_month + lag_months,False,False,False,exploratory_no_serial_dependence_detected
housing_activity,housing_single_family_construction,single_family_building_permits_log_change,monthly_labor_demand,monthly_labor_demand,job_openings_rate_change,False,0,spearman,-0.057622870102354444,93,0.5832556847647786,0.8077773899183804,ok,all_cross_model_pairs_statistics_and_lags,right_reference_month = left_reference_month + lag_months,False,False,False,exploratory_no_serial_dependence_detected
housing_activity,housing_single_family_construction,single_family_building_permits_log_change,monthly_labor_demand,monthly_labor_demand,job_openings_rate_change,False,1,pearson,-0.07742702767445007,93,0.46070344861161583,0.7429708369930232,ok,all_cross_model_pairs_statistics_and_lags,right_reference_month = left_reference_month + lag_months,False,False,False,exploratory_no_serial_dependence_detected
housing_activity,housing_single_family_construction,single_family_building_permits_log_change,monthly_labor_demand,monthly_labor_demand,job_openings_rate_change,False,1,spearman,-0.09508818000059681,93,0.36459103287727007,0.6683015896763622,ok,all_cross_model_pairs_statistics_and_lags,right_reference_month = left_reference_month + lag_months,False,False,False,exploratory_no_serial_dependence_detected
housing_activity,housing_single_family_construction,single_family_building_permits_log_change,monthly_labor_demand,monthly_labor_demand,layoffs_discharges_rate_change,False,-1,pearson,-0.44243009563913416,91,1.1282594172151803e-05,0.0001946247494696186,ok,all_cross_model_pairs_statistics_and_lags,right_reference_month = left_reference_month + lag_months,False,False,False,exploratory_no_serial_dependence_detected
housing_activity,housing_single_family_construction,single_family_building_permits_log_change,monthly_labor_demand,monthly_labor_demand,layoffs_discharges_rate_change,False,-1,spearman,-0.008329351807612677,91,0.9375417744026564,0.9748819742443123,ok,all_cross_model_pairs_statistics_and_lags,right_reference_month = left_reference_month + lag_months,False,False,False,exploratory_no_serial_dependence_detected
housing_activity,housing_single_family_construction,single_family_building_permits_log_change,monthly_labor_demand,monthly_labor_demand,layoffs_discharges_rate_change,False,0,pearson,-0.41920620134478354,93,2.885169881037971e-05,0.0004232904163696304,ok,all_cross_model_pairs_statistics_and_lags,right_reference_month = left_reference_month + lag_months,False,False,False,exploratory_no_serial_dependence_detected
housing_activity,housing_single_family_construction,single_family_building_permits_log_change,monthly_labor_demand,monthly_labor_demand,layoffs_discharges_rate_change,False,0,spearman,-0.07575124585956848,93,0.47049348280317904,0.7529456806174731,ok,all_cross_model_pairs_statistics_and_lags,right_reference_month = left_reference_month + lag_months,False,False,False,exploratory_no_serial_dependence_detected
housing_activity,housing_single_family_construction,single_family_building_permits_log_change,monthly_labor_demand,monthly_labor_demand,layoffs_discharges_rate_change,False,1,pearson,0.08427766768885006,93,0.42186920784852977,0.7171443685706728,ok,all_cross_model_pairs_statistics_and_lags,right_reference_month = left_reference_month + lag_months,False,False,False,exploratory_no_serial_dependence_detected
housing_activity,housing_single_family_construction,single_family_building_permits_log_change,monthly_labor_demand,monthly_labor_demand,layoffs_discharges_rate_change,False,1,spearman,0.05692160783026469,93,0.5878545601579932,0.8077773899183804,ok,all_cross_model_pairs_statistics_and_lags,right_reference_month = left_reference_month + lag_months,False,False,False,exploratory_no_serial_dependence_detected
housing_activity,housing_single_family_construction,single_family_building_permits_log_change,monthly_labor_demand,monthly_labor_demand,quits_rate_change,False,-1,pearson,0.2018757960223325,91,0.05498967419769073,0.19993462952627414,ok,all_cross_model_pairs_statistics_and_lags,right_reference_month = left_reference_month + lag_months,False,False,False,exploratory_no_serial_dependence_detected
housing_activity,housing_single_family_construction,single_family_building_permits_log_change,monthly_labor_demand,monthly_labor_demand,quits_rate_change,False,-1,spearman,-0.08956840261188088,91,0.39849318304603665,0.6973630703305641,ok,all_cross_model_pairs_statistics_and_lags,right_reference_month = left_reference_month + lag_months,False,False,False,exploratory_no_serial_dependence_detected
housing_activity,housing_single_family_construction,single_family_building_permits_log_change,monthly_labor_demand,monthly_labor_demand,quits_rate_change,False,0,pearson,0.4007356043936858,93,6.878492994220345e-05,0.0008742926621601124,ok,all_cross_model_pairs_statistics_and_lags,right_reference_month = left_reference_month + lag_months,False,False,False,exploratory_no_serial_dependence_detected
housing_activity,housing_single_family_construction,single_family_building_permits_log_change,monthly_labor_demand,monthly_labor_demand,quits_rate_change,False,0,spearman,0.0800632628092268,93,0.4455316766753871,0.7319448973952789,ok,all_cross_model_pairs_statistics_and_lags,right_reference_month = left_reference_month + lag_months,False,False,False,exploratory_no_serial_dependence_detected
housing_activity,housing_single_family_construction,single_family_building_permits_log_change,monthly_labor_demand,monthly_labor_demand,quits_rate_change,False,1,pearson,0.12434146939583068,93,0.23502928336649126,0.5183522550959602,ok,all_cross_model_pairs_statistics_and_lags,right_reference_month = left_reference_month + lag_months,False,False,False,exploratory_no_serial_dependence_detected
housing_activity,housing_single_family_construction,single_family_building_permits_log_change,monthly_labor_demand,monthly_labor_demand,quits_rate_change,False,1,spearman,-0.06845513413506013,93,0.5144047686364787,0.7734334337144347,ok,all_cross_model_pairs_statistics_and_lags,right_reference_month = left_reference_month + lag_months,False,False,False,exploratory_no_serial_dependence_detected
housing_activity,housing_single_family_construction,single_family_building_permits_log_change,weekly_labor_stress,weekly_continued_claims,continued_claims_innovation,False,-1,pearson,-0.41062577937736666,107,1.1178441399563839e-05,0.0001946247494696186,ok,all_cross_model_pairs_statistics_and_lags,right_reference_month = left_reference_month + lag_months,False,True,True,exploratory_serial_dependence_detected
housing_activity,housing_single_family_construction,single_family_building_permits_log_change,weekly_labor_stress,weekly_continued_claims,continued_claims_innovation,False,-1,spearman,-0.051970062109367346,107,0.5949838122765749,0.8142829109031465,ok,all_cross_model_pairs_statistics_and_lags,right_reference_month = left_reference_month + lag_months,False,True,True,exploratory_serial_dependence_detected
housing_activity,housing_single_family_construction,single_family_building_permits_log_change,weekly_labor_stress,weekly_continued_claims,continued_claims_innovation,False,0,pearson,-0.419959571664859,109,5.468143439314821e-06,9.966465212034183e-05,ok,all_cross_model_pairs_statistics_and_lags,right_reference_month = left_reference_month + lag_months,False,True,True,exploratory_serial_dependence_detected
housing_activity,housing_single_family_construction,single_family_building_permits_log_change,weekly_labor_stress,weekly_continued_claims,continued_claims_innovation,False,0,spearman,-0.1254841997961264,109,0.19355460521179293,0.44837829408775054,ok,all_cross_model_pairs_statistics_and_lags,right_reference_month = left_reference_month + lag_months,False,True,True,exploratory_serial_dependence_detected
housing_activity,housing_single_family_construction,single_family_building_permits_log_change,weekly_labor_stress,weekly_continued_claims,continued_claims_innovation,False,1,pearson,0.0677215883514199,109,0.4841229840124761,0.7569670763854145,ok,all_cross_model_pairs_statistics_and_lags,right_reference_month = left_reference_month + lag_months,False,True,True,exploratory_serial_dependence_detected
housing_activity,housing_single_family_construction,single_family_building_permits_log_change,weekly_labor_stress,weekly_continued_claims,continued_claims_innovation,False,1,spearman,0.06979890649615421,109,0.47078591210450704,0.7529456806174731,ok,all_cross_model_pairs_statistics_and_lags,right_reference_month = left_reference_month + lag_months,False,True,True,exploratory_serial_dependence_detected
housing_activity,housing_single_family_construction,single_family_building_permits_log_change,weekly_labor_stress,weekly_labor_stress,initial_claims_innovation,False,-1,pearson,-0.3967966699850574,107,2.3229484629524632e-05,0.0003506200336268874,ok,all_cross_model_pairs_statistics_and_lags,right_reference_month = left_reference_month + lag_months,False,True,True,exploratory_serial_dependence_detected
housing_activity,housing_single_family_construction,single_family_building_permits_log_change,weekly_labor_stress,weekly_labor_stress,initial_claims_innovation,False,-1,spearman,0.07744078057955682,107,0.4278730934054994,0.7202872320810456,ok,all_cross_model_pairs_statistics_and_lags,right_reference_month = left_reference_month + lag_months,False,True,True,exploratory_serial_dependence_detected
housing_activity,housing_single_family_construction,single_family_building_permits_log_change,weekly_labor_stress,weekly_labor_stress,initial_claims_innovation,False,0,pearson,-0.3465012160364836,109,0.00022346450803562227,0.0024254687051956307,ok,all_cross_model_pairs_statistics_and_lags,right_reference_month = left_reference_month + lag_months,False,True,True,exploratory_serial_dependence_detected
housing_activity,housing_single_family_construction,single_family_building_permits_log_change,weekly_labor_stress,weekly_labor_stress,initial_claims_innovation,False,0,spearman,-0.10505050505050506,109,0.27698099176199453,0.5656736533659339,ok,all_cross_model_pairs_statistics_and_lags,right_reference_month = left_reference_month + lag_months,False,True,True,exploratory_serial_dependence_detected
housing_activity,housing_single_family_construction,single_family_building_permits_log_change,weekly_labor_stress,weekly_labor_stress,initial_claims_innovation,False,1,pearson,0.10545406730179943,109,0.27512944853532445,0.5640722339981322,ok,all_cross_model_pairs_statistics_and_lags,right_reference_month = left_reference_month + lag_months,False,True,True,exploratory_serial_dependence_detected
housing_activity,housing_single_family_construction,single_family_building_permits_log_change,weekly_labor_stress,weekly_labor_stress,initial_claims_innovation,False,1,spearman,0.14036697247706426,109,0.1454487579702494,0.3766849871293858,ok,all_cross_model_pairs_statistics_and_lags,right_reference_month = left_reference_month + lag_months,False,True,True,exploratory_serial_dependence_detected
housing_activity,housing_single_family_construction,single_family_housing_starts_log_change,inflation_pressure,inflation_expectations,one_year_inflation_expectations_change,False,-1,pearson,,0,,,insufficient_observations,all_cross_model_pairs_statistics_and_lags,right_reference_month = left_reference_month + lag_months,True,False,True,exploratory_serial_dependence_detected
housing_activity,housing_single_family_construction,single_family_housing_starts_log_change,inflation_pressure,inflation_expectations,one_year_inflation_expectations_change,False,-1,spearman,,0,,,insufficient_observations,all_cross_model_pairs_statistics_and_lags,right_reference_month = left_reference_month + lag_months,True,False,True,exploratory_serial_dependence_detected
housing_activity,housing_single_family_construction,single_family_housing_starts_log_change,inflation_pressure,inflation_expectations,one_year_inflation_expectations_change,False,0,pearson,,1,,,insufficient_observations,all_cross_model_pairs_statistics_and_lags,right_reference_month = left_reference_month + lag_months,True,False,True,exploratory_serial_dependence_detected
housing_activity,housing_single_family_construction,single_family_housing_starts_log_change,inflation_pressure,inflation_expectations,one_year_inflation_expectations_change,False,0,spearman,,1,,,insufficient_observations,all_cross_model_pairs_statistics_and_lags,right_reference_month = left_reference_month + lag_months,True,False,True,exploratory_serial_dependence_detected
housing_activity,housing_single_family_construction,single_family_housing_starts_log_change,inflation_pressure,inflation_expectations,one_year_inflation_expectations_change,False,1,pearson,,1,,,insufficient_observations,all_cross_model_pairs_statistics_and_lags,right_reference_month = left_reference_month + lag_months,True,False,True,exploratory_serial_dependence_detected
housing_activity,housing_single_family_construction,single_family_housing_starts_log_change,inflation_pressure,inflation_expectations,one_year_inflation_expectations_change,False,1,spearman,,1,,,insufficient_observations,all_cross_model_pairs_statistics_and_lags,right_reference_month = left_reference_month + lag_months,True,False,True,exploratory_serial_dependence_detected
housing_activity,housing_single_family_construction,single_family_housing_starts_log_change,inflation_pressure,inflation_import_prices,import_prices_ex_food_fuels_computers_12m_log_change,False,-1,pearson,-0.049447948545425086,127,0.5808947517149466,0.8077773899183804,ok,all_cross_model_pairs_statistics_and_lags,right_reference_month = left_reference_month + lag_months,True,True,True,exploratory_serial_dependence_detected
housing_activity,housing_single_family_construction,single_family_housing_starts_log_change,inflation_pressure,inflation_import_prices,import_prices_ex_food_fuels_computers_12m_log_change,False,-1,spearman,-0.03151949756280465,127,0.7250017091531086,0.8842823876791703,ok,all_cross_model_pairs_statistics_and_lags,right_reference_month = left_reference_month + lag_months,True,True,True,exploratory_serial_dependence_detected
housing_activity,housing_single_family_construction,single_family_housing_starts_log_change,inflation_pressure,inflation_import_prices,import_prices_ex_food_fuels_computers_12m_log_change,False,0,pearson,-0.029879505494610832,128,0.737770973012559,0.8945016541246001,ok,all_cross_model_pairs_statistics_and_lags,right_reference_month = left_reference_month + lag_months,True,True,True,exploratory_serial_dependence_detected
housing_activity,housing_single_family_construction,single_family_housing_starts_log_change,inflation_pressure,inflation_import_prices,import_prices_ex_food_fuels_computers_12m_log_change,False,0,spearman,-0.00953923274125618,128,0.914893849180304,0.9686993984394437,ok,all_cross_model_pairs_statistics_and_lags,right_reference_month = left_reference_month + lag_months,True,True,True,exploratory_serial_dependence_detected
housing_activity,housing_single_family_construction,single_family_housing_starts_log_change,inflation_pressure,inflation_import_prices,import_prices_ex_food_fuels_computers_12m_log_change,False,1,pearson,-0.023669972854303292,127,0.7916669350396364,0.9147730373783358,ok,all_cross_model_pairs_statistics_and_lags,right_reference_month = left_reference_month + lag_months,True,True,True,exploratory_serial_dependence_detected
housing_activity,housing_single_family_construction,single_family_housing_starts_log_change,inflation_pressure,inflation_import_prices,import_prices_ex_food_fuels_computers_12m_log_change,False,1,spearman,-0.01772239407574053,127,0.843231243247221,0.9427793761305735,ok,all_cross_model_pairs_statistics_and_lags,right_reference_month = left_reference_month + lag_months,True,True,True,exploratory_serial_dependence_detected
housing_activity,housing_single_family_construction,single_family_housing_starts_log_change,inflation_pressure,inflation_input_costs,intermediate_materials_prices_log_change,False,-1,pearson,-0.06323606078051888,34,0.7223720528518108,0.8842823876791703,ok,all_cross_model_pairs_statistics_and_lags,right_reference_month = left_reference_month + lag_months,True,True,True,exploratory_serial_dependence_detected
housing_activity,housing_single_family_construction,single_family_housing_starts_log_change,inflation_pressure,inflation_input_costs,intermediate_materials_prices_log_change,False,-1,spearman,-0.03223834988540871,34,0.8563708362093022,0.9488904634305647,ok,all_cross_model_pairs_statistics_and_lags,right_reference_month = left_reference_month + lag_months,True,True,True,exploratory_serial_dependence_detected
housing_activity,housing_single_family_construction,single_family_housing_starts_log_change,inflation_pressure,inflation_input_costs,intermediate_materials_prices_log_change,False,0,pearson,-0.05232933441340555,36,0.7618113965317601,0.9070390498534446,ok,all_cross_model_pairs_statistics_and_lags,right_reference_month = left_reference_month + lag_months,True,True,True,exploratory_serial_dependence_detected
housing_activity,housing_single_family_construction,single_family_housing_starts_log_change,inflation_pressure,inflation_input_costs,intermediate_materials_prices_log_change,False,0,spearman,-0.08030888030888031,36,0.6415010301805822,0.8455573597763589,ok,all_cross_model_pairs_statistics_and_lags,right_reference_month = left_reference_month + lag_months,True,True,True,exploratory_serial_dependence_detected
housing_activity,housing_single_family_construction,single_family_housing_starts_log_change,inflation_pressure,inflation_input_costs,intermediate_materials_prices_log_change,False,1,pearson,-0.14021987353330573,36,0.41468949405895306,0.7120523337401289,ok,all_cross_model_pairs_statistics_and_lags,right_reference_month = left_reference_month + lag_months,True,True,True,exploratory_serial_dependence_detected
housing_activity,housing_single_family_construction,single_family_housing_starts_log_change,inflation_pressure,inflation_input_costs,intermediate_materials_prices_log_change,False,1,spearman,-0.20102960102960102,36,0.23973132846842632,0.5199197851777557,ok,all_cross_model_pairs_statistics_and_lags,right_reference_month = left_reference_month + lag_months,True,True,True,exploratory_serial_dependence_detected
housing_activity,housing_single_family_construction,single_family_housing_starts_log_change,manufacturing_surveys,manufacturing_empire_state,empire_current_new_orders_level,False,-1,pearson,-0.1040701719833712,92,0.32352411152033345,0.6262019160357617,ok,all_cross_model_pairs_statistics_and_lags,right_reference_month = left_reference_month + lag_months,True,True,True,exploratory_serial_dependence_detected
housing_activity,housing_single_family_construction,single_family_housing_starts_log_change,manufacturing_surveys,manufacturing_empire_state,empire_current_new_orders_level,False,-1,spearman,-0.1184593807314705,92,0.26073632136116304,0.5487391861326438,ok,all_cross_model_pairs_statistics_and_lags,right_reference_month = left_reference_month + lag_months,True,True,True,exploratory_serial_dependence_detected
housing_activity,housing_single_family_construction,single_family_housing_starts_log_change,manufacturing_surveys,manufacturing_empire_state,empire_current_new_orders_level,False,0,pearson,0.06509866347712155,94,0.5330401674496039,0.7825483309366525,ok,all_cross_model_pairs_statistics_and_lags,right_reference_month = left_reference_month + lag_months,True,True,True,exploratory_serial_dependence_detected
housing_activity,housing_single_family_construction,single_family_housing_starts_log_change,manufacturing_surveys,manufacturing_empire_state,empire_current_new_orders_level,False,0,spearman,0.024397644763934544,94,0.8154401540706163,0.9278152989778744,ok,all_cross_model_pairs_statistics_and_lags,right_reference_month = left_reference_month + lag_months,True,True,True,exploratory_serial_dependence_detected
housing_activity,housing_single_family_construction,single_family_housing_starts_log_change,manufacturing_surveys,manufacturing_empire_state,empire_current_new_orders_level,False,1,pearson,0.19944659913361934,94,0.053949217018739094,0.1981556792399314,ok,all_cross_model_pairs_statistics_and_lags,right_reference_month = left_reference_month + lag_months,True,True,True,exploratory_serial_dependence_detected
housing_activity,housing_single_family_construction,single_family_housing_starts_log_change,manufacturing_surveys,manufacturing_empire_state,empire_current_new_orders_level,False,1,spearman,0.06159014557670772,94,0.5553856245939112,0.7924704776332617,ok,all_cross_model_pairs_statistics_and_lags,right_reference_month = left_reference_month + lag_months,True,True,True,exploratory_serial_dependence_detected
housing_activity,housing_single_family_construction,single_family_housing_starts_log_change,manufacturing_surveys,manufacturing_empire_state,empire_current_prices_paid_level,False,-1,pearson,-0.06876547724114236,92,0.5148342706616453,0.7734334337144347,ok,all_cross_model_pairs_statistics_and_lags,right_reference_month = left_reference_month + lag_months,True,True,True,exploratory_serial_dependence_detected
housing_activity,housing_single_family_construction,single_family_housing_starts_log_change,manufacturing_surveys,manufacturing_empire_state,empire_current_prices_paid_level,False,-1,spearman,-0.07447251206016985,92,0.4804809252448352,0.7547066240431071,ok,all_cross_model_pairs_statistics_and_lags,right_reference_month = left_reference_month + lag_months,True,True,True,exploratory_serial_dependence_detected
housing_activity,housing_single_family_construction,single_family_housing_starts_log_change,manufacturing_surveys,manufacturing_empire_state,empire_current_prices_paid_level,False,0,pearson,-0.17861704232876777,94,0.08498505257331795,0.27183960525107664,ok,all_cross_model_pairs_statistics_and_lags,right_reference_month = left_reference_month + lag_months,True,True,True,exploratory_serial_dependence_detected
housing_activity,housing_single_family_construction,single_family_housing_starts_log_change,manufacturing_surveys,manufacturing_empire_state,empire_current_prices_paid_level,False,0,spearman,-0.20400245638117254,94,0.048586100585988105,0.18433311805835584,ok,all_cross_model_pairs_statistics_and_lags,right_reference_month = left_reference_month + lag_months,True,True,True,exploratory_serial_dependence_detected
housing_activity,housing_single_family_construction,single_family_housing_starts_log_change,manufacturing_surveys,manufacturing_empire_state,empire_current_prices_paid_level,False,1,pearson,-0.23048993776120283,94,0.025419519374898017,0.12722930422876416,ok,all_cross_model_pairs_statistics_and_lags,right_reference_month = left_reference_month + lag_months,True,True,True,exploratory_serial_dependence_detected
housing_activity,housing_single_family_construction,single_family_housing_starts_log_change,manufacturing_surveys,manufacturing_empire_state,empire_current_prices_paid_level,False,1,spearman,-0.20944984286385146,94,0.042759387150175104,0.17168617556402468,ok,all_cross_model_pairs_statistics_and_lags,right_reference_month = left_reference_month + lag_months,True,True,True,exploratory_serial_dependence_detected
housing_activity,housing_single_family_construction,single_family_housing_starts_log_change,manufacturing_surveys,manufacturing_philadelphia,philadelphia_current_new_orders_level,False,-1,pearson,-0.052967443084858755,78,0.6451094970550482,0.8455573597763589,ok,all_cross_model_pairs_statistics_and_lags,right_reference_month = left_reference_month + lag_months,True,True,True,exploratory_serial_dependence_detected
housing_activity,housing_single_family_construction,single_family_housing_starts_log_change,manufacturing_surveys,manufacturing_philadelphia,philadelphia_current_new_orders_level,False,-1,spearman,-0.012127113392936177,78,0.9160755430979801,0.9686993984394437,ok,all_cross_model_pairs_statistics_and_lags,right_reference_month = left_reference_month + lag_months,True,True,True,exploratory_serial_dependence_detected
housing_activity,housing_single_family_construction,single_family_housing_starts_log_change,manufacturing_surveys,manufacturing_philadelphia,philadelphia_current_new_orders_level,False,0,pearson,0.14995856249712872,80,0.18428320899441492,0.4395495799718637,ok,all_cross_model_pairs_statistics_and_lags,right_reference_month = left_reference_month + lag_months,True,True,True,exploratory_serial_dependence_detected
housing_activity,housing_single_family_construction,single_family_housing_starts_log_change,manufacturing_surveys,manufacturing_philadelphia,philadelphia_current_new_orders_level,False,0,spearman,-0.006141584622597281,80,0.9568810264373345,0.9802195880577573,ok,all_cross_model_pairs_statistics_and_lags,right_reference_month = left_reference_month + lag_months,True,True,True,exploratory_serial_dependence_detected
housing_activity,housing_single_family_construction,single_family_housing_starts_log_change,manufacturing_surveys,manufacturing_philadelphia,philadelphia_current_new_orders_level,False,1,pearson,0.18015425865639725,80,0.10979793410679596,0.32336830593647836,ok,all_cross_model_pairs_statistics_and_lags,right_reference_month = left_reference_month + lag_months,True,True,True,exploratory_serial_dependence_detected
housing_activity,housing_single_family_construction,single_family_housing_starts_log_change,manufacturing_surveys,manufacturing_philadelphia,philadelphia_current_new_orders_level,False,1,spearman,0.005508673230192218,80,0.9613209735516689,0.9823805867256226,ok,all_cross_model_pairs_statistics_and_lags,right_reference_month = left_reference_month + lag_months,True,True,True,exploratory_serial_dependence_detected
housing_activity,housing_single_family_construction,single_family_housing_starts_log_change,manufacturing_surveys,manufacturing_philadelphia,philadelphia_current_prices_paid_level,False,-1,pearson,-0.15349740882756735,78,0.1796829150108184,0.4328521094774329,ok,all_cross_model_pairs_statistics_and_lags,right_reference_month = left_reference_month + lag_months,True,True,True,exploratory_serial_dependence_detected
housing_activity,housing_single_family_construction,single_family_housing_starts_log_change,manufacturing_surveys,manufacturing_philadelphia,philadelphia_current_prices_paid_level,False,-1,spearman,-0.22593861834368162,78,0.04669901464177276,0.18190019412884065,ok,all_cross_model_pairs_statistics_and_lags,right_reference_month = left_reference_month + lag_months,True,True,True,exploratory_serial_dependence_detected
housing_activity,housing_single_family_construction,single_family_housing_starts_log_change,manufacturing_surveys,manufacturing_philadelphia,philadelphia_current_prices_paid_level,False,0,pearson,-0.16983396453101715,80,0.13204196888411837,0.35552945546504733,ok,all_cross_model_pairs_statistics_and_lags,right_reference_month = left_reference_month + lag_months,True,True,True,exploratory_serial_dependence_detected
housing_activity,housing_single_family_construction,single_family_housing_starts_log_change,manufacturing_surveys,manufacturing_philadelphia,philadelphia_current_prices_paid_level,False,0,spearman,-0.186544772620722,80,0.09755474334508818,0.29881706279803966,ok,all_cross_model_pairs_statistics_and_lags,right_reference_month = left_reference_month + lag_months,True,True,True,exploratory_serial_dependence_detected
housing_activity,housing_single_family_construction,single_family_housing_starts_log_change,manufacturing_surveys,manufacturing_philadelphia,philadelphia_current_prices_paid_level,False,1,pearson,-0.1395467792116052,80,0.2169975569145251,0.4886238694159236,ok,all_cross_model_pairs_statistics_and_lags,right_reference_month = left_reference_month + lag_months,True,True,True,exploratory_serial_dependence_detected
housing_activity,housing_single_family_construction,single_family_housing_starts_log_change,manufacturing_surveys,manufacturing_philadelphia,philadelphia_current_prices_paid_level,False,1,spearman,-0.10440693858415377,80,0.3567012751616409,0.6601023597818871,ok,all_cross_model_pairs_statistics_and_lags,right_reference_month = left_reference_month + lag_months,True,True,True,exploratory_serial_dependence_detected
housing_activity,housing_single_family_construction,single_family_housing_starts_log_change,monthly_labor_demand,monthly_labor_demand,hires_rate_change,False,-1,pearson,0.12227220925507078,91,0.24824742743397618,0.5329044775582689,ok,all_cross_model_pairs_statistics_and_lags,right_reference_month = left_reference_month + lag_months,True,True,True,exploratory_serial_dependence_detected
housing_activity,housing_single_family_construction,single_family_housing_starts_log_change,monthly_labor_demand,monthly_labor_demand,hires_rate_change,False,-1,spearman,-0.051266125179168655,91,0.6293764538584283,0.8349008222451147,ok,all_cross_model_pairs_statistics_and_lags,right_reference_month = left_reference_month + lag_months,True,True,True,exploratory_serial_dependence_detected
housing_activity,housing_single_family_construction,single_family_housing_starts_log_change,monthly_labor_demand,monthly_labor_demand,hires_rate_change,False,0,pearson,0.15729424208792842,93,0.13212740632707246,0.35552945546504733,ok,all_cross_model_pairs_statistics_and_lags,right_reference_month = left_reference_month + lag_months,True,True,True,exploratory_serial_dependence_detected
housing_activity,housing_single_family_construction,single_family_housing_starts_log_change,monthly_labor_demand,monthly_labor_demand,hires_rate_change,False,0,spearman,0.19526424159231295,93,0.060697761370778064,0.21474407707470053,ok,all_cross_model_pairs_statistics_and_lags,right_reference_month = left_reference_month + lag_months,True,True,True,exploratory_serial_dependence_detected
housing_activity,housing_single_family_construction,single_family_housing_starts_log_change,monthly_labor_demand,monthly_labor_demand,hires_rate_change,False,1,pearson,-0.16347141570043058,93,0.11742070761129081,0.3344253497773115,ok,all_cross_model_pairs_statistics_and_lags,right_reference_month = left_reference_month + lag_months,True,True,True,exploratory_serial_dependence_detected
housing_activity,housing_single_family_construction,single_family_housing_starts_log_change,monthly_labor_demand,monthly_labor_demand,hires_rate_change,False,1,spearman,-0.16866103667452476,93,0.10607043137672861,0.3172261198449531,ok,all_cross_model_pairs_statistics_and_lags,right_reference_month = left_reference_month + lag_months,True,True,True,exploratory_serial_dependence_detected
housing_activity,housing_single_family_construction,single_family_housing_starts_log_change,monthly_labor_demand,monthly_labor_demand,job_openings_rate_change,False,-1,pearson,0.10393497187740842,91,0.32687446423009486,0.6284399885015242,ok,all_cross_model_pairs_statistics_and_lags,right_reference_month = left_reference_month + lag_months,True,False,True,exploratory_serial_dependence_detected
housing_activity,housing_single_family_construction,single_family_housing_starts_log_change,monthly_labor_demand,monthly_labor_demand,job_openings_rate_change,False,-1,spearman,0.1084726867335563,91,0.30607965113428365,0.6096349340117897,ok,all_cross_model_pairs_statistics_and_lags,right_reference_month = left_reference_month + lag_months,True,False,True,exploratory_serial_dependence_detected
housing_activity,housing_single_family_construction,single_family_housing_starts_log_change,monthly_labor_demand,monthly_labor_demand,job_openings_rate_change,False,0,pearson,0.045074240185866865,93,0.6679090600314056,0.8591213741549104,ok,all_cross_model_pairs_statistics_and_lags,right_reference_month = left_reference_month + lag_months,True,False,True,exploratory_serial_dependence_detected
housing_activity,housing_single_family_construction,single_family_housing_starts_log_change,monthly_labor_demand,monthly_labor_demand,job_openings_rate_change,False,0,spearman,-0.014368416340902985,93,0.891270310533499,0.9593783856080961,ok,all_cross_model_pairs_statistics_and_lags,right_reference_month = left_reference_month + lag_months,True,False,True,exploratory_serial_dependence_detected
housing_activity,housing_single_family_construction,single_family_housing_starts_log_change,monthly_labor_demand,monthly_labor_demand,job_openings_rate_change,False,1,pearson,-0.007893534726265323,93,0.9401398307928038,0.9754834334541874,ok,all_cross_model_pairs_statistics_and_lags,right_reference_month = left_reference_month + lag_months,True,False,True,exploratory_serial_dependence_detected
housing_activity,housing_single_family_construction,single_family_housing_starts_log_change,monthly_labor_demand,monthly_labor_demand,job_openings_rate_change,False,1,spearman,-0.01697949926889678,93,0.8716670145212965,0.952403819350105,ok,all_cross_model_pairs_statistics_and_lags,right_reference_month = left_reference_month + lag_months,True,False,True,exploratory_serial_dependence_detected
housing_activity,housing_single_family_construction,single_family_housing_starts_log_change,monthly_labor_demand,monthly_labor_demand,layoffs_discharges_rate_change,False,-1,pearson,-0.22528601775608031,91,0.03178802605140638,0.14979138129589545,ok,all_cross_model_pairs_statistics_and_lags,right_reference_month = left_reference_month + lag_months,True,False,True,exploratory_serial_dependence_detected
housing_activity,housing_single_family_construction,single_family_housing_starts_log_change,monthly_labor_demand,monthly_labor_demand,layoffs_discharges_rate_change,False,-1,spearman,-0.06696926262143654,91,0.5282214095881533,0.7818050897847545,ok,all_cross_model_pairs_statistics_and_lags,right_reference_month = left_reference_month + lag_months,True,False,True,exploratory_serial_dependence_detected
housing_activity,housing_single_family_construction,single_family_housing_starts_log_change,monthly_labor_demand,monthly_labor_demand,layoffs_discharges_rate_change,False,0,pearson,-0.2713230010425183,93,0.008520938111191572,0.05524312896249033,ok,all_cross_model_pairs_statistics_and_lags,right_reference_month = left_reference_month + lag_months,True,False,True,exploratory_serial_dependence_detected
housing_activity,housing_single_family_construction,single_family_housing_starts_log_change,monthly_labor_demand,monthly_labor_demand,layoffs_discharges_rate_change,False,0,spearman,-0.0009549103279520156,93,0.9927518965825757,0.9960692654237691,ok,all_cross_model_pairs_statistics_and_lags,right_reference_month = left_reference_month + lag_months,True,False,True,exploratory_serial_dependence_detected
housing_activity,housing_single_family_construction,single_family_housing_starts_log_change,monthly_labor_demand,monthly_labor_demand,layoffs_discharges_rate_change,False,1,pearson,0.11799554873084037,93,0.2599715613589512,0.5483242975387487,ok,all_cross_model_pairs_statistics_and_lags,right_reference_month = left_reference_month + lag_months,True,False,True,exploratory_serial_dependence_detected
housing_activity,housing_single_family_construction,single_family_housing_starts_log_change,monthly_labor_demand,monthly_labor_demand,layoffs_discharges_rate_change,False,1,spearman,0.15829130733192084,93,0.12966301736480834,0.35460753117524224,ok,all_cross_model_pairs_statistics_and_lags,right_reference_month = left_reference_month + lag_months,True,False,True,exploratory_serial_dependence_detected
housing_activity,housing_single_family_construction,single_family_housing_starts_log_change,monthly_labor_demand,monthly_labor_demand,quits_rate_change,False,-1,pearson,0.09345964289895532,91,0.3782343346171016,0.6788060289970708,ok,all_cross_model_pairs_statistics_and_lags,right_reference_month = left_reference_month + lag_months,True,False,True,exploratory_serial_dependence_detected
housing_activity,housing_single_family_construction,single_family_housing_starts_log_change,monthly_labor_demand,monthly_labor_demand,quits_rate_change,False,-1,spearman,0.023650262780697564,91,0.8239079809555431,0.933054055806629,ok,all_cross_model_pairs_statistics_and_lags,right_reference_month = left_reference_month + lag_months,True,False,True,exploratory_serial_dependence_detected
housing_activity,housing_single_family_construction,single_family_housing_starts_log_change,monthly_labor_demand,monthly_labor_demand,quits_rate_change,False,0,pearson,0.26814869831442023,93,0.00935677706452441,0.05985858704854689,ok,all_cross_model_pairs_statistics_and_lags,right_reference_month = left_reference_month + lag_months,True,False,True,exploratory_serial_dependence_detected
housing_activity,housing_single_family_construction,single_family_housing_starts_log_change,monthly_labor_demand,monthly_labor_demand,quits_rate_change,False,0,spearman,0.11429082987675686,93,0.27533747683664905,0.5640722339981322,ok,all_cross_model_pairs_statistics_and_lags,right_reference_month = left_reference_month + lag_months,True,False,True,exploratory_serial_dependence_detected
housing_activity,housing_single_family_construction,single_family_housing_starts_log_change,monthly_labor_demand,monthly_labor_demand,quits_rate_change,False,1,pearson,0.07196018041781463,93,0.4930520113391344,0.7581436946029398,ok,all_cross_model_pairs_statistics_and_lags,right_reference_month = left_reference_month + lag_months,True,False,True,exploratory_serial_dependence_detected
housing_activity,housing_single_family_construction,single_family_housing_starts_log_change,monthly_labor_demand,monthly_labor_demand,quits_rate_change,False,1,spearman,-0.015651577094088508,93,0.8816277700585352,0.9582765715283116,ok,all_cross_model_pairs_statistics_and_lags,right_reference_month = left_reference_month + lag_months,True,False,True,exploratory_serial_dependence_detected
housing_activity,housing_single_family_construction,single_family_housing_starts_log_change,weekly_labor_stress,weekly_continued_claims,continued_claims_innovation,False,-1,pearson,-0.19300854164619924,107,0.04639121628009304,0.1814328539537242,ok,all_cross_model_pairs_statistics_and_lags,right_reference_month = left_reference_month + lag_months,True,True,True,exploratory_serial_dependence_detected
housing_activity,housing_single_family_construction,single_family_housing_starts_log_change,weekly_labor_stress,weekly_continued_claims,continued_claims_innovation,False,-1,spearman,-0.0023511432434021044,107,0.9808248588049843,0.9919683016362021,ok,all_cross_model_pairs_statistics_and_lags,right_reference_month = left_reference_month + lag_months,True,True,True,exploratory_serial_dependence_detected
housing_activity,housing_single_family_construction,single_family_housing_starts_log_change,weekly_labor_stress,weekly_continued_claims,continued_claims_innovation,False,0,pearson,-0.2561236294422741,109,0.007184355841348457,0.04989458498110883,ok,all_cross_model_pairs_statistics_and_lags,right_reference_month = left_reference_month + lag_months,True,True,True,exploratory_serial_dependence_detected
housing_activity,housing_single_family_construction,single_family_housing_starts_log_change,weekly_labor_stress,weekly_continued_claims,continued_claims_innovation,False,0,spearman,-0.005272912612362153,109,0.9566033145855762,0.9802195880577573,ok,all_cross_model_pairs_statistics_and_lags,right_reference_month = left_reference_month + lag_months,True,True,True,exploratory_serial_dependence_detected
housing_activity,housing_single_family_construction,single_family_housing_starts_log_change,weekly_labor_stress,weekly_continued_claims,continued_claims_innovation,False,1,pearson,0.07354453187941315,109,0.44725141133216517,0.7329211689957459,ok,all_cross_model_pairs_statistics_and_lags,right_reference_month = left_reference_month + lag_months,True,True,True,exploratory_serial_dependence_detected
housing_activity,housing_single_family_construction,single_family_housing_starts_log_change,weekly_labor_stress,weekly_continued_claims,continued_claims_innovation,False,1,spearman,-0.12175887313501994,109,0.20722133422610658,0.47435025796781743,ok,all_cross_model_pairs_statistics_and_lags,right_reference_month = left_reference_month + lag_months,True,True,True,exploratory_serial_dependence_detected
housing_activity,housing_single_family_construction,single_family_housing_starts_log_change,weekly_labor_stress,weekly_labor_stress,initial_claims_innovation,False,-1,pearson,-0.20412214005474505,107,0.03495203519446153,0.15704030696674343,ok,all_cross_model_pairs_statistics_and_lags,right_reference_month = left_reference_month + lag_months,True,True,True,exploratory_serial_dependence_detected
housing_activity,housing_single_family_construction,single_family_housing_starts_log_change,weekly_labor_stress,weekly_labor_stress,initial_claims_innovation,False,-1,spearman,-0.14773016712709888,107,0.12888108896457237,0.35460753117524224,ok,all_cross_model_pairs_statistics_and_lags,right_reference_month = left_reference_month + lag_months,True,True,True,exploratory_serial_dependence_detected
housing_activity,housing_single_family_construction,single_family_housing_starts_log_change,weekly_labor_stress,weekly_labor_stress,initial_claims_innovation,False,0,pearson,-0.24131835770401983,109,0.011475748124417843,0.07106136338581817,ok,all_cross_model_pairs_statistics_and_lags,right_reference_month = left_reference_month + lag_months,True,True,True,exploratory_serial_dependence_detected
housing_activity,housing_single_family_construction,single_family_housing_starts_log_change,weekly_labor_stress,weekly_labor_stress,initial_claims_innovation,False,0,spearman,-0.09799833194328608,109,0.31068787080370436,0.6175400888814371,ok,all_cross_model_pairs_statistics_and_lags,right_reference_month = left_reference_month + lag_months,True,True,True,exploratory_serial_dependence_detected
housing_activity,housing_single_family_construction,single_family_housing_starts_log_change,weekly_labor_stress,weekly_labor_stress,initial_claims_innovation,False,1,pearson,0.10682604217453884,109,0.26889722806478245,0.5610253181653992,ok,all_cross_model_pairs_statistics_and_lags,right_reference_month = left_reference_month + lag_months,True,True,True,exploratory_serial_dependence_detected
housing_activity,housing_single_family_construction,single_family_housing_starts_log_change,weekly_labor_stress,weekly_labor_stress,initial_claims_innovation,False,1,spearman,0.055370215920674634,109,0.5674192760352524,0.8025285807467846,ok,all_cross_model_pairs_statistics_and_lags,right_reference_month = left_reference_month + lag_months,True,True,True,exploratory_serial_dependence_detected
inflation_pressure,inflation_expectations,one_year_inflation_expectations_change,inflation_pressure,inflation_import_prices,import_prices_ex_food_fuels_computers_12m_log_change,True,-1,pearson,,1,,,insufficient_observations,all_cross_model_pairs_statistics_and_lags,right_reference_month = left_reference_month + lag_months,False,True,True,exploratory_serial_dependence_detected
inflation_pressure,inflation_expectations,one_year_inflation_expectations_change,inflation_pressure,inflation_import_prices,import_prices_ex_food_fuels_computers_12m_log_change,True,-1,spearman,,1,,,insufficient_observations,all_cross_model_pairs_statistics_and_lags,right_reference_month = left_reference_month + lag_months,False,True,True,exploratory_serial_dependence_detected
inflation_pressure,inflation_expectations,one_year_inflation_expectations_change,inflation_pressure,inflation_import_prices,import_prices_ex_food_fuels_computers_12m_log_change,True,0,pearson,,1,,,insufficient_observations,all_cross_model_pairs_statistics_and_lags,right_reference_month = left_reference_month + lag_months,False,True,True,exploratory_serial_dependence_detected
inflation_pressure,inflation_expectations,one_year_inflation_expectations_change,inflation_pressure,inflation_import_prices,import_prices_ex_food_fuels_computers_12m_log_change,True,0,spearman,,1,,,insufficient_observations,all_cross_model_pairs_statistics_and_lags,right_reference_month = left_reference_month + lag_months,False,True,True,exploratory_serial_dependence_detected
inflation_pressure,inflation_expectations,one_year_inflation_expectations_change,inflation_pressure,inflation_import_prices,import_prices_ex_food_fuels_computers_12m_log_change,True,1,pearson,,0,,,insufficient_observations,all_cross_model_pairs_statistics_and_lags,right_reference_month = left_reference_month + lag_months,False,True,True,exploratory_serial_dependence_detected
inflation_pressure,inflation_expectations,one_year_inflation_expectations_change,inflation_pressure,inflation_import_prices,import_prices_ex_food_fuels_computers_12m_log_change,True,1,spearman,,0,,,insufficient_observations,all_cross_model_pairs_statistics_and_lags,right_reference_month = left_reference_month + lag_months,False,True,True,exploratory_serial_dependence_detected
inflation_pressure,inflation_expectations,one_year_inflation_expectations_change,inflation_pressure,inflation_input_costs,intermediate_materials_prices_log_change,True,-1,pearson,,1,,,insufficient_observations,all_cross_model_pairs_statistics_and_lags,right_reference_month = left_reference_month + lag_months,False,True,True,exploratory_serial_dependence_detected
inflation_pressure,inflation_expectations,one_year_inflation_expectations_change,inflation_pressure,inflation_input_costs,intermediate_materials_prices_log_change,True,-1,spearman,,1,,,insufficient_observations,all_cross_model_pairs_statistics_and_lags,right_reference_month = left_reference_month + lag_months,False,True,True,exploratory_serial_dependence_detected
inflation_pressure,inflation_expectations,one_year_inflation_expectations_change,inflation_pressure,inflation_input_costs,intermediate_materials_prices_log_change,True,0,pearson,,1,,,insufficient_observations,all_cross_model_pairs_statistics_and_lags,right_reference_month = left_reference_month + lag_months,False,True,True,exploratory_serial_dependence_detected
inflation_pressure,inflation_expectations,one_year_inflation_expectations_change,inflation_pressure,inflation_input_costs,intermediate_materials_prices_log_change,True,0,spearman,,1,,,insufficient_observations,all_cross_model_pairs_statistics_and_lags,right_reference_month = left_reference_month + lag_months,False,True,True,exploratory_serial_dependence_detected
inflation_pressure,inflation_expectations,one_year_inflation_expectations_change,inflation_pressure,inflation_input_costs,intermediate_materials_prices_log_change,True,1,pearson,,0,,,insufficient_observations,all_cross_model_pairs_statistics_and_lags,right_reference_month = left_reference_month + lag_months,False,True,True,exploratory_serial_dependence_detected
inflation_pressure,inflation_expectations,one_year_inflation_expectations_change,inflation_pressure,inflation_input_costs,intermediate_materials_prices_log_change,True,1,spearman,,0,,,insufficient_observations,all_cross_model_pairs_statistics_and_lags,right_reference_month = left_reference_month + lag_months,False,True,True,exploratory_serial_dependence_detected
inflation_pressure,inflation_expectations,one_year_inflation_expectations_change,manufacturing_surveys,manufacturing_empire_state,empire_current_new_orders_level,False,-1,pearson,,1,,,insufficient_observations,all_cross_model_pairs_statistics_and_lags,right_reference_month = left_reference_month + lag_months,False,True,True,exploratory_serial_dependence_detected
inflation_pressure,inflation_expectations,one_year_inflation_expectations_change,manufacturing_surveys,manufacturing_empire_state,empire_current_new_orders_level,False,-1,spearman,,1,,,insufficient_observations,all_cross_model_pairs_statistics_and_lags,right_reference_month = left_reference_month + lag_months,False,True,True,exploratory_serial_dependence_detected
inflation_pressure,inflation_expectations,one_year_inflation_expectations_change,manufacturing_surveys,manufacturing_empire_state,empire_current_new_orders_level,False,0,pearson,,1,,,insufficient_observations,all_cross_model_pairs_statistics_and_lags,right_reference_month = left_reference_month + lag_months,False,True,True,exploratory_serial_dependence_detected
inflation_pressure,inflation_expectations,one_year_inflation_expectations_change,manufacturing_surveys,manufacturing_empire_state,empire_current_new_orders_level,False,0,spearman,,1,,,insufficient_observations,all_cross_model_pairs_statistics_and_lags,right_reference_month = left_reference_month + lag_months,False,True,True,exploratory_serial_dependence_detected
inflation_pressure,inflation_expectations,one_year_inflation_expectations_change,manufacturing_surveys,manufacturing_empire_state,empire_current_new_orders_level,False,1,pearson,,0,,,insufficient_observations,all_cross_model_pairs_statistics_and_lags,right_reference_month = left_reference_month + lag_months,False,True,True,exploratory_serial_dependence_detected
inflation_pressure,inflation_expectations,one_year_inflation_expectations_change,manufacturing_surveys,manufacturing_empire_state,empire_current_new_orders_level,False,1,spearman,,0,,,insufficient_observations,all_cross_model_pairs_statistics_and_lags,right_reference_month = left_reference_month + lag_months,False,True,True,exploratory_serial_dependence_detected
inflation_pressure,inflation_expectations,one_year_inflation_expectations_change,manufacturing_surveys,manufacturing_empire_state,empire_current_prices_paid_level,False,-1,pearson,,1,,,insufficient_observations,all_cross_model_pairs_statistics_and_lags,right_reference_month = left_reference_month + lag_months,False,True,True,exploratory_serial_dependence_detected
inflation_pressure,inflation_expectations,one_year_inflation_expectations_change,manufacturing_surveys,manufacturing_empire_state,empire_current_prices_paid_level,False,-1,spearman,,1,,,insufficient_observations,all_cross_model_pairs_statistics_and_lags,right_reference_month = left_reference_month + lag_months,False,True,True,exploratory_serial_dependence_detected
inflation_pressure,inflation_expectations,one_year_inflation_expectations_change,manufacturing_surveys,manufacturing_empire_state,empire_current_prices_paid_level,False,0,pearson,,1,,,insufficient_observations,all_cross_model_pairs_statistics_and_lags,right_reference_month = left_reference_month + lag_months,False,True,True,exploratory_serial_dependence_detected
inflation_pressure,inflation_expectations,one_year_inflation_expectations_change,manufacturing_surveys,manufacturing_empire_state,empire_current_prices_paid_level,False,0,spearman,,1,,,insufficient_observations,all_cross_model_pairs_statistics_and_lags,right_reference_month = left_reference_month + lag_months,False,True,True,exploratory_serial_dependence_detected
inflation_pressure,inflation_expectations,one_year_inflation_expectations_change,manufacturing_surveys,manufacturing_empire_state,empire_current_prices_paid_level,False,1,pearson,,0,,,insufficient_observations,all_cross_model_pairs_statistics_and_lags,right_reference_month = left_reference_month + lag_months,False,True,True,exploratory_serial_dependence_detected
inflation_pressure,inflation_expectations,one_year_inflation_expectations_change,manufacturing_surveys,manufacturing_empire_state,empire_current_prices_paid_level,False,1,spearman,,0,,,insufficient_observations,all_cross_model_pairs_statistics_and_lags,right_reference_month = left_reference_month + lag_months,False,True,True,exploratory_serial_dependence_detected
inflation_pressure,inflation_expectations,one_year_inflation_expectations_change,manufacturing_surveys,manufacturing_philadelphia,philadelphia_current_new_orders_level,False,-1,pearson,,1,,,insufficient_observations,all_cross_model_pairs_statistics_and_lags,right_reference_month = left_reference_month + lag_months,False,True,True,exploratory_serial_dependence_detected
inflation_pressure,inflation_expectations,one_year_inflation_expectations_change,manufacturing_surveys,manufacturing_philadelphia,philadelphia_current_new_orders_level,False,-1,spearman,,1,,,insufficient_observations,all_cross_model_pairs_statistics_and_lags,right_reference_month = left_reference_month + lag_months,False,True,True,exploratory_serial_dependence_detected
inflation_pressure,inflation_expectations,one_year_inflation_expectations_change,manufacturing_surveys,manufacturing_philadelphia,philadelphia_current_new_orders_level,False,0,pearson,,1,,,insufficient_observations,all_cross_model_pairs_statistics_and_lags,right_reference_month = left_reference_month + lag_months,False,True,True,exploratory_serial_dependence_detected
inflation_pressure,inflation_expectations,one_year_inflation_expectations_change,manufacturing_surveys,manufacturing_philadelphia,philadelphia_current_new_orders_level,False,0,spearman,,1,,,insufficient_observations,all_cross_model_pairs_statistics_and_lags,right_reference_month = left_reference_month + lag_months,False,True,True,exploratory_serial_dependence_detected
inflation_pressure,inflation_expectations,one_year_inflation_expectations_change,manufacturing_surveys,manufacturing_philadelphia,philadelphia_current_new_orders_level,False,1,pearson,,0,,,insufficient_observations,all_cross_model_pairs_statistics_and_lags,right_reference_month = left_reference_month + lag_months,False,True,True,exploratory_serial_dependence_detected
inflation_pressure,inflation_expectations,one_year_inflation_expectations_change,manufacturing_surveys,manufacturing_philadelphia,philadelphia_current_new_orders_level,False,1,spearman,,0,,,insufficient_observations,all_cross_model_pairs_statistics_and_lags,right_reference_month = left_reference_month + lag_months,False,True,True,exploratory_serial_dependence_detected
inflation_pressure,inflation_expectations,one_year_inflation_expectations_change,manufacturing_surveys,manufacturing_philadelphia,philadelphia_current_prices_paid_level,False,-1,pearson,,1,,,insufficient_observations,all_cross_model_pairs_statistics_and_lags,right_reference_month = left_reference_month + lag_months,False,True,True,exploratory_serial_dependence_detected
inflation_pressure,inflation_expectations,one_year_inflation_expectations_change,manufacturing_surveys,manufacturing_philadelphia,philadelphia_current_prices_paid_level,False,-1,spearman,,1,,,insufficient_observations,all_cross_model_pairs_statistics_and_lags,right_reference_month = left_reference_month + lag_months,False,True,True,exploratory_serial_dependence_detected
inflation_pressure,inflation_expectations,one_year_inflation_expectations_change,manufacturing_surveys,manufacturing_philadelphia,philadelphia_current_prices_paid_level,False,0,pearson,,1,,,insufficient_observations,all_cross_model_pairs_statistics_and_lags,right_reference_month = left_reference_month + lag_months,False,True,True,exploratory_serial_dependence_detected
inflation_pressure,inflation_expectations,one_year_inflation_expectations_change,manufacturing_surveys,manufacturing_philadelphia,philadelphia_current_prices_paid_level,False,0,spearman,,1,,,insufficient_observations,all_cross_model_pairs_statistics_and_lags,right_reference_month = left_reference_month + lag_months,False,True,True,exploratory_serial_dependence_detected
inflation_pressure,inflation_expectations,one_year_inflation_expectations_change,manufacturing_surveys,manufacturing_philadelphia,philadelphia_current_prices_paid_level,False,1,pearson,,0,,,insufficient_observations,all_cross_model_pairs_statistics_and_lags,right_reference_month = left_reference_month + lag_months,False,True,True,exploratory_serial_dependence_detected
inflation_pressure,inflation_expectations,one_year_inflation_expectations_change,manufacturing_surveys,manufacturing_philadelphia,philadelphia_current_prices_paid_level,False,1,spearman,,0,,,insufficient_observations,all_cross_model_pairs_statistics_and_lags,right_reference_month = left_reference_month + lag_months,False,True,True,exploratory_serial_dependence_detected
inflation_pressure,inflation_expectations,one_year_inflation_expectations_change,monthly_labor_demand,monthly_labor_demand,hires_rate_change,False,-1,pearson,,1,,,insufficient_observations,all_cross_model_pairs_statistics_and_lags,right_reference_month = left_reference_month + lag_months,False,True,True,exploratory_serial_dependence_detected
inflation_pressure,inflation_expectations,one_year_inflation_expectations_change,monthly_labor_demand,monthly_labor_demand,hires_rate_change,False,-1,spearman,,1,,,insufficient_observations,all_cross_model_pairs_statistics_and_lags,right_reference_month = left_reference_month + lag_months,False,True,True,exploratory_serial_dependence_detected
inflation_pressure,inflation_expectations,one_year_inflation_expectations_change,monthly_labor_demand,monthly_labor_demand,hires_rate_change,False,0,pearson,,1,,,insufficient_observations,all_cross_model_pairs_statistics_and_lags,right_reference_month = left_reference_month + lag_months,False,True,True,exploratory_serial_dependence_detected
inflation_pressure,inflation_expectations,one_year_inflation_expectations_change,monthly_labor_demand,monthly_labor_demand,hires_rate_change,False,0,spearman,,1,,,insufficient_observations,all_cross_model_pairs_statistics_and_lags,right_reference_month = left_reference_month + lag_months,False,True,True,exploratory_serial_dependence_detected
inflation_pressure,inflation_expectations,one_year_inflation_expectations_change,monthly_labor_demand,monthly_labor_demand,hires_rate_change,False,1,pearson,,0,,,insufficient_observations,all_cross_model_pairs_statistics_and_lags,right_reference_month = left_reference_month + lag_months,False,True,True,exploratory_serial_dependence_detected
inflation_pressure,inflation_expectations,one_year_inflation_expectations_change,monthly_labor_demand,monthly_labor_demand,hires_rate_change,False,1,spearman,,0,,,insufficient_observations,all_cross_model_pairs_statistics_and_lags,right_reference_month = left_reference_month + lag_months,False,True,True,exploratory_serial_dependence_detected
inflation_pressure,inflation_expectations,one_year_inflation_expectations_change,monthly_labor_demand,monthly_labor_demand,job_openings_rate_change,False,-1,pearson,,1,,,insufficient_observations,all_cross_model_pairs_statistics_and_lags,right_reference_month = left_reference_month + lag_months,False,False,False,exploratory_no_serial_dependence_detected
inflation_pressure,inflation_expectations,one_year_inflation_expectations_change,monthly_labor_demand,monthly_labor_demand,job_openings_rate_change,False,-1,spearman,,1,,,insufficient_observations,all_cross_model_pairs_statistics_and_lags,right_reference_month = left_reference_month + lag_months,False,False,False,exploratory_no_serial_dependence_detected
inflation_pressure,inflation_expectations,one_year_inflation_expectations_change,monthly_labor_demand,monthly_labor_demand,job_openings_rate_change,False,0,pearson,,1,,,insufficient_observations,all_cross_model_pairs_statistics_and_lags,right_reference_month = left_reference_month + lag_months,False,False,False,exploratory_no_serial_dependence_detected
inflation_pressure,inflation_expectations,one_year_inflation_expectations_change,monthly_labor_demand,monthly_labor_demand,job_openings_rate_change,False,0,spearman,,1,,,insufficient_observations,all_cross_model_pairs_statistics_and_lags,right_reference_month = left_reference_month + lag_months,False,False,False,exploratory_no_serial_dependence_detected
inflation_pressure,inflation_expectations,one_year_inflation_expectations_change,monthly_labor_demand,monthly_labor_demand,job_openings_rate_change,False,1,pearson,,0,,,insufficient_observations,all_cross_model_pairs_statistics_and_lags,right_reference_month = left_reference_month + lag_months,False,False,False,exploratory_no_serial_dependence_detected
inflation_pressure,inflation_expectations,one_year_inflation_expectations_change,monthly_labor_demand,monthly_labor_demand,job_openings_rate_change,False,1,spearman,,0,,,insufficient_observations,all_cross_model_pairs_statistics_and_lags,right_reference_month = left_reference_month + lag_months,False,False,False,exploratory_no_serial_dependence_detected
inflation_pressure,inflation_expectations,one_year_inflation_expectations_change,monthly_labor_demand,monthly_labor_demand,layoffs_discharges_rate_change,False,-1,pearson,,1,,,insufficient_observations,all_cross_model_pairs_statistics_and_lags,right_reference_month = left_reference_month + lag_months,False,False,False,exploratory_no_serial_dependence_detected
inflation_pressure,inflation_expectations,one_year_inflation_expectations_change,monthly_labor_demand,monthly_labor_demand,layoffs_discharges_rate_change,False,-1,spearman,,1,,,insufficient_observations,all_cross_model_pairs_statistics_and_lags,right_reference_month = left_reference_month + lag_months,False,False,False,exploratory_no_serial_dependence_detected
inflation_pressure,inflation_expectations,one_year_inflation_expectations_change,monthly_labor_demand,monthly_labor_demand,layoffs_discharges_rate_change,False,0,pearson,,1,,,insufficient_observations,all_cross_model_pairs_statistics_and_lags,right_reference_month = left_reference_month + lag_months,False,False,False,exploratory_no_serial_dependence_detected
inflation_pressure,inflation_expectations,one_year_inflation_expectations_change,monthly_labor_demand,monthly_labor_demand,layoffs_discharges_rate_change,False,0,spearman,,1,,,insufficient_observations,all_cross_model_pairs_statistics_and_lags,right_reference_month = left_reference_month + lag_months,False,False,False,exploratory_no_serial_dependence_detected
inflation_pressure,inflation_expectations,one_year_inflation_expectations_change,monthly_labor_demand,monthly_labor_demand,layoffs_discharges_rate_change,False,1,pearson,,0,,,insufficient_observations,all_cross_model_pairs_statistics_and_lags,right_reference_month = left_reference_month + lag_months,False,False,False,exploratory_no_serial_dependence_detected
inflation_pressure,inflation_expectations,one_year_inflation_expectations_change,monthly_labor_demand,monthly_labor_demand,layoffs_discharges_rate_change,False,1,spearman,,0,,,insufficient_observations,all_cross_model_pairs_statistics_and_lags,right_reference_month = left_reference_month + lag_months,False,False,False,exploratory_no_serial_dependence_detected
inflation_pressure,inflation_expectations,one_year_inflation_expectations_change,monthly_labor_demand,monthly_labor_demand,quits_rate_change,False,-1,pearson,,1,,,insufficient_observations,all_cross_model_pairs_statistics_and_lags,right_reference_month = left_reference_month + lag_months,False,False,False,exploratory_no_serial_dependence_detected
inflation_pressure,inflation_expectations,one_year_inflation_expectations_change,monthly_labor_demand,monthly_labor_demand,quits_rate_change,False,-1,spearman,,1,,,insufficient_observations,all_cross_model_pairs_statistics_and_lags,right_reference_month = left_reference_month + lag_months,False,False,False,exploratory_no_serial_dependence_detected
inflation_pressure,inflation_expectations,one_year_inflation_expectations_change,monthly_labor_demand,monthly_labor_demand,quits_rate_change,False,0,pearson,,1,,,insufficient_observations,all_cross_model_pairs_statistics_and_lags,right_reference_month = left_reference_month + lag_months,False,False,False,exploratory_no_serial_dependence_detected
inflation_pressure,inflation_expectations,one_year_inflation_expectations_change,monthly_labor_demand,monthly_labor_demand,quits_rate_change,False,0,spearman,,1,,,insufficient_observations,all_cross_model_pairs_statistics_and_lags,right_reference_month = left_reference_month + lag_months,False,False,False,exploratory_no_serial_dependence_detected
inflation_pressure,inflation_expectations,one_year_inflation_expectations_change,monthly_labor_demand,monthly_labor_demand,quits_rate_change,False,1,pearson,,0,,,insufficient_observations,all_cross_model_pairs_statistics_and_lags,right_reference_month = left_reference_month + lag_months,False,False,False,exploratory_no_serial_dependence_detected
inflation_pressure,inflation_expectations,one_year_inflation_expectations_change,monthly_labor_demand,monthly_labor_demand,quits_rate_change,False,1,spearman,,0,,,insufficient_observations,all_cross_model_pairs_statistics_and_lags,right_reference_month = left_reference_month + lag_months,False,False,False,exploratory_no_serial_dependence_detected
inflation_pressure,inflation_expectations,one_year_inflation_expectations_change,weekly_labor_stress,weekly_continued_claims,continued_claims_innovation,False,-1,pearson,,1,,,insufficient_observations,all_cross_model_pairs_statistics_and_lags,right_reference_month = left_reference_month + lag_months,False,True,True,exploratory_serial_dependence_detected
inflation_pressure,inflation_expectations,one_year_inflation_expectations_change,weekly_labor_stress,weekly_continued_claims,continued_claims_innovation,False,-1,spearman,,1,,,insufficient_observations,all_cross_model_pairs_statistics_and_lags,right_reference_month = left_reference_month + lag_months,False,True,True,exploratory_serial_dependence_detected
inflation_pressure,inflation_expectations,one_year_inflation_expectations_change,weekly_labor_stress,weekly_continued_claims,continued_claims_innovation,False,0,pearson,,1,,,insufficient_observations,all_cross_model_pairs_statistics_and_lags,right_reference_month = left_reference_month + lag_months,False,True,True,exploratory_serial_dependence_detected
inflation_pressure,inflation_expectations,one_year_inflation_expectations_change,weekly_labor_stress,weekly_continued_claims,continued_claims_innovation,False,0,spearman,,1,,,insufficient_observations,all_cross_model_pairs_statistics_and_lags,right_reference_month = left_reference_month + lag_months,False,True,True,exploratory_serial_dependence_detected
inflation_pressure,inflation_expectations,one_year_inflation_expectations_change,weekly_labor_stress,weekly_continued_claims,continued_claims_innovation,False,1,pearson,,0,,,insufficient_observations,all_cross_model_pairs_statistics_and_lags,right_reference_month = left_reference_month + lag_months,False,True,True,exploratory_serial_dependence_detected
inflation_pressure,inflation_expectations,one_year_inflation_expectations_change,weekly_labor_stress,weekly_continued_claims,continued_claims_innovation,False,1,spearman,,0,,,insufficient_observations,all_cross_model_pairs_statistics_and_lags,right_reference_month = left_reference_month + lag_months,False,True,True,exploratory_serial_dependence_detected
inflation_pressure,inflation_expectations,one_year_inflation_expectations_change,weekly_labor_stress,weekly_labor_stress,initial_claims_innovation,False,-1,pearson,,1,,,insufficient_observations,all_cross_model_pairs_statistics_and_lags,right_reference_month = left_reference_month + lag_months,False,True,True,exploratory_serial_dependence_detected
inflation_pressure,inflation_expectations,one_year_inflation_expectations_change,weekly_labor_stress,weekly_labor_stress,initial_claims_innovation,False,-1,spearman,,1,,,insufficient_observations,all_cross_model_pairs_statistics_and_lags,right_reference_month = left_reference_month + lag_months,False,True,True,exploratory_serial_dependence_detected
inflation_pressure,inflation_expectations,one_year_inflation_expectations_change,weekly_labor_stress,weekly_labor_stress,initial_claims_innovation,False,0,pearson,,1,,,insufficient_observations,all_cross_model_pairs_statistics_and_lags,right_reference_month = left_reference_month + lag_months,False,True,True,exploratory_serial_dependence_detected
inflation_pressure,inflation_expectations,one_year_inflation_expectations_change,weekly_labor_stress,weekly_labor_stress,initial_claims_innovation,False,0,spearman,,1,,,insufficient_observations,all_cross_model_pairs_statistics_and_lags,right_reference_month = left_reference_month + lag_months,False,True,True,exploratory_serial_dependence_detected
inflation_pressure,inflation_expectations,one_year_inflation_expectations_change,weekly_labor_stress,weekly_labor_stress,initial_claims_innovation,False,1,pearson,,0,,,insufficient_observations,all_cross_model_pairs_statistics_and_lags,right_reference_month = left_reference_month + lag_months,False,True,True,exploratory_serial_dependence_detected
inflation_pressure,inflation_expectations,one_year_inflation_expectations_change,weekly_labor_stress,weekly_labor_stress,initial_claims_innovation,False,1,spearman,,0,,,insufficient_observations,all_cross_model_pairs_statistics_and_lags,right_reference_month = left_reference_month + lag_months,False,True,True,exploratory_serial_dependence_detected
inflation_pressure,inflation_import_prices,import_prices_ex_food_fuels_computers_12m_log_change,inflation_pressure,inflation_input_costs,intermediate_materials_prices_log_change,True,-1,pearson,0.3286594899253177,35,0.0538932585908072,0.1981556792399314,ok,all_cross_model_pairs_statistics_and_lags,right_reference_month = left_reference_month + lag_months,True,True,True,exploratory_serial_dependence_detected
inflation_pressure,inflation_import_prices,import_prices_ex_food_fuels_computers_12m_log_change,inflation_pressure,inflation_input_costs,intermediate_materials_prices_log_change,True,-1,spearman,0.31680672268907567,35,0.06370018310289076,0.22134667941508085,ok,all_cross_model_pairs_statistics_and_lags,right_reference_month = left_reference_month + lag_months,True,True,True,exploratory_serial_dependence_detected
inflation_pressure,inflation_import_prices,import_prices_ex_food_fuels_computers_12m_log_change,inflation_pressure,inflation_input_costs,intermediate_materials_prices_log_change,True,0,pearson,0.4531358810545818,37,0.004856269272824138,0.03581035204235204,ok,all_cross_model_pairs_statistics_and_lags,right_reference_month = left_reference_month + lag_months,True,True,True,exploratory_serial_dependence_detected
inflation_pressure,inflation_import_prices,import_prices_ex_food_fuels_computers_12m_log_change,inflation_pressure,inflation_input_costs,intermediate_materials_prices_log_change,True,0,spearman,0.4343290659080132,37,0.0072310992726244685,0.04989458498110883,ok,all_cross_model_pairs_statistics_and_lags,right_reference_month = left_reference_month + lag_months,True,True,True,exploratory_serial_dependence_detected
inflation_pressure,inflation_import_prices,import_prices_ex_food_fuels_computers_12m_log_change,inflation_pressure,inflation_input_costs,intermediate_materials_prices_log_change,True,1,pearson,0.3580380673800036,36,0.03202795870129464,0.1501893597351972,ok,all_cross_model_pairs_statistics_and_lags,right_reference_month = left_reference_month + lag_months,True,True,True,exploratory_serial_dependence_detected
inflation_pressure,inflation_import_prices,import_prices_ex_food_fuels_computers_12m_log_change,inflation_pressure,inflation_input_costs,intermediate_materials_prices_log_change,True,1,spearman,0.40360360360360364,36,0.014646437334898088,0.0846931738499627,ok,all_cross_model_pairs_statistics_and_lags,right_reference_month = left_reference_month + lag_months,True,True,True,exploratory_serial_dependence_detected
inflation_pressure,inflation_import_prices,import_prices_ex_food_fuels_computers_12m_log_change,manufacturing_surveys,manufacturing_empire_state,empire_current_new_orders_level,False,-1,pearson,0.40352517465967147,93,6.0522399110940234e-05,0.0007900626694752468,ok,all_cross_model_pairs_statistics_and_lags,right_reference_month = left_reference_month + lag_months,True,True,True,exploratory_serial_dependence_detected
inflation_pressure,inflation_import_prices,import_prices_ex_food_fuels_computers_12m_log_change,manufacturing_surveys,manufacturing_empire_state,empire_current_new_orders_level,False,-1,spearman,0.4708453940497149,93,1.9078866288080556e-06,4.006561920496917e-05,ok,all_cross_model_pairs_statistics_and_lags,right_reference_month = left_reference_month + lag_months,True,True,True,exploratory_serial_dependence_detected
inflation_pressure,inflation_import_prices,import_prices_ex_food_fuels_computers_12m_log_change,manufacturing_surveys,manufacturing_empire_state,empire_current_new_orders_level,False,0,pearson,0.5025239434672487,95,2.1127437669018055e-07,5.233103791864472e-06,ok,all_cross_model_pairs_statistics_and_lags,right_reference_month = left_reference_month + lag_months,True,True,True,exploratory_serial_dependence_detected
inflation_pressure,inflation_import_prices,import_prices_ex_food_fuels_computers_12m_log_change,manufacturing_surveys,manufacturing_empire_state,empire_current_new_orders_level,False,0,spearman,0.4760778275475924,95,1.0812302997254158e-06,2.321041043410559e-05,ok,all_cross_model_pairs_statistics_and_lags,right_reference_month = left_reference_month + lag_months,True,True,True,exploratory_serial_dependence_detected
inflation_pressure,inflation_import_prices,import_prices_ex_food_fuels_computers_12m_log_change,manufacturing_surveys,manufacturing_empire_state,empire_current_new_orders_level,False,1,pearson,0.43350587198409113,94,1.273892563581828e-05,0.00021216900283104237,ok,all_cross_model_pairs_statistics_and_lags,right_reference_month = left_reference_month + lag_months,True,True,True,exploratory_serial_dependence_detected
inflation_pressure,inflation_import_prices,import_prices_ex_food_fuels_computers_12m_log_change,manufacturing_surveys,manufacturing_empire_state,empire_current_new_orders_level,False,1,spearman,0.42376187551927175,94,2.0821312921612314e-05,0.00031926013146472217,ok,all_cross_model_pairs_statistics_and_lags,right_reference_month = left_reference_month + lag_months,True,True,True,exploratory_serial_dependence_detected
inflation_pressure,inflation_import_prices,import_prices_ex_food_fuels_computers_12m_log_change,manufacturing_surveys,manufacturing_empire_state,empire_current_prices_paid_level,False,-1,pearson,0.5803166101057357,93,1.0829171996006764e-09,5.505779025338176e-08,ok,all_cross_model_pairs_statistics_and_lags,right_reference_month = left_reference_month + lag_months,True,True,True,exploratory_serial_dependence_detected
inflation_pressure,inflation_import_prices,import_prices_ex_food_fuels_computers_12m_log_change,manufacturing_surveys,manufacturing_empire_state,empire_current_prices_paid_level,False,-1,spearman,0.43705052072453815,93,1.1859934797117012e-05,0.00020099468445640412,ok,all_cross_model_pairs_statistics_and_lags,right_reference_month = left_reference_month + lag_months,True,True,True,exploratory_serial_dependence_detected
inflation_pressure,inflation_import_prices,import_prices_ex_food_fuels_computers_12m_log_change,manufacturing_surveys,manufacturing_empire_state,empire_current_prices_paid_level,False,0,pearson,0.6156914680587205,95,3.1351619489799475e-11,2.3296664943958683e-09,ok,all_cross_model_pairs_statistics_and_lags,right_reference_month = left_reference_month + lag_months,True,True,True,exploratory_serial_dependence_detected
inflation_pressure,inflation_import_prices,import_prices_ex_food_fuels_computers_12m_log_change,manufacturing_surveys,manufacturing_empire_state,empire_current_prices_paid_level,False,0,spearman,0.5210246360582308,95,6.19515781518361e-08,1.8701632654585522e-06,ok,all_cross_model_pairs_statistics_and_lags,right_reference_month = left_reference_month + lag_months,True,True,True,exploratory_serial_dependence_detected
inflation_pressure,inflation_import_prices,import_prices_ex_food_fuels_computers_12m_log_change,manufacturing_surveys,manufacturing_empire_state,empire_current_prices_paid_level,False,1,pearson,0.6071913142206823,94,8.697445504762994e-11,5.6011549050673686e-09,ok,all_cross_model_pairs_statistics_and_lags,right_reference_month = left_reference_month + lag_months,True,True,True,exploratory_serial_dependence_detected
inflation_pressure,inflation_import_prices,import_prices_ex_food_fuels_computers_12m_log_change,manufacturing_surveys,manufacturing_empire_state,empire_current_prices_paid_level,False,1,spearman,0.5341400859733411,94,2.9501568008687385e-08,9.499504898797338e-07,ok,all_cross_model_pairs_statistics_and_lags,right_reference_month = left_reference_month + lag_months,True,True,True,exploratory_serial_dependence_detected
inflation_pressure,inflation_import_prices,import_prices_ex_food_fuels_computers_12m_log_change,manufacturing_surveys,manufacturing_philadelphia,philadelphia_current_new_orders_level,False,-1,pearson,0.3778019998559271,79,0.0005978023823918528,0.0058926234835768344,ok,all_cross_model_pairs_statistics_and_lags,right_reference_month = left_reference_month + lag_months,True,True,True,exploratory_serial_dependence_detected
inflation_pressure,inflation_import_prices,import_prices_ex_food_fuels_computers_12m_log_change,manufacturing_surveys,manufacturing_philadelphia,philadelphia_current_new_orders_level,False,-1,spearman,0.4380720545277508,79,5.398619354104248e-05,0.0007323634639961396,ok,all_cross_model_pairs_statistics_and_lags,right_reference_month = left_reference_month + lag_months,True,True,True,exploratory_serial_dependence_detected
inflation_pressure,inflation_import_prices,import_prices_ex_food_fuels_computers_12m_log_change,manufacturing_surveys,manufacturing_philadelphia,philadelphia_current_new_orders_level,False,0,pearson,0.4267017211599375,81,7.117946986822653e-05,0.0008929788038013873,ok,all_cross_model_pairs_statistics_and_lags,right_reference_month = left_reference_month + lag_months,True,True,True,exploratory_serial_dependence_detected
inflation_pressure,inflation_import_prices,import_prices_ex_food_fuels_computers_12m_log_change,manufacturing_surveys,manufacturing_philadelphia,philadelphia_current_new_orders_level,False,0,spearman,0.42075429087624205,81,9.186819740297035e-05,0.001109308483640867,ok,all_cross_model_pairs_statistics_and_lags,right_reference_month = left_reference_month + lag_months,True,True,True,exploratory_serial_dependence_detected
inflation_pressure,inflation_import_prices,import_prices_ex_food_fuels_computers_12m_log_change,manufacturing_surveys,manufacturing_philadelphia,philadelphia_current_new_orders_level,False,1,pearson,0.3362373847903868,80,0.0022931686305016265,0.019262616496213664,ok,all_cross_model_pairs_statistics_and_lags,right_reference_month = left_reference_month + lag_months,True,True,True,exploratory_serial_dependence_detected
inflation_pressure,inflation_import_prices,import_prices_ex_food_fuels_computers_12m_log_change,manufacturing_surveys,manufacturing_philadelphia,philadelphia_current_new_orders_level,False,1,spearman,0.40276605719643693,80,0.0002122827337675586,0.002330285463857518,ok,all_cross_model_pairs_statistics_and_lags,right_reference_month = left_reference_month + lag_months,True,True,True,exploratory_serial_dependence_detected
inflation_pressure,inflation_import_prices,import_prices_ex_food_fuels_computers_12m_log_change,manufacturing_surveys,manufacturing_philadelphia,philadelphia_current_prices_paid_level,False,-1,pearson,0.5579321484073899,79,9.198517015464404e-08,2.6926567990723076e-06,ok,all_cross_model_pairs_statistics_and_lags,right_reference_month = left_reference_month + lag_months,True,True,True,exploratory_serial_dependence_detected
inflation_pressure,inflation_import_prices,import_prices_ex_food_fuels_computers_12m_log_change,manufacturing_surveys,manufacturing_philadelphia,philadelphia_current_prices_paid_level,False,-1,spearman,0.4520204479065239,79,2.8920463230223197e-05,0.0004232904163696304,ok,all_cross_model_pairs_statistics_and_lags,right_reference_month = left_reference_month + lag_months,True,True,True,exploratory_serial_dependence_detected
inflation_pressure,inflation_import_prices,import_prices_ex_food_fuels_computers_12m_log_change,manufacturing_surveys,manufacturing_philadelphia,philadelphia_current_prices_paid_level,False,0,pearson,0.6486072462947552,81,5.856192013793613e-11,4.040772489517593e-09,ok,all_cross_model_pairs_statistics_and_lags,right_reference_month = left_reference_month + lag_months,True,True,True,exploratory_serial_dependence_detected
inflation_pressure,inflation_import_prices,import_prices_ex_food_fuels_computers_12m_log_change,manufacturing_surveys,manufacturing_philadelphia,philadelphia_current_prices_paid_level,False,0,spearman,0.5764001806684733,81,1.7923153386689993e-08,5.970264197083631e-07,ok,all_cross_model_pairs_statistics_and_lags,right_reference_month = left_reference_month + lag_months,True,True,True,exploratory_serial_dependence_detected
inflation_pressure,inflation_import_prices,import_prices_ex_food_fuels_computers_12m_log_change,manufacturing_surveys,manufacturing_philadelphia,philadelphia_current_prices_paid_level,False,1,pearson,0.6373263093177539,80,2.0650381291496514e-10,1.246766770474102e-08,ok,all_cross_model_pairs_statistics_and_lags,right_reference_month = left_reference_month + lag_months,True,True,True,exploratory_serial_dependence_detected
inflation_pressure,inflation_import_prices,import_prices_ex_food_fuels_computers_12m_log_change,manufacturing_surveys,manufacturing_philadelphia,philadelphia_current_prices_paid_level,False,1,spearman,0.5482653539615565,80,1.4063428450126815e-07,3.6716951034655412e-06,ok,all_cross_model_pairs_statistics_and_lags,right_reference_month = left_reference_month + lag_months,True,True,True,exploratory_serial_dependence_detected
inflation_pressure,inflation_import_prices,import_prices_ex_food_fuels_computers_12m_log_change,monthly_labor_demand,monthly_labor_demand,hires_rate_change,False,-1,pearson,0.032553174449983506,92,0.7580430705569993,0.9040506243004572,ok,all_cross_model_pairs_statistics_and_lags,right_reference_month = left_reference_month + lag_months,True,True,True,exploratory_serial_dependence_detected
inflation_pressure,inflation_import_prices,import_prices_ex_food_fuels_computers_12m_log_change,monthly_labor_demand,monthly_labor_demand,hires_rate_change,False,-1,spearman,-0.055083766163710066,92,0.6020064796258191,0.8187074156080055,ok,all_cross_model_pairs_statistics_and_lags,right_reference_month = left_reference_month + lag_months,True,True,True,exploratory_serial_dependence_detected
inflation_pressure,inflation_import_prices,import_prices_ex_food_fuels_computers_12m_log_change,monthly_labor_demand,monthly_labor_demand,hires_rate_change,False,0,pearson,0.077863541577322,94,0.45569891982108685,0.7385992559516273,ok,all_cross_model_pairs_statistics_and_lags,right_reference_month = left_reference_month + lag_months,True,True,True,exploratory_serial_dependence_detected
inflation_pressure,inflation_import_prices,import_prices_ex_food_fuels_computers_12m_log_change,monthly_labor_demand,monthly_labor_demand,hires_rate_change,False,0,spearman,0.01837228624065311,94,0.860484519632686,0.9488904634305647,ok,all_cross_model_pairs_statistics_and_lags,right_reference_month = left_reference_month + lag_months,True,True,True,exploratory_serial_dependence_detected
inflation_pressure,inflation_import_prices,import_prices_ex_food_fuels_computers_12m_log_change,monthly_labor_demand,monthly_labor_demand,hires_rate_change,False,1,pearson,-0.1243434299829023,93,0.2350218443066776,0.5183522550959602,ok,all_cross_model_pairs_statistics_and_lags,right_reference_month = left_reference_month + lag_months,True,True,True,exploratory_serial_dependence_detected
inflation_pressure,inflation_import_prices,import_prices_ex_food_fuels_computers_12m_log_change,monthly_labor_demand,monthly_labor_demand,hires_rate_change,False,1,spearman,-0.03580913729820059,93,0.7332770122320429,0.8921229141261378,ok,all_cross_model_pairs_statistics_and_lags,right_reference_month = left_reference_month + lag_months,True,True,True,exploratory_serial_dependence_detected
inflation_pressure,inflation_import_prices,import_prices_ex_food_fuels_computers_12m_log_change,monthly_labor_demand,monthly_labor_demand,job_openings_rate_change,False,-1,pearson,0.29343429210421546,92,0.00452812111855972,0.03390825581805186,ok,all_cross_model_pairs_statistics_and_lags,right_reference_month = left_reference_month + lag_months,True,False,True,exploratory_serial_dependence_detected
inflation_pressure,inflation_import_prices,import_prices_ex_food_fuels_computers_12m_log_change,monthly_labor_demand,monthly_labor_demand,job_openings_rate_change,False,-1,spearman,0.23993958355809689,92,0.021238623380786255,0.1127280779441732,ok,all_cross_model_pairs_statistics_and_lags,right_reference_month = left_reference_month + lag_months,True,False,True,exploratory_serial_dependence_detected
inflation_pressure,inflation_import_prices,import_prices_ex_food_fuels_computers_12m_log_change,monthly_labor_demand,monthly_labor_demand,job_openings_rate_change,False,0,pearson,0.24852333339615204,94,0.015721926255429855,0.08986615835943929,ok,all_cross_model_pairs_statistics_and_lags,right_reference_month = left_reference_month + lag_months,True,False,True,exploratory_serial_dependence_detected
inflation_pressure,inflation_import_prices,import_prices_ex_food_fuels_computers_12m_log_change,monthly_labor_demand,monthly_labor_demand,job_openings_rate_change,False,0,spearman,0.19507278835386338,94,0.05954616591328972,0.21304294915643657,ok,all_cross_model_pairs_statistics_and_lags,right_reference_month = left_reference_month + lag_months,True,False,True,exploratory_serial_dependence_detected
inflation_pressure,inflation_import_prices,import_prices_ex_food_fuels_computers_12m_log_change,monthly_labor_demand,monthly_labor_demand,job_openings_rate_change,False,1,pearson,0.1280253991931241,93,0.2213394947638864,0.494939703569246,ok,all_cross_model_pairs_statistics_and_lags,right_reference_month = left_reference_month + lag_months,True,False,True,exploratory_serial_dependence_detected
inflation_pressure,inflation_import_prices,import_prices_ex_food_fuels_computers_12m_log_change,monthly_labor_demand,monthly_labor_demand,job_openings_rate_change,False,1,spearman,0.10008653874847065,93,0.33980777937956536,0.6436359115307062,ok,all_cross_model_pairs_statistics_and_lags,right_reference_month = left_reference_month + lag_months,True,False,True,exploratory_serial_dependence_detected
inflation_pressure,inflation_import_prices,import_prices_ex_food_fuels_computers_12m_log_change,monthly_labor_demand,monthly_labor_demand,layoffs_discharges_rate_change,False,-1,pearson,-0.17909215345815077,92,0.08760953470819058,0.27724615393514357,ok,all_cross_model_pairs_statistics_and_lags,right_reference_month = left_reference_month + lag_months,True,False,True,exploratory_serial_dependence_detected
inflation_pressure,inflation_import_prices,import_prices_ex_food_fuels_computers_12m_log_change,monthly_labor_demand,monthly_labor_demand,layoffs_discharges_rate_change,False,-1,spearman,-0.046206248169782534,92,0.6618438764063498,0.8547342040221042,ok,all_cross_model_pairs_statistics_and_lags,right_reference_month = left_reference_month + lag_months,True,False,True,exploratory_serial_dependence_detected
inflation_pressure,inflation_import_prices,import_prices_ex_food_fuels_computers_12m_log_change,monthly_labor_demand,monthly_labor_demand,layoffs_discharges_rate_change,False,0,pearson,0.006524749547446852,94,0.9502331183042697,0.9802195880577573,ok,all_cross_model_pairs_statistics_and_lags,right_reference_month = left_reference_month + lag_months,True,False,True,exploratory_serial_dependence_detected
inflation_pressure,inflation_import_prices,import_prices_ex_food_fuels_computers_12m_log_change,monthly_labor_demand,monthly_labor_demand,layoffs_discharges_rate_change,False,0,spearman,0.003316114582957049,94,0.9746946850581455,0.9890284304266477,ok,all_cross_model_pairs_statistics_and_lags,right_reference_month = left_reference_month + lag_months,True,False,True,exploratory_serial_dependence_detected
inflation_pressure,inflation_import_prices,import_prices_ex_food_fuels_computers_12m_log_change,monthly_labor_demand,monthly_labor_demand,layoffs_discharges_rate_change,False,1,pearson,0.0009254002504846076,93,0.992975882611894,0.9960692654237691,ok,all_cross_model_pairs_statistics_and_lags,right_reference_month = left_reference_month + lag_months,True,False,True,exploratory_serial_dependence_detected
inflation_pressure,inflation_import_prices,import_prices_ex_food_fuels_computers_12m_log_change,monthly_labor_demand,monthly_labor_demand,layoffs_discharges_rate_change,False,1,spearman,0.021321357166303602,93,0.8392461243960202,0.9412106443776859,ok,all_cross_model_pairs_statistics_and_lags,right_reference_month = left_reference_month + lag_months,True,False,True,exploratory_serial_dependence_detected
inflation_pressure,inflation_import_prices,import_prices_ex_food_fuels_computers_12m_log_change,monthly_labor_demand,monthly_labor_demand,quits_rate_change,False,-1,pearson,0.18453763005369625,92,0.07824188050596025,0.254483692150699,ok,all_cross_model_pairs_statistics_and_lags,right_reference_month = left_reference_month + lag_months,True,False,True,exploratory_serial_dependence_detected
inflation_pressure,inflation_import_prices,import_prices_ex_food_fuels_computers_12m_log_change,monthly_labor_demand,monthly_labor_demand,quits_rate_change,False,-1,spearman,0.1582849128431176,92,0.1318170727070626,0.35552945546504733,ok,all_cross_model_pairs_statistics_and_lags,right_reference_month = left_reference_month + lag_months,True,False,True,exploratory_serial_dependence_detected
inflation_pressure,inflation_import_prices,import_prices_ex_food_fuels_computers_12m_log_change,monthly_labor_demand,monthly_labor_demand,quits_rate_change,False,0,pearson,0.1624627386452385,94,0.11770664484915724,0.3344253497773115,ok,all_cross_model_pairs_statistics_and_lags,right_reference_month = left_reference_month + lag_months,True,False,True,exploratory_serial_dependence_detected
inflation_pressure,inflation_import_prices,import_prices_ex_food_fuels_computers_12m_log_change,monthly_labor_demand,monthly_labor_demand,quits_rate_change,False,0,spearman,0.1645414153090344,94,0.11301967262017738,0.3287186722806481,ok,all_cross_model_pairs_statistics_and_lags,right_reference_month = left_reference_month + lag_months,True,False,True,exploratory_serial_dependence_detected
inflation_pressure,inflation_import_prices,import_prices_ex_food_fuels_computers_12m_log_change,monthly_labor_demand,monthly_labor_demand,quits_rate_change,False,1,pearson,0.12294987898167259,93,0.24035080701488076,0.5199197851777557,ok,all_cross_model_pairs_statistics_and_lags,right_reference_month = left_reference_month + lag_months,True,False,True,exploratory_serial_dependence_detected
inflation_pressure,inflation_import_prices,import_prices_ex_food_fuels_computers_12m_log_change,monthly_labor_demand,monthly_labor_demand,quits_rate_change,False,1,spearman,0.1434305153531676,93,0.17019118089251942,0.4193678230098405,ok,all_cross_model_pairs_statistics_and_lags,right_reference_month = left_reference_month + lag_months,True,False,True,exploratory_serial_dependence_detected
inflation_pressure,inflation_import_prices,import_prices_ex_food_fuels_computers_12m_log_change,weekly_labor_stress,weekly_continued_claims,continued_claims_innovation,False,-1,pearson,-0.24802400258818796,108,0.009650099390094286,0.060928078502163925,ok,all_cross_model_pairs_statistics_and_lags,right_reference_month = left_reference_month + lag_months,True,True,True,exploratory_serial_dependence_detected
inflation_pressure,inflation_import_prices,import_prices_ex_food_fuels_computers_12m_log_change,weekly_labor_stress,weekly_continued_claims,continued_claims_innovation,False,-1,spearman,-0.4213038383491955,108,5.61003476763356e-06,0.00010035728862100035,ok,all_cross_model_pairs_statistics_and_lags,right_reference_month = left_reference_month + lag_months,True,True,True,exploratory_serial_dependence_detected
inflation_pressure,inflation_import_prices,import_prices_ex_food_fuels_computers_12m_log_change,weekly_labor_stress,weekly_continued_claims,continued_claims_innovation,False,0,pearson,-0.08692250494342711,110,0.3665538945732666,0.6706270116624536,ok,all_cross_model_pairs_statistics_and_lags,right_reference_month = left_reference_month + lag_months,True,True,True,exploratory_serial_dependence_detected
inflation_pressure,inflation_import_prices,import_prices_ex_food_fuels_computers_12m_log_change,weekly_labor_stress,weekly_continued_claims,continued_claims_innovation,False,0,spearman,-0.3586637513243018,110,0.00011930317896893899,0.001405449644926769,ok,all_cross_model_pairs_statistics_and_lags,right_reference_month = left_reference_month + lag_months,True,True,True,exploratory_serial_dependence_detected
inflation_pressure,inflation_import_prices,import_prices_ex_food_fuels_computers_12m_log_change,weekly_labor_stress,weekly_continued_claims,continued_claims_innovation,False,1,pearson,-0.07616762388017116,109,0.43117070449088724,0.7218559801355235,ok,all_cross_model_pairs_statistics_and_lags,right_reference_month = left_reference_month + lag_months,True,True,True,exploratory_serial_dependence_detected
inflation_pressure,inflation_import_prices,import_prices_ex_food_fuels_computers_12m_log_change,weekly_labor_stress,weekly_continued_claims,continued_claims_innovation,False,1,spearman,-0.3088499675655639,109,0.001084695603785793,0.009792672460346503,ok,all_cross_model_pairs_statistics_and_lags,right_reference_month = left_reference_month + lag_months,True,True,True,exploratory_serial_dependence_detected
inflation_pressure,inflation_import_prices,import_prices_ex_food_fuels_computers_12m_log_change,weekly_labor_stress,weekly_labor_stress,initial_claims_innovation,False,-1,pearson,-0.19962457969068878,108,0.03832924222643229,0.1632241266317929,ok,all_cross_model_pairs_statistics_and_lags,right_reference_month = left_reference_month + lag_months,True,True,True,exploratory_serial_dependence_detected
inflation_pressure,inflation_import_prices,import_prices_ex_food_fuels_computers_12m_log_change,weekly_labor_stress,weekly_labor_stress,initial_claims_innovation,False,-1,spearman,-0.06431545152285956,108,0.5084241275576046,0.7734334337144347,ok,all_cross_model_pairs_statistics_and_lags,right_reference_month = left_reference_month + lag_months,True,True,True,exploratory_serial_dependence_detected
inflation_pressure,inflation_import_prices,import_prices_ex_food_fuels_computers_12m_log_change,weekly_labor_stress,weekly_labor_stress,initial_claims_innovation,False,0,pearson,-0.02836915769825081,110,0.7686062028291428,0.9070390498534446,ok,all_cross_model_pairs_statistics_and_lags,right_reference_month = left_reference_month + lag_months,True,True,True,exploratory_serial_dependence_detected
inflation_pressure,inflation_import_prices,import_prices_ex_food_fuels_computers_12m_log_change,weekly_labor_stress,weekly_labor_stress,initial_claims_innovation,False,0,spearman,-0.08515654937673287,110,0.3764075298344462,0.6788060289970708,ok,all_cross_model_pairs_statistics_and_lags,right_reference_month = left_reference_month + lag_months,True,True,True,exploratory_serial_dependence_detected
inflation_pressure,inflation_import_prices,import_prices_ex_food_fuels_computers_12m_log_change,weekly_labor_stress,weekly_labor_stress,initial_claims_innovation,False,1,pearson,-0.06199393991425521,109,0.5219189237361211,0.7802586308329755,ok,all_cross_model_pairs_statistics_and_lags,right_reference_month = left_reference_month + lag_months,True,True,True,exploratory_serial_dependence_detected
inflation_pressure,inflation_import_prices,import_prices_ex_food_fuels_computers_12m_log_change,weekly_labor_stress,weekly_labor_stress,initial_claims_innovation,False,1,spearman,-0.08632193494578816,109,0.3721224261676468,0.6769684815027246,ok,all_cross_model_pairs_statistics_and_lags,right_reference_month = left_reference_month + lag_months,True,True,True,exploratory_serial_dependence_detected
inflation_pressure,inflation_input_costs,intermediate_materials_prices_log_change,manufacturing_surveys,manufacturing_empire_state,empire_current_new_orders_level,False,-1,pearson,0.27304567134065194,36,0.10712705190015445,0.317437828636654,ok,all_cross_model_pairs_statistics_and_lags,right_reference_month = left_reference_month + lag_months,True,True,True,exploratory_serial_dependence_detected
inflation_pressure,inflation_input_costs,intermediate_materials_prices_log_change,manufacturing_surveys,manufacturing_empire_state,empire_current_new_orders_level,False,-1,spearman,0.3258687258687259,36,0.05243803861101634,0.19482748191631455,ok,all_cross_model_pairs_statistics_and_lags,right_reference_month = left_reference_month + lag_months,True,True,True,exploratory_serial_dependence_detected
inflation_pressure,inflation_input_costs,intermediate_materials_prices_log_change,manufacturing_surveys,manufacturing_empire_state,empire_current_new_orders_level,False,0,pearson,0.43141891542034694,37,0.007675700777440086,0.05149115938199391,ok,all_cross_model_pairs_statistics_and_lags,right_reference_month = left_reference_month + lag_months,True,True,True,exploratory_serial_dependence_detected
inflation_pressure,inflation_input_costs,intermediate_materials_prices_log_change,manufacturing_surveys,manufacturing_empire_state,empire_current_new_orders_level,False,0,spearman,0.311284969179706,37,0.06074059525902005,0.21474407707470053,ok,all_cross_model_pairs_statistics_and_lags,right_reference_month = left_reference_month + lag_months,True,True,True,exploratory_serial_dependence_detected
inflation_pressure,inflation_input_costs,intermediate_materials_prices_log_change,manufacturing_surveys,manufacturing_empire_state,empire_current_new_orders_level,False,1,pearson,0.38552557019882155,35,0.022184965324431784,0.11647106795326687,ok,all_cross_model_pairs_statistics_and_lags,right_reference_month = left_reference_month + lag_months,True,True,True,exploratory_serial_dependence_detected
inflation_pressure,inflation_input_costs,intermediate_materials_prices_log_change,manufacturing_surveys,manufacturing_empire_state,empire_current_new_orders_level,False,1,spearman,0.32717086834733894,35,0.05505446320288708,0.19993462952627414,ok,all_cross_model_pairs_statistics_and_lags,right_reference_month = left_reference_month + lag_months,True,True,True,exploratory_serial_dependence_detected
inflation_pressure,inflation_input_costs,intermediate_materials_prices_log_change,manufacturing_surveys,manufacturing_empire_state,empire_current_prices_paid_level,False,-1,pearson,0.07689895231594884,36,0.6557623596185161,0.8511798612364402,ok,all_cross_model_pairs_statistics_and_lags,right_reference_month = left_reference_month + lag_months,True,True,True,exploratory_serial_dependence_detected
inflation_pressure,inflation_input_costs,intermediate_materials_prices_log_change,manufacturing_surveys,manufacturing_empire_state,empire_current_prices_paid_level,False,-1,spearman,0.11196911196911198,36,0.5155924240566608,0.7734334337144347,ok,all_cross_model_pairs_statistics_and_lags,right_reference_month = left_reference_month + lag_months,True,True,True,exploratory_serial_dependence_detected
inflation_pressure,inflation_input_costs,intermediate_materials_prices_log_change,manufacturing_surveys,manufacturing_empire_state,empire_current_prices_paid_level,False,0,pearson,0.15825624803842886,37,0.3495261306529466,0.6541362288397168,ok,all_cross_model_pairs_statistics_and_lags,right_reference_month = left_reference_month + lag_months,True,True,True,exploratory_serial_dependence_detected
inflation_pressure,inflation_input_costs,intermediate_materials_prices_log_change,manufacturing_surveys,manufacturing_empire_state,empire_current_prices_paid_level,False,0,spearman,0.26671408250355616,37,0.11054829665910999,0.3245886157224932,ok,all_cross_model_pairs_statistics_and_lags,right_reference_month = left_reference_month + lag_months,True,True,True,exploratory_serial_dependence_detected
inflation_pressure,inflation_input_costs,intermediate_materials_prices_log_change,manufacturing_surveys,manufacturing_empire_state,empire_current_prices_paid_level,False,1,pearson,0.16090111041072364,35,0.3558148368111709,0.6597257818802131,ok,all_cross_model_pairs_statistics_and_lags,right_reference_month = left_reference_month + lag_months,True,True,True,exploratory_serial_dependence_detected
inflation_pressure,inflation_input_costs,intermediate_materials_prices_log_change,manufacturing_surveys,manufacturing_empire_state,empire_current_prices_paid_level,False,1,spearman,0.19579831932773112,35,0.25963964840942094,0.5483242975387487,ok,all_cross_model_pairs_statistics_and_lags,right_reference_month = left_reference_month + lag_months,True,True,True,exploratory_serial_dependence_detected
inflation_pressure,inflation_input_costs,intermediate_materials_prices_log_change,manufacturing_surveys,manufacturing_philadelphia,philadelphia_current_new_orders_level,False,-1,pearson,0.40704395177819236,36,0.013746855469927342,0.08197199002438156,ok,all_cross_model_pairs_statistics_and_lags,right_reference_month = left_reference_month + lag_months,True,True,True,exploratory_serial_dependence_detected
inflation_pressure,inflation_input_costs,intermediate_materials_prices_log_change,manufacturing_surveys,manufacturing_philadelphia,philadelphia_current_new_orders_level,False,-1,spearman,0.36113256113256115,36,0.03046847008879863,0.1460146617250121,ok,all_cross_model_pairs_statistics_and_lags,right_reference_month = left_reference_month + lag_months,True,True,True,exploratory_serial_dependence_detected
inflation_pressure,inflation_input_costs,intermediate_materials_prices_log_change,manufacturing_surveys,manufacturing_philadelphia,philadelphia_current_new_orders_level,False,0,pearson,0.5068905937535717,37,0.0013665402782264263,0.012107647410929973,ok,all_cross_model_pairs_statistics_and_lags,right_reference_month = left_reference_month + lag_months,True,True,True,exploratory_serial_dependence_detected
inflation_pressure,inflation_input_costs,intermediate_materials_prices_log_change,manufacturing_surveys,manufacturing_philadelphia,philadelphia_current_new_orders_level,False,0,spearman,0.6019440493124704,37,8.107161077030129e-05,0.0009913313418241905,ok,all_cross_model_pairs_statistics_and_lags,right_reference_month = left_reference_month + lag_months,True,True,True,exploratory_serial_dependence_detected
inflation_pressure,inflation_input_costs,intermediate_materials_prices_log_change,manufacturing_surveys,manufacturing_philadelphia,philadelphia_current_new_orders_level,False,1,pearson,0.36612639366912436,35,0.030533086613304807,0.1460146617250121,ok,all_cross_model_pairs_statistics_and_lags,right_reference_month = left_reference_month + lag_months,True,True,True,exploratory_serial_dependence_detected
inflation_pressure,inflation_input_costs,intermediate_materials_prices_log_change,manufacturing_surveys,manufacturing_philadelphia,philadelphia_current_new_orders_level,False,1,spearman,0.33725490196078434,35,0.04756433890798419,0.18346659219688446,ok,all_cross_model_pairs_statistics_and_lags,right_reference_month = left_reference_month + lag_months,True,True,True,exploratory_serial_dependence_detected
inflation_pressure,inflation_input_costs,intermediate_materials_prices_log_change,manufacturing_surveys,manufacturing_philadelphia,philadelphia_current_prices_paid_level,False,-1,pearson,0.23366812342203708,36,0.17018662275458535,0.4193678230098405,ok,all_cross_model_pairs_statistics_and_lags,right_reference_month = left_reference_month + lag_months,True,True,True,exploratory_serial_dependence_detected
inflation_pressure,inflation_input_costs,intermediate_materials_prices_log_change,manufacturing_surveys,manufacturing_philadelphia,philadelphia_current_prices_paid_level,False,-1,spearman,0.3415701415701416,36,0.041462787158161964,0.17043852082887004,ok,all_cross_model_pairs_statistics_and_lags,right_reference_month = left_reference_month + lag_months,True,True,True,exploratory_serial_dependence_detected
inflation_pressure,inflation_input_costs,intermediate_materials_prices_log_change,manufacturing_surveys,manufacturing_philadelphia,philadelphia_current_prices_paid_level,False,0,pearson,0.22808639969672195,37,0.17454233729535767,0.4263366155518041,ok,all_cross_model_pairs_statistics_and_lags,right_reference_month = left_reference_month + lag_months,True,True,True,exploratory_serial_dependence_detected
inflation_pressure,inflation_input_costs,intermediate_materials_prices_log_change,manufacturing_surveys,manufacturing_philadelphia,philadelphia_current_prices_paid_level,False,0,spearman,0.2342342342342342,37,0.16289855573153014,0.4066149995779279,ok,all_cross_model_pairs_statistics_and_lags,right_reference_month = left_reference_month + lag_months,True,True,True,exploratory_serial_dependence_detected
inflation_pressure,inflation_input_costs,intermediate_materials_prices_log_change,manufacturing_surveys,manufacturing_philadelphia,philadelphia_current_prices_paid_level,False,1,pearson,0.31484722244418806,35,0.06544886739108449,0.2266079064508517,ok,all_cross_model_pairs_statistics_and_lags,right_reference_month = left_reference_month + lag_months,True,True,True,exploratory_serial_dependence_detected
inflation_pressure,inflation_input_costs,intermediate_materials_prices_log_change,manufacturing_surveys,manufacturing_philadelphia,philadelphia_current_prices_paid_level,False,1,spearman,0.40280112044817934,35,0.016436258293985734,0.09285044159058609,ok,all_cross_model_pairs_statistics_and_lags,right_reference_month = left_reference_month + lag_months,True,True,True,exploratory_serial_dependence_detected
inflation_pressure,inflation_input_costs,intermediate_materials_prices_log_change,monthly_labor_demand,monthly_labor_demand,hires_rate_change,False,-1,pearson,-0.14461068955033457,36,0.40007969782901687,0.6976118918823652,ok,all_cross_model_pairs_statistics_and_lags,right_reference_month = left_reference_month + lag_months,True,True,True,exploratory_serial_dependence_detected
inflation_pressure,inflation_input_costs,intermediate_materials_prices_log_change,monthly_labor_demand,monthly_labor_demand,hires_rate_change,False,-1,spearman,-0.18712998712998716,36,0.27446221829848005,0.5640722339981322,ok,all_cross_model_pairs_statistics_and_lags,right_reference_month = left_reference_month + lag_months,True,True,True,exploratory_serial_dependence_detected
inflation_pressure,inflation_input_costs,intermediate_materials_prices_log_change,monthly_labor_demand,monthly_labor_demand,hires_rate_change,False,0,pearson,0.07509533380213908,37,0.6586819455356998,0.8529313128518579,ok,all_cross_model_pairs_statistics_and_lags,right_reference_month = left_reference_month + lag_months,True,True,True,exploratory_serial_dependence_detected
inflation_pressure,inflation_input_costs,intermediate_materials_prices_log_change,monthly_labor_demand,monthly_labor_demand,hires_rate_change,False,0,spearman,0.12873399715504977,37,0.4476433640864287,0.7329211689957459,ok,all_cross_model_pairs_statistics_and_lags,right_reference_month = left_reference_month + lag_months,True,True,True,exploratory_serial_dependence_detected
inflation_pressure,inflation_input_costs,intermediate_materials_prices_log_change,monthly_labor_demand,monthly_labor_demand,hires_rate_change,False,1,pearson,0.10687101902377517,35,0.5411666957931283,0.7864323204784563,ok,all_cross_model_pairs_statistics_and_lags,right_reference_month = left_reference_month + lag_months,True,True,True,exploratory_serial_dependence_detected
inflation_pressure,inflation_input_costs,intermediate_materials_prices_log_change,monthly_labor_demand,monthly_labor_demand,hires_rate_change,False,1,spearman,0.08123249299719888,35,0.6427247202830153,0.8455573597763589,ok,all_cross_model_pairs_statistics_and_lags,right_reference_month = left_reference_month + lag_months,True,True,True,exploratory_serial_dependence_detected
inflation_pressure,inflation_input_costs,intermediate_materials_prices_log_change,monthly_labor_demand,monthly_labor_demand,job_openings_rate_change,False,-1,pearson,0.15733165840201235,36,0.35945705746948087,0.6639302438155229,ok,all_cross_model_pairs_statistics_and_lags,right_reference_month = left_reference_month + lag_months,True,False,True,exploratory_serial_dependence_detected
inflation_pressure,inflation_input_costs,intermediate_materials_prices_log_change,monthly_labor_demand,monthly_labor_demand,job_openings_rate_change,False,-1,spearman,0.1335907335907336,36,0.4373076190041816,0.725840481027559,ok,all_cross_model_pairs_statistics_and_lags,right_reference_month = left_reference_month + lag_months,True,False,True,exploratory_serial_dependence_detected
inflation_pressure,inflation_input_costs,intermediate_materials_prices_log_change,monthly_labor_demand,monthly_labor_demand,job_openings_rate_change,False,0,pearson,0.28538540955449504,37,0.08686688384433937,0.2769419465136364,ok,all_cross_model_pairs_statistics_and_lags,right_reference_month = left_reference_month + lag_months,True,False,True,exploratory_serial_dependence_detected
inflation_pressure,inflation_input_costs,intermediate_materials_prices_log_change,monthly_labor_demand,monthly_labor_demand,job_openings_rate_change,False,0,spearman,0.3210052157420578,37,0.0527215917797001,0.19513048911567166,ok,all_cross_model_pairs_statistics_and_lags,right_reference_month = left_reference_month + lag_months,True,False,True,exploratory_serial_dependence_detected
inflation_pressure,inflation_input_costs,intermediate_materials_prices_log_change,monthly_labor_demand,monthly_labor_demand,job_openings_rate_change,False,1,pearson,0.1112397663426651,35,0.5246577861948937,0.7805546415028337,ok,all_cross_model_pairs_statistics_and_lags,right_reference_month = left_reference_month + lag_months,True,False,True,exploratory_serial_dependence_detected
inflation_pressure,inflation_input_costs,intermediate_materials_prices_log_change,monthly_labor_demand,monthly_labor_demand,job_openings_rate_change,False,1,spearman,0.08543417366946779,35,0.6255688611826931,0.8323684847141618,ok,all_cross_model_pairs_statistics_and_lags,right_reference_month = left_reference_month + lag_months,True,False,True,exploratory_serial_dependence_detected
inflation_pressure,inflation_input_costs,intermediate_materials_prices_log_change,monthly_labor_demand,monthly_labor_demand,layoffs_discharges_rate_change,False,-1,pearson,0.2544401724739235,36,0.13425437648555,0.35825891625702017,ok,all_cross_model_pairs_statistics_and_lags,right_reference_month = left_reference_month + lag_months,True,False,True,exploratory_serial_dependence_detected
inflation_pressure,inflation_input_costs,intermediate_materials_prices_log_change,monthly_labor_demand,monthly_labor_demand,layoffs_discharges_rate_change,False,-1,spearman,0.1317889317889318,36,0.4435702930208913,0.7299640597243288,ok,all_cross_model_pairs_statistics_and_lags,right_reference_month = left_reference_month + lag_months,True,False,True,exploratory_serial_dependence_detected
inflation_pressure,inflation_input_costs,intermediate_materials_prices_log_change,monthly_labor_demand,monthly_labor_demand,layoffs_discharges_rate_change,False,0,pearson,0.3888256485386136,37,0.017388201217857297,0.09533183681717038,ok,all_cross_model_pairs_statistics_and_lags,right_reference_month = left_reference_month + lag_months,True,False,True,exploratory_serial_dependence_detected
inflation_pressure,inflation_input_costs,intermediate_materials_prices_log_change,monthly_labor_demand,monthly_labor_demand,layoffs_discharges_rate_change,False,0,spearman,0.3885727833096254,37,0.01746763469631383,0.09533183681717038,ok,all_cross_model_pairs_statistics_and_lags,right_reference_month = left_reference_month + lag_months,True,False,True,exploratory_serial_dependence_detected
inflation_pressure,inflation_input_costs,intermediate_materials_prices_log_change,monthly_labor_demand,monthly_labor_demand,layoffs_discharges_rate_change,False,1,pearson,0.13431091728353675,35,0.44175571331177066,0.7294632804430264,ok,all_cross_model_pairs_statistics_and_lags,right_reference_month = left_reference_month + lag_months,True,False,True,exploratory_serial_dependence_detected
inflation_pressure,inflation_input_costs,intermediate_materials_prices_log_change,monthly_labor_demand,monthly_labor_demand,layoffs_discharges_rate_change,False,1,spearman,-0.05126050420168067,35,0.7699503321737314,0.9070390498534446,ok,all_cross_model_pairs_statistics_and_lags,right_reference_month = left_reference_month + lag_months,True,False,True,exploratory_serial_dependence_detected
inflation_pressure,inflation_input_costs,intermediate_materials_prices_log_change,monthly_labor_demand,monthly_labor_demand,quits_rate_change,False,-1,pearson,-0.06491076597343812,36,0.7068300728722593,0.8742610120289405,ok,all_cross_model_pairs_statistics_and_lags,right_reference_month = left_reference_month + lag_months,True,False,True,exploratory_serial_dependence_detected
inflation_pressure,inflation_input_costs,intermediate_materials_prices_log_change,monthly_labor_demand,monthly_labor_demand,quits_rate_change,False,-1,spearman,0.005920205920205921,36,0.9726635399401915,0.9889693162470384,ok,all_cross_model_pairs_statistics_and_lags,right_reference_month = left_reference_month + lag_months,True,False,True,exploratory_serial_dependence_detected
inflation_pressure,inflation_input_costs,intermediate_materials_prices_log_change,monthly_labor_demand,monthly_labor_demand,quits_rate_change,False,0,pearson,0.16277141129040262,37,0.33576996488945837,0.6397510573633467,ok,all_cross_model_pairs_statistics_and_lags,right_reference_month = left_reference_month + lag_months,True,False,True,exploratory_serial_dependence_detected
inflation_pressure,inflation_input_costs,intermediate_materials_prices_log_change,monthly_labor_demand,monthly_labor_demand,quits_rate_change,False,0,spearman,0.37268847795163584,37,0.023104509504241182,0.11820030684095008,ok,all_cross_model_pairs_statistics_and_lags,right_reference_month = left_reference_month + lag_months,True,False,True,exploratory_serial_dependence_detected
inflation_pressure,inflation_input_costs,intermediate_materials_prices_log_change,monthly_labor_demand,monthly_labor_demand,quits_rate_change,False,1,pearson,0.01972050444157879,35,0.9104731276224793,0.9675655019618428,ok,all_cross_model_pairs_statistics_and_lags,right_reference_month = left_reference_month + lag_months,True,False,True,exploratory_serial_dependence_detected
inflation_pressure,inflation_input_costs,intermediate_materials_prices_log_change,monthly_labor_demand,monthly_labor_demand,quits_rate_change,False,1,spearman,0.048179271708683476,35,0.7834388880614043,0.912313885986131,ok,all_cross_model_pairs_statistics_and_lags,right_reference_month = left_reference_month + lag_months,True,False,True,exploratory_serial_dependence_detected
inflation_pressure,inflation_input_costs,intermediate_materials_prices_log_change,weekly_labor_stress,weekly_continued_claims,continued_claims_innovation,False,-1,pearson,-0.3746011942521527,36,0.02438856409487789,0.12270496310235439,ok,all_cross_model_pairs_statistics_and_lags,right_reference_month = left_reference_month + lag_months,True,True,True,exploratory_serial_dependence_detected
inflation_pressure,inflation_input_costs,intermediate_materials_prices_log_change,weekly_labor_stress,weekly_continued_claims,continued_claims_innovation,False,-1,spearman,-0.3184041184041184,36,0.05841223855834921,0.2097629087262652,ok,all_cross_model_pairs_statistics_and_lags,right_reference_month = left_reference_month + lag_months,True,True,True,exploratory_serial_dependence_detected
inflation_pressure,inflation_input_costs,intermediate_materials_prices_log_change,weekly_labor_stress,weekly_continued_claims,continued_claims_innovation,False,0,pearson,-0.24290016416760404,37,0.147452306233585,0.3798371408577149,ok,all_cross_model_pairs_statistics_and_lags,right_reference_month = left_reference_month + lag_months,True,True,True,exploratory_serial_dependence_detected
inflation_pressure,inflation_input_costs,intermediate_materials_prices_log_change,weekly_labor_stress,weekly_continued_claims,continued_claims_innovation,False,0,spearman,-0.12754860123281175,37,0.4518709640856624,0.7361000865206575,ok,all_cross_model_pairs_statistics_and_lags,right_reference_month = left_reference_month + lag_months,True,True,True,exploratory_serial_dependence_detected
inflation_pressure,inflation_input_costs,intermediate_materials_prices_log_change,weekly_labor_stress,weekly_continued_claims,continued_claims_innovation,False,1,pearson,-0.20517573530504946,35,0.23705372188148813,0.5199197851777557,ok,all_cross_model_pairs_statistics_and_lags,right_reference_month = left_reference_month + lag_months,True,True,True,exploratory_serial_dependence_detected
inflation_pressure,inflation_input_costs,intermediate_materials_prices_log_change,weekly_labor_stress,weekly_continued_claims,continued_claims_innovation,False,1,spearman,-0.21792717086834737,35,0.20852471573036008,0.476205379185645,ok,all_cross_model_pairs_statistics_and_lags,right_reference_month = left_reference_month + lag_months,True,True,True,exploratory_serial_dependence_detected
inflation_pressure,inflation_input_costs,intermediate_materials_prices_log_change,weekly_labor_stress,weekly_labor_stress,initial_claims_innovation,False,-1,pearson,-0.19589765016605262,36,0.2521920235968972,0.5359485225267825,ok,all_cross_model_pairs_statistics_and_lags,right_reference_month = left_reference_month + lag_months,True,True,True,exploratory_serial_dependence_detected
inflation_pressure,inflation_input_costs,intermediate_materials_prices_log_change,weekly_labor_stress,weekly_labor_stress,initial_claims_innovation,False,-1,spearman,-0.11222651222651223,36,0.514621410282258,0.7734334337144347,ok,all_cross_model_pairs_statistics_and_lags,right_reference_month = left_reference_month + lag_months,True,True,True,exploratory_serial_dependence_detected
inflation_pressure,inflation_input_costs,intermediate_materials_prices_log_change,weekly_labor_stress,weekly_labor_stress,initial_claims_innovation,False,0,pearson,-0.10800299280505837,37,0.5245981340311107,0.7805546415028337,ok,all_cross_model_pairs_statistics_and_lags,right_reference_month = left_reference_month + lag_months,True,True,True,exploratory_serial_dependence_detected
inflation_pressure,inflation_input_costs,intermediate_materials_prices_log_change,weekly_labor_stress,weekly_labor_stress,initial_claims_innovation,False,0,spearman,-0.259601706970128,37,0.12074967195530027,0.3400705046904375,ok,all_cross_model_pairs_statistics_and_lags,right_reference_month = left_reference_month + lag_months,True,True,True,exploratory_serial_dependence_detected
inflation_pressure,inflation_input_costs,intermediate_materials_prices_log_change,weekly_labor_stress,weekly_labor_stress,initial_claims_innovation,False,1,pearson,-0.06984596725114733,35,0.6901179372887434,0.8703053882779714,ok,all_cross_model_pairs_statistics_and_lags,right_reference_month = left_reference_month + lag_months,True,True,True,exploratory_serial_dependence_detected
inflation_pressure,inflation_input_costs,intermediate_materials_prices_log_change,weekly_labor_stress,weekly_labor_stress,initial_claims_innovation,False,1,spearman,-0.14285714285714288,35,0.41297358978937754,0.7111096038084469,ok,all_cross_model_pairs_statistics_and_lags,right_reference_month = left_reference_month + lag_months,True,True,True,exploratory_serial_dependence_detected
manufacturing_surveys,manufacturing_empire_state,empire_current_new_orders_level,manufacturing_surveys,manufacturing_philadelphia,philadelphia_current_new_orders_level,True,-1,pearson,0.637614089280172,79,2.631931843319128e-10,1.4955565650860456e-08,ok,all_cross_model_pairs_statistics_and_lags,right_reference_month = left_reference_month + lag_months,True,True,True,exploratory_serial_dependence_detected
manufacturing_surveys,manufacturing_empire_state,empire_current_new_orders_level,manufacturing_surveys,manufacturing_philadelphia,philadelphia_current_new_orders_level,True,-1,spearman,0.5040895813047712,79,2.1774696816961416e-06,4.475395133018027e-05,ok,all_cross_model_pairs_statistics_and_lags,right_reference_month = left_reference_month + lag_months,True,True,True,exploratory_serial_dependence_detected
manufacturing_surveys,manufacturing_empire_state,empire_current_new_orders_level,manufacturing_surveys,manufacturing_philadelphia,philadelphia_current_new_orders_level,True,0,pearson,0.5961213842485615,81,4.317021695003669e-09,1.813149111901541e-07,ok,all_cross_model_pairs_statistics_and_lags,right_reference_month = left_reference_month + lag_months,True,True,True,exploratory_serial_dependence_detected
manufacturing_surveys,manufacturing_empire_state,empire_current_new_orders_level,manufacturing_surveys,manufacturing_philadelphia,philadelphia_current_new_orders_level,True,0,spearman,0.4317073170731707,81,5.7210941127327026e-05,0.000757065330534218,ok,all_cross_model_pairs_statistics_and_lags,right_reference_month = left_reference_month + lag_months,True,True,True,exploratory_serial_dependence_detected
manufacturing_surveys,manufacturing_empire_state,empire_current_new_orders_level,manufacturing_surveys,manufacturing_philadelphia,philadelphia_current_new_orders_level,True,1,pearson,0.3640908548329666,80,0.0009001471712506534,0.008524923210079718,ok,all_cross_model_pairs_statistics_and_lags,right_reference_month = left_reference_month + lag_months,True,True,True,exploratory_serial_dependence_detected
manufacturing_surveys,manufacturing_empire_state,empire_current_new_orders_level,manufacturing_surveys,manufacturing_philadelphia,philadelphia_current_new_orders_level,True,1,spearman,0.3910689170182841,80,0.000334840581890158,0.003441021298998858,ok,all_cross_model_pairs_statistics_and_lags,right_reference_month = left_reference_month + lag_months,True,True,True,exploratory_serial_dependence_detected
manufacturing_surveys,manufacturing_empire_state,empire_current_new_orders_level,manufacturing_surveys,manufacturing_philadelphia,philadelphia_current_prices_paid_level,True,-1,pearson,0.2741402314537855,79,0.014492950294068416,0.0843384938799403,ok,all_cross_model_pairs_statistics_and_lags,right_reference_month = left_reference_month + lag_months,True,True,True,exploratory_serial_dependence_detected
manufacturing_surveys,manufacturing_empire_state,empire_current_new_orders_level,manufacturing_surveys,manufacturing_philadelphia,philadelphia_current_prices_paid_level,True,-1,spearman,0.30082765335929895,79,0.007062075706583731,0.04979536593109405,ok,all_cross_model_pairs_statistics_and_lags,right_reference_month = left_reference_month + lag_months,True,True,True,exploratory_serial_dependence_detected
manufacturing_surveys,manufacturing_empire_state,empire_current_new_orders_level,manufacturing_surveys,manufacturing_philadelphia,philadelphia_current_prices_paid_level,True,0,pearson,0.3825431027832755,81,0.0004243798453572556,0.004315272953843252,ok,all_cross_model_pairs_statistics_and_lags,right_reference_month = left_reference_month + lag_months,True,True,True,exploratory_serial_dependence_detected
manufacturing_surveys,manufacturing_empire_state,empire_current_new_orders_level,manufacturing_surveys,manufacturing_philadelphia,philadelphia_current_prices_paid_level,True,0,spearman,0.42493224932249324,81,7.683144125400347e-05,0.0009515278493765044,ok,all_cross_model_pairs_statistics_and_lags,right_reference_month = left_reference_month + lag_months,True,True,True,exploratory_serial_dependence_detected
manufacturing_surveys,manufacturing_empire_state,empire_current_new_orders_level,manufacturing_surveys,manufacturing_philadelphia,philadelphia_current_prices_paid_level,True,1,pearson,0.4093843311526115,80,0.0001628013605600114,0.0018501895800114236,ok,all_cross_model_pairs_statistics_and_lags,right_reference_month = left_reference_month + lag_months,True,True,True,exploratory_serial_dependence_detected
manufacturing_surveys,manufacturing_empire_state,empire_current_new_orders_level,manufacturing_surveys,manufacturing_philadelphia,philadelphia_current_prices_paid_level,True,1,spearman,0.418917018284107,80,0.00010999708542276852,0.0013118170928196839,ok,all_cross_model_pairs_statistics_and_lags,right_reference_month = left_reference_month + lag_months,True,True,True,exploratory_serial_dependence_detected
manufacturing_surveys,manufacturing_empire_state,empire_current_new_orders_level,monthly_labor_demand,monthly_labor_demand,hires_rate_change,False,-1,pearson,0.15922684226291556,92,0.12950452450877217,0.35460753117524224,ok,all_cross_model_pairs_statistics_and_lags,right_reference_month = left_reference_month + lag_months,True,True,True,exploratory_serial_dependence_detected
manufacturing_surveys,manufacturing_empire_state,empire_current_new_orders_level,monthly_labor_demand,monthly_labor_demand,hires_rate_change,False,-1,spearman,0.06297489326942342,92,0.5509296750308511,0.7887861067584985,ok,all_cross_model_pairs_statistics_and_lags,right_reference_month = left_reference_month + lag_months,True,True,True,exploratory_serial_dependence_detected
manufacturing_surveys,manufacturing_empire_state,empire_current_new_orders_level,monthly_labor_demand,monthly_labor_demand,hires_rate_change,False,0,pearson,-0.12954667187232471,94,0.21333476935654752,0.48489738164335267,ok,all_cross_model_pairs_statistics_and_lags,right_reference_month = left_reference_month + lag_months,True,True,True,exploratory_serial_dependence_detected
manufacturing_surveys,manufacturing_empire_state,empire_current_new_orders_level,monthly_labor_demand,monthly_labor_demand,hires_rate_change,False,0,spearman,-0.05724090597117365,94,0.5836951222936558,0.8077773899183804,ok,all_cross_model_pairs_statistics_and_lags,right_reference_month = left_reference_month + lag_months,True,True,True,exploratory_serial_dependence_detected
manufacturing_surveys,manufacturing_empire_state,empire_current_new_orders_level,monthly_labor_demand,monthly_labor_demand,hires_rate_change,False,1,pearson,-0.2530714774983686,93,0.014384806148775402,0.08421650145283054,ok,all_cross_model_pairs_statistics_and_lags,right_reference_month = left_reference_month + lag_months,True,True,True,exploratory_serial_dependence_detected
manufacturing_surveys,manufacturing_empire_state,empire_current_new_orders_level,monthly_labor_demand,monthly_labor_demand,hires_rate_change,False,1,spearman,0.006758974665035361,93,0.948731068897081,0.9802195880577573,ok,all_cross_model_pairs_statistics_and_lags,right_reference_month = left_reference_month + lag_months,True,True,True,exploratory_serial_dependence_detected
manufacturing_surveys,manufacturing_empire_state,empire_current_new_orders_level,monthly_labor_demand,monthly_labor_demand,job_openings_rate_change,False,-1,pearson,0.3393247965177857,92,0.000936495976352476,0.008783059351033901,ok,all_cross_model_pairs_statistics_and_lags,right_reference_month = left_reference_month + lag_months,True,False,True,exploratory_serial_dependence_detected
manufacturing_surveys,manufacturing_empire_state,empire_current_new_orders_level,monthly_labor_demand,monthly_labor_demand,job_openings_rate_change,False,-1,spearman,0.27321486367769676,92,0.008411462984070276,0.054901846233864106,ok,all_cross_model_pairs_statistics_and_lags,right_reference_month = left_reference_month + lag_months,True,False,True,exploratory_serial_dependence_detected
manufacturing_surveys,manufacturing_empire_state,empire_current_new_orders_level,monthly_labor_demand,monthly_labor_demand,job_openings_rate_change,False,0,pearson,0.23476906594092445,94,0.022747553709155856,0.11789045750023887,ok,all_cross_model_pairs_statistics_and_lags,right_reference_month = left_reference_month + lag_months,True,False,True,exploratory_serial_dependence_detected
manufacturing_surveys,manufacturing_empire_state,empire_current_new_orders_level,monthly_labor_demand,monthly_labor_demand,job_openings_rate_change,False,0,spearman,0.20937759635877612,94,0.04283267941090057,0.17168617556402468,ok,all_cross_model_pairs_statistics_and_lags,right_reference_month = left_reference_month + lag_months,True,False,True,exploratory_serial_dependence_detected
manufacturing_surveys,manufacturing_empire_state,empire_current_new_orders_level,monthly_labor_demand,monthly_labor_demand,job_openings_rate_change,False,1,pearson,-0.08636558266308882,93,0.4104200501809084,0.7092410885058273,ok,all_cross_model_pairs_statistics_and_lags,right_reference_month = left_reference_month + lag_months,True,False,True,exploratory_serial_dependence_detected
manufacturing_surveys,manufacturing_empire_state,empire_current_new_orders_level,monthly_labor_demand,monthly_labor_demand,job_openings_rate_change,False,1,spearman,-0.015084599086866995,93,0.885886385540179,0.9582765715283116,ok,all_cross_model_pairs_statistics_and_lags,right_reference_month = left_reference_month + lag_months,True,False,True,exploratory_serial_dependence_detected
manufacturing_surveys,manufacturing_empire_state,empire_current_new_orders_level,monthly_labor_demand,monthly_labor_demand,layoffs_discharges_rate_change,False,-1,pearson,-0.407818924601084,92,5.4586096695364446e-05,0.0007323634639961396,ok,all_cross_model_pairs_statistics_and_lags,right_reference_month = left_reference_month + lag_months,True,False,True,exploratory_serial_dependence_detected
manufacturing_surveys,manufacturing_empire_state,empire_current_new_orders_level,monthly_labor_demand,monthly_labor_demand,layoffs_discharges_rate_change,False,-1,spearman,0.07427215141100134,92,0.48166581424017035,0.7553395723311762,ok,all_cross_model_pairs_statistics_and_lags,right_reference_month = left_reference_month + lag_months,True,False,True,exploratory_serial_dependence_detected
manufacturing_surveys,manufacturing_empire_state,empire_current_new_orders_level,monthly_labor_demand,monthly_labor_demand,layoffs_discharges_rate_change,False,0,pearson,-0.034670220341386254,94,0.7400837232627604,0.8945016541246001,ok,all_cross_model_pairs_statistics_and_lags,right_reference_month = left_reference_month + lag_months,True,False,True,exploratory_serial_dependence_detected
manufacturing_surveys,manufacturing_empire_state,empire_current_new_orders_level,monthly_labor_demand,monthly_labor_demand,layoffs_discharges_rate_change,False,0,spearman,0.047270888270779896,94,0.6509598267461426,0.8463353871289016,ok,all_cross_model_pairs_statistics_and_lags,right_reference_month = left_reference_month + lag_months,True,False,True,exploratory_serial_dependence_detected
manufacturing_surveys,manufacturing_empire_state,empire_current_new_orders_level,monthly_labor_demand,monthly_labor_demand,layoffs_discharges_rate_change,False,1,pearson,0.18587731341949448,93,0.07444431578149316,0.2471244297076371,ok,all_cross_model_pairs_statistics_and_lags,right_reference_month = left_reference_month + lag_months,True,False,True,exploratory_serial_dependence_detected
manufacturing_surveys,manufacturing_empire_state,empire_current_new_orders_level,monthly_labor_demand,monthly_labor_demand,layoffs_discharges_rate_change,False,1,spearman,0.10865089075229026,93,0.29987897932273233,0.6010022697629863,ok,all_cross_model_pairs_statistics_and_lags,right_reference_month = left_reference_month + lag_months,True,False,True,exploratory_serial_dependence_detected
manufacturing_surveys,manufacturing_empire_state,empire_current_new_orders_level,monthly_labor_demand,monthly_labor_demand,quits_rate_change,False,-1,pearson,0.4883692851187888,92,7.86909757982759e-07,1.767801921421733e-05,ok,all_cross_model_pairs_statistics_and_lags,right_reference_month = left_reference_month + lag_months,True,False,True,exploratory_serial_dependence_detected
manufacturing_surveys,manufacturing_empire_state,empire_current_new_orders_level,monthly_labor_demand,monthly_labor_demand,quits_rate_change,False,-1,spearman,0.2725058952267928,92,0.008589300919325952,0.05531509792045913,ok,all_cross_model_pairs_statistics_and_lags,right_reference_month = left_reference_month + lag_months,True,False,True,exploratory_serial_dependence_detected
manufacturing_surveys,manufacturing_empire_state,empire_current_new_orders_level,monthly_labor_demand,monthly_labor_demand,quits_rate_change,False,0,pearson,0.1735432800821335,94,0.09437249525637122,0.29407687231501484,ok,all_cross_model_pairs_statistics_and_lags,right_reference_month = left_reference_month + lag_months,True,False,True,exploratory_serial_dependence_detected
manufacturing_surveys,manufacturing_empire_state,empire_current_new_orders_level,monthly_labor_demand,monthly_labor_demand,quits_rate_change,False,0,spearman,0.05726980457320377,94,0.5835048571512428,0.8077773899183804,ok,all_cross_model_pairs_statistics_and_lags,right_reference_month = left_reference_month + lag_months,True,False,True,exploratory_serial_dependence_detected
manufacturing_surveys,manufacturing_empire_state,empire_current_new_orders_level,monthly_labor_demand,monthly_labor_demand,quits_rate_change,False,1,pearson,-0.10271094287174042,93,0.327231174136922,0.6284399885015242,ok,all_cross_model_pairs_statistics_and_lags,right_reference_month = left_reference_month + lag_months,True,False,True,exploratory_serial_dependence_detected
manufacturing_surveys,manufacturing_empire_state,empire_current_new_orders_level,monthly_labor_demand,monthly_labor_demand,quits_rate_change,False,1,spearman,0.04225478201187669,93,0.6875671132756931,0.8700718141821607,ok,all_cross_model_pairs_statistics_and_lags,right_reference_month = left_reference_month + lag_months,True,False,True,exploratory_serial_dependence_detected
manufacturing_surveys,manufacturing_empire_state,empire_current_new_orders_level,weekly_labor_stress,weekly_continued_claims,continued_claims_innovation,False,-1,pearson,-0.4325980599057722,94,1.3344148590653746e-05,0.0002184821616707037,ok,all_cross_model_pairs_statistics_and_lags,right_reference_month = left_reference_month + lag_months,True,True,True,exploratory_serial_dependence_detected
manufacturing_surveys,manufacturing_empire_state,empire_current_new_orders_level,weekly_labor_stress,weekly_continued_claims,continued_claims_innovation,False,-1,spearman,-0.19784705414875556,94,0.05594377056271868,0.20164806852084421,ok,all_cross_model_pairs_statistics_and_lags,right_reference_month = left_reference_month + lag_months,True,True,True,exploratory_serial_dependence_detected
manufacturing_surveys,manufacturing_empire_state,empire_current_new_orders_level,weekly_labor_stress,weekly_continued_claims,continued_claims_innovation,False,0,pearson,-0.07108074751841584,95,0.49365671211723516,0.7581436946029398,ok,all_cross_model_pairs_statistics_and_lags,right_reference_month = left_reference_month + lag_months,True,True,True,exploratory_serial_dependence_detected
manufacturing_surveys,manufacturing_empire_state,empire_current_new_orders_level,weekly_labor_stress,weekly_continued_claims,continued_claims_innovation,False,0,spearman,-0.21366181410974244,95,0.03761536481668939,0.1615388078400468,ok,all_cross_model_pairs_statistics_and_lags,right_reference_month = left_reference_month + lag_months,True,True,True,exploratory_serial_dependence_detected
manufacturing_surveys,manufacturing_empire_state,empire_current_new_orders_level,weekly_labor_stress,weekly_continued_claims,continued_claims_innovation,False,1,pearson,0.21661986314975826,93,0.03701621944952346,0.1615388078400468,ok,all_cross_model_pairs_statistics_and_lags,right_reference_month = left_reference_month + lag_months,True,True,True,exploratory_serial_dependence_detected
manufacturing_surveys,manufacturing_empire_state,empire_current_new_orders_level,weekly_labor_stress,weekly_continued_claims,continued_claims_innovation,False,1,spearman,-0.042314463907373694,93,0.6871487780164127,0.8700718141821607,ok,all_cross_model_pairs_statistics_and_lags,right_reference_month = left_reference_month + lag_months,True,True,True,exploratory_serial_dependence_detected
manufacturing_surveys,manufacturing_empire_state,empire_current_new_orders_level,weekly_labor_stress,weekly_labor_stress,initial_claims_innovation,False,-1,pearson,-0.38233193887081773,94,0.00014307634538043626,0.0016652018028614631,ok,all_cross_model_pairs_statistics_and_lags,right_reference_month = left_reference_month + lag_months,True,True,True,exploratory_serial_dependence_detected
manufacturing_surveys,manufacturing_empire_state,empire_current_new_orders_level,weekly_labor_stress,weekly_labor_stress,initial_claims_innovation,False,-1,spearman,-0.09176028609616012,94,0.37907431435272565,0.6788060289970708,ok,all_cross_model_pairs_statistics_and_lags,right_reference_month = left_reference_month + lag_months,True,True,True,exploratory_serial_dependence_detected
manufacturing_surveys,manufacturing_empire_state,empire_current_new_orders_level,weekly_labor_stress,weekly_labor_stress,initial_claims_innovation,False,0,pearson,-0.018331325362283997,95,0.8600416415138961,0.9488904634305647,ok,all_cross_model_pairs_statistics_and_lags,right_reference_month = left_reference_month + lag_months,True,True,True,exploratory_serial_dependence_detected
manufacturing_surveys,manufacturing_empire_state,empire_current_new_orders_level,weekly_labor_stress,weekly_labor_stress,initial_claims_innovation,False,0,spearman,0.09876819708846585,95,0.34096506665562243,0.6445640986092588,ok,all_cross_model_pairs_statistics_and_lags,right_reference_month = left_reference_month + lag_months,True,True,True,exploratory_serial_dependence_detected
manufacturing_surveys,manufacturing_empire_state,empire_current_new_orders_level,weekly_labor_stress,weekly_labor_stress,initial_claims_innovation,False,1,pearson,0.15226189633830478,93,0.14511320696916585,0.3766849871293858,ok,all_cross_model_pairs_statistics_and_lags,right_reference_month = left_reference_month + lag_months,True,True,True,exploratory_serial_dependence_detected
manufacturing_surveys,manufacturing_empire_state,empire_current_new_orders_level,weekly_labor_stress,weekly_labor_stress,initial_claims_innovation,False,1,spearman,-0.008952284324550147,93,0.9321288077252651,0.9723935510395314,ok,all_cross_model_pairs_statistics_and_lags,right_reference_month = left_reference_month + lag_months,True,True,True,exploratory_serial_dependence_detected
manufacturing_surveys,manufacturing_empire_state,empire_current_prices_paid_level,manufacturing_surveys,manufacturing_philadelphia,philadelphia_current_new_orders_level,True,-1,pearson,0.14690156633112134,79,0.19639194830760193,0.4528860598473641,ok,all_cross_model_pairs_statistics_and_lags,right_reference_month = left_reference_month + lag_months,True,True,True,exploratory_serial_dependence_detected
manufacturing_surveys,manufacturing_empire_state,empire_current_prices_paid_level,manufacturing_surveys,manufacturing_philadelphia,philadelphia_current_new_orders_level,True,-1,spearman,0.1335686465433301,79,0.24058399997355776,0.5199197851777557,ok,all_cross_model_pairs_statistics_and_lags,right_reference_month = left_reference_month + lag_months,True,True,True,exploratory_serial_dependence_detected
manufacturing_surveys,manufacturing_empire_state,empire_current_prices_paid_level,manufacturing_surveys,manufacturing_philadelphia,philadelphia_current_new_orders_level,True,0,pearson,0.0962288401867076,81,0.39278139001347,0.6931609352563423,ok,all_cross_model_pairs_statistics_and_lags,right_reference_month = left_reference_month + lag_months,True,True,True,exploratory_serial_dependence_detected
manufacturing_surveys,manufacturing_empire_state,empire_current_prices_paid_level,manufacturing_surveys,manufacturing_philadelphia,philadelphia_current_new_orders_level,True,0,spearman,0.08992773261065945,81,0.42464449153460126,0.7171443685706728,ok,all_cross_model_pairs_statistics_and_lags,right_reference_month = left_reference_month + lag_months,True,True,True,exploratory_serial_dependence_detected
manufacturing_surveys,manufacturing_empire_state,empire_current_prices_paid_level,manufacturing_surveys,manufacturing_philadelphia,philadelphia_current_new_orders_level,True,1,pearson,0.06712796897612122,80,0.5540989383011827,0.7918041041404474,ok,all_cross_model_pairs_statistics_and_lags,right_reference_month = left_reference_month + lag_months,True,True,True,exploratory_serial_dependence_detected
manufacturing_surveys,manufacturing_empire_state,empire_current_prices_paid_level,manufacturing_surveys,manufacturing_philadelphia,philadelphia_current_new_orders_level,True,1,spearman,0.01258790436005626,80,0.9117574902915366,0.9678656435402466,ok,all_cross_model_pairs_statistics_and_lags,right_reference_month = left_reference_month + lag_months,True,True,True,exploratory_serial_dependence_detected
manufacturing_surveys,manufacturing_empire_state,empire_current_prices_paid_level,manufacturing_surveys,manufacturing_philadelphia,philadelphia_current_prices_paid_level,True,-1,pearson,0.7344066663691535,79,1.3379572708979583e-14,1.4360741374304752e-12,ok,all_cross_model_pairs_statistics_and_lags,right_reference_month = left_reference_month + lag_months,True,True,True,exploratory_serial_dependence_detected
manufacturing_surveys,manufacturing_empire_state,empire_current_prices_paid_level,manufacturing_surveys,manufacturing_philadelphia,philadelphia_current_prices_paid_level,True,-1,spearman,0.7233690360272639,79,5.09088983586981e-14,4.4707268922274875e-12,ok,all_cross_model_pairs_statistics_and_lags,right_reference_month = left_reference_month + lag_months,True,True,True,exploratory_serial_dependence_detected
manufacturing_surveys,manufacturing_empire_state,empire_current_prices_paid_level,manufacturing_surveys,manufacturing_philadelphia,philadelphia_current_prices_paid_level,True,0,pearson,0.7606307440722729,81,1.7532842049844634e-16,2.1170906775187397e-14,ok,all_cross_model_pairs_statistics_and_lags,right_reference_month = left_reference_month + lag_months,True,True,True,exploratory_serial_dependence_detected
manufacturing_surveys,manufacturing_empire_state,empire_current_prices_paid_level,manufacturing_surveys,manufacturing_philadelphia,philadelphia_current_prices_paid_level,True,0,spearman,0.7236675700090334,81,2.311718905226656e-14,2.23312046244895e-12,ok,all_cross_model_pairs_statistics_and_lags,right_reference_month = left_reference_month + lag_months,True,True,True,exploratory_serial_dependence_detected
manufacturing_surveys,manufacturing_empire_state,empire_current_prices_paid_level,manufacturing_surveys,manufacturing_philadelphia,philadelphia_current_prices_paid_level,True,1,pearson,0.715418006941999,80,8.90067650989923e-14,7.16504459046888e-12,ok,all_cross_model_pairs_statistics_and_lags,right_reference_month = left_reference_month + lag_months,True,True,True,exploratory_serial_dependence_detected
manufacturing_surveys,manufacturing_empire_state,empire_current_prices_paid_level,manufacturing_surveys,manufacturing_philadelphia,philadelphia_current_prices_paid_level,True,1,spearman,0.629184247538678,80,4.0907058406004777e-10,2.1953454677889233e-08,ok,all_cross_model_pairs_statistics_and_lags,right_reference_month = left_reference_month + lag_months,True,True,True,exploratory_serial_dependence_detected
manufacturing_surveys,manufacturing_empire_state,empire_current_prices_paid_level,monthly_labor_demand,monthly_labor_demand,hires_rate_change,False,-1,pearson,-0.005980880049878833,92,0.9548775931638441,0.9802195880577573,ok,all_cross_model_pairs_statistics_and_lags,right_reference_month = left_reference_month + lag_months,True,True,True,exploratory_serial_dependence_detected
manufacturing_surveys,manufacturing_empire_state,empire_current_prices_paid_level,monthly_labor_demand,monthly_labor_demand,hires_rate_change,False,-1,spearman,0.039224450164141604,92,0.7104687673415978,0.8765170233103237,ok,all_cross_model_pairs_statistics_and_lags,right_reference_month = left_reference_month + lag_months,True,True,True,exploratory_serial_dependence_detected
manufacturing_surveys,manufacturing_empire_state,empire_current_prices_paid_level,monthly_labor_demand,monthly_labor_demand,hires_rate_change,False,0,pearson,0.07276243558094131,94,0.48583808215212937,0.7569670763854145,ok,all_cross_model_pairs_statistics_and_lags,right_reference_month = left_reference_month + lag_months,True,True,True,exploratory_serial_dependence_detected
manufacturing_surveys,manufacturing_empire_state,empire_current_prices_paid_level,monthly_labor_demand,monthly_labor_demand,hires_rate_change,False,0,spearman,0.10291514647978904,94,0.3236069269641002,0.6262019160357617,ok,all_cross_model_pairs_statistics_and_lags,right_reference_month = left_reference_month + lag_months,True,True,True,exploratory_serial_dependence_detected
manufacturing_surveys,manufacturing_empire_state,empire_current_prices_paid_level,monthly_labor_demand,monthly_labor_demand,hires_rate_change,False,1,pearson,0.13689790699281604,93,0.1907002732052274,0.44604470681900643,ok,all_cross_model_pairs_statistics_and_lags,right_reference_month = left_reference_month + lag_months,True,True,True,exploratory_serial_dependence_detected
manufacturing_surveys,manufacturing_empire_state,empire_current_prices_paid_level,monthly_labor_demand,monthly_labor_demand,hires_rate_change,False,1,spearman,0.1419235474918683,93,0.17477153184111224,0.4263366155518041,ok,all_cross_model_pairs_statistics_and_lags,right_reference_month = left_reference_month + lag_months,True,True,True,exploratory_serial_dependence_detected
manufacturing_surveys,manufacturing_empire_state,empire_current_prices_paid_level,monthly_labor_demand,monthly_labor_demand,job_openings_rate_change,False,-1,pearson,0.14971170824613902,92,0.1543330289720927,0.39130106558278616,ok,all_cross_model_pairs_statistics_and_lags,right_reference_month = left_reference_month + lag_months,True,False,True,exploratory_serial_dependence_detected
manufacturing_surveys,manufacturing_empire_state,empire_current_prices_paid_level,monthly_labor_demand,monthly_labor_demand,job_openings_rate_change,False,-1,spearman,0.06397669651526594,92,0.5445984541432002,0.7864323204784563,ok,all_cross_model_pairs_statistics_and_lags,right_reference_month = left_reference_month + lag_months,True,False,True,exploratory_serial_dependence_detected
manufacturing_surveys,manufacturing_empire_state,empire_current_prices_paid_level,monthly_labor_demand,monthly_labor_demand,job_openings_rate_change,False,0,pearson,0.18439387530015022,94,0.07521775754338239,0.24883682803735407,ok,all_cross_model_pairs_statistics_and_lags,right_reference_month = left_reference_month + lag_months,True,False,True,exploratory_serial_dependence_detected
manufacturing_surveys,manufacturing_empire_state,empire_current_prices_paid_level,monthly_labor_demand,monthly_labor_demand,job_openings_rate_change,False,0,spearman,0.1052559332442293,94,0.31266402658762216,0.61766538606448,ok,all_cross_model_pairs_statistics_and_lags,right_reference_month = left_reference_month + lag_months,True,False,True,exploratory_serial_dependence_detected
manufacturing_surveys,manufacturing_empire_state,empire_current_prices_paid_level,monthly_labor_demand,monthly_labor_demand,job_openings_rate_change,False,1,pearson,0.27430417551619585,93,0.0077964727801167425,0.05163701616072043,ok,all_cross_model_pairs_statistics_and_lags,right_reference_month = left_reference_month + lag_months,True,False,True,exploratory_serial_dependence_detected
manufacturing_surveys,manufacturing_empire_state,empire_current_prices_paid_level,monthly_labor_demand,monthly_labor_demand,job_openings_rate_change,False,1,spearman,0.20503715197994685,93,0.04865936346260946,0.18433311805835584,ok,all_cross_model_pairs_statistics_and_lags,right_reference_month = left_reference_month + lag_months,True,False,True,exploratory_serial_dependence_detected
manufacturing_surveys,manufacturing_empire_state,empire_current_prices_paid_level,monthly_labor_demand,monthly_labor_demand,layoffs_discharges_rate_change,False,-1,pearson,0.07318120977310957,92,0.4881447407825647,0.7581020979533246,ok,all_cross_model_pairs_statistics_and_lags,right_reference_month = left_reference_month + lag_months,True,False,True,exploratory_serial_dependence_detected
manufacturing_surveys,manufacturing_empire_state,empire_current_prices_paid_level,monthly_labor_demand,monthly_labor_demand,layoffs_discharges_rate_change,False,-1,spearman,0.0409814589337731,92,0.6981130491683897,0.8715802950475713,ok,all_cross_model_pairs_statistics_and_lags,right_reference_month = left_reference_month + lag_months,True,False,True,exploratory_serial_dependence_detected
manufacturing_surveys,manufacturing_empire_state,empire_current_prices_paid_level,monthly_labor_demand,monthly_labor_demand,layoffs_discharges_rate_change,False,0,pearson,0.012552027158005597,94,0.9044254474395511,0.9632579737889817,ok,all_cross_model_pairs_statistics_and_lags,right_reference_month = left_reference_month + lag_months,True,False,True,exploratory_serial_dependence_detected
manufacturing_surveys,manufacturing_empire_state,empire_current_prices_paid_level,monthly_labor_demand,monthly_labor_demand,layoffs_discharges_rate_change,False,0,spearman,0.0611277679442257,94,0.5583636799504988,0.7932048747532087,ok,all_cross_model_pairs_statistics_and_lags,right_reference_month = left_reference_month + lag_months,True,False,True,exploratory_serial_dependence_detected
manufacturing_surveys,manufacturing_empire_state,empire_current_prices_paid_level,monthly_labor_demand,monthly_labor_demand,layoffs_discharges_rate_change,False,1,pearson,-0.15367458971254805,93,0.1413744489158435,0.3710035046214426,ok,all_cross_model_pairs_statistics_and_lags,right_reference_month = left_reference_month + lag_months,True,False,True,exploratory_serial_dependence_detected
manufacturing_surveys,manufacturing_empire_state,empire_current_prices_paid_level,monthly_labor_demand,monthly_labor_demand,layoffs_discharges_rate_change,False,1,spearman,-0.014263973023783233,93,0.8920558842542868,0.9593783856080961,ok,all_cross_model_pairs_statistics_and_lags,right_reference_month = left_reference_month + lag_months,True,False,True,exploratory_serial_dependence_detected
manufacturing_surveys,manufacturing_empire_state,empire_current_prices_paid_level,monthly_labor_demand,monthly_labor_demand,quits_rate_change,False,-1,pearson,-0.08168269365893426,92,0.43889800845440147,0.7272306623789911,ok,all_cross_model_pairs_statistics_and_lags,right_reference_month = left_reference_month + lag_months,True,False,True,exploratory_serial_dependence_detected
manufacturing_surveys,manufacturing_empire_state,empire_current_prices_paid_level,monthly_labor_demand,monthly_labor_demand,quits_rate_change,False,-1,spearman,-0.024305287979902286,92,0.818111498775058,0.9286671067176334,ok,all_cross_model_pairs_statistics_and_lags,right_reference_month = left_reference_month + lag_months,True,False,True,exploratory_serial_dependence_detected
manufacturing_surveys,manufacturing_empire_state,empire_current_prices_paid_level,monthly_labor_demand,monthly_labor_demand,quits_rate_change,False,0,pearson,0.06323097227700478,94,0.5448794998517409,0.7864323204784563,ok,all_cross_model_pairs_statistics_and_lags,right_reference_month = left_reference_month + lag_months,True,False,True,exploratory_serial_dependence_detected
manufacturing_surveys,manufacturing_empire_state,empire_current_prices_paid_level,monthly_labor_demand,monthly_labor_demand,quits_rate_change,False,0,spearman,0.13428457898349166,94,0.19692203635107752,0.4528860598473641,ok,all_cross_model_pairs_statistics_and_lags,right_reference_month = left_reference_month + lag_months,True,False,True,exploratory_serial_dependence_detected
manufacturing_surveys,manufacturing_empire_state,empire_current_prices_paid_level,monthly_labor_demand,monthly_labor_demand,quits_rate_change,False,1,pearson,0.09961836239630405,93,0.3420829757809408,0.645414364461697,ok,all_cross_model_pairs_statistics_and_lags,right_reference_month = left_reference_month + lag_months,True,False,True,exploratory_serial_dependence_detected
manufacturing_surveys,manufacturing_empire_state,empire_current_prices_paid_level,monthly_labor_demand,monthly_labor_demand,quits_rate_change,False,1,spearman,0.05701113067351018,93,0.5872665523425574,0.8077773899183804,ok,all_cross_model_pairs_statistics_and_lags,right_reference_month = left_reference_month + lag_months,True,False,True,exploratory_serial_dependence_detected
manufacturing_surveys,manufacturing_empire_state,empire_current_prices_paid_level,weekly_labor_stress,weekly_continued_claims,continued_claims_innovation,False,-1,pearson,0.043024241233375844,94,0.6805263434351638,0.8684127447270386,ok,all_cross_model_pairs_statistics_and_lags,right_reference_month = left_reference_month + lag_months,True,True,True,exploratory_serial_dependence_detected
manufacturing_surveys,manufacturing_empire_state,empire_current_prices_paid_level,weekly_labor_stress,weekly_continued_claims,continued_claims_innovation,False,-1,spearman,-0.18768919553516597,94,0.07006324795338893,0.2374775351683288,ok,all_cross_model_pairs_statistics_and_lags,right_reference_month = left_reference_month + lag_months,True,True,True,exploratory_serial_dependence_detected
manufacturing_surveys,manufacturing_empire_state,empire_current_prices_paid_level,weekly_labor_stress,weekly_continued_claims,continued_claims_innovation,False,0,pearson,0.004612844079655151,95,0.9646130822860329,0.9839664598609376,ok,all_cross_model_pairs_statistics_and_lags,right_reference_month = left_reference_month + lag_months,True,True,True,exploratory_serial_dependence_detected
manufacturing_surveys,manufacturing_empire_state,empire_current_prices_paid_level,weekly_labor_stress,weekly_continued_claims,continued_claims_innovation,False,0,spearman,-0.08324468085106382,95,0.422540775655227,0.7171443685706728,ok,all_cross_model_pairs_statistics_and_lags,right_reference_month = left_reference_month + lag_months,True,True,True,exploratory_serial_dependence_detected
manufacturing_surveys,manufacturing_empire_state,empire_current_prices_paid_level,weekly_labor_stress,weekly_continued_claims,continued_claims_innovation,False,1,pearson,-0.1639478596434767,93,0.1163411230345102,0.3325015528146061,ok,all_cross_model_pairs_statistics_and_lags,right_reference_month = left_reference_month + lag_months,True,True,True,exploratory_serial_dependence_detected
manufacturing_surveys,manufacturing_empire_state,empire_current_prices_paid_level,weekly_labor_stress,weekly_continued_claims,continued_claims_innovation,False,1,spearman,-0.12989764554922262,93,0.21460171595450597,0.48549240658560366,ok,all_cross_model_pairs_statistics_and_lags,right_reference_month = left_reference_month + lag_months,True,True,True,exploratory_serial_dependence_detected
manufacturing_surveys,manufacturing_empire_state,empire_current_prices_paid_level,weekly_labor_stress,weekly_labor_stress,initial_claims_innovation,False,-1,pearson,0.04828792210871697,94,0.6439562132877972,0.8455573597763589,ok,all_cross_model_pairs_statistics_and_lags,right_reference_month = left_reference_month + lag_months,True,True,True,exploratory_serial_dependence_detected
manufacturing_surveys,manufacturing_empire_state,empire_current_prices_paid_level,weekly_labor_stress,weekly_labor_stress,initial_claims_innovation,False,-1,spearman,0.05900372069501138,94,0.5721413418411835,0.8056684201437074,ok,all_cross_model_pairs_statistics_and_lags,right_reference_month = left_reference_month + lag_months,True,True,True,exploratory_serial_dependence_detected
manufacturing_surveys,manufacturing_empire_state,empire_current_prices_paid_level,weekly_labor_stress,weekly_labor_stress,initial_claims_innovation,False,0,pearson,-0.016679234350188737,95,0.8725438717648477,0.952403819350105,ok,all_cross_model_pairs_statistics_and_lags,right_reference_month = left_reference_month + lag_months,True,True,True,exploratory_serial_dependence_detected
manufacturing_surveys,manufacturing_empire_state,empire_current_prices_paid_level,weekly_labor_stress,weekly_labor_stress,initial_claims_innovation,False,0,spearman,-0.060806270996640537,95,0.558304057112532,0.7932048747532087,ok,all_cross_model_pairs_statistics_and_lags,right_reference_month = left_reference_month + lag_months,True,True,True,exploratory_serial_dependence_detected
manufacturing_surveys,manufacturing_empire_state,empire_current_prices_paid_level,weekly_labor_stress,weekly_labor_stress,initial_claims_innovation,False,1,pearson,-0.17002128178854858,93,0.10324174723324607,0.3116610244603616,ok,all_cross_model_pairs_statistics_and_lags,right_reference_month = left_reference_month + lag_months,True,True,True,exploratory_serial_dependence_detected
manufacturing_surveys,manufacturing_empire_state,empire_current_prices_paid_level,weekly_labor_stress,weekly_labor_stress,initial_claims_innovation,False,1,spearman,-0.11821491450568468,93,0.25908038862152105,0.5483242975387487,ok,all_cross_model_pairs_statistics_and_lags,right_reference_month = left_reference_month + lag_months,True,True,True,exploratory_serial_dependence_detected
manufacturing_surveys,manufacturing_philadelphia,philadelphia_current_new_orders_level,monthly_labor_demand,monthly_labor_demand,hires_rate_change,False,-1,pearson,0.20862098408360788,80,0.06329894554238424,0.2207465032272317,ok,all_cross_model_pairs_statistics_and_lags,right_reference_month = left_reference_month + lag_months,True,True,True,exploratory_serial_dependence_detected
manufacturing_surveys,manufacturing_philadelphia,philadelphia_current_new_orders_level,monthly_labor_demand,monthly_labor_demand,hires_rate_change,False,-1,spearman,0.08347398030942335,80,0.4616396967679703,0.7432399117964322,ok,all_cross_model_pairs_statistics_and_lags,right_reference_month = left_reference_month + lag_months,True,True,True,exploratory_serial_dependence_detected
manufacturing_surveys,manufacturing_philadelphia,philadelphia_current_new_orders_level,monthly_labor_demand,monthly_labor_demand,hires_rate_change,False,0,pearson,0.06837805571367915,81,0.5441509373649535,0.7864323204784563,ok,all_cross_model_pairs_statistics_and_lags,right_reference_month = left_reference_month + lag_months,True,True,True,exploratory_serial_dependence_detected
manufacturing_surveys,manufacturing_philadelphia,philadelphia_current_new_orders_level,monthly_labor_demand,monthly_labor_demand,hires_rate_change,False,0,spearman,0.0523486901535682,81,0.6425518519027918,0.8455573597763589,ok,all_cross_model_pairs_statistics_and_lags,right_reference_month = left_reference_month + lag_months,True,True,True,exploratory_serial_dependence_detected
manufacturing_surveys,manufacturing_philadelphia,philadelphia_current_new_orders_level,monthly_labor_demand,monthly_labor_demand,hires_rate_change,False,1,pearson,-0.3613461609085829,79,0.001068566950713841,0.009738072399901607,ok,all_cross_model_pairs_statistics_and_lags,right_reference_month = left_reference_month + lag_months,True,True,True,exploratory_serial_dependence_detected
manufacturing_surveys,manufacturing_philadelphia,philadelphia_current_new_orders_level,monthly_labor_demand,monthly_labor_demand,hires_rate_change,False,1,spearman,0.019328140214216163,79,0.8657417406062263,0.9493953196427427,ok,all_cross_model_pairs_statistics_and_lags,right_reference_month = left_reference_month + lag_months,True,True,True,exploratory_serial_dependence_detected
manufacturing_surveys,manufacturing_philadelphia,philadelphia_current_new_orders_level,monthly_labor_demand,monthly_labor_demand,job_openings_rate_change,False,-1,pearson,0.3805236408513054,80,0.0004978620910307099,0.005009737290996519,ok,all_cross_model_pairs_statistics_and_lags,right_reference_month = left_reference_month + lag_months,True,False,True,exploratory_serial_dependence_detected
manufacturing_surveys,manufacturing_philadelphia,philadelphia_current_new_orders_level,monthly_labor_demand,monthly_labor_demand,job_openings_rate_change,False,-1,spearman,0.23485700890764186,80,0.03599436885506879,0.16023299683869335,ok,all_cross_model_pairs_statistics_and_lags,right_reference_month = left_reference_month + lag_months,True,False,True,exploratory_serial_dependence_detected
manufacturing_surveys,manufacturing_philadelphia,philadelphia_current_new_orders_level,monthly_labor_demand,monthly_labor_demand,job_openings_rate_change,False,0,pearson,0.25985060373908053,81,0.019144627910967972,0.10389725034828687,ok,all_cross_model_pairs_statistics_and_lags,right_reference_month = left_reference_month + lag_months,True,False,True,exploratory_serial_dependence_detected
manufacturing_surveys,manufacturing_philadelphia,philadelphia_current_new_orders_level,monthly_labor_demand,monthly_labor_demand,job_openings_rate_change,False,0,spearman,0.24275067750677506,81,0.028993688631204613,0.141454056655271,ok,all_cross_model_pairs_statistics_and_lags,right_reference_month = left_reference_month + lag_months,True,False,True,exploratory_serial_dependence_detected
manufacturing_surveys,manufacturing_philadelphia,philadelphia_current_new_orders_level,monthly_labor_demand,monthly_labor_demand,job_openings_rate_change,False,1,pearson,-0.0017817719374357923,79,0.9875660162044683,0.9958129140433365,ok,all_cross_model_pairs_statistics_and_lags,right_reference_month = left_reference_month + lag_months,True,False,True,exploratory_serial_dependence_detected
manufacturing_surveys,manufacturing_philadelphia,philadelphia_current_new_orders_level,monthly_labor_demand,monthly_labor_demand,job_openings_rate_change,False,1,spearman,0.019766309639727364,79,0.8627273936077884,0.9491966540149471,ok,all_cross_model_pairs_statistics_and_lags,right_reference_month = left_reference_month + lag_months,True,False,True,exploratory_serial_dependence_detected
manufacturing_surveys,manufacturing_philadelphia,philadelphia_current_new_orders_level,monthly_labor_demand,monthly_labor_demand,layoffs_discharges_rate_change,False,-1,pearson,-0.5658049321707721,80,4.523226984917231e-08,1.4094958927193693e-06,ok,all_cross_model_pairs_statistics_and_lags,right_reference_month = left_reference_month + lag_months,True,False,True,exploratory_serial_dependence_detected
manufacturing_surveys,manufacturing_philadelphia,philadelphia_current_new_orders_level,monthly_labor_demand,monthly_labor_demand,layoffs_discharges_rate_change,False,-1,spearman,-0.020651664322550396,80,0.8557190146705369,0.9488904634305647,ok,all_cross_model_pairs_statistics_and_lags,right_reference_month = left_reference_month + lag_months,True,False,True,exploratory_serial_dependence_detected
manufacturing_surveys,manufacturing_philadelphia,philadelphia_current_new_orders_level,monthly_labor_demand,monthly_labor_demand,layoffs_discharges_rate_change,False,0,pearson,-0.17051114212937443,81,0.12802985743987888,0.35460753117524224,ok,all_cross_model_pairs_statistics_and_lags,right_reference_month = left_reference_month + lag_months,True,False,True,exploratory_serial_dependence_detected
manufacturing_surveys,manufacturing_philadelphia,philadelphia_current_new_orders_level,monthly_labor_demand,monthly_labor_demand,layoffs_discharges_rate_change,False,0,spearman,0.10528455284552846,81,0.34956341674153735,0.6541362288397168,ok,all_cross_model_pairs_statistics_and_lags,right_reference_month = left_reference_month + lag_months,True,False,True,exploratory_serial_dependence_detected
manufacturing_surveys,manufacturing_philadelphia,philadelphia_current_new_orders_level,monthly_labor_demand,monthly_labor_demand,layoffs_discharges_rate_change,False,1,pearson,0.22345930853243395,79,0.04774836940125006,0.18346659219688446,ok,all_cross_model_pairs_statistics_and_lags,right_reference_month = left_reference_month + lag_months,True,False,True,exploratory_serial_dependence_detected
manufacturing_surveys,manufacturing_philadelphia,philadelphia_current_new_orders_level,monthly_labor_demand,monthly_labor_demand,layoffs_discharges_rate_change,False,1,spearman,0.04079844206426485,79,0.7210968745692321,0.8842823876791703,ok,all_cross_model_pairs_statistics_and_lags,right_reference_month = left_reference_month + lag_months,True,False,True,exploratory_serial_dependence_detected
manufacturing_surveys,manufacturing_philadelphia,philadelphia_current_new_orders_level,monthly_labor_demand,monthly_labor_demand,quits_rate_change,False,-1,pearson,0.4399093110306468,80,4.446253579872975e-05,0.0006135829940224704,ok,all_cross_model_pairs_statistics_and_lags,right_reference_month = left_reference_month + lag_months,True,False,True,exploratory_serial_dependence_detected
manufacturing_surveys,manufacturing_philadelphia,philadelphia_current_new_orders_level,monthly_labor_demand,monthly_labor_demand,quits_rate_change,False,-1,spearman,0.1707454289732771,80,0.1299493437226043,0.35460753117524224,ok,all_cross_model_pairs_statistics_and_lags,right_reference_month = left_reference_month + lag_months,True,False,True,exploratory_serial_dependence_detected
manufacturing_surveys,manufacturing_philadelphia,philadelphia_current_new_orders_level,monthly_labor_demand,monthly_labor_demand,quits_rate_change,False,0,pearson,0.4020009577204135,81,0.00019921975341299317,0.0022120262275511656,ok,all_cross_model_pairs_statistics_and_lags,right_reference_month = left_reference_month + lag_months,True,False,True,exploratory_serial_dependence_detected
manufacturing_surveys,manufacturing_philadelphia,philadelphia_current_new_orders_level,monthly_labor_demand,monthly_labor_demand,quits_rate_change,False,0,spearman,0.2093044263775971,81,0.06075285240657785,0.21474407707470053,ok,all_cross_model_pairs_statistics_and_lags,right_reference_month = left_reference_month + lag_months,True,False,True,exploratory_serial_dependence_detected
manufacturing_surveys,manufacturing_philadelphia,philadelphia_current_new_orders_level,monthly_labor_demand,monthly_labor_demand,quits_rate_change,False,1,pearson,-0.04488651921953421,79,0.6944678851969186,0.8715802950475713,ok,all_cross_model_pairs_statistics_and_lags,right_reference_month = left_reference_month + lag_months,True,False,True,exploratory_serial_dependence_detected
manufacturing_surveys,manufacturing_philadelphia,philadelphia_current_new_orders_level,monthly_labor_demand,monthly_labor_demand,quits_rate_change,False,1,spearman,-0.026825705939629994,79,0.8144618619142583,0.9277949983598744,ok,all_cross_model_pairs_statistics_and_lags,right_reference_month = left_reference_month + lag_months,True,False,True,exploratory_serial_dependence_detected
manufacturing_surveys,manufacturing_philadelphia,philadelphia_current_new_orders_level,weekly_labor_stress,weekly_continued_claims,continued_claims_innovation,False,-1,pearson,-0.6131006358311824,80,1.4910438157014653e-09,7.201741629838077e-08,ok,all_cross_model_pairs_statistics_and_lags,right_reference_month = left_reference_month + lag_months,True,True,True,exploratory_serial_dependence_detected
manufacturing_surveys,manufacturing_philadelphia,philadelphia_current_new_orders_level,weekly_labor_stress,weekly_continued_claims,continued_claims_innovation,False,-1,spearman,-0.32475386779184245,80,0.00329190953591567,0.026280864559458984,ok,all_cross_model_pairs_statistics_and_lags,right_reference_month = left_reference_month + lag_months,True,True,True,exploratory_serial_dependence_detected
manufacturing_surveys,manufacturing_philadelphia,philadelphia_current_new_orders_level,weekly_labor_stress,weekly_continued_claims,continued_claims_innovation,False,0,pearson,-0.2315834250351422,81,0.03750484956742593,0.1615388078400468,ok,all_cross_model_pairs_statistics_and_lags,right_reference_month = left_reference_month + lag_months,True,True,True,exploratory_serial_dependence_detected
manufacturing_surveys,manufacturing_philadelphia,philadelphia_current_new_orders_level,weekly_labor_stress,weekly_continued_claims,continued_claims_innovation,False,0,spearman,-0.321093044263776,81,0.0034697020756677987,0.02724985532597637,ok,all_cross_model_pairs_statistics_and_lags,right_reference_month = left_reference_month + lag_months,True,True,True,exploratory_serial_dependence_detected
manufacturing_surveys,manufacturing_philadelphia,philadelphia_current_new_orders_level,weekly_labor_stress,weekly_continued_claims,continued_claims_innovation,False,1,pearson,0.20385169008686926,79,0.07155071696584775,0.24064698710065013,ok,all_cross_model_pairs_statistics_and_lags,right_reference_month = left_reference_month + lag_months,True,True,True,exploratory_serial_dependence_detected
manufacturing_surveys,manufacturing_philadelphia,philadelphia_current_new_orders_level,weekly_labor_stress,weekly_continued_claims,continued_claims_innovation,False,1,spearman,-0.24018987341772155,79,0.032994896998942674,0.15183590537639743,ok,all_cross_model_pairs_statistics_and_lags,right_reference_month = left_reference_month + lag_months,True,True,True,exploratory_serial_dependence_detected
manufacturing_surveys,manufacturing_philadelphia,philadelphia_current_new_orders_level,weekly_labor_stress,weekly_labor_stress,initial_claims_innovation,False,-1,pearson,-0.5318283196661432,80,3.8449167080952013e-07,9.058998878097474e-06,ok,all_cross_model_pairs_statistics_and_lags,right_reference_month = left_reference_month + lag_months,True,True,True,exploratory_serial_dependence_detected
manufacturing_surveys,manufacturing_philadelphia,philadelphia_current_new_orders_level,weekly_labor_stress,weekly_labor_stress,initial_claims_innovation,False,-1,spearman,0.049929676511955,80,0.6600598579118835,0.8535713825205883,ok,all_cross_model_pairs_statistics_and_lags,right_reference_month = left_reference_month + lag_months,True,True,True,exploratory_serial_dependence_detected
manufacturing_surveys,manufacturing_philadelphia,philadelphia_current_new_orders_level,weekly_labor_stress,weekly_labor_stress,initial_claims_innovation,False,0,pearson,-0.13811359925601902,81,0.21884504762636417,0.4916352351788126,ok,all_cross_model_pairs_statistics_and_lags,right_reference_month = left_reference_month + lag_months,True,True,True,exploratory_serial_dependence_detected
manufacturing_surveys,manufacturing_philadelphia,philadelphia_current_new_orders_level,weekly_labor_stress,weekly_labor_stress,initial_claims_innovation,False,0,spearman,-0.06969286359530262,81,0.5364176850950493,0.7854894911246134,ok,all_cross_model_pairs_statistics_and_lags,right_reference_month = left_reference_month + lag_months,True,True,True,exploratory_serial_dependence_detected
manufacturing_surveys,manufacturing_philadelphia,philadelphia_current_new_orders_level,weekly_labor_stress,weekly_labor_stress,initial_claims_innovation,False,1,pearson,0.19624678720337904,79,0.08302890033508253,0.26646484293584627,ok,all_cross_model_pairs_statistics_and_lags,right_reference_month = left_reference_month + lag_months,True,True,True,exploratory_serial_dependence_detected
manufacturing_surveys,manufacturing_philadelphia,philadelphia_current_new_orders_level,weekly_labor_stress,weekly_labor_stress,initial_claims_innovation,False,1,spearman,0.05209347614410905,79,0.6484283734042867,0.8458562682057631,ok,all_cross_model_pairs_statistics_and_lags,right_reference_month = left_reference_month + lag_months,True,True,True,exploratory_serial_dependence_detected
manufacturing_surveys,manufacturing_philadelphia,philadelphia_current_prices_paid_level,monthly_labor_demand,monthly_labor_demand,hires_rate_change,False,-1,pearson,-0.035097828217418886,80,0.7572613923859368,0.9040506243004572,ok,all_cross_model_pairs_statistics_and_lags,right_reference_month = left_reference_month + lag_months,True,True,True,exploratory_serial_dependence_detected
manufacturing_surveys,manufacturing_philadelphia,philadelphia_current_prices_paid_level,monthly_labor_demand,monthly_labor_demand,hires_rate_change,False,-1,spearman,0.011509610876699486,80,0.9192899158034045,0.969469496360359,ok,all_cross_model_pairs_statistics_and_lags,right_reference_month = left_reference_month + lag_months,True,True,True,exploratory_serial_dependence_detected
manufacturing_surveys,manufacturing_philadelphia,philadelphia_current_prices_paid_level,monthly_labor_demand,monthly_labor_demand,hires_rate_change,False,0,pearson,0.07071224749866323,81,0.5304595831644393,0.7818050897847545,ok,all_cross_model_pairs_statistics_and_lags,right_reference_month = left_reference_month + lag_months,True,True,True,exploratory_serial_dependence_detected
manufacturing_surveys,manufacturing_philadelphia,philadelphia_current_prices_paid_level,monthly_labor_demand,monthly_labor_demand,hires_rate_change,False,0,spearman,0.16108852755194217,81,0.15081344757986956,0.3864344571940424,ok,all_cross_model_pairs_statistics_and_lags,right_reference_month = left_reference_month + lag_months,True,True,True,exploratory_serial_dependence_detected
manufacturing_surveys,manufacturing_philadelphia,philadelphia_current_prices_paid_level,monthly_labor_demand,monthly_labor_demand,hires_rate_change,False,1,pearson,0.12011501431255214,79,0.29169434283174117,0.5870348649488791,ok,all_cross_model_pairs_statistics_and_lags,right_reference_month = left_reference_month + lag_months,True,True,True,exploratory_serial_dependence_detected
manufacturing_surveys,manufacturing_philadelphia,philadelphia_current_prices_paid_level,monthly_labor_demand,monthly_labor_demand,hires_rate_change,False,1,spearman,0.11962025316455696,79,0.29370099323690213,0.5898444063759822,ok,all_cross_model_pairs_statistics_and_lags,right_reference_month = left_reference_month + lag_months,True,True,True,exploratory_serial_dependence_detected
manufacturing_surveys,manufacturing_philadelphia,philadelphia_current_prices_paid_level,monthly_labor_demand,monthly_labor_demand,job_openings_rate_change,False,-1,pearson,0.2031614593768733,80,0.07069494089584105,0.23878081435448412,ok,all_cross_model_pairs_statistics_and_lags,right_reference_month = left_reference_month + lag_months,True,False,True,exploratory_serial_dependence_detected
manufacturing_surveys,manufacturing_philadelphia,philadelphia_current_prices_paid_level,monthly_labor_demand,monthly_labor_demand,job_openings_rate_change,False,-1,spearman,0.16265822784810127,80,0.14942035414070173,0.3838831438827603,ok,all_cross_model_pairs_statistics_and_lags,right_reference_month = left_reference_month + lag_months,True,False,True,exploratory_serial_dependence_detected
manufacturing_surveys,manufacturing_philadelphia,philadelphia_current_prices_paid_level,monthly_labor_demand,monthly_labor_demand,job_openings_rate_change,False,0,pearson,0.2283383148134363,81,0.04033764738736139,0.16868470725623855,ok,all_cross_model_pairs_statistics_and_lags,right_reference_month = left_reference_month + lag_months,True,False,True,exploratory_serial_dependence_detected
manufacturing_surveys,manufacturing_philadelphia,philadelphia_current_prices_paid_level,monthly_labor_demand,monthly_labor_demand,job_openings_rate_change,False,0,spearman,0.16018518518518518,81,0.15314751591820097,0.39057204747840607,ok,all_cross_model_pairs_statistics_and_lags,right_reference_month = left_reference_month + lag_months,True,False,True,exploratory_serial_dependence_detected
manufacturing_surveys,manufacturing_philadelphia,philadelphia_current_prices_paid_level,monthly_labor_demand,monthly_labor_demand,job_openings_rate_change,False,1,pearson,0.3246944445876286,79,0.003506039136379992,0.02731317585276671,ok,all_cross_model_pairs_statistics_and_lags,right_reference_month = left_reference_month + lag_months,True,False,True,exploratory_serial_dependence_detected
manufacturing_surveys,manufacturing_philadelphia,philadelphia_current_prices_paid_level,monthly_labor_demand,monthly_labor_demand,job_openings_rate_change,False,1,spearman,0.2883154819863681,79,0.009974138247294269,0.06256504900575496,ok,all_cross_model_pairs_statistics_and_lags,right_reference_month = left_reference_month + lag_months,True,False,True,exploratory_serial_dependence_detected
manufacturing_surveys,manufacturing_philadelphia,philadelphia_current_prices_paid_level,monthly_labor_demand,monthly_labor_demand,layoffs_discharges_rate_change,False,-1,pearson,0.01631880265813766,80,0.8857593595090207,0.9582765715283116,ok,all_cross_model_pairs_statistics_and_lags,right_reference_month = left_reference_month + lag_months,True,False,True,exploratory_serial_dependence_detected
manufacturing_surveys,manufacturing_philadelphia,philadelphia_current_prices_paid_level,monthly_labor_demand,monthly_labor_demand,layoffs_discharges_rate_change,False,-1,spearman,0.06908110642287858,80,0.5426014981950561,0.7864323204784563,ok,all_cross_model_pairs_statistics_and_lags,right_reference_month = left_reference_month + lag_months,True,False,True,exploratory_serial_dependence_detected
manufacturing_surveys,manufacturing_philadelphia,philadelphia_current_prices_paid_level,monthly_labor_demand,monthly_labor_demand,layoffs_discharges_rate_change,False,0,pearson,-0.043071947849534165,81,0.7026099692536508,0.8723923268625022,ok,all_cross_model_pairs_statistics_and_lags,right_reference_month = left_reference_month + lag_months,True,False,True,exploratory_serial_dependence_detected
manufacturing_surveys,manufacturing_philadelphia,philadelphia_current_prices_paid_level,monthly_labor_demand,monthly_labor_demand,layoffs_discharges_rate_change,False,0,spearman,-0.034756097560975606,81,0.7580548713078369,0.9040506243004572,ok,all_cross_model_pairs_statistics_and_lags,right_reference_month = left_reference_month + lag_months,True,False,True,exploratory_serial_dependence_detected
manufacturing_surveys,manufacturing_philadelphia,philadelphia_current_prices_paid_level,monthly_labor_demand,monthly_labor_demand,layoffs_discharges_rate_change,False,1,pearson,-0.1706031123125479,79,0.13278023395305857,0.35564533387421116,ok,all_cross_model_pairs_statistics_and_lags,right_reference_month = left_reference_month + lag_months,True,False,True,exploratory_serial_dependence_detected
manufacturing_surveys,manufacturing_philadelphia,philadelphia_current_prices_paid_level,monthly_labor_demand,monthly_labor_demand,layoffs_discharges_rate_change,False,1,spearman,0.06056475170399221,79,0.595960681168245,0.8142829109031465,ok,all_cross_model_pairs_statistics_and_lags,right_reference_month = left_reference_month + lag_months,True,False,True,exploratory_serial_dependence_detected
manufacturing_surveys,manufacturing_philadelphia,philadelphia_current_prices_paid_level,monthly_labor_demand,monthly_labor_demand,quits_rate_change,False,-1,pearson,0.03164583567690617,80,0.7805027089623898,0.9105864937894548,ok,all_cross_model_pairs_statistics_and_lags,right_reference_month = left_reference_month + lag_months,True,False,True,exploratory_serial_dependence_detected
manufacturing_surveys,manufacturing_philadelphia,philadelphia_current_prices_paid_level,monthly_labor_demand,monthly_labor_demand,quits_rate_change,False,-1,spearman,0.06181434599156119,80,0.5859570664593695,0.8077773899183804,ok,all_cross_model_pairs_statistics_and_lags,right_reference_month = left_reference_month + lag_months,True,False,True,exploratory_serial_dependence_detected
manufacturing_surveys,manufacturing_philadelphia,philadelphia_current_prices_paid_level,monthly_labor_demand,monthly_labor_demand,quits_rate_change,False,0,pearson,0.02373319278968894,81,0.8334269738082578,0.9383338656162903,ok,all_cross_model_pairs_statistics_and_lags,right_reference_month = left_reference_month + lag_months,True,False,True,exploratory_serial_dependence_detected
manufacturing_surveys,manufacturing_philadelphia,philadelphia_current_prices_paid_level,monthly_labor_demand,monthly_labor_demand,quits_rate_change,False,0,spearman,0.030013550135501353,81,0.790251987230345,0.9142316403167823,ok,all_cross_model_pairs_statistics_and_lags,right_reference_month = left_reference_month + lag_months,True,False,True,exploratory_serial_dependence_detected
manufacturing_surveys,manufacturing_philadelphia,philadelphia_current_prices_paid_level,monthly_labor_demand,monthly_labor_demand,quits_rate_change,False,1,pearson,0.22258560959972454,79,0.04864838277237255,0.18433311805835584,ok,all_cross_model_pairs_statistics_and_lags,right_reference_month = left_reference_month + lag_months,True,False,True,exploratory_serial_dependence_detected
manufacturing_surveys,manufacturing_philadelphia,philadelphia_current_prices_paid_level,monthly_labor_demand,monthly_labor_demand,quits_rate_change,False,1,spearman,0.16682083739045764,79,0.14171873002620322,0.3710035046214426,ok,all_cross_model_pairs_statistics_and_lags,right_reference_month = left_reference_month + lag_months,True,False,True,exploratory_serial_dependence_detected
manufacturing_surveys,manufacturing_philadelphia,philadelphia_current_prices_paid_level,weekly_labor_stress,weekly_continued_claims,continued_claims_innovation,False,-1,pearson,0.006389256741366386,80,0.9551439272658963,0.9802195880577573,ok,all_cross_model_pairs_statistics_and_lags,right_reference_month = left_reference_month + lag_months,True,True,True,exploratory_serial_dependence_detected
manufacturing_surveys,manufacturing_philadelphia,philadelphia_current_prices_paid_level,weekly_labor_stress,weekly_continued_claims,continued_claims_innovation,False,-1,spearman,-0.16111111111111112,80,0.15338186180307548,0.39057204747840607,ok,all_cross_model_pairs_statistics_and_lags,right_reference_month = left_reference_month + lag_months,True,True,True,exploratory_serial_dependence_detected
manufacturing_surveys,manufacturing_philadelphia,philadelphia_current_prices_paid_level,weekly_labor_stress,weekly_continued_claims,continued_claims_innovation,False,0,pearson,-0.02688928064797427,81,0.8116599177411824,0.9267889840874494,ok,all_cross_model_pairs_statistics_and_lags,right_reference_month = left_reference_month + lag_months,True,True,True,exploratory_serial_dependence_detected
manufacturing_surveys,manufacturing_philadelphia,philadelphia_current_prices_paid_level,weekly_labor_stress,weekly_continued_claims,continued_claims_innovation,False,0,spearman,-0.030758807588075882,81,0.7851675891095033,0.9125260858064788,ok,all_cross_model_pairs_statistics_and_lags,right_reference_month = left_reference_month + lag_months,True,True,True,exploratory_serial_dependence_detected
manufacturing_surveys,manufacturing_philadelphia,philadelphia_current_prices_paid_level,weekly_labor_stress,weekly_continued_claims,continued_claims_innovation,False,1,pearson,-0.1684805924362441,79,0.13774205864258088,0.36529965882858173,ok,all_cross_model_pairs_statistics_and_lags,right_reference_month = left_reference_month + lag_months,True,True,True,exploratory_serial_dependence_detected
manufacturing_surveys,manufacturing_philadelphia,philadelphia_current_prices_paid_level,weekly_labor_stress,weekly_continued_claims,continued_claims_innovation,False,1,spearman,-0.07448880233690361,79,0.5141268109468587,0.7734334337144347,ok,all_cross_model_pairs_statistics_and_lags,right_reference_month = left_reference_month + lag_months,True,True,True,exploratory_serial_dependence_detected
manufacturing_surveys,manufacturing_philadelphia,philadelphia_current_prices_paid_level,weekly_labor_stress,weekly_labor_stress,initial_claims_innovation,False,-1,pearson,-0.002096748495978059,80,0.9852728880726118,0.9945387773021348,ok,all_cross_model_pairs_statistics_and_lags,right_reference_month = left_reference_month + lag_months,True,True,True,exploratory_serial_dependence_detected
manufacturing_surveys,manufacturing_philadelphia,philadelphia_current_prices_paid_level,weekly_labor_stress,weekly_labor_stress,initial_claims_innovation,False,-1,spearman,-0.04627285513361463,80,0.6835808540892814,0.8688672434871656,ok,all_cross_model_pairs_statistics_and_lags,right_reference_month = left_reference_month + lag_months,True,True,True,exploratory_serial_dependence_detected
manufacturing_surveys,manufacturing_philadelphia,philadelphia_current_prices_paid_level,weekly_labor_stress,weekly_labor_stress,initial_claims_innovation,False,0,pearson,-0.052031571033621,81,0.6445702017856797,0.8455573597763589,ok,all_cross_model_pairs_statistics_and_lags,right_reference_month = left_reference_month + lag_months,True,True,True,exploratory_serial_dependence_detected
manufacturing_surveys,manufacturing_philadelphia,philadelphia_current_prices_paid_level,weekly_labor_stress,weekly_labor_stress,initial_claims_innovation,False,0,spearman,-0.020031616982836495,81,0.8591155036527289,0.9488904634305647,ok,all_cross_model_pairs_statistics_and_lags,right_reference_month = left_reference_month + lag_months,True,True,True,exploratory_serial_dependence_detected
manufacturing_surveys,manufacturing_philadelphia,philadelphia_current_prices_paid_level,weekly_labor_stress,weekly_labor_stress,initial_claims_innovation,False,1,pearson,-0.18333140253372385,79,0.10582395582981034,0.3172261198449531,ok,all_cross_model_pairs_statistics_and_lags,right_reference_month = left_reference_month + lag_months,True,True,True,exploratory_serial_dependence_detected
manufacturing_surveys,manufacturing_philadelphia,philadelphia_current_prices_paid_level,weekly_labor_stress,weekly_labor_stress,initial_claims_innovation,False,1,spearman,-0.11528724440116846,79,0.31166193914391477,0.61766538606448,ok,all_cross_model_pairs_statistics_and_lags,right_reference_month = left_reference_month + lag_months,True,True,True,exploratory_serial_dependence_detected
monthly_labor_demand,monthly_labor_demand,hires_rate_change,weekly_labor_stress,weekly_continued_claims,continued_claims_innovation,False,-1,pearson,-0.2901783119102514,93,0.004779814578633221,0.03551769909968994,ok,all_cross_model_pairs_statistics_and_lags,right_reference_month = left_reference_month + lag_months,True,True,True,exploratory_serial_dependence_detected
monthly_labor_demand,monthly_labor_demand,hires_rate_change,weekly_labor_stress,weekly_continued_claims,continued_claims_innovation,False,-1,spearman,0.14477335800185012,93,0.16618476237969154,0.4126850397397996,ok,all_cross_model_pairs_statistics_and_lags,right_reference_month = left_reference_month + lag_months,True,True,True,exploratory_serial_dependence_detected
monthly_labor_demand,monthly_labor_demand,hires_rate_change,weekly_labor_stress,weekly_continued_claims,continued_claims_innovation,False,0,pearson,-0.2869907057447434,94,0.005039450389405111,0.03687961421337376,ok,all_cross_model_pairs_statistics_and_lags,right_reference_month = left_reference_month + lag_months,True,True,True,exploratory_serial_dependence_detected
monthly_labor_demand,monthly_labor_demand,hires_rate_change,weekly_labor_stress,weekly_continued_claims,continued_claims_innovation,False,0,spearman,0.01821334392948741,94,0.861679477350138,0.9491247150743823,ok,all_cross_model_pairs_statistics_and_lags,right_reference_month = left_reference_month + lag_months,True,True,True,exploratory_serial_dependence_detected
monthly_labor_demand,monthly_labor_demand,hires_rate_change,weekly_labor_stress,weekly_continued_claims,continued_claims_innovation,False,1,pearson,0.008410009201834068,92,0.9365836705452796,0.9748819742443123,ok,all_cross_model_pairs_statistics_and_lags,right_reference_month = left_reference_month + lag_months,True,True,True,exploratory_serial_dependence_detected
monthly_labor_demand,monthly_labor_demand,hires_rate_change,weekly_labor_stress,weekly_continued_claims,continued_claims_innovation,False,1,spearman,0.0437402709492471,92,0.6788712322967982,0.8674465746014643,ok,all_cross_model_pairs_statistics_and_lags,right_reference_month = left_reference_month + lag_months,True,True,True,exploratory_serial_dependence_detected
monthly_labor_demand,monthly_labor_demand,hires_rate_change,weekly_labor_stress,weekly_labor_stress,initial_claims_innovation,False,-1,pearson,-0.4677156262237485,93,2.2784910292360586e-06,4.585463196337568e-05,ok,all_cross_model_pairs_statistics_and_lags,right_reference_month = left_reference_month + lag_months,True,True,True,exploratory_serial_dependence_detected
monthly_labor_demand,monthly_labor_demand,hires_rate_change,weekly_labor_stress,weekly_labor_stress,initial_claims_innovation,False,-1,spearman,-0.16787025155918947,93,0.10774246767670245,0.31828508799906596,ok,all_cross_model_pairs_statistics_and_lags,right_reference_month = left_reference_month + lag_months,True,True,True,exploratory_serial_dependence_detected
monthly_labor_demand,monthly_labor_demand,hires_rate_change,weekly_labor_stress,weekly_labor_stress,initial_claims_innovation,False,0,pearson,-0.17317620085662228,94,0.09508217457922816,0.2953356290788888,ok,all_cross_model_pairs_statistics_and_lags,right_reference_month = left_reference_month + lag_months,True,True,True,exploratory_serial_dependence_detected
monthly_labor_demand,monthly_labor_demand,hires_rate_change,weekly_labor_stress,weekly_labor_stress,initial_claims_innovation,False,0,spearman,0.04099989163024239,94,0.6947958559628665,0.8715802950475713,ok,all_cross_model_pairs_statistics_and_lags,right_reference_month = left_reference_month + lag_months,True,True,True,exploratory_serial_dependence_detected
monthly_labor_demand,monthly_labor_demand,hires_rate_change,weekly_labor_stress,weekly_labor_stress,initial_claims_innovation,False,1,pearson,0.03443787450802882,92,0.7445023815962096,0.8946328163320841,ok,all_cross_model_pairs_statistics_and_lags,right_reference_month = left_reference_month + lag_months,True,True,True,exploratory_serial_dependence_detected
monthly_labor_demand,monthly_labor_demand,hires_rate_change,weekly_labor_stress,weekly_labor_stress,initial_claims_innovation,False,1,spearman,-0.02771141901576684,92,0.7931558665097939,0.9150588613183075,ok,all_cross_model_pairs_statistics_and_lags,right_reference_month = left_reference_month + lag_months,True,True,True,exploratory_serial_dependence_detected
monthly_labor_demand,monthly_labor_demand,job_openings_rate_change,weekly_labor_stress,weekly_continued_claims,continued_claims_innovation,False,-1,pearson,-0.1377050975685883,93,0.18807341521664886,0.44349501391016666,ok,all_cross_model_pairs_statistics_and_lags,right_reference_month = left_reference_month + lag_months,False,True,True,exploratory_serial_dependence_detected
monthly_labor_demand,monthly_labor_demand,job_openings_rate_change,weekly_labor_stress,weekly_continued_claims,continued_claims_innovation,False,-1,spearman,0.040359881829846914,93,0.7008975647213194,0.871813616196644,ok,all_cross_model_pairs_statistics_and_lags,right_reference_month = left_reference_month + lag_months,False,True,True,exploratory_serial_dependence_detected
monthly_labor_demand,monthly_labor_demand,job_openings_rate_change,weekly_labor_stress,weekly_continued_claims,continued_claims_innovation,False,0,pearson,-0.3252888275384128,94,0.001378717614081053,0.012107647410929973,ok,all_cross_model_pairs_statistics_and_lags,right_reference_month = left_reference_month + lag_months,False,True,True,exploratory_serial_dependence_detected
monthly_labor_demand,monthly_labor_demand,job_openings_rate_change,weekly_labor_stress,weekly_continued_claims,continued_claims_innovation,False,0,spearman,-0.27567098941588697,94,0.007160435185174532,0.04989458498110883,ok,all_cross_model_pairs_statistics_and_lags,right_reference_month = left_reference_month + lag_months,False,True,True,exploratory_serial_dependence_detected
monthly_labor_demand,monthly_labor_demand,job_openings_rate_change,weekly_labor_stress,weekly_continued_claims,continued_claims_innovation,False,1,pearson,-0.046992803541897124,92,0.656448236667855,0.8511798612364402,ok,all_cross_model_pairs_statistics_and_lags,right_reference_month = left_reference_month + lag_months,False,True,True,exploratory_serial_dependence_detected
monthly_labor_demand,monthly_labor_demand,job_openings_rate_change,weekly_labor_stress,weekly_continued_claims,continued_claims_innovation,False,1,spearman,-0.05782716582155572,92,0.5840122349200195,0.8077773899183804,ok,all_cross_model_pairs_statistics_and_lags,right_reference_month = left_reference_month + lag_months,False,True,True,exploratory_serial_dependence_detected
monthly_labor_demand,monthly_labor_demand,job_openings_rate_change,weekly_labor_stress,weekly_labor_stress,initial_claims_innovation,False,-1,pearson,-0.165301339573823,93,0.11331606404705571,0.3287186722806481,ok,all_cross_model_pairs_statistics_and_lags,right_reference_month = left_reference_month + lag_months,False,True,True,exploratory_serial_dependence_detected
monthly_labor_demand,monthly_labor_demand,job_openings_rate_change,weekly_labor_stress,weekly_labor_stress,initial_claims_innovation,False,-1,spearman,-0.05380322879054637,93,0.6085016876059862,0.8209673606527691,ok,all_cross_model_pairs_statistics_and_lags,right_reference_month = left_reference_month + lag_months,False,True,True,exploratory_serial_dependence_detected
monthly_labor_demand,monthly_labor_demand,job_openings_rate_change,weekly_labor_stress,weekly_labor_stress,initial_claims_innovation,False,0,pearson,-0.23524143284159313,94,0.0224678736260458,0.11731873471762294,ok,all_cross_model_pairs_statistics_and_lags,right_reference_month = left_reference_month + lag_months,False,True,True,exploratory_serial_dependence_detected
monthly_labor_demand,monthly_labor_demand,job_openings_rate_change,weekly_labor_stress,weekly_labor_stress,initial_claims_innovation,False,0,spearman,0.053773073727558435,94,0.6067302918129884,0.8209673606527691,ok,all_cross_model_pairs_statistics_and_lags,right_reference_month = left_reference_month + lag_months,False,True,True,exploratory_serial_dependence_detected
monthly_labor_demand,monthly_labor_demand,job_openings_rate_change,weekly_labor_stress,weekly_labor_stress,initial_claims_innovation,False,1,pearson,-0.009155864025742836,92,0.9309727480598483,0.9723935510395314,ok,all_cross_model_pairs_statistics_and_lags,right_reference_month = left_reference_month + lag_months,False,True,True,exploratory_serial_dependence_detected
monthly_labor_demand,monthly_labor_demand,job_openings_rate_change,weekly_labor_stress,weekly_labor_stress,initial_claims_innovation,False,1,spearman,-0.06448530431700136,92,0.5413978031310415,0.7864323204784563,ok,all_cross_model_pairs_statistics_and_lags,right_reference_month = left_reference_month + lag_months,False,True,True,exploratory_serial_dependence_detected
monthly_labor_demand,monthly_labor_demand,layoffs_discharges_rate_change,weekly_labor_stress,weekly_continued_claims,continued_claims_innovation,False,-1,pearson,-0.0504679724795856,93,0.6309291927939272,0.8349008222451147,ok,all_cross_model_pairs_statistics_and_lags,right_reference_month = left_reference_month + lag_months,False,True,True,exploratory_serial_dependence_detected
monthly_labor_demand,monthly_labor_demand,layoffs_discharges_rate_change,weekly_labor_stress,weekly_continued_claims,continued_claims_innovation,False,-1,spearman,-0.14856315836590966,93,0.15525441837327655,0.3926067229020554,ok,all_cross_model_pairs_statistics_and_lags,right_reference_month = left_reference_month + lag_months,False,True,True,exploratory_serial_dependence_detected
monthly_labor_demand,monthly_labor_demand,layoffs_discharges_rate_change,weekly_labor_stress,weekly_continued_claims,continued_claims_innovation,False,0,pearson,0.9717881647798566,94,1.6384606353912615e-59,5.275843245959862e-57,ok,all_cross_model_pairs_statistics_and_lags,right_reference_month = left_reference_month + lag_months,False,True,True,exploratory_serial_dependence_detected
monthly_labor_demand,monthly_labor_demand,layoffs_discharges_rate_change,weekly_labor_stress,weekly_continued_claims,continued_claims_innovation,False,0,spearman,0.15234620525232093,94,0.14268652625586434,0.37252752530585126,ok,all_cross_model_pairs_statistics_and_lags,right_reference_month = left_reference_month + lag_months,False,True,True,exploratory_serial_dependence_detected
monthly_labor_demand,monthly_labor_demand,layoffs_discharges_rate_change,weekly_labor_stress,weekly_continued_claims,continued_claims_innovation,False,1,pearson,0.02048948907875865,92,0.8462842960427478,0.9440076558629265,ok,all_cross_model_pairs_statistics_and_lags,right_reference_month = left_reference_month + lag_months,False,True,True,exploratory_serial_dependence_detected
monthly_labor_demand,monthly_labor_demand,layoffs_discharges_rate_change,weekly_labor_stress,weekly_continued_claims,continued_claims_innovation,False,1,spearman,0.0598153599556124,92,0.5711274012026499,0.8056684201437074,ok,all_cross_model_pairs_statistics_and_lags,right_reference_month = left_reference_month + lag_months,False,True,True,exploratory_serial_dependence_detected
monthly_labor_demand,monthly_labor_demand,layoffs_discharges_rate_change,weekly_labor_stress,weekly_labor_stress,initial_claims_innovation,False,-1,pearson,-0.014638933066197476,93,0.8892361001358556,0.9593783856080961,ok,all_cross_model_pairs_statistics_and_lags,right_reference_month = left_reference_month + lag_months,False,True,True,exploratory_serial_dependence_detected
monthly_labor_demand,monthly_labor_demand,layoffs_discharges_rate_change,weekly_labor_stress,weekly_labor_stress,initial_claims_innovation,False,-1,spearman,0.10560711408194325,93,0.313701893501776,0.61766538606448,ok,all_cross_model_pairs_statistics_and_lags,right_reference_month = left_reference_month + lag_months,False,True,True,exploratory_serial_dependence_detected
monthly_labor_demand,monthly_labor_demand,layoffs_discharges_rate_change,weekly_labor_stress,weekly_labor_stress,initial_claims_innovation,False,0,pearson,0.9751834317235281,94,4.848453372488331e-62,4.6836059578237275e-59,ok,all_cross_model_pairs_statistics_and_lags,right_reference_month = left_reference_month + lag_months,False,True,True,exploratory_serial_dependence_detected
monthly_labor_demand,monthly_labor_demand,layoffs_discharges_rate_change,weekly_labor_stress,weekly_labor_stress,initial_claims_innovation,False,0,spearman,0.08791677202615325,94,0.3994448587643633,0.6976118918823652,ok,all_cross_model_pairs_statistics_and_lags,right_reference_month = left_reference_month + lag_months,False,True,True,exploratory_serial_dependence_detected
monthly_labor_demand,monthly_labor_demand,layoffs_discharges_rate_change,weekly_labor_stress,weekly_labor_stress,initial_claims_innovation,False,1,pearson,-0.13773050608996001,92,0.1904491926098766,0.44604470681900643,ok,all_cross_model_pairs_statistics_and_lags,right_reference_month = left_reference_month + lag_months,False,True,True,exploratory_serial_dependence_detected
monthly_labor_demand,monthly_labor_demand,layoffs_discharges_rate_change,weekly_labor_stress,weekly_labor_stress,initial_claims_innovation,False,1,spearman,-0.12454726199466733,92,0.236851131647348,0.5199197851777557,ok,all_cross_model_pairs_statistics_and_lags,right_reference_month = left_reference_month + lag_months,False,True,True,exploratory_serial_dependence_detected
monthly_labor_demand,monthly_labor_demand,quits_rate_change,weekly_labor_stress,weekly_continued_claims,continued_claims_innovation,False,-1,pearson,-0.3401088720983179,93,0.0008512944999183925,0.008142084028922447,ok,all_cross_model_pairs_statistics_and_lags,right_reference_month = left_reference_month + lag_months,False,True,True,exploratory_serial_dependence_detected
monthly_labor_demand,monthly_labor_demand,quits_rate_change,weekly_labor_stress,weekly_continued_claims,continued_claims_innovation,False,-1,spearman,-0.0031183790397183012,93,0.9763335059256857,0.9896518013895198,ok,all_cross_model_pairs_statistics_and_lags,right_reference_month = left_reference_month + lag_months,False,True,True,exploratory_serial_dependence_detected
monthly_labor_demand,monthly_labor_demand,quits_rate_change,weekly_labor_stress,weekly_continued_claims,continued_claims_innovation,False,0,pearson,-0.544152869647678,94,1.4394862996924948e-08,4.966227733939107e-07,ok,all_cross_model_pairs_statistics_and_lags,right_reference_month = left_reference_month + lag_months,False,True,True,exploratory_serial_dependence_detected
monthly_labor_demand,monthly_labor_demand,quits_rate_change,weekly_labor_stress,weekly_continued_claims,continued_claims_innovation,False,0,spearman,-0.03478669219376513,94,0.7392417658150428,0.8945016541246001,ok,all_cross_model_pairs_statistics_and_lags,right_reference_month = left_reference_month + lag_months,False,True,True,exploratory_serial_dependence_detected
monthly_labor_demand,monthly_labor_demand,quits_rate_change,weekly_labor_stress,weekly_continued_claims,continued_claims_innovation,False,1,pearson,0.016286980033287074,92,0.8775360185822294,0.956771776467758,ok,all_cross_model_pairs_statistics_and_lags,right_reference_month = left_reference_month + lag_months,False,True,True,exploratory_serial_dependence_detected
monthly_labor_demand,monthly_labor_demand,quits_rate_change,weekly_labor_stress,weekly_continued_claims,continued_claims_innovation,False,1,spearman,-0.08646332629502335,92,0.4124873499719703,0.7111096038084469,ok,all_cross_model_pairs_statistics_and_lags,right_reference_month = left_reference_month + lag_months,False,True,True,exploratory_serial_dependence_detected
monthly_labor_demand,monthly_labor_demand,quits_rate_change,weekly_labor_stress,weekly_labor_stress,initial_claims_innovation,False,-1,pearson,-0.2958033367278886,93,0.0039923997919565374,0.03060839840500012,ok,all_cross_model_pairs_statistics_and_lags,right_reference_month = left_reference_month + lag_months,False,True,True,exploratory_serial_dependence_detected
monthly_labor_demand,monthly_labor_demand,quits_rate_change,weekly_labor_stress,weekly_labor_stress,initial_claims_innovation,False,-1,spearman,0.052475306615738106,93,0.6173893642254119,0.8248936733634133,ok,all_cross_model_pairs_statistics_and_lags,right_reference_month = left_reference_month + lag_months,False,True,True,exploratory_serial_dependence_detected
monthly_labor_demand,monthly_labor_demand,quits_rate_change,weekly_labor_stress,weekly_labor_stress,initial_claims_innovation,False,0,pearson,-0.49617552628086165,94,3.6652861468611404e-07,8.851666044669654e-06,ok,all_cross_model_pairs_statistics_and_lags,right_reference_month = left_reference_month + lag_months,False,True,True,exploratory_serial_dependence_detected
monthly_labor_demand,monthly_labor_demand,quits_rate_change,weekly_labor_stress,weekly_labor_stress,initial_claims_innovation,False,0,spearman,-0.09846476176714952,94,0.3450802040191163,0.649800150258219,ok,all_cross_model_pairs_statistics_and_lags,right_reference_month = left_reference_month + lag_months,False,True,True,exploratory_serial_dependence_detected
monthly_labor_demand,monthly_labor_demand,quits_rate_change,weekly_labor_stress,weekly_labor_stress,initial_claims_innovation,False,1,pearson,0.0909165465565765,92,0.3887399810070428,0.6915705739462309,ok,all_cross_model_pairs_statistics_and_lags,right_reference_month = left_reference_month + lag_months,False,True,True,exploratory_serial_dependence_detected
monthly_labor_demand,monthly_labor_demand,quits_rate_change,weekly_labor_stress,weekly_labor_stress,initial_claims_innovation,False,1,spearman,0.054960467302683294,92,0.6028209497774603,0.8187074156080055,ok,all_cross_model_pairs_statistics_and_lags,right_reference_month = left_reference_month + lag_months,False,True,True,exploratory_serial_dependence_detected
weekly_labor_stress,weekly_continued_claims,continued_claims_innovation,weekly_labor_stress,weekly_labor_stress,initial_claims_innovation,True,-1,pearson,0.023524619682058417,108,0.8090407566651595,0.9248915632408805,ok,all_cross_model_pairs_statistics_and_lags,right_reference_month = left_reference_month + lag_months,True,True,True,exploratory_serial_dependence_detected
weekly_labor_stress,weekly_continued_claims,continued_claims_innovation,weekly_labor_stress,weekly_labor_stress,initial_claims_innovation,True,-1,spearman,0.15211447407280385,108,0.11604668563472419,0.3325015528146061,ok,all_cross_model_pairs_statistics_and_lags,right_reference_month = left_reference_month + lag_months,True,True,True,exploratory_serial_dependence_detected
weekly_labor_stress,weekly_continued_claims,continued_claims_innovation,weekly_labor_stress,weekly_labor_stress,initial_claims_innovation,True,0,pearson,0.9349657588698842,110,2.0085846426190268e-50,3.88058552953996e-48,ok,all_cross_model_pairs_statistics_and_lags,right_reference_month = left_reference_month + lag_months,True,True,True,exploratory_serial_dependence_detected
weekly_labor_stress,weekly_continued_claims,continued_claims_innovation,weekly_labor_stress,weekly_labor_stress,initial_claims_innovation,True,0,spearman,0.20069427225390526,110,0.03552755752380188,0.15888713225922507,ok,all_cross_model_pairs_statistics_and_lags,right_reference_month = left_reference_month + lag_months,True,True,True,exploratory_serial_dependence_detected
weekly_labor_stress,weekly_continued_claims,continued_claims_innovation,weekly_labor_stress,weekly_labor_stress,initial_claims_innovation,True,1,pearson,-0.16016874248154925,108,0.0977496809981165,0.29881706279803966,ok,all_cross_model_pairs_statistics_and_lags,right_reference_month = left_reference_month + lag_months,True,True,True,exploratory_serial_dependence_detected
weekly_labor_stress,weekly_continued_claims,continued_claims_innovation,weekly_labor_stress,weekly_labor_stress,initial_claims_innovation,True,1,spearman,-0.13422313679537376,108,0.16607321087076848,0.4126850397397996,ok,all_cross_model_pairs_statistics_and_lags,right_reference_month = left_reference_month + lag_months,True,True,True,exploratory_serial_dependence_detected
