method,specification_type,reference_week,signal_date,execution_date,regime_reference_month,ticker,target_weight,pooled_benchmark_weight,active_weight,is_live_only,oracle_regime_id,future_regime_information_used,optimization_outcome
pooled_relative_posterior_active_te100bp,benchmark_relative_active,2018-01-01,2018-01-01,2018-01-02,2018-01-01,SPY,0.3000000000000002,0.3500000000000002,-0.04999999999999999,False,,False,optimal
pooled_relative_posterior_active_te100bp,benchmark_relative_active,2018-01-01,2018-01-01,2018-01-02,2018-01-01,IEF,0.015312549454426368,0.0,0.015312549454426368,False,,False,optimal
pooled_relative_posterior_active_te100bp,benchmark_relative_active,2018-01-01,2018-01-01,2018-01-02,2018-01-01,TIP,0.04999999999999993,0.0,0.04999999999999993,False,,False,optimal
pooled_relative_posterior_active_te100bp,benchmark_relative_active,2018-01-01,2018-01-01,2018-01-02,2018-01-01,HYG,0.16379995030205338,0.1500000000000002,0.013799950302053193,False,,False,optimal
pooled_relative_posterior_active_te100bp,benchmark_relative_active,2018-01-01,2018-01-01,2018-01-02,2018-01-01,BIL,0.008515140313763842,0.0,0.008515140313763842,False,,False,optimal
pooled_relative_posterior_active_te100bp,benchmark_relative_active,2018-01-01,2018-01-01,2018-01-02,2018-01-01,GLD,0.1623723599297557,0.1499999999999991,0.012372359929756604,False,,False,optimal
pooled_relative_posterior_active_te100bp,benchmark_relative_active,2018-01-01,2018-01-01,2018-01-02,2018-01-01,LQD,0.3000000000000006,0.3500000000000005,-0.04999999999999988,False,,False,optimal
pooled_relative_posterior_active_te100bp,benchmark_relative_active,2018-01-01,2018-01-01,2018-01-02,2018-01-01,AGG,0.0,0.0,0.0,False,,False,optimal
pooled_relative_posterior_active_te100bp,benchmark_relative_active,2018-01-08,2018-01-08,2018-01-08,2018-01-01,SPY,0.30083023653096286,0.3499999999999998,-0.04916976346903695,False,,False,optimal
pooled_relative_posterior_active_te100bp,benchmark_relative_active,2018-01-08,2018-01-08,2018-01-08,2018-01-01,IEF,0.015160506495822571,0.0,0.015160506495822571,False,,False,optimal
pooled_relative_posterior_active_te100bp,benchmark_relative_active,2018-01-08,2018-01-08,2018-01-08,2018-01-01,TIP,0.04961395232620272,0.0,0.04961395232620272,False,,False,optimal
pooled_relative_posterior_active_te100bp,benchmark_relative_active,2018-01-08,2018-01-08,2018-01-08,2018-01-01,HYG,0.16386881637481274,0.1500000000000001,0.013868816374812631,False,,False,optimal
pooled_relative_posterior_active_te100bp,benchmark_relative_active,2018-01-08,2018-01-08,2018-01-08,2018-01-01,BIL,0.008456610758119027,0.0,0.008456610758119027,False,,False,optimal
pooled_relative_posterior_active_te100bp,benchmark_relative_active,2018-01-08,2018-01-08,2018-01-08,2018-01-01,GLD,0.16206987751407959,0.1499999999999995,0.01206987751408009,False,,False,optimal
pooled_relative_posterior_active_te100bp,benchmark_relative_active,2018-01-08,2018-01-08,2018-01-08,2018-01-01,LQD,0.3000000000000006,0.3500000000000006,-0.04999999999999999,False,,False,optimal
pooled_relative_posterior_active_te100bp,benchmark_relative_active,2018-01-08,2018-01-08,2018-01-08,2018-01-01,AGG,0.0,0.0,0.0,False,,False,optimal
pooled_relative_posterior_active_te100bp,benchmark_relative_active,2018-01-15,2018-01-15,2018-01-16,2018-01-01,SPY,0.3030112922949619,0.35,-0.0469887077050381,False,,False,optimal
pooled_relative_posterior_active_te100bp,benchmark_relative_active,2018-01-15,2018-01-15,2018-01-16,2018-01-01,IEF,0.014982565612160203,0.0,0.014982565612160203,False,,False,optimal
pooled_relative_posterior_active_te100bp,benchmark_relative_active,2018-01-15,2018-01-15,2018-01-16,2018-01-01,TIP,0.049058770030773906,0.0,0.049058770030773906,False,,False,optimal
pooled_relative_posterior_active_te100bp,benchmark_relative_active,2018-01-15,2018-01-15,2018-01-16,2018-01-01,HYG,0.1622173101450714,0.1499999999999999,0.012217310145071492,False,,False,optimal
pooled_relative_posterior_active_te100bp,benchmark_relative_active,2018-01-15,2018-01-15,2018-01-16,2018-01-01,BIL,0.008411386041910284,0.0,0.008411386041910284,False,,False,optimal
pooled_relative_posterior_active_te100bp,benchmark_relative_active,2018-01-15,2018-01-15,2018-01-16,2018-01-01,GLD,0.1633977216819463,0.1510790458068243,0.012318675875122004,False,,False,optimal
pooled_relative_posterior_active_te100bp,benchmark_relative_active,2018-01-15,2018-01-15,2018-01-16,2018-01-01,LQD,0.29892095419317594,0.3489209541931759,-0.04999999999999999,False,,False,optimal
pooled_relative_posterior_active_te100bp,benchmark_relative_active,2018-01-15,2018-01-15,2018-01-16,2018-01-01,AGG,0.0,0.0,0.0,False,,False,optimal
pooled_relative_posterior_active_te100bp,benchmark_relative_active,2018-01-22,2018-01-22,2018-01-22,2018-01-01,SPY,0.30279617862925995,0.3500000000000002,-0.04720382137074025,False,,False,optimal
pooled_relative_posterior_active_te100bp,benchmark_relative_active,2018-01-22,2018-01-22,2018-01-22,2018-01-01,IEF,0.014892627700722867,0.0,0.014892627700722867,False,,False,optimal
pooled_relative_posterior_active_te100bp,benchmark_relative_active,2018-01-22,2018-01-22,2018-01-22,2018-01-01,TIP,0.049002855035124825,0.0,0.049002855035124825,False,,False,optimal
pooled_relative_posterior_active_te100bp,benchmark_relative_active,2018-01-22,2018-01-22,2018-01-22,2018-01-01,HYG,0.16253372274549543,0.1499999999999998,0.012533722745495635,False,,False,optimal
pooled_relative_posterior_active_te100bp,benchmark_relative_active,2018-01-22,2018-01-22,2018-01-22,2018-01-01,BIL,0.008440192980528838,0.0,0.008440192980528838,False,,False,optimal
pooled_relative_posterior_active_te100bp,benchmark_relative_active,2018-01-22,2018-01-22,2018-01-22,2018-01-01,GLD,0.16367047745490257,0.1513360545460344,0.012334422908868159,False,,False,optimal
pooled_relative_posterior_active_te100bp,benchmark_relative_active,2018-01-22,2018-01-22,2018-01-22,2018-01-01,LQD,0.2986639454539655,0.3486639454539654,-0.04999999999999988,False,,False,optimal
pooled_relative_posterior_active_te100bp,benchmark_relative_active,2018-01-22,2018-01-22,2018-01-22,2018-01-01,AGG,0.0,0.0,0.0,False,,False,optimal
pooled_relative_posterior_active_te100bp,benchmark_relative_active,2018-01-29,2018-01-29,2018-01-29,2018-01-01,SPY,0.3047467039247811,0.3499999999999995,-0.045253296075218385,False,,False,optimal
pooled_relative_posterior_active_te100bp,benchmark_relative_active,2018-01-29,2018-01-29,2018-01-29,2018-01-01,IEF,0.014710544393323612,0.0,0.014710544393323612,False,,False,optimal
pooled_relative_posterior_active_te100bp,benchmark_relative_active,2018-01-29,2018-01-29,2018-01-29,2018-01-01,TIP,0.048471771411810825,0.0,0.048471771411810825,False,,False,optimal
pooled_relative_posterior_active_te100bp,benchmark_relative_active,2018-01-29,2018-01-29,2018-01-29,2018-01-01,HYG,0.16119723577118955,0.1500000000000017,0.011197235771187863,False,,False,optimal
pooled_relative_posterior_active_te100bp,benchmark_relative_active,2018-01-29,2018-01-29,2018-01-29,2018-01-01,BIL,0.008347776330913182,0.0,0.008347776330913182,False,,False,optimal
pooled_relative_posterior_active_te100bp,benchmark_relative_active,2018-01-29,2018-01-29,2018-01-29,2018-01-01,GLD,0.16382071903761736,0.1512947508696344,0.01252596816798296,False,,False,optimal
pooled_relative_posterior_active_te100bp,benchmark_relative_active,2018-01-29,2018-01-29,2018-01-29,2018-01-01,LQD,0.2987052491303644,0.3487052491303644,-0.04999999999999999,False,,False,optimal
pooled_relative_posterior_active_te100bp,benchmark_relative_active,2018-01-29,2018-01-29,2018-01-29,2018-01-01,AGG,0.0,0.0,0.0,False,,False,optimal
pooled_relative_posterior_active_te100bp,benchmark_relative_active,2018-02-05,2018-02-05,2018-02-05,2018-02-01,SPY,0.29905409663542853,0.3471009618650933,-0.04804686522966478,False,,False,optimal
pooled_relative_posterior_active_te100bp,benchmark_relative_active,2018-02-05,2018-02-05,2018-02-05,2018-02-01,IEF,0.014823777739849026,0.0,0.014823777739849026,False,,False,optimal
pooled_relative_posterior_active_te100bp,benchmark_relative_active,2018-02-05,2018-02-05,2018-02-05,2018-02-01,TIP,0.04899716037578419,0.0,0.04899716037578419,False,,False,optimal
pooled_relative_posterior_active_te100bp,benchmark_relative_active,2018-02-05,2018-02-05,2018-02-05,2018-02-01,HYG,0.1622427318871981,0.1511896426445231,0.011053089242675007,False,,False,optimal
pooled_relative_posterior_active_te100bp,benchmark_relative_active,2018-02-05,2018-02-05,2018-02-05,2018-02-01,BIL,0.008504072029987566,0.0,0.008504072029987566,False,,False,optimal
pooled_relative_posterior_active_te100bp,benchmark_relative_active,2018-02-05,2018-02-05,2018-02-05,2018-02-01,GLD,0.16532045785460264,0.1528990381349067,0.01242141971969593,False,,False,optimal
pooled_relative_posterior_active_te100bp,benchmark_relative_active,2018-02-05,2018-02-05,2018-02-05,2018-02-01,LQD,0.30105770347715005,0.3488103573554768,-0.04775265387832672,False,,False,optimal
pooled_relative_posterior_active_te100bp,benchmark_relative_active,2018-02-05,2018-02-05,2018-02-05,2018-02-01,AGG,0.0,0.0,0.0,False,,False,optimal
pooled_relative_posterior_active_te100bp,benchmark_relative_active,2018-02-12,2018-02-12,2018-02-12,2018-02-01,SPY,0.2960752930326516,0.3460752930326515,-0.04999999999999988,False,,False,optimal
pooled_relative_posterior_active_te100bp,benchmark_relative_active,2018-02-12,2018-02-12,2018-02-12,2018-02-01,IEF,0.01316761749163388,0.0,0.01316761749163388,False,,False,optimal
pooled_relative_posterior_active_te100bp,benchmark_relative_active,2018-02-12,2018-02-12,2018-02-12,2018-02-01,TIP,0.04972090407073149,0.0,0.04972090407073149,False,,False,optimal
pooled_relative_posterior_active_te100bp,benchmark_relative_active,2018-02-12,2018-02-12,2018-02-12,2018-02-01,HYG,0.16343231336395375,0.1525851778202535,0.01084713554370026,False,,False,optimal
pooled_relative_posterior_active_te100bp,benchmark_relative_active,2018-02-12,2018-02-12,2018-02-12,2018-02-01,BIL,0.008686361170245438,0.0,0.008686361170245438,False,,False,optimal
pooled_relative_posterior_active_te100bp,benchmark_relative_active,2018-02-12,2018-02-12,2018-02-12,2018-02-01,GLD,0.1661164156289409,0.1539247069673486,0.012191708661592277,False,,False,optimal
pooled_relative_posterior_active_te100bp,benchmark_relative_active,2018-02-12,2018-02-12,2018-02-12,2018-02-01,LQD,0.3028010952418429,0.3474148221797464,-0.0446137269379035,False,,False,optimal
pooled_relative_posterior_active_te100bp,benchmark_relative_active,2018-02-12,2018-02-12,2018-02-12,2018-02-01,AGG,0.0,0.0,0.0,False,,False,optimal
pooled_relative_posterior_active_te100bp,benchmark_relative_active,2018-02-19,2018-02-19,2018-02-20,2018-02-01,SPY,0.30124632965830433,0.3499999999999992,-0.048753670341694866,False,,False,optimal
pooled_relative_posterior_active_te100bp,benchmark_relative_active,2018-02-19,2018-02-19,2018-02-20,2018-02-01,IEF,0.012915766288584771,0.0,0.012915766288584771,False,,False,optimal
pooled_relative_posterior_active_te100bp,benchmark_relative_active,2018-02-19,2018-02-19,2018-02-20,2018-02-01,TIP,0.04888345019291129,0.0,0.04888345019291129,False,,False,optimal
pooled_relative_posterior_active_te100bp,benchmark_relative_active,2018-02-19,2018-02-19,2018-02-20,2018-02-01,HYG,0.16299309411894916,0.1500000000000002,0.012993094118948972,False,,False,optimal
pooled_relative_posterior_active_te100bp,benchmark_relative_active,2018-02-19,2018-02-19,2018-02-20,2018-02-01,BIL,0.008539628424712254,0.0,0.008539628424712254,False,,False,optimal
pooled_relative_posterior_active_te100bp,benchmark_relative_active,2018-02-19,2018-02-19,2018-02-20,2018-02-01,GLD,0.16688730732189253,0.1544146197854101,0.012472687536482424,False,,False,optimal
pooled_relative_posterior_active_te100bp,benchmark_relative_active,2018-02-19,2018-02-19,2018-02-20,2018-02-01,LQD,0.29853442399464575,0.3455853802145902,-0.04705095621994443,False,,False,optimal
pooled_relative_posterior_active_te100bp,benchmark_relative_active,2018-02-19,2018-02-19,2018-02-20,2018-02-01,AGG,0.0,0.0,0.0,False,,False,optimal
pooled_relative_posterior_active_te100bp,benchmark_relative_active,2018-02-26,2018-02-26,2018-02-26,2018-02-01,SPY,0.30371677736243846,0.3499999999999991,-0.04628322263756063,False,,False,optimal
pooled_relative_posterior_active_te100bp,benchmark_relative_active,2018-02-26,2018-02-26,2018-02-26,2018-02-01,IEF,0.01293518363936771,0.0,0.01293518363936771,False,,False,optimal
pooled_relative_posterior_active_te100bp,benchmark_relative_active,2018-02-26,2018-02-26,2018-02-26,2018-02-01,TIP,0.0489215788818102,0.0,0.0489215788818102,False,,False,optimal
pooled_relative_posterior_active_te100bp,benchmark_relative_active,2018-02-26,2018-02-26,2018-02-26,2018-02-01,HYG,0.16308520049045133,0.1499999999999997,0.013085200490451643,False,,False,optimal
pooled_relative_posterior_active_te100bp,benchmark_relative_active,2018-02-26,2018-02-26,2018-02-26,2018-02-01,BIL,0.008528466782410727,0.0,0.008528466782410727,False,,False,optimal
pooled_relative_posterior_active_te100bp,benchmark_relative_active,2018-02-26,2018-02-26,2018-02-26,2018-02-01,GLD,0.16512212260141143,0.1527286633988434,0.012393459202568041,False,,False,optimal
pooled_relative_posterior_active_te100bp,benchmark_relative_active,2018-02-26,2018-02-26,2018-02-26,2018-02-01,LQD,0.29769067024211016,0.3472713366011576,-0.049580666359047454,False,,False,optimal
pooled_relative_posterior_active_te100bp,benchmark_relative_active,2018-02-26,2018-02-26,2018-02-26,2018-02-01,AGG,0.0,0.0,0.0,False,,False,optimal
pooled_relative_posterior_active_te100bp,benchmark_relative_active,2018-03-05,2018-03-05,2018-03-05,2018-03-01,SPY,0.29981418781965474,0.3464667211888468,-0.04665253336919206,False,,False,optimal
pooled_relative_posterior_active_te100bp,benchmark_relative_active,2018-03-05,2018-03-05,2018-03-05,2018-03-01,IEF,0.013077280837190394,0.0,0.013077280837190394,False,,False,optimal
pooled_relative_posterior_active_te100bp,benchmark_relative_active,2018-03-05,2018-03-05,2018-03-05,2018-03-01,TIP,0.049566572597595254,0.0,0.049566572597595254,False,,False,optimal
pooled_relative_posterior_active_te100bp,benchmark_relative_active,2018-03-05,2018-03-05,2018-03-05,2018-03-01,HYG,0.164401602908529,0.1514327281194457,0.012968874789083318,False,,False,optimal
pooled_relative_posterior_active_te100bp,benchmark_relative_active,2018-03-05,2018-03-05,2018-03-05,2018-03-01,BIL,0.008636881306804843,0.0,0.008636881306804843,False,,False,optimal
pooled_relative_posterior_active_te100bp,benchmark_relative_active,2018-03-05,2018-03-05,2018-03-05,2018-03-01,GLD,0.16574874346494517,0.1535332788111532,0.012215464653791974,False,,False,optimal
pooled_relative_posterior_active_te100bp,benchmark_relative_active,2018-03-05,2018-03-05,2018-03-05,2018-03-01,LQD,0.2987547310652806,0.3485672718805541,-0.049812540815273476,False,,False,optimal
pooled_relative_posterior_active_te100bp,benchmark_relative_active,2018-03-05,2018-03-05,2018-03-05,2018-03-01,AGG,0.0,0.0,0.0,False,,False,optimal
pooled_relative_posterior_active_te100bp,benchmark_relative_active,2018-03-12,2018-03-12,2018-03-12,2018-03-01,SPY,0.3084663931576352,0.3499999999999992,-0.04153360684236401,False,,False,optimal
pooled_relative_posterior_active_te100bp,benchmark_relative_active,2018-03-12,2018-03-12,2018-03-12,2018-03-01,IEF,0.012862931682764242,0.0,0.012862931682764242,False,,False,optimal
pooled_relative_posterior_active_te100bp,benchmark_relative_active,2018-03-12,2018-03-12,2018-03-12,2018-03-01,TIP,0.048798634296918254,0.0,0.048798634296918254,False,,False,optimal
pooled_relative_posterior_active_te100bp,benchmark_relative_active,2018-03-12,2018-03-12,2018-03-12,2018-03-01,HYG,0.16333801119220348,0.1500000000000024,0.013338011192201071,False,,False,optimal
pooled_relative_posterior_active_te100bp,benchmark_relative_active,2018-03-12,2018-03-12,2018-03-12,2018-03-01,BIL,0.008532090632333397,0.0,0.008532090632333397,False,,False,optimal
pooled_relative_posterior_active_te100bp,benchmark_relative_active,2018-03-12,2018-03-12,2018-03-12,2018-03-01,GLD,0.16396793306432336,0.1575779573158237,0.006389975748499671,False,,False,optimal
pooled_relative_posterior_active_te100bp,benchmark_relative_active,2018-03-12,2018-03-12,2018-03-12,2018-03-01,LQD,0.294034005973822,0.3424220426841746,-0.04838803671035258,False,,False,optimal
pooled_relative_posterior_active_te100bp,benchmark_relative_active,2018-03-12,2018-03-12,2018-03-12,2018-03-01,AGG,0.0,0.0,0.0,False,,False,optimal
pooled_relative_posterior_active_te100bp,benchmark_relative_active,2018-03-19,2018-03-19,2018-03-19,2018-03-01,SPY,0.3052996184923031,0.346534693170861,-0.041235074678557915,False,,False,optimal
pooled_relative_posterior_active_te100bp,benchmark_relative_active,2018-03-19,2018-03-19,2018-03-19,2018-03-01,IEF,0.012958148236031614,0.0,0.012958148236031614,False,,False,optimal
pooled_relative_posterior_active_te100bp,benchmark_relative_active,2018-03-19,2018-03-19,2018-03-19,2018-03-01,TIP,0.04901273019177143,0.0,0.04901273019177143,False,,False,optimal
pooled_relative_posterior_active_te100bp,benchmark_relative_active,2018-03-19,2018-03-19,2018-03-19,2018-03-01,HYG,0.16357110745449274,0.1502695063012804,0.013301601153212356,False,,False,optimal
pooled_relative_posterior_active_te100bp,benchmark_relative_active,2018-03-19,2018-03-19,2018-03-19,2018-03-01,BIL,0.008565118348653762,0.0,0.008565118348653762,False,,False,optimal
pooled_relative_posterior_active_te100bp,benchmark_relative_active,2018-03-19,2018-03-19,2018-03-19,2018-03-01,GLD,0.16400550199866795,0.1576722379525852,0.006333264046082754,False,,False,optimal
pooled_relative_posterior_active_te100bp,benchmark_relative_active,2018-03-19,2018-03-19,2018-03-19,2018-03-01,LQD,0.29658777527807934,0.3455235625752734,-0.048935787297194056,False,,False,optimal
pooled_relative_posterior_active_te100bp,benchmark_relative_active,2018-03-19,2018-03-19,2018-03-19,2018-03-01,AGG,0.0,0.0,0.0,False,,False,optimal
pooled_relative_posterior_active_te100bp,benchmark_relative_active,2018-03-26,2018-03-26,2018-03-26,2018-03-01,SPY,0.29300264979046664,0.3353247271810746,-0.04232207739060795,False,,False,optimal
pooled_relative_posterior_active_te100bp,benchmark_relative_active,2018-03-26,2018-03-26,2018-03-26,2018-03-01,IEF,0.013242231366179108,0.0,0.013242231366179108,False,,False,optimal
pooled_relative_posterior_active_te100bp,benchmark_relative_active,2018-03-26,2018-03-26,2018-03-26,2018-03-01,TIP,0.04999999999999999,0.0,0.04999999999999999,False,,False,optimal
pooled_relative_posterior_active_te100bp,benchmark_relative_active,2018-03-26,2018-03-26,2018-03-26,2018-03-01,HYG,0.1648255958517133,0.1518814611204372,0.012944134731276091,False,,False,optimal
pooled_relative_posterior_active_te100bp,benchmark_relative_active,2018-03-26,2018-03-26,2018-03-26,2018-03-01,BIL,0.008709825777220246,0.0,0.008709825777220246,False,,False,optimal
pooled_relative_posterior_active_te100bp,benchmark_relative_active,2018-03-26,2018-03-26,2018-03-26,2018-03-01,GLD,0.1707716328547836,0.164675272818926,0.0060963600358576175,False,,False,optimal
pooled_relative_posterior_active_te100bp,benchmark_relative_active,2018-03-26,2018-03-26,2018-03-26,2018-03-01,LQD,0.2994480643596371,0.3481185388795619,-0.04867047451992479,False,,False,optimal
pooled_relative_posterior_active_te100bp,benchmark_relative_active,2018-03-26,2018-03-26,2018-03-26,2018-03-01,AGG,0.0,0.0,0.0,False,,False,optimal
pooled_relative_posterior_active_te100bp,benchmark_relative_active,2018-04-02,2018-04-02,2018-04-02,2018-04-01,SPY,0.2934189388601475,0.3386995342514476,-0.04528059539130008,False,,False,optimal
pooled_relative_posterior_active_te100bp,benchmark_relative_active,2018-04-02,2018-04-02,2018-04-02,2018-04-01,IEF,0.013295974449985723,0.0,0.013295974449985723,False,,False,optimal
pooled_relative_posterior_active_te100bp,benchmark_relative_active,2018-04-02,2018-04-02,2018-04-02,2018-04-01,TIP,0.05,0.0,0.05,False,,False,optimal
pooled_relative_posterior_active_te100bp,benchmark_relative_active,2018-04-02,2018-04-02,2018-04-02,2018-04-01,HYG,0.1649785967905286,0.1519562148559955,0.01302238193453309,False,,False,optimal
pooled_relative_posterior_active_te100bp,benchmark_relative_active,2018-04-02,2018-04-02,2018-04-02,2018-04-01,BIL,0.008827292086608226,0.0,0.008827292086608226,False,,False,optimal
pooled_relative_posterior_active_te100bp,benchmark_relative_active,2018-04-02,2018-04-02,2018-04-02,2018-04-01,GLD,0.16734479593859128,0.1613004657485522,0.006044330190039082,False,,False,optimal
pooled_relative_posterior_active_te100bp,benchmark_relative_active,2018-04-02,2018-04-02,2018-04-02,2018-04-01,LQD,0.3021344018741386,0.3480437851440047,-0.0459093832698661,False,,False,optimal
pooled_relative_posterior_active_te100bp,benchmark_relative_active,2018-04-02,2018-04-02,2018-04-02,2018-04-01,AGG,0.0,0.0,0.0,False,,False,optimal
pooled_relative_posterior_active_te100bp,benchmark_relative_active,2018-04-09,2018-04-09,2018-04-09,2018-04-01,SPY,0.29105538462807273,0.3385126165947155,-0.047457231966642754,False,,False,optimal
pooled_relative_posterior_active_te100bp,benchmark_relative_active,2018-04-09,2018-04-09,2018-04-09,2018-04-01,IEF,0.013329995885129517,0.0,0.013329995885129517,False,,False,optimal
pooled_relative_posterior_active_te100bp,benchmark_relative_active,2018-04-09,2018-04-09,2018-04-09,2018-04-01,TIP,0.05,0.0,0.05,False,,False,optimal
pooled_relative_posterior_active_te100bp,benchmark_relative_active,2018-04-09,2018-04-09,2018-04-09,2018-04-01,HYG,0.1657243705464443,0.1527139045296807,0.013010466016763589,False,,False,optimal
pooled_relative_posterior_active_te100bp,benchmark_relative_active,2018-04-09,2018-04-09,2018-04-09,2018-04-01,BIL,0.008853528914250812,0.0,0.008853528914250812,False,,False,optimal
pooled_relative_posterior_active_te100bp,benchmark_relative_active,2018-04-09,2018-04-09,2018-04-09,2018-04-01,GLD,0.16762984519412671,0.1614873834052846,0.0061424617888421185,False,,False,optimal
pooled_relative_posterior_active_te100bp,benchmark_relative_active,2018-04-09,2018-04-09,2018-04-09,2018-04-01,LQD,0.3034068748319759,0.347286095470319,-0.0438792206383431,False,,False,optimal
pooled_relative_posterior_active_te100bp,benchmark_relative_active,2018-04-09,2018-04-09,2018-04-09,2018-04-01,AGG,0.0,0.0,0.0,False,,False,optimal
pooled_relative_posterior_active_te100bp,benchmark_relative_active,2018-04-16,2018-04-16,2018-04-16,2018-04-01,SPY,0.29304057992405413,0.3406824316899341,-0.04764185176587998,False,,False,optimal
pooled_relative_posterior_active_te100bp,benchmark_relative_active,2018-04-16,2018-04-16,2018-04-16,2018-04-01,IEF,0.013208987108147701,0.0,0.013208987108147701,False,,False,optimal
pooled_relative_posterior_active_te100bp,benchmark_relative_active,2018-04-16,2018-04-16,2018-04-16,2018-04-01,TIP,0.04978182191779638,0.0,0.04978182191779638,False,,False,optimal
pooled_relative_posterior_active_te100bp,benchmark_relative_active,2018-04-16,2018-04-16,2018-04-16,2018-04-01,HYG,0.1660929615186823,0.1529911058160415,0.013101855702640802,False,,False,optimal
pooled_relative_posterior_active_te100bp,benchmark_relative_active,2018-04-16,2018-04-16,2018-04-16,2018-04-01,BIL,0.008787801641266208,0.0,0.008787801641266208,False,,False,optimal
pooled_relative_posterior_active_te100bp,benchmark_relative_active,2018-04-16,2018-04-16,2018-04-16,2018-04-01,GLD,0.16768284155084395,0.1614725227563792,0.006210318794464764,False,,False,optimal
pooled_relative_posterior_active_te100bp,benchmark_relative_active,2018-04-16,2018-04-16,2018-04-16,2018-04-01,LQD,0.3014050063392093,0.3448539397376451,-0.04344893339843581,False,,False,optimal
pooled_relative_posterior_active_te100bp,benchmark_relative_active,2018-04-16,2018-04-16,2018-04-16,2018-04-01,AGG,0.0,0.0,0.0,False,,False,optimal
pooled_relative_posterior_active_te100bp,benchmark_relative_active,2018-04-23,2018-04-23,2018-04-23,2018-04-01,SPY,0.2945112112195132,0.3424336691747819,-0.04792245795526873,False,,False,optimal
pooled_relative_posterior_active_te100bp,benchmark_relative_active,2018-04-23,2018-04-23,2018-04-23,2018-04-01,IEF,0.013195956771827179,0.0,0.013195956771827179,False,,False,optimal
pooled_relative_posterior_active_te100bp,benchmark_relative_active,2018-04-23,2018-04-23,2018-04-23,2018-04-01,TIP,0.049904999217770696,0.0,0.049904999217770696,False,,False,optimal
pooled_relative_posterior_active_te100bp,benchmark_relative_active,2018-04-23,2018-04-23,2018-04-23,2018-04-01,HYG,0.16620301740099575,0.153111042367645,0.013091975033350745,False,,False,optimal
pooled_relative_posterior_active_te100bp,benchmark_relative_active,2018-04-23,2018-04-23,2018-04-23,2018-04-01,BIL,0.008845786266361446,0.0,0.008845786266361446,False,,False,optimal
pooled_relative_posterior_active_te100bp,benchmark_relative_active,2018-04-23,2018-04-23,2018-04-23,2018-04-01,GLD,0.16730429980618328,0.1611275347596292,0.006176765046554067,False,,False,optimal
pooled_relative_posterior_active_te100bp,benchmark_relative_active,2018-04-23,2018-04-23,2018-04-23,2018-04-01,LQD,0.3000347293173484,0.3433277536979437,-0.04329302438059529,False,,False,optimal
pooled_relative_posterior_active_te100bp,benchmark_relative_active,2018-04-23,2018-04-23,2018-04-23,2018-04-01,AGG,0.0,0.0,0.0,False,,False,optimal
pooled_relative_posterior_active_te100bp,benchmark_relative_active,2018-04-30,2018-04-30,2018-04-30,2018-04-01,SPY,0.294125602251007,0.3420609982919458,-0.04793539604093883,False,,False,optimal
pooled_relative_posterior_active_te100bp,benchmark_relative_active,2018-04-30,2018-04-30,2018-04-30,2018-04-01,IEF,0.013227613468811183,0.0,0.013227613468811183,False,,False,optimal
pooled_relative_posterior_active_te100bp,benchmark_relative_active,2018-04-30,2018-04-30,2018-04-30,2018-04-01,TIP,0.05,0.0,0.05,False,,False,optimal
pooled_relative_posterior_active_te100bp,benchmark_relative_active,2018-04-30,2018-04-30,2018-04-30,2018-04-01,HYG,0.1662856730850577,0.1532210886243194,0.013064584460738299,False,,False,optimal
pooled_relative_posterior_active_te100bp,benchmark_relative_active,2018-04-30,2018-04-30,2018-04-30,2018-04-01,BIL,0.008861274560698133,0.0,0.008861274560698133,False,,False,optimal
pooled_relative_posterior_active_te100bp,benchmark_relative_active,2018-04-30,2018-04-30,2018-04-30,2018-04-01,GLD,0.16738343876499476,0.1612207049841272,0.006162733780867569,False,,False,optimal
pooled_relative_posterior_active_te100bp,benchmark_relative_active,2018-04-30,2018-04-30,2018-04-30,2018-04-01,LQD,0.30011639786943123,0.3434972080996074,-0.04338081023017615,False,,False,optimal
pooled_relative_posterior_active_te100bp,benchmark_relative_active,2018-04-30,2018-04-30,2018-04-30,2018-04-01,AGG,0.0,0.0,0.0,False,,False,optimal
pooled_relative_posterior_active_te100bp,benchmark_relative_active,2018-05-07,2018-05-07,2018-05-07,2018-05-01,SPY,0.29345083076723616,0.3412847929540603,-0.04783396218682412,False,,False,optimal
pooled_relative_posterior_active_te100bp,benchmark_relative_active,2018-05-07,2018-05-07,2018-05-07,2018-05-01,IEF,0.013278332074569835,0.0,0.013278332074569835,False,,False,optimal
pooled_relative_posterior_active_te100bp,benchmark_relative_active,2018-05-07,2018-05-07,2018-05-07,2018-05-01,TIP,0.04999999999999987,0.0,0.04999999999999987,False,,False,optimal
pooled_relative_posterior_active_te100bp,benchmark_relative_active,2018-05-07,2018-05-07,2018-05-07,2018-05-01,HYG,0.1667719351630208,0.1537354665014942,0.013036468661526607,False,,False,optimal
pooled_relative_posterior_active_te100bp,benchmark_relative_active,2018-05-07,2018-05-07,2018-05-07,2018-05-01,BIL,0.00888116703496527,0.0,0.00888116703496527,False,,False,optimal
pooled_relative_posterior_active_te100bp,benchmark_relative_active,2018-05-07,2018-05-07,2018-05-07,2018-05-01,GLD,0.16788494811148627,0.161773537279594,0.006111410831892261,False,,False,optimal
pooled_relative_posterior_active_te100bp,benchmark_relative_active,2018-05-07,2018-05-07,2018-05-07,2018-05-01,LQD,0.2997327868487218,0.3432062032648513,-0.04347341641612951,False,,False,optimal
pooled_relative_posterior_active_te100bp,benchmark_relative_active,2018-05-07,2018-05-07,2018-05-07,2018-05-01,AGG,0.0,0.0,0.0,False,,False,optimal
pooled_relative_posterior_active_te100bp,benchmark_relative_active,2018-05-14,2018-05-14,2018-05-14,2018-05-01,SPY,0.29727001263481007,0.3452954791898536,-0.04802546655504353,False,,False,optimal
pooled_relative_posterior_active_te100bp,benchmark_relative_active,2018-05-14,2018-05-14,2018-05-14,2018-05-01,IEF,0.013128849203142818,0.0,0.013128849203142818,False,,False,optimal
pooled_relative_posterior_active_te100bp,benchmark_relative_active,2018-05-14,2018-05-14,2018-05-14,2018-05-01,TIP,0.0495178640400725,0.0,0.0495178640400725,False,,False,optimal
pooled_relative_posterior_active_te100bp,benchmark_relative_active,2018-05-14,2018-05-14,2018-05-14,2018-05-01,HYG,0.16583267837845467,0.1526790376049484,0.013153640773506281,False,,False,optimal
pooled_relative_posterior_active_te100bp,benchmark_relative_active,2018-05-14,2018-05-14,2018-05-14,2018-05-01,BIL,0.008802161119163687,0.0,0.008802161119163687,False,,False,optimal
pooled_relative_posterior_active_te100bp,benchmark_relative_active,2018-05-14,2018-05-14,2018-05-14,2018-05-01,GLD,0.16702312746504674,0.1607424299170169,0.0062806975480298455,False,,False,optimal
pooled_relative_posterior_active_te100bp,benchmark_relative_active,2018-05-14,2018-05-14,2018-05-14,2018-05-01,LQD,0.2984253071593096,0.341283053288181,-0.04285774612887139,False,,False,optimal
pooled_relative_posterior_active_te100bp,benchmark_relative_active,2018-05-14,2018-05-14,2018-05-14,2018-05-01,AGG,0.0,0.0,0.0,False,,False,optimal
pooled_relative_posterior_active_te100bp,benchmark_relative_active,2018-05-21,2018-05-21,2018-05-21,2018-05-01,SPY,0.2977625157077325,0.3459251175883786,-0.04816260188064608,False,,False,optimal
pooled_relative_posterior_active_te100bp,benchmark_relative_active,2018-05-21,2018-05-21,2018-05-21,2018-05-01,IEF,0.01318260236271624,0.0,0.01318260236271624,False,,False,optimal
pooled_relative_posterior_active_te100bp,benchmark_relative_active,2018-05-21,2018-05-21,2018-05-21,2018-05-01,TIP,0.04970847231471608,0.0,0.04970847231471608,False,,False,optimal
pooled_relative_posterior_active_te100bp,benchmark_relative_active,2018-05-21,2018-05-21,2018-05-21,2018-05-01,HYG,0.16671320720235136,0.1535152720468655,0.013197935155485868,False,,False,optimal
pooled_relative_posterior_active_te100bp,benchmark_relative_active,2018-05-21,2018-05-21,2018-05-21,2018-05-01,BIL,0.00888594454528781,0.0,0.00888594454528781,False,,False,optimal
pooled_relative_posterior_active_te100bp,benchmark_relative_active,2018-05-21,2018-05-21,2018-05-21,2018-05-01,GLD,0.16483617893584276,0.158664123812175,0.006172055123667752,False,,False,optimal
pooled_relative_posterior_active_te100bp,benchmark_relative_active,2018-05-21,2018-05-21,2018-05-21,2018-05-01,LQD,0.2989110789313533,0.3418954865525808,-0.04298440762122746,False,,False,optimal
pooled_relative_posterior_active_te100bp,benchmark_relative_active,2018-05-21,2018-05-21,2018-05-21,2018-05-01,AGG,0.0,0.0,0.0,False,,False,optimal
pooled_relative_posterior_active_te100bp,benchmark_relative_active,2018-05-28,2018-05-28,2018-05-29,2018-05-01,SPY,0.29549980081543675,0.3433713171669849,-0.04787151635154813,False,,False,optimal
pooled_relative_posterior_active_te100bp,benchmark_relative_active,2018-05-28,2018-05-28,2018-05-29,2018-05-01,IEF,0.01328015783462085,0.0,0.01328015783462085,False,,False,optimal
pooled_relative_posterior_active_te100bp,benchmark_relative_active,2018-05-28,2018-05-28,2018-05-29,2018-05-01,TIP,0.0497756153835824,0.0,0.0497756153835824,False,,False,optimal
pooled_relative_posterior_active_te100bp,benchmark_relative_active,2018-05-28,2018-05-28,2018-05-29,2018-05-01,HYG,0.16629961735729723,0.1531678371299862,0.01313178022731104,False,,False,optimal
pooled_relative_posterior_active_te100bp,benchmark_relative_active,2018-05-28,2018-05-28,2018-05-29,2018-05-01,BIL,0.008850155856073154,0.0,0.008850155856073154,False,,False,optimal
pooled_relative_posterior_active_te100bp,benchmark_relative_active,2018-05-28,2018-05-28,2018-05-29,2018-05-01,GLD,0.1655110105781606,0.1593484485003617,0.006162562077798889,False,,False,optimal
pooled_relative_posterior_active_te100bp,benchmark_relative_active,2018-05-28,2018-05-28,2018-05-29,2018-05-01,LQD,0.30078364217482917,0.3441123972026673,-0.04332875502783812,False,,False,optimal
pooled_relative_posterior_active_te100bp,benchmark_relative_active,2018-05-28,2018-05-28,2018-05-29,2018-05-01,AGG,0.0,0.0,0.0,False,,False,optimal
pooled_relative_posterior_active_te100bp,benchmark_relative_active,2018-06-04,2018-06-04,2018-06-04,2018-06-01,SPY,0.29816890251690936,0.3463000678943185,-0.048131165377409135,False,,False,optimal
pooled_relative_posterior_active_te100bp,benchmark_relative_active,2018-06-04,2018-06-04,2018-06-04,2018-06-01,IEF,0.013210687904454583,0.0,0.013210687904454583,False,,False,optimal
pooled_relative_posterior_active_te100bp,benchmark_relative_active,2018-06-04,2018-06-04,2018-06-04,2018-06-01,TIP,0.04965465652884359,0.0,0.04965465652884359,False,,False,optimal
pooled_relative_posterior_active_te100bp,benchmark_relative_active,2018-06-04,2018-06-04,2018-06-04,2018-06-01,HYG,0.1661818192718022,0.1529830259501639,0.013198793321638314,False,,False,optimal
pooled_relative_posterior_active_te100bp,benchmark_relative_active,2018-06-04,2018-06-04,2018-06-04,2018-06-01,BIL,0.008825215289930046,0.0,0.008825215289930046,False,,False,optimal
pooled_relative_posterior_active_te100bp,benchmark_relative_active,2018-06-04,2018-06-04,2018-06-04,2018-06-01,GLD,0.164527630690494,0.1583227046858412,0.006204926004652805,False,,False,optimal
pooled_relative_posterior_active_te100bp,benchmark_relative_active,2018-06-04,2018-06-04,2018-06-04,2018-06-01,LQD,0.2994310877975663,0.3423942014696762,-0.04296311367210992,False,,False,optimal
pooled_relative_posterior_active_te100bp,benchmark_relative_active,2018-06-04,2018-06-04,2018-06-04,2018-06-01,AGG,0.0,0.0,0.0,False,,False,optimal
pooled_relative_posterior_active_te100bp,benchmark_relative_active,2018-06-11,2018-06-11,2018-06-11,2018-06-01,SPY,0.3009635926557833,0.3494037474658162,-0.04844015481003289,False,,False,optimal
pooled_relative_posterior_active_te100bp,benchmark_relative_active,2018-06-11,2018-06-11,2018-06-11,2018-06-01,IEF,0.013144863946872436,0.0,0.013144863946872436,False,,False,optimal
pooled_relative_posterior_active_te100bp,benchmark_relative_active,2018-06-11,2018-06-11,2018-06-11,2018-06-01,TIP,0.049487189448165325,0.0,0.049487189448165325,False,,False,optimal
pooled_relative_posterior_active_te100bp,benchmark_relative_active,2018-06-11,2018-06-11,2018-06-11,2018-06-01,HYG,0.16628961227419406,0.1505962525341835,0.01569335974001057,False,,False,optimal
pooled_relative_posterior_active_te100bp,benchmark_relative_active,2018-06-11,2018-06-11,2018-06-11,2018-06-01,BIL,0.008793621023539356,0.0,0.008793621023539356,False,,False,optimal
pooled_relative_posterior_active_te100bp,benchmark_relative_active,2018-06-11,2018-06-11,2018-06-11,2018-06-01,GLD,0.16409828214038155,0.1602690944036972,0.003829187736684364,False,,False,optimal
pooled_relative_posterior_active_te100bp,benchmark_relative_active,2018-06-11,2018-06-11,2018-06-11,2018-06-01,LQD,0.297222838511064,0.3397309055963031,-0.042508067085239076,False,,False,optimal
pooled_relative_posterior_active_te100bp,benchmark_relative_active,2018-06-11,2018-06-11,2018-06-11,2018-06-01,AGG,0.0,0.0,0.0,False,,False,optimal
pooled_relative_posterior_active_te100bp,benchmark_relative_active,2018-06-18,2018-06-18,2018-06-18,2018-06-01,SPY,0.30104178161718886,0.3495295589141121,-0.04848777729692322,False,,False,optimal
pooled_relative_posterior_active_te100bp,benchmark_relative_active,2018-06-18,2018-06-18,2018-06-18,2018-06-01,IEF,0.01319024809838159,0.0,0.01319024809838159,False,,False,optimal
pooled_relative_posterior_active_te100bp,benchmark_relative_active,2018-06-18,2018-06-18,2018-06-18,2018-06-01,TIP,0.049666840717584974,0.0,0.049666840717584974,False,,False,optimal
pooled_relative_posterior_active_te100bp,benchmark_relative_active,2018-06-18,2018-06-18,2018-06-18,2018-06-01,HYG,0.16718728827023735,0.1504704410858877,0.016716847184349654,False,,False,optimal
pooled_relative_posterior_active_te100bp,benchmark_relative_active,2018-06-18,2018-06-18,2018-06-18,2018-06-01,BIL,0.00880086577095807,0.0,0.00880086577095807,False,,False,optimal
pooled_relative_posterior_active_te100bp,benchmark_relative_active,2018-06-18,2018-06-18,2018-06-18,2018-06-01,GLD,0.1618322750157081,0.1590257592827653,0.002806515732942799,False,,False,optimal
pooled_relative_posterior_active_te100bp,benchmark_relative_active,2018-06-18,2018-06-18,2018-06-18,2018-06-01,LQD,0.2982807005099411,0.3409742407172347,-0.0426935402072936,False,,False,optimal
pooled_relative_posterior_active_te100bp,benchmark_relative_active,2018-06-18,2018-06-18,2018-06-18,2018-06-01,AGG,0.0,0.0,0.0,False,,False,optimal
pooled_relative_posterior_active_te100bp,benchmark_relative_active,2018-06-25,2018-06-25,2018-06-25,2018-06-01,SPY,0.30142226551333645,0.3499999999999992,-0.04857773448666275,False,,False,optimal
pooled_relative_posterior_active_te100bp,benchmark_relative_active,2018-06-25,2018-06-25,2018-06-25,2018-06-01,IEF,0.013262450780805067,0.0,0.013262450780805067,False,,False,optimal
pooled_relative_posterior_active_te100bp,benchmark_relative_active,2018-06-25,2018-06-25,2018-06-25,2018-06-01,TIP,0.04996761192515719,0.0,0.04996761192515719,False,,False,optimal
pooled_relative_posterior_active_te100bp,benchmark_relative_active,2018-06-25,2018-06-25,2018-06-25,2018-06-01,HYG,0.1675825185784806,0.1500000000000003,0.01758251857848031,False,,False,optimal
pooled_relative_posterior_active_te100bp,benchmark_relative_active,2018-06-25,2018-06-25,2018-06-25,2018-06-01,BIL,0.008837015177707335,0.0,0.008837015177707335,False,,False,optimal
pooled_relative_posterior_active_te100bp,benchmark_relative_active,2018-06-25,2018-06-25,2018-06-25,2018-06-01,GLD,0.16112687472044193,0.1594226887219406,0.0017041859985013341,False,,False,optimal
pooled_relative_posterior_active_te100bp,benchmark_relative_active,2018-06-25,2018-06-25,2018-06-25,2018-06-01,LQD,0.29780126330407136,0.3405773112780598,-0.04277604797398843,False,,False,optimal
pooled_relative_posterior_active_te100bp,benchmark_relative_active,2018-06-25,2018-06-25,2018-06-25,2018-06-01,AGG,0.0,0.0,0.0,False,,False,optimal
pooled_relative_posterior_active_te100bp,benchmark_relative_active,2018-07-02,2018-07-02,2018-07-02,2018-07-01,SPY,0.30021856339223746,0.348693456591237,-0.04847489319899956,False,,False,optimal
pooled_relative_posterior_active_te100bp,benchmark_relative_active,2018-07-02,2018-07-02,2018-07-02,2018-07-01,IEF,0.013352439371434639,0.0,0.013352439371434639,False,,False,optimal
pooled_relative_posterior_active_te100bp,benchmark_relative_active,2018-07-02,2018-07-02,2018-07-02,2018-07-01,TIP,0.04999999999999996,0.0,0.04999999999999996,False,,False,optimal
pooled_relative_posterior_active_te100bp,benchmark_relative_active,2018-07-02,2018-07-02,2018-07-02,2018-07-01,HYG,0.16688888753144474,0.1494182020622627,0.01747068546918204,False,,False,optimal
pooled_relative_posterior_active_te100bp,benchmark_relative_active,2018-07-02,2018-07-02,2018-07-02,2018-07-01,BIL,0.00887471678915538,0.0,0.00887471678915538,False,,False,optimal
pooled_relative_posterior_active_te100bp,benchmark_relative_active,2018-07-02,2018-07-02,2018-07-02,2018-07-01,GLD,0.16030211906074046,0.158291196159989,0.0020109229007514717,False,,False,optimal
pooled_relative_posterior_active_te100bp,benchmark_relative_active,2018-07-02,2018-07-02,2018-07-02,2018-07-01,LQD,0.3003632738549872,0.3435971451865111,-0.0432338713315239,False,,False,optimal
pooled_relative_posterior_active_te100bp,benchmark_relative_active,2018-07-02,2018-07-02,2018-07-02,2018-07-01,AGG,0.0,0.0,0.0,False,,False,optimal
pooled_relative_posterior_active_te100bp,benchmark_relative_active,2018-07-09,2018-07-09,2018-07-09,2018-07-01,SPY,0.3034306244587575,0.35,-0.046569375541242464,False,,False,optimal
pooled_relative_posterior_active_te100bp,benchmark_relative_active,2018-07-09,2018-07-09,2018-07-09,2018-07-01,IEF,0.013230208403708817,0.0,0.013230208403708817,False,,False,optimal
pooled_relative_posterior_active_te100bp,benchmark_relative_active,2018-07-09,2018-07-09,2018-07-09,2018-07-01,TIP,0.04964384285929725,0.0,0.04964384285929725,False,,False,optimal
pooled_relative_posterior_active_te100bp,benchmark_relative_active,2018-07-09,2018-07-09,2018-07-09,2018-07-01,HYG,0.16640047340302982,0.1500000000000002,0.016400473403029636,False,,False,optimal
pooled_relative_posterior_active_te100bp,benchmark_relative_active,2018-07-09,2018-07-09,2018-07-09,2018-07-01,BIL,0.008780077141575462,0.0,0.008780077141575462,False,,False,optimal
pooled_relative_posterior_active_te100bp,benchmark_relative_active,2018-07-09,2018-07-09,2018-07-09,2018-07-01,GLD,0.15945283293015455,0.1582217041020807,0.0012311288280738575,False,,False,optimal
pooled_relative_posterior_active_te100bp,benchmark_relative_active,2018-07-09,2018-07-09,2018-07-09,2018-07-01,LQD,0.29906194080347664,0.3417782958979189,-0.04271635509444227,False,,False,optimal
pooled_relative_posterior_active_te100bp,benchmark_relative_active,2018-07-09,2018-07-09,2018-07-09,2018-07-01,AGG,0.0,0.0,0.0,False,,False,optimal
pooled_relative_posterior_active_te100bp,benchmark_relative_active,2018-07-16,2018-07-16,2018-07-16,2018-07-01,SPY,0.3059295617511551,0.3499999999999997,-0.0440704382488446,False,,False,optimal
pooled_relative_posterior_active_te100bp,benchmark_relative_active,2018-07-16,2018-07-16,2018-07-16,2018-07-01,IEF,0.013225055987793001,0.0,0.013225055987793001,False,,False,optimal
pooled_relative_posterior_active_te100bp,benchmark_relative_active,2018-07-16,2018-07-16,2018-07-16,2018-07-01,TIP,0.04953918390706315,0.0,0.04953918390706315,False,,False,optimal
pooled_relative_posterior_active_te100bp,benchmark_relative_active,2018-07-16,2018-07-16,2018-07-16,2018-07-01,HYG,0.16641315948989613,0.1500000000000005,0.016413159489895635,False,,False,optimal
pooled_relative_posterior_active_te100bp,benchmark_relative_active,2018-07-16,2018-07-16,2018-07-16,2018-07-01,BIL,0.008759002709611413,0.0,0.008759002709611413,False,,False,optimal
pooled_relative_posterior_active_te100bp,benchmark_relative_active,2018-07-16,2018-07-16,2018-07-16,2018-07-01,GLD,0.15630677554940564,0.1575685437714586,-0.0012617682220529558,False,,False,optimal
pooled_relative_posterior_active_te100bp,benchmark_relative_active,2018-07-16,2018-07-16,2018-07-16,2018-07-01,LQD,0.29982726060507564,0.342431456228541,-0.042604195623465346,False,,False,optimal
pooled_relative_posterior_active_te100bp,benchmark_relative_active,2018-07-16,2018-07-16,2018-07-16,2018-07-01,AGG,0.0,0.0,0.0,False,,False,optimal
pooled_relative_posterior_active_te100bp,benchmark_relative_active,2018-07-23,2018-07-23,2018-07-23,2018-07-01,SPY,0.30661293667903883,0.3499999999999996,-0.04338706332096076,False,,False,optimal
pooled_relative_posterior_active_te100bp,benchmark_relative_active,2018-07-23,2018-07-23,2018-07-23,2018-07-01,IEF,0.013230702134153702,0.0,0.013230702134153702,False,,False,optimal
pooled_relative_posterior_active_te100bp,benchmark_relative_active,2018-07-23,2018-07-23,2018-07-23,2018-07-01,TIP,0.04944426281384823,0.0,0.04944426281384823,False,,False,optimal
pooled_relative_posterior_active_te100bp,benchmark_relative_active,2018-07-23,2018-07-23,2018-07-23,2018-07-01,HYG,0.16676110668716052,0.1499999999999997,0.016761106687160826,False,,False,optimal
pooled_relative_posterior_active_te100bp,benchmark_relative_active,2018-07-23,2018-07-23,2018-07-23,2018-07-01,BIL,0.008780187019360172,0.0,0.008780187019360172,False,,False,optimal
pooled_relative_posterior_active_te100bp,benchmark_relative_active,2018-07-23,2018-07-23,2018-07-23,2018-07-01,GLD,0.15536720010024554,0.1576370795693828,-0.0022698794691372592,False,,False,optimal
pooled_relative_posterior_active_te100bp,benchmark_relative_active,2018-07-23,2018-07-23,2018-07-23,2018-07-01,LQD,0.29980360456619315,0.3423629204306178,-0.04255931586442463,False,,False,optimal
pooled_relative_posterior_active_te100bp,benchmark_relative_active,2018-07-23,2018-07-23,2018-07-23,2018-07-01,AGG,0.0,0.0,0.0,False,,False,optimal
pooled_relative_posterior_active_te100bp,benchmark_relative_active,2018-07-30,2018-07-30,2018-07-30,2018-07-01,SPY,0.30777963310335854,0.3499999999999998,-0.04222036689664127,False,,False,optimal
pooled_relative_posterior_active_te100bp,benchmark_relative_active,2018-07-30,2018-07-30,2018-07-30,2018-07-01,IEF,0.013145460303405796,0.0,0.013145460303405796,False,,False,optimal
pooled_relative_posterior_active_te100bp,benchmark_relative_active,2018-07-30,2018-07-30,2018-07-30,2018-07-01,TIP,0.049161800265107206,0.0,0.049161800265107206,False,,False,optimal
pooled_relative_posterior_active_te100bp,benchmark_relative_active,2018-07-30,2018-07-30,2018-07-30,2018-07-01,HYG,0.16668955347239317,0.1499999999999982,0.01668955347239498,False,,False,optimal
pooled_relative_posterior_active_te100bp,benchmark_relative_active,2018-07-30,2018-07-30,2018-07-30,2018-07-01,BIL,0.008753813432177245,0.0,0.008753813432177245,False,,False,optimal
pooled_relative_posterior_active_te100bp,benchmark_relative_active,2018-07-30,2018-07-30,2018-07-30,2018-07-01,GLD,0.15430719303202217,0.1574333503248058,-0.003126157292783621,False,,False,optimal
pooled_relative_posterior_active_te100bp,benchmark_relative_active,2018-07-30,2018-07-30,2018-07-30,2018-07-01,LQD,0.30016254639153594,0.342566649675196,-0.042404103283660066,False,,False,optimal
pooled_relative_posterior_active_te100bp,benchmark_relative_active,2018-07-30,2018-07-30,2018-07-30,2018-07-01,AGG,0.0,0.0,0.0,False,,False,optimal
pooled_relative_posterior_active_te100bp,benchmark_relative_active,2018-08-06,2018-08-06,2018-08-06,2018-08-01,SPY,0.30902135426979166,0.3499999999999996,-0.04097864573020793,False,,False,optimal
pooled_relative_posterior_active_te100bp,benchmark_relative_active,2018-08-06,2018-08-06,2018-08-06,2018-08-01,IEF,0.013146407939428936,0.0,0.013146407939428936,False,,False,optimal
pooled_relative_posterior_active_te100bp,benchmark_relative_active,2018-08-06,2018-08-06,2018-08-06,2018-08-01,TIP,0.04909207972240512,0.0,0.04909207972240512,False,,False,optimal
pooled_relative_posterior_active_te100bp,benchmark_relative_active,2018-08-06,2018-08-06,2018-08-06,2018-08-01,HYG,0.16685902694988652,0.150000000000001,0.01685902694988553,False,,False,optimal
pooled_relative_posterior_active_te100bp,benchmark_relative_active,2018-08-06,2018-08-06,2018-08-06,2018-08-01,BIL,0.008725789225194503,0.0,0.008725789225194503,False,,False,optimal
pooled_relative_posterior_active_te100bp,benchmark_relative_active,2018-08-06,2018-08-06,2018-08-06,2018-08-01,GLD,0.15261929767365878,0.1556694258046591,-0.003050128131000307,False,,False,optimal
pooled_relative_posterior_active_te100bp,benchmark_relative_active,2018-08-06,2018-08-06,2018-08-06,2018-08-01,LQD,0.3005360442196345,0.3443305741953403,-0.04379452997570582,False,,False,optimal
pooled_relative_posterior_active_te100bp,benchmark_relative_active,2018-08-06,2018-08-06,2018-08-06,2018-08-01,AGG,0.0,0.0,0.0,False,,False,optimal
pooled_relative_posterior_active_te100bp,benchmark_relative_active,2018-08-13,2018-08-13,2018-08-13,2018-08-01,SPY,0.30870498561503185,0.3497805096382572,-0.04107552402322534,False,,False,optimal
pooled_relative_posterior_active_te100bp,benchmark_relative_active,2018-08-13,2018-08-13,2018-08-13,2018-08-01,IEF,0.013230166187447701,0.0,0.013230166187447701,False,,False,optimal
pooled_relative_posterior_active_te100bp,benchmark_relative_active,2018-08-13,2018-08-13,2018-08-13,2018-08-01,TIP,0.04928794469813657,0.0,0.04928794469813657,False,,False,optimal
pooled_relative_posterior_active_te100bp,benchmark_relative_active,2018-08-13,2018-08-13,2018-08-13,2018-08-01,HYG,0.16700962675313466,0.1501949974073242,0.01681462934581046,False,,False,optimal
pooled_relative_posterior_active_te100bp,benchmark_relative_active,2018-08-13,2018-08-13,2018-08-13,2018-08-01,BIL,0.008733543373435085,0.0,0.008733543373435085,False,,False,optimal
pooled_relative_posterior_active_te100bp,benchmark_relative_active,2018-08-13,2018-08-13,2018-08-13,2018-08-01,GLD,0.15289481178331205,0.1560123689302328,-0.0031175571469207464,False,,False,optimal
pooled_relative_posterior_active_te100bp,benchmark_relative_active,2018-08-13,2018-08-13,2018-08-13,2018-08-01,LQD,0.300138921589502,0.3440121240241857,-0.04387320243468368,False,,False,optimal
pooled_relative_posterior_active_te100bp,benchmark_relative_active,2018-08-13,2018-08-13,2018-08-13,2018-08-01,AGG,0.0,0.0,0.0,False,,False,optimal
pooled_relative_posterior_active_te100bp,benchmark_relative_active,2018-08-20,2018-08-20,2018-08-20,2018-08-01,SPY,0.3099593405777048,0.3500000000000002,-0.0400406594222954,False,,False,optimal
pooled_relative_posterior_active_te100bp,benchmark_relative_active,2018-08-20,2018-08-20,2018-08-20,2018-08-01,IEF,0.013234355811759368,0.0,0.013234355811759368,False,,False,optimal
pooled_relative_posterior_active_te100bp,benchmark_relative_active,2018-08-20,2018-08-20,2018-08-20,2018-08-01,TIP,0.049247393841987425,0.0,0.049247393841987425,False,,False,optimal
pooled_relative_posterior_active_te100bp,benchmark_relative_active,2018-08-20,2018-08-20,2018-08-20,2018-08-01,HYG,0.16690804911113913,0.1500000000000003,0.01690804911113883,False,,False,optimal
pooled_relative_posterior_active_te100bp,benchmark_relative_active,2018-08-20,2018-08-20,2018-08-20,2018-08-01,BIL,0.008721069176038253,0.0,0.008721069176038253,False,,False,optimal
pooled_relative_posterior_active_te100bp,benchmark_relative_active,2018-08-20,2018-08-20,2018-08-20,2018-08-01,GLD,0.15040628331119293,0.1534151668429734,-0.0030088835317804707,False,,False,optimal
pooled_relative_posterior_active_te100bp,benchmark_relative_active,2018-08-20,2018-08-20,2018-08-20,2018-08-01,LQD,0.30152350817017814,0.3465848331570261,-0.04506132498684795,False,,False,optimal
pooled_relative_posterior_active_te100bp,benchmark_relative_active,2018-08-20,2018-08-20,2018-08-20,2018-08-01,AGG,0.0,0.0,0.0,False,,False,optimal
pooled_relative_posterior_active_te100bp,benchmark_relative_active,2018-08-27,2018-08-27,2018-08-27,2018-08-01,SPY,0.31043785704870785,0.3499999999999996,-0.039562142951291734,False,,False,optimal
pooled_relative_posterior_active_te100bp,benchmark_relative_active,2018-08-27,2018-08-27,2018-08-27,2018-08-01,IEF,0.01318971208081266,0.0,0.01318971208081266,False,,False,optimal
pooled_relative_posterior_active_te100bp,benchmark_relative_active,2018-08-27,2018-08-27,2018-08-27,2018-08-01,TIP,0.0491785458499475,0.0,0.0491785458499475,False,,False,optimal
pooled_relative_posterior_active_te100bp,benchmark_relative_active,2018-08-27,2018-08-27,2018-08-27,2018-08-01,HYG,0.1665970991415027,0.1499999999999995,0.016597099141503202,False,,False,optimal
pooled_relative_posterior_active_te100bp,benchmark_relative_active,2018-08-27,2018-08-27,2018-08-27,2018-08-01,BIL,0.008679388461025433,0.0,0.008679388461025433,False,,False,optimal
pooled_relative_posterior_active_te100bp,benchmark_relative_active,2018-08-27,2018-08-27,2018-08-27,2018-08-01,GLD,0.1519919334725425,0.1550261218380939,-0.003034188365551388,False,,False,optimal
pooled_relative_posterior_active_te100bp,benchmark_relative_active,2018-08-27,2018-08-27,2018-08-27,2018-08-01,LQD,0.2999254639454614,0.3449738781619068,-0.0450484142164454,False,,False,optimal
pooled_relative_posterior_active_te100bp,benchmark_relative_active,2018-08-27,2018-08-27,2018-08-27,2018-08-01,AGG,0.0,0.0,0.0,False,,False,optimal
pooled_relative_posterior_active_te100bp,benchmark_relative_active,2018-09-03,2018-09-03,2018-09-04,2018-09-01,SPY,0.31230134122032643,0.3500000000000005,-0.037698658779674044,False,,False,optimal
pooled_relative_posterior_active_te100bp,benchmark_relative_active,2018-09-03,2018-09-03,2018-09-04,2018-09-01,IEF,0.01318461044184047,0.0,0.01318461044184047,False,,False,optimal
pooled_relative_posterior_active_te100bp,benchmark_relative_active,2018-09-03,2018-09-03,2018-09-04,2018-09-01,TIP,0.04909524263650318,0.0,0.04909524263650318,False,,False,optimal
pooled_relative_posterior_active_te100bp,benchmark_relative_active,2018-09-03,2018-09-03,2018-09-04,2018-09-01,HYG,0.1666829118936883,0.1500000000000005,0.016682911893687813,False,,False,optimal
pooled_relative_posterior_active_te100bp,benchmark_relative_active,2018-09-03,2018-09-03,2018-09-04,2018-09-01,BIL,0.008690725687317017,0.0,0.008690725687317017,False,,False,optimal
pooled_relative_posterior_active_te100bp,benchmark_relative_active,2018-09-03,2018-09-03,2018-09-04,2018-09-01,GLD,0.15132735122217755,0.1543310883873078,-0.003003737165130249,False,,False,optimal
pooled_relative_posterior_active_te100bp,benchmark_relative_active,2018-09-03,2018-09-03,2018-09-04,2018-09-01,LQD,0.298717816898147,0.3456689116126911,-0.04695109471454406,False,,False,optimal
pooled_relative_posterior_active_te100bp,benchmark_relative_active,2018-09-03,2018-09-03,2018-09-04,2018-09-01,AGG,0.0,0.0,0.0,False,,False,optimal
pooled_relative_posterior_active_te100bp,benchmark_relative_active,2018-09-10,2018-09-10,2018-09-10,2018-09-01,SPY,0.3107840594272133,0.3498797404644946,-0.03909568103728128,False,,False,optimal
pooled_relative_posterior_active_te100bp,benchmark_relative_active,2018-09-10,2018-09-10,2018-09-10,2018-09-01,IEF,0.01317748734604662,0.0,0.01317748734604662,False,,False,optimal
pooled_relative_posterior_active_te100bp,benchmark_relative_active,2018-09-10,2018-09-10,2018-09-10,2018-09-01,TIP,0.0490783798629655,0.0,0.0490783798629655,False,,False,optimal
pooled_relative_posterior_active_te100bp,benchmark_relative_active,2018-09-10,2018-09-10,2018-09-10,2018-09-01,HYG,0.16679517391983703,0.1501202595355053,0.016674914384331718,False,,False,optimal
pooled_relative_posterior_active_te100bp,benchmark_relative_active,2018-09-10,2018-09-10,2018-09-10,2018-09-01,BIL,0.008719668259833729,0.0,0.008719668259833729,False,,False,optimal
pooled_relative_posterior_active_te100bp,benchmark_relative_active,2018-09-10,2018-09-10,2018-09-10,2018-09-01,GLD,0.15241111388270123,0.1539207333143435,-0.0015096194316422673,False,,False,optimal
pooled_relative_posterior_active_te100bp,benchmark_relative_active,2018-09-10,2018-09-10,2018-09-10,2018-09-01,LQD,0.29903411730140256,0.3460792666856565,-0.047045149384253915,False,,False,optimal
pooled_relative_posterior_active_te100bp,benchmark_relative_active,2018-09-10,2018-09-10,2018-09-10,2018-09-01,AGG,0.0,0.0,0.0,False,,False,optimal
pooled_relative_posterior_active_te100bp,benchmark_relative_active,2018-09-17,2018-09-17,2018-09-17,2018-09-01,SPY,0.3119358005521516,0.3499999999999991,-0.0380641994478475,False,,False,optimal
pooled_relative_posterior_active_te100bp,benchmark_relative_active,2018-09-17,2018-09-17,2018-09-17,2018-09-01,IEF,0.013081335451545857,0.0,0.013081335451545857,False,,False,optimal
pooled_relative_posterior_active_te100bp,benchmark_relative_active,2018-09-17,2018-09-17,2018-09-17,2018-09-01,TIP,0.04868682197215568,0.0,0.04868682197215568,False,,False,optimal
pooled_relative_posterior_active_te100bp,benchmark_relative_active,2018-09-17,2018-09-17,2018-09-17,2018-09-01,HYG,0.16720802877665114,0.1499999999999992,0.01720802877665195,False,,False,optimal
pooled_relative_posterior_active_te100bp,benchmark_relative_active,2018-09-17,2018-09-17,2018-09-17,2018-09-01,BIL,0.00869044171468748,0.0,0.00869044171468748,False,,False,optimal
pooled_relative_posterior_active_te100bp,benchmark_relative_active,2018-09-17,2018-09-17,2018-09-17,2018-09-01,GLD,0.15152866216384347,0.1529399463159771,-0.001411284152133624,False,,False,optimal
pooled_relative_posterior_active_te100bp,benchmark_relative_active,2018-09-17,2018-09-17,2018-09-17,2018-09-01,LQD,0.2988689093689648,0.3470600536840243,-0.0481911443150595,False,,False,optimal
pooled_relative_posterior_active_te100bp,benchmark_relative_active,2018-09-17,2018-09-17,2018-09-17,2018-09-01,AGG,0.0,0.0,0.0,False,,False,optimal
pooled_relative_posterior_active_te100bp,benchmark_relative_active,2018-09-24,2018-09-24,2018-09-24,2018-09-01,SPY,0.314053135896428,0.3500000000000001,-0.03594686410357206,False,,False,optimal
pooled_relative_posterior_active_te100bp,benchmark_relative_active,2018-09-24,2018-09-24,2018-09-24,2018-09-01,IEF,0.013005451317435768,0.0,0.013005451317435768,False,,False,optimal
pooled_relative_posterior_active_te100bp,benchmark_relative_active,2018-09-24,2018-09-24,2018-09-24,2018-09-01,TIP,0.04854817835880146,0.0,0.04854817835880146,False,,False,optimal
pooled_relative_posterior_active_te100bp,benchmark_relative_active,2018-09-24,2018-09-24,2018-09-24,2018-09-01,HYG,0.16677753330030728,0.15,0.01677753330030729,False,,False,optimal
pooled_relative_posterior_active_te100bp,benchmark_relative_active,2018-09-24,2018-09-24,2018-09-24,2018-09-01,BIL,0.008678892321039999,0.0,0.008678892321039999,False,,False,optimal
pooled_relative_posterior_active_te100bp,benchmark_relative_active,2018-09-24,2018-09-24,2018-09-24,2018-09-01,GLD,0.15111470350153727,0.1524678379268116,-0.0013531344252743216,False,,False,optimal
pooled_relative_posterior_active_te100bp,benchmark_relative_active,2018-09-24,2018-09-24,2018-09-24,2018-09-01,LQD,0.2978221053044502,0.3475321620731881,-0.04971005676873791,False,,False,optimal
pooled_relative_posterior_active_te100bp,benchmark_relative_active,2018-09-24,2018-09-24,2018-09-24,2018-09-01,AGG,0.0,0.0,0.0,False,,False,optimal
pooled_relative_posterior_active_te100bp,benchmark_relative_active,2018-10-01,2018-10-01,2018-10-01,2018-10-01,SPY,0.31343756468698036,0.3495530187697436,-0.03611545408276323,False,,False,optimal
pooled_relative_posterior_active_te100bp,benchmark_relative_active,2018-10-01,2018-10-01,2018-10-01,2018-10-01,IEF,0.013048912924057847,0.0,0.013048912924057847,False,,False,optimal
pooled_relative_posterior_active_te100bp,benchmark_relative_active,2018-10-01,2018-10-01,2018-10-01,2018-10-01,TIP,0.048600301875044626,0.0,0.048600301875044626,False,,False,optimal
pooled_relative_posterior_active_te100bp,benchmark_relative_active,2018-10-01,2018-10-01,2018-10-01,2018-10-01,HYG,0.1672700213107307,0.1504469812302563,0.016823040080474416,False,,False,optimal
pooled_relative_posterior_active_te100bp,benchmark_relative_active,2018-10-01,2018-10-01,2018-10-01,2018-10-01,BIL,0.008683197573100621,0.0,0.008683197573100621,False,,False,optimal
pooled_relative_posterior_active_te100bp,benchmark_relative_active,2018-10-01,2018-10-01,2018-10-01,2018-10-01,GLD,0.14991697384198122,0.1510337657680953,-0.0011167919261140802,False,,False,optimal
pooled_relative_posterior_active_te100bp,benchmark_relative_active,2018-10-01,2018-10-01,2018-10-01,2018-10-01,LQD,0.2990430277881045,0.3489662342319047,-0.04992320644380022,False,,False,optimal
pooled_relative_posterior_active_te100bp,benchmark_relative_active,2018-10-01,2018-10-01,2018-10-01,2018-10-01,AGG,0.0,0.0,0.0,False,,False,optimal
pooled_relative_posterior_active_te100bp,benchmark_relative_active,2018-10-08,2018-10-08,2018-10-08,2018-10-01,SPY,0.311677286408943,0.3496248296130568,-0.03794754320411381,False,,False,optimal
pooled_relative_posterior_active_te100bp,benchmark_relative_active,2018-10-08,2018-10-08,2018-10-08,2018-10-01,IEF,0.013024060305859573,0.0,0.013024060305859573,False,,False,optimal
pooled_relative_posterior_active_te100bp,benchmark_relative_active,2018-10-08,2018-10-08,2018-10-08,2018-10-01,TIP,0.04854125932567776,0.0,0.04854125932567776,False,,False,optimal
pooled_relative_posterior_active_te100bp,benchmark_relative_active,2018-10-08,2018-10-08,2018-10-08,2018-10-01,HYG,0.16712486789247688,0.1503751703869432,0.01674969750553368,False,,False,optimal
pooled_relative_posterior_active_te100bp,benchmark_relative_active,2018-10-08,2018-10-08,2018-10-08,2018-10-01,BIL,0.008766962542388018,0.0,0.008766962542388018,False,,False,optimal
pooled_relative_posterior_active_te100bp,benchmark_relative_active,2018-10-08,2018-10-08,2018-10-08,2018-10-01,GLD,0.15318150495204494,0.1524838488837323,0.000697656068312652,False,,False,optimal
pooled_relative_posterior_active_te100bp,benchmark_relative_active,2018-10-08,2018-10-08,2018-10-08,2018-10-01,LQD,0.2976840585726098,0.3475161511162677,-0.04983209254365789,False,,False,optimal
pooled_relative_posterior_active_te100bp,benchmark_relative_active,2018-10-08,2018-10-08,2018-10-08,2018-10-01,AGG,0.0,0.0,0.0,False,,False,optimal
pooled_relative_posterior_active_te100bp,benchmark_relative_active,2018-10-15,2018-10-15,2018-10-15,2018-10-01,SPY,0.301861435885891,0.3486391707606537,-0.04677773487476272,False,,False,optimal
pooled_relative_posterior_active_te100bp,benchmark_relative_active,2018-10-15,2018-10-15,2018-10-15,2018-10-01,IEF,0.013183056279264369,0.0,0.013183056279264369,False,,False,optimal
pooled_relative_posterior_active_te100bp,benchmark_relative_active,2018-10-15,2018-10-15,2018-10-15,2018-10-01,TIP,0.04896622501621426,0.0,0.04896622501621426,False,,False,optimal
pooled_relative_posterior_active_te100bp,benchmark_relative_active,2018-10-15,2018-10-15,2018-10-15,2018-10-01,HYG,0.16797779719741035,0.1513608292393459,0.016616967958064444,False,,False,optimal
pooled_relative_posterior_active_te100bp,benchmark_relative_active,2018-10-15,2018-10-15,2018-10-15,2018-10-01,BIL,0.00883433324027026,0.0,0.00883433324027026,False,,False,optimal
pooled_relative_posterior_active_te100bp,benchmark_relative_active,2018-10-15,2018-10-15,2018-10-15,2018-10-01,GLD,0.15842188477901895,0.1513608292393463,0.00706105553967265,False,,False,optimal
pooled_relative_posterior_active_te100bp,benchmark_relative_active,2018-10-15,2018-10-15,2018-10-15,2018-10-01,LQD,0.3007552676019309,0.348639170760654,-0.047883903158723096,False,,False,optimal
pooled_relative_posterior_active_te100bp,benchmark_relative_active,2018-10-15,2018-10-15,2018-10-15,2018-10-01,AGG,0.0,0.0,0.0,False,,False,optimal
pooled_relative_posterior_active_te100bp,benchmark_relative_active,2018-10-22,2018-10-22,2018-10-22,2018-10-01,SPY,0.30307270059026137,0.3499805145175858,-0.046907813927324404,False,,False,optimal
pooled_relative_posterior_active_te100bp,benchmark_relative_active,2018-10-22,2018-10-22,2018-10-22,2018-10-01,IEF,0.013165592046147371,0.0,0.013165592046147371,False,,False,optimal
pooled_relative_posterior_active_te100bp,benchmark_relative_active,2018-10-22,2018-10-22,2018-10-22,2018-10-01,TIP,0.04883218777342793,0.0,0.04883218777342793,False,,False,optimal
pooled_relative_posterior_active_te100bp,benchmark_relative_active,2018-10-22,2018-10-22,2018-10-22,2018-10-01,HYG,0.1678684310138173,0.1500194854824145,0.017848945531402788,False,,False,optimal
pooled_relative_posterior_active_te100bp,benchmark_relative_active,2018-10-22,2018-10-22,2018-10-22,2018-10-01,BIL,0.008849238792985749,0.0,0.008849238792985749,False,,False,optimal
pooled_relative_posterior_active_te100bp,benchmark_relative_active,2018-10-22,2018-10-22,2018-10-22,2018-10-01,GLD,0.1585042337211446,0.1514145776396297,0.007089656081514906,False,,False,optimal
pooled_relative_posterior_active_te100bp,benchmark_relative_active,2018-10-22,2018-10-22,2018-10-22,2018-10-01,LQD,0.29970761606221574,0.3485854223603699,-0.048877806298154136,False,,False,optimal
pooled_relative_posterior_active_te100bp,benchmark_relative_active,2018-10-22,2018-10-22,2018-10-22,2018-10-01,AGG,0.0,0.0,0.0,False,,False,optimal
pooled_relative_posterior_active_te100bp,benchmark_relative_active,2018-10-29,2018-10-29,2018-10-29,2018-10-01,SPY,0.29934538283071505,0.349345382830715,-0.04999999999999993,False,,False,optimal
pooled_relative_posterior_active_te100bp,benchmark_relative_active,2018-10-29,2018-10-29,2018-10-29,2018-10-01,IEF,0.013451596297124578,0.0,0.013451596297124578,False,,False,optimal
pooled_relative_posterior_active_te100bp,benchmark_relative_active,2018-10-29,2018-10-29,2018-10-29,2018-10-01,TIP,0.049611335161971463,0.0,0.049611335161971463,False,,False,optimal
pooled_relative_posterior_active_te100bp,benchmark_relative_active,2018-10-29,2018-10-29,2018-10-29,2018-10-01,HYG,0.16821734523735316,0.1506546171692851,0.01756272806806805,False,,False,optimal
pooled_relative_posterior_active_te100bp,benchmark_relative_active,2018-10-29,2018-10-29,2018-10-29,2018-10-01,BIL,0.008964133777675659,0.0,0.008964133777675659,False,,False,optimal
pooled_relative_posterior_active_te100bp,benchmark_relative_active,2018-10-29,2018-10-29,2018-10-29,2018-10-01,GLD,0.15670819823412566,0.1506546171692859,0.006053581064839747,False,,False,optimal
pooled_relative_posterior_active_te100bp,benchmark_relative_active,2018-10-29,2018-10-29,2018-10-29,2018-10-01,LQD,0.30370200846103435,0.3493453828307138,-0.04564337436967947,False,,False,optimal
pooled_relative_posterior_active_te100bp,benchmark_relative_active,2018-10-29,2018-10-29,2018-10-29,2018-10-01,AGG,0.0,0.0,0.0,False,,False,optimal
pooled_relative_posterior_active_te100bp,benchmark_relative_active,2018-11-05,2018-11-05,2018-11-05,2018-11-01,SPY,0.3022537924325071,0.350000000000001,-0.04774620756749387,False,,False,optimal
pooled_relative_posterior_active_te100bp,benchmark_relative_active,2018-11-05,2018-11-05,2018-11-05,2018-11-01,IEF,0.013318259906155913,0.0,0.013318259906155913,False,,False,optimal
pooled_relative_posterior_active_te100bp,benchmark_relative_active,2018-11-05,2018-11-05,2018-11-05,2018-11-01,TIP,0.04905356915199574,0.0,0.04905356915199574,False,,False,optimal
pooled_relative_posterior_active_te100bp,benchmark_relative_active,2018-11-05,2018-11-05,2018-11-05,2018-11-01,HYG,0.16849170928714438,0.1500000000000004,0.01849170928714397,False,,False,optimal
pooled_relative_posterior_active_te100bp,benchmark_relative_active,2018-11-05,2018-11-05,2018-11-05,2018-11-01,BIL,0.00895129316841324,0.0,0.00895129316841324,False,,False,optimal
pooled_relative_posterior_active_te100bp,benchmark_relative_active,2018-11-05,2018-11-05,2018-11-05,2018-11-01,GLD,0.15675504690258804,0.1505822472754457,0.006172799627142345,False,,False,optimal
pooled_relative_posterior_active_te100bp,benchmark_relative_active,2018-11-05,2018-11-05,2018-11-05,2018-11-01,LQD,0.30117632915119563,0.3494177527245529,-0.048241423573357256,False,,False,optimal
pooled_relative_posterior_active_te100bp,benchmark_relative_active,2018-11-05,2018-11-05,2018-11-05,2018-11-01,AGG,0.0,0.0,0.0,False,,False,optimal
pooled_relative_posterior_active_te100bp,benchmark_relative_active,2018-11-12,2018-11-12,2018-11-12,2018-11-01,SPY,0.3067365026276409,0.3499999999999996,-0.043263497372358684,False,,False,optimal
pooled_relative_posterior_active_te100bp,benchmark_relative_active,2018-11-12,2018-11-12,2018-11-12,2018-11-01,IEF,0.01325823642337661,0.0,0.01325823642337661,False,,False,optimal
pooled_relative_posterior_active_te100bp,benchmark_relative_active,2018-11-12,2018-11-12,2018-11-12,2018-11-01,TIP,0.048904139379308195,0.0,0.048904139379308195,False,,False,optimal
pooled_relative_posterior_active_te100bp,benchmark_relative_active,2018-11-12,2018-11-12,2018-11-12,2018-11-01,HYG,0.16789480846513763,0.1499999999999997,0.01789480846513794,False,,False,optimal
pooled_relative_posterior_active_te100bp,benchmark_relative_active,2018-11-12,2018-11-12,2018-11-12,2018-11-01,BIL,0.008914935087389306,0.0,0.008914935087389306,False,,False,optimal
pooled_relative_posterior_active_te100bp,benchmark_relative_active,2018-11-12,2018-11-12,2018-11-12,2018-11-01,GLD,0.15361764066711486,0.1500000000000009,0.0036176406671139527,False,,False,optimal
pooled_relative_posterior_active_te100bp,benchmark_relative_active,2018-11-12,2018-11-12,2018-11-12,2018-11-01,LQD,0.3006737373500326,0.3499999999999995,-0.04932626264996687,False,,False,optimal
pooled_relative_posterior_active_te100bp,benchmark_relative_active,2018-11-12,2018-11-12,2018-11-12,2018-11-01,AGG,0.0,0.0,0.0,False,,False,optimal
pooled_relative_posterior_active_te100bp,benchmark_relative_active,2018-11-19,2018-11-19,2018-11-19,2018-11-01,SPY,0.304512397873568,0.35,-0.04548760212643199,False,,False,optimal
pooled_relative_posterior_active_te100bp,benchmark_relative_active,2018-11-19,2018-11-19,2018-11-19,2018-11-01,IEF,0.013429389303405436,0.0,0.013429389303405436,False,,False,optimal
pooled_relative_posterior_active_te100bp,benchmark_relative_active,2018-11-19,2018-11-19,2018-11-19,2018-11-01,TIP,0.049380044084577676,0.0,0.049380044084577676,False,,False,optimal
pooled_relative_posterior_active_te100bp,benchmark_relative_active,2018-11-19,2018-11-19,2018-11-19,2018-11-01,HYG,0.1666627146355106,0.1490466037773539,0.017616110858156703,False,,False,optimal
pooled_relative_posterior_active_te100bp,benchmark_relative_active,2018-11-19,2018-11-19,2018-11-19,2018-11-01,BIL,0.008965105801614236,0.0,0.008965105801614236,False,,False,optimal
pooled_relative_posterior_active_te100bp,benchmark_relative_active,2018-11-19,2018-11-19,2018-11-19,2018-11-01,GLD,0.15661231575376647,0.1508816191524342,0.005730696601332269,False,,False,optimal
pooled_relative_posterior_active_te100bp,benchmark_relative_active,2018-11-19,2018-11-19,2018-11-19,2018-11-01,LQD,0.30043803254755763,0.350071777070212,-0.049633744522654344,False,,False,optimal
pooled_relative_posterior_active_te100bp,benchmark_relative_active,2018-11-19,2018-11-19,2018-11-19,2018-11-01,AGG,0.0,0.0,0.0,False,,False,optimal
pooled_relative_posterior_active_te100bp,benchmark_relative_active,2018-11-26,2018-11-26,2018-11-26,2018-11-01,SPY,0.29972730929828983,0.3497273092982897,-0.04999999999999988,False,,False,optimal
pooled_relative_posterior_active_te100bp,benchmark_relative_active,2018-11-26,2018-11-26,2018-11-26,2018-11-01,IEF,0.013609798180983405,0.0,0.013609798180983405,False,,False,optimal
pooled_relative_posterior_active_te100bp,benchmark_relative_active,2018-11-26,2018-11-26,2018-11-26,2018-11-01,TIP,0.04978729227126707,0.0,0.04978729227126707,False,,False,optimal
pooled_relative_posterior_active_te100bp,benchmark_relative_active,2018-11-26,2018-11-26,2018-11-26,2018-11-01,HYG,0.16486044667961824,0.1502726907017112,0.014587755977907041,False,,False,optimal
pooled_relative_posterior_active_te100bp,benchmark_relative_active,2018-11-26,2018-11-26,2018-11-26,2018-11-01,BIL,0.00906609090693305,0.0,0.00906609090693305,False,,False,optimal
pooled_relative_posterior_active_te100bp,benchmark_relative_active,2018-11-26,2018-11-26,2018-11-26,2018-11-01,GLD,0.15876333899558348,0.1502726907017096,0.008490648293873887,False,,False,optimal
pooled_relative_posterior_active_te100bp,benchmark_relative_active,2018-11-26,2018-11-26,2018-11-26,2018-11-01,LQD,0.30418572366732494,0.3497273092982894,-0.04554158563096444,False,,False,optimal
pooled_relative_posterior_active_te100bp,benchmark_relative_active,2018-11-26,2018-11-26,2018-11-26,2018-11-01,AGG,0.0,0.0,0.0,False,,False,optimal
pooled_relative_posterior_active_te100bp,benchmark_relative_active,2018-12-03,2018-12-03,2018-12-03,2018-12-01,SPY,0.30734233630318525,0.3500000000000008,-0.04265766369681556,False,,False,optimal
pooled_relative_posterior_active_te100bp,benchmark_relative_active,2018-12-03,2018-12-03,2018-12-03,2018-12-01,IEF,0.013536307716194795,0.0,0.013536307716194795,False,,False,optimal
pooled_relative_posterior_active_te100bp,benchmark_relative_active,2018-12-03,2018-12-03,2018-12-03,2018-12-01,TIP,0.04943046626004363,0.0,0.04943046626004363,False,,False,optimal
pooled_relative_posterior_active_te100bp,benchmark_relative_active,2018-12-03,2018-12-03,2018-12-03,2018-12-01,HYG,0.1641389451876631,0.1500000000000012,0.0141389451876619,False,,False,optimal
pooled_relative_posterior_active_te100bp,benchmark_relative_active,2018-12-03,2018-12-03,2018-12-03,2018-12-01,BIL,0.00896779910476567,0.0,0.00896779910476567,False,,False,optimal
pooled_relative_posterior_active_te100bp,benchmark_relative_active,2018-12-03,2018-12-03,2018-12-03,2018-12-01,GLD,0.1565841454281474,0.1499999999999977,0.006584145428149696,False,,False,optimal
pooled_relative_posterior_active_te100bp,benchmark_relative_active,2018-12-03,2018-12-03,2018-12-03,2018-12-01,LQD,0.3000000000000003,0.3500000000000003,-0.04999999999999999,False,,False,optimal
pooled_relative_posterior_active_te100bp,benchmark_relative_active,2018-12-03,2018-12-03,2018-12-03,2018-12-01,AGG,0.0,0.0,0.0,False,,False,optimal
pooled_relative_posterior_active_te100bp,benchmark_relative_active,2018-12-10,2018-12-10,2018-12-10,2018-12-01,SPY,0.29865604737321627,0.3486560473732162,-0.04999999999999993,False,,False,optimal
pooled_relative_posterior_active_te100bp,benchmark_relative_active,2018-12-10,2018-12-10,2018-12-10,2018-12-01,IEF,0.013941670547031682,0.0,0.013941670547031682,False,,False,optimal
pooled_relative_posterior_active_te100bp,benchmark_relative_active,2018-12-10,2018-12-10,2018-12-10,2018-12-01,TIP,0.04999999999999998,0.0,0.04999999999999998,False,,False,optimal
pooled_relative_posterior_active_te100bp,benchmark_relative_active,2018-12-10,2018-12-10,2018-12-10,2018-12-01,HYG,0.16071836064699285,0.1513439526267922,0.009374408020200647,False,,False,optimal
pooled_relative_posterior_active_te100bp,benchmark_relative_active,2018-12-10,2018-12-10,2018-12-10,2018-12-01,BIL,0.009116373984753293,0.0,0.009116373984753293,False,,False,optimal
pooled_relative_posterior_active_te100bp,benchmark_relative_active,2018-12-10,2018-12-10,2018-12-10,2018-12-01,GLD,0.16114203370088526,0.151343952626783,0.009798081074102266,False,,False,optimal
pooled_relative_posterior_active_te100bp,benchmark_relative_active,2018-12-10,2018-12-10,2018-12-10,2018-12-01,LQD,0.3064255137471205,0.3486560473732085,-0.042230533626087974,False,,False,optimal
pooled_relative_posterior_active_te100bp,benchmark_relative_active,2018-12-10,2018-12-10,2018-12-10,2018-12-01,AGG,0.0,0.0,0.0,False,,False,optimal
pooled_relative_posterior_active_te100bp,benchmark_relative_active,2018-12-17,2018-12-17,2018-12-17,2018-12-01,SPY,0.2991178330068567,0.3491178330068565,-0.04999999999999982,False,,False,optimal
pooled_relative_posterior_active_te100bp,benchmark_relative_active,2018-12-17,2018-12-17,2018-12-17,2018-12-01,IEF,0.013937441714899601,0.0,0.013937441714899601,False,,False,optimal
pooled_relative_posterior_active_te100bp,benchmark_relative_active,2018-12-17,2018-12-17,2018-12-17,2018-12-01,TIP,0.049792551838964486,0.0,0.049792551838964486,False,,False,optimal
pooled_relative_posterior_active_te100bp,benchmark_relative_active,2018-12-17,2018-12-17,2018-12-17,2018-12-01,HYG,0.1617696913001751,0.1508821669931433,0.010887524307031798,False,,False,optimal
pooled_relative_posterior_active_te100bp,benchmark_relative_active,2018-12-17,2018-12-17,2018-12-17,2018-12-01,BIL,0.009141488524844355,0.0,0.009141488524844355,False,,False,optimal
pooled_relative_posterior_active_te100bp,benchmark_relative_active,2018-12-17,2018-12-17,2018-12-17,2018-12-01,GLD,0.16065464747273084,0.150882166993144,0.009772480479586843,False,,False,optimal
pooled_relative_posterior_active_te100bp,benchmark_relative_active,2018-12-17,2018-12-17,2018-12-17,2018-12-01,LQD,0.3055863461415291,0.349117833006856,-0.04353148686532693,False,,False,optimal
pooled_relative_posterior_active_te100bp,benchmark_relative_active,2018-12-17,2018-12-17,2018-12-17,2018-12-01,AGG,0.0,0.0,0.0,False,,False,optimal
pooled_relative_posterior_active_te100bp,benchmark_relative_active,2018-12-24,2018-12-24,2018-12-24,2018-12-01,SPY,0.2996623168055496,0.3496623168055495,-0.04999999999999988,False,,False,optimal
pooled_relative_posterior_active_te100bp,benchmark_relative_active,2018-12-24,2018-12-24,2018-12-24,2018-12-01,IEF,0.009600284575472781,0.0,0.009600284575472781,False,,False,optimal
pooled_relative_posterior_active_te100bp,benchmark_relative_active,2018-12-24,2018-12-24,2018-12-24,2018-12-01,TIP,0.05,0.0,0.05,False,,False,optimal
pooled_relative_posterior_active_te100bp,benchmark_relative_active,2018-12-24,2018-12-24,2018-12-24,2018-12-01,HYG,0.16062673952002282,0.15033768319445,0.01028905632557281,False,,False,optimal
pooled_relative_posterior_active_te100bp,benchmark_relative_active,2018-12-24,2018-12-24,2018-12-24,2018-12-01,BIL,0.009360076364376347,0.0,0.009360076364376347,False,,False,optimal
pooled_relative_posterior_active_te100bp,benchmark_relative_active,2018-12-24,2018-12-24,2018-12-24,2018-12-01,GLD,0.1663153948198138,0.1503376831944505,0.015977711625363294,False,,False,optimal
pooled_relative_posterior_active_te100bp,benchmark_relative_active,2018-12-24,2018-12-24,2018-12-24,2018-12-01,LQD,0.3044351879147647,0.3496623168055499,-0.04522712889078517,False,,False,optimal
pooled_relative_posterior_active_te100bp,benchmark_relative_active,2018-12-24,2018-12-24,2018-12-24,2018-12-01,AGG,0.0,0.0,0.0,False,,False,optimal
pooled_relative_posterior_active_te100bp,benchmark_relative_active,2018-12-31,2018-12-31,2018-12-31,2018-12-01,SPY,0.3059149966007163,0.350000000000001,-0.04408500339928467,False,,False,optimal
pooled_relative_posterior_active_te100bp,benchmark_relative_active,2018-12-31,2018-12-31,2018-12-31,2018-12-01,IEF,0.00949537580687768,0.0,0.00949537580687768,False,,False,optimal
pooled_relative_posterior_active_te100bp,benchmark_relative_active,2018-12-31,2018-12-31,2018-12-31,2018-12-01,TIP,0.04932991634667847,0.0,0.04932991634667847,False,,False,optimal
pooled_relative_posterior_active_te100bp,benchmark_relative_active,2018-12-31,2018-12-31,2018-12-31,2018-12-01,HYG,0.15981074998145361,0.1500000000000003,0.009810749981453315,False,,False,optimal
pooled_relative_posterior_active_te100bp,benchmark_relative_active,2018-12-31,2018-12-31,2018-12-31,2018-12-01,BIL,0.009222468120093632,0.0,0.009222468120093632,False,,False,optimal
pooled_relative_posterior_active_te100bp,benchmark_relative_active,2018-12-31,2018-12-31,2018-12-31,2018-12-01,GLD,0.1658580196186835,0.1500000000000023,0.01585801961868119,False,,False,optimal
pooled_relative_posterior_active_te100bp,benchmark_relative_active,2018-12-31,2018-12-31,2018-12-31,2018-12-01,LQD,0.30036847352549684,0.3499999999999963,-0.04963152647449948,False,,False,optimal
pooled_relative_posterior_active_te100bp,benchmark_relative_active,2018-12-31,2018-12-31,2018-12-31,2018-12-01,AGG,0.0,0.0,0.0,False,,False,optimal
pooled_relative_posterior_active_te100bp,benchmark_relative_active,2019-01-07,2019-01-07,2019-01-07,2019-01-01,SPY,0.3062345596225568,0.3499999999999996,-0.04376544037744279,False,,False,optimal
pooled_relative_posterior_active_te100bp,benchmark_relative_active,2019-01-07,2019-01-07,2019-01-07,2019-01-01,IEF,0.00947909089444451,0.0,0.00947909089444451,False,,False,optimal
pooled_relative_posterior_active_te100bp,benchmark_relative_active,2019-01-07,2019-01-07,2019-01-07,2019-01-01,TIP,0.04927294197988489,0.0,0.04927294197988489,False,,False,optimal
pooled_relative_posterior_active_te100bp,benchmark_relative_active,2019-01-07,2019-01-07,2019-01-07,2019-01-01,HYG,0.16079356198077407,0.1500000000000006,0.01079356198077347,False,,False,optimal
pooled_relative_posterior_active_te100bp,benchmark_relative_active,2019-01-07,2019-01-07,2019-01-07,2019-01-01,BIL,0.009147034325081179,0.0,0.009147034325081179,False,,False,optimal
pooled_relative_posterior_active_te100bp,benchmark_relative_active,2019-01-07,2019-01-07,2019-01-07,2019-01-01,GLD,0.16507281119725978,0.150000000000001,0.015072811197258784,False,,False,optimal
pooled_relative_posterior_active_te100bp,benchmark_relative_active,2019-01-07,2019-01-07,2019-01-07,2019-01-01,LQD,0.2999999999999988,0.3499999999999988,-0.04999999999999999,False,,False,optimal
pooled_relative_posterior_active_te100bp,benchmark_relative_active,2019-01-07,2019-01-07,2019-01-07,2019-01-01,AGG,0.0,0.0,0.0,False,,False,optimal
pooled_relative_posterior_active_te100bp,benchmark_relative_active,2019-01-14,2019-01-14,2019-01-14,2019-01-01,SPY,0.3083218035144555,0.3500000000000002,-0.041678196485544716,False,,False,optimal
pooled_relative_posterior_active_te100bp,benchmark_relative_active,2019-01-14,2019-01-14,2019-01-14,2019-01-01,IEF,0.009347652491784013,0.0,0.009347652491784013,False,,False,optimal
pooled_relative_posterior_active_te100bp,benchmark_relative_active,2019-01-14,2019-01-14,2019-01-14,2019-01-01,TIP,0.04880609438898704,0.0,0.04880609438898704,False,,False,optimal
pooled_relative_posterior_active_te100bp,benchmark_relative_active,2019-01-14,2019-01-14,2019-01-14,2019-01-01,HYG,0.16162048993607223,0.1500000000000005,0.011620489936071732,False,,False,optimal
pooled_relative_posterior_active_te100bp,benchmark_relative_active,2019-01-14,2019-01-14,2019-01-14,2019-01-01,BIL,0.00905446389754712,0.0,0.00905446389754712,False,,False,optimal
pooled_relative_posterior_active_te100bp,benchmark_relative_active,2019-01-14,2019-01-14,2019-01-14,2019-01-01,GLD,0.162849495771154,0.1499999999999991,0.012849495771154906,False,,False,optimal
pooled_relative_posterior_active_te100bp,benchmark_relative_active,2019-01-14,2019-01-14,2019-01-14,2019-01-01,LQD,0.30000000000000016,0.3500000000000001,-0.04999999999999993,False,,False,optimal
pooled_relative_posterior_active_te100bp,benchmark_relative_active,2019-01-14,2019-01-14,2019-01-14,2019-01-01,AGG,0.0,0.0,0.0,False,,False,optimal
pooled_relative_posterior_active_te100bp,benchmark_relative_active,2019-01-21,2019-01-21,2019-01-22,2019-01-01,SPY,0.31345496511249255,0.3499999999999999,-0.03654503488750738,False,,False,optimal
pooled_relative_posterior_active_te100bp,benchmark_relative_active,2019-01-21,2019-01-21,2019-01-22,2019-01-01,IEF,0.00916057965640086,0.0,0.00916057965640086,False,,False,optimal
pooled_relative_posterior_active_te100bp,benchmark_relative_active,2019-01-21,2019-01-21,2019-01-22,2019-01-01,TIP,0.04797148093046445,0.0,0.04797148093046445,False,,False,optimal
pooled_relative_posterior_active_te100bp,benchmark_relative_active,2019-01-21,2019-01-21,2019-01-22,2019-01-01,HYG,0.16116343620119103,0.1500000000000011,0.011163436201189925,False,,False,optimal
pooled_relative_posterior_active_te100bp,benchmark_relative_active,2019-01-21,2019-01-21,2019-01-22,2019-01-01,BIL,0.008943106816235611,0.0,0.008943106816235611,False,,False,optimal
pooled_relative_posterior_active_te100bp,benchmark_relative_active,2019-01-21,2019-01-21,2019-01-22,2019-01-01,GLD,0.15930643128321714,0.1500000000000007,0.009306431283216454,False,,False,optimal
pooled_relative_posterior_active_te100bp,benchmark_relative_active,2019-01-21,2019-01-21,2019-01-22,2019-01-01,LQD,0.29999999999999827,0.3499999999999983,-0.050000000000000044,False,,False,optimal
pooled_relative_posterior_active_te100bp,benchmark_relative_active,2019-01-21,2019-01-21,2019-01-22,2019-01-01,AGG,0.0,0.0,0.0,False,,False,optimal
pooled_relative_posterior_active_te100bp,benchmark_relative_active,2019-01-28,2019-01-28,2019-01-28,2019-01-01,SPY,0.31292334461360216,0.35,-0.03707665538639782,False,,False,optimal
pooled_relative_posterior_active_te100bp,benchmark_relative_active,2019-01-28,2019-01-28,2019-01-28,2019-01-01,IEF,0.009121676836945505,0.0,0.009121676836945505,False,,False,optimal
pooled_relative_posterior_active_te100bp,benchmark_relative_active,2019-01-28,2019-01-28,2019-01-28,2019-01-01,TIP,0.04762164781154945,0.0,0.04762164781154945,False,,False,optimal
pooled_relative_posterior_active_te100bp,benchmark_relative_active,2019-01-28,2019-01-28,2019-01-28,2019-01-01,HYG,0.16046104058227573,0.1492875264846583,0.011173514097617437,False,,False,optimal
pooled_relative_posterior_active_te100bp,benchmark_relative_active,2019-01-28,2019-01-28,2019-01-28,2019-01-01,BIL,0.008898605727136487,0.0,0.008898605727136487,False,,False,optimal
pooled_relative_posterior_active_te100bp,benchmark_relative_active,2019-01-28,2019-01-28,2019-01-28,2019-01-01,GLD,0.1606586970977066,0.1504827723689388,0.010175924728767799,False,,False,optimal
pooled_relative_posterior_active_te100bp,benchmark_relative_active,2019-01-28,2019-01-28,2019-01-28,2019-01-01,LQD,0.30031498733078404,0.3502297011464028,-0.04991471381561874,False,,False,optimal
pooled_relative_posterior_active_te100bp,benchmark_relative_active,2019-01-28,2019-01-28,2019-01-28,2019-01-01,AGG,0.0,0.0,0.0,False,,False,optimal
pooled_relative_posterior_active_te100bp,benchmark_relative_active,2019-02-04,2019-02-04,2019-02-04,2019-02-01,SPY,0.3150280573389433,0.35,-0.03497194266105669,False,,False,optimal
pooled_relative_posterior_active_te100bp,benchmark_relative_active,2019-02-04,2019-02-04,2019-02-04,2019-02-01,IEF,0.009023217652120072,0.0,0.009023217652120072,False,,False,optimal
pooled_relative_posterior_active_te100bp,benchmark_relative_active,2019-02-04,2019-02-04,2019-02-04,2019-02-01,TIP,0.047347972214624924,0.0,0.047347972214624924,False,,False,optimal
pooled_relative_posterior_active_te100bp,benchmark_relative_active,2019-02-04,2019-02-04,2019-02-04,2019-02-01,HYG,0.15957286206743618,0.1499999999999997,0.009572862067436488,False,,False,optimal
pooled_relative_posterior_active_te100bp,benchmark_relative_active,2019-02-04,2019-02-04,2019-02-04,2019-02-01,BIL,0.008759751606646111,0.0,0.008759751606646111,False,,False,optimal
pooled_relative_posterior_active_te100bp,benchmark_relative_active,2019-02-04,2019-02-04,2019-02-04,2019-02-01,GLD,0.16037321346312333,0.1501050743428942,0.010268139120229142,False,,False,optimal
pooled_relative_posterior_active_te100bp,benchmark_relative_active,2019-02-04,2019-02-04,2019-02-04,2019-02-01,LQD,0.2998949256571061,0.3498949256571059,-0.04999999999999977,False,,False,optimal
pooled_relative_posterior_active_te100bp,benchmark_relative_active,2019-02-04,2019-02-04,2019-02-04,2019-02-01,AGG,0.0,0.0,0.0,False,,False,optimal
pooled_relative_posterior_active_te100bp,benchmark_relative_active,2019-02-11,2019-02-11,2019-02-11,2019-02-01,SPY,0.3147246784589736,0.3499999999999992,-0.035275321541025584,False,,False,optimal
pooled_relative_posterior_active_te100bp,benchmark_relative_active,2019-02-11,2019-02-11,2019-02-11,2019-02-01,IEF,0.009057937735526935,0.0,0.009057937735526935,False,,False,optimal
pooled_relative_posterior_active_te100bp,benchmark_relative_active,2019-02-11,2019-02-11,2019-02-11,2019-02-01,TIP,0.0473419837292275,0.0,0.0473419837292275,False,,False,optimal
pooled_relative_posterior_active_te100bp,benchmark_relative_active,2019-02-11,2019-02-11,2019-02-11,2019-02-01,HYG,0.1593948138224747,0.1498234995072668,0.009571314315207885,False,,False,optimal
pooled_relative_posterior_active_te100bp,benchmark_relative_active,2019-02-11,2019-02-11,2019-02-11,2019-02-01,BIL,0.008744440434203957,0.0,0.008744440434203957,False,,False,optimal
pooled_relative_posterior_active_te100bp,benchmark_relative_active,2019-02-11,2019-02-11,2019-02-11,2019-02-01,GLD,0.16028935287502882,0.1500000000000013,0.010289352875027524,False,,False,optimal
pooled_relative_posterior_active_te100bp,benchmark_relative_active,2019-02-11,2019-02-11,2019-02-11,2019-02-01,LQD,0.30044679294456444,0.3501765004927327,-0.049729707548168245,False,,False,optimal
pooled_relative_posterior_active_te100bp,benchmark_relative_active,2019-02-11,2019-02-11,2019-02-11,2019-02-01,AGG,0.0,0.0,0.0,False,,False,optimal
pooled_relative_posterior_active_te100bp,benchmark_relative_active,2019-02-18,2019-02-18,2019-02-19,2019-02-01,SPY,0.3161048809069065,0.3499999999999999,-0.033895119093093395,False,,False,optimal
pooled_relative_posterior_active_te100bp,benchmark_relative_active,2019-02-18,2019-02-18,2019-02-19,2019-02-01,IEF,0.008963905971240282,0.0,0.008963905971240282,False,,False,optimal
pooled_relative_posterior_active_te100bp,benchmark_relative_active,2019-02-18,2019-02-18,2019-02-19,2019-02-01,TIP,0.046960921651979036,0.0,0.046960921651979036,False,,False,optimal
pooled_relative_posterior_active_te100bp,benchmark_relative_active,2019-02-18,2019-02-18,2019-02-19,2019-02-01,HYG,0.15892759686429841,0.1500000000000007,0.008927596864297727,False,,False,optimal
pooled_relative_posterior_active_te100bp,benchmark_relative_active,2019-02-18,2019-02-18,2019-02-19,2019-02-01,BIL,0.008657322992631276,0.0,0.008657322992631276,False,,False,optimal
pooled_relative_posterior_active_te100bp,benchmark_relative_active,2019-02-18,2019-02-18,2019-02-19,2019-02-01,GLD,0.16071380774420754,0.1503284361312625,0.010385371612945032,False,,False,optimal
pooled_relative_posterior_active_te100bp,benchmark_relative_active,2019-02-18,2019-02-18,2019-02-19,2019-02-01,LQD,0.2996715638687367,0.3496715638687368,-0.0500000000000001,False,,False,optimal
pooled_relative_posterior_active_te100bp,benchmark_relative_active,2019-02-18,2019-02-18,2019-02-19,2019-02-01,AGG,0.0,0.0,0.0,False,,False,optimal
pooled_relative_posterior_active_te100bp,benchmark_relative_active,2019-02-25,2019-02-25,2019-02-25,2019-02-01,SPY,0.31685111895769524,0.3499999999999999,-0.03314888104230468,False,,False,optimal
pooled_relative_posterior_active_te100bp,benchmark_relative_active,2019-02-25,2019-02-25,2019-02-25,2019-02-01,IEF,0.008935083559829422,0.0,0.008935083559829422,False,,False,optimal
pooled_relative_posterior_active_te100bp,benchmark_relative_active,2019-02-25,2019-02-25,2019-02-25,2019-02-01,TIP,0.04694574309634289,0.0,0.04694574309634289,False,,False,optimal
pooled_relative_posterior_active_te100bp,benchmark_relative_active,2019-02-25,2019-02-25,2019-02-25,2019-02-01,HYG,0.159000789058949,0.1499999999999996,0.009000789058949382,False,,False,optimal
pooled_relative_posterior_active_te100bp,benchmark_relative_active,2019-02-25,2019-02-25,2019-02-25,2019-02-01,BIL,0.00863479192928945,0.0,0.00863479192928945,False,,False,optimal
pooled_relative_posterior_active_te100bp,benchmark_relative_active,2019-02-25,2019-02-25,2019-02-25,2019-02-01,GLD,0.1596324733978936,0.15,0.00963247339789361,False,,False,optimal
pooled_relative_posterior_active_te100bp,benchmark_relative_active,2019-02-25,2019-02-25,2019-02-25,2019-02-01,LQD,0.30000000000000043,0.3500000000000005,-0.050000000000000044,False,,False,optimal
pooled_relative_posterior_active_te100bp,benchmark_relative_active,2019-02-25,2019-02-25,2019-02-25,2019-02-01,AGG,0.0,0.0,0.0,False,,False,optimal
pooled_relative_posterior_active_te100bp,benchmark_relative_active,2019-03-04,2019-03-04,2019-03-04,2019-03-01,SPY,0.3184572795059895,0.3499999999999998,-0.0315427204940103,False,,False,optimal
pooled_relative_posterior_active_te100bp,benchmark_relative_active,2019-03-04,2019-03-04,2019-03-04,2019-03-01,IEF,0.008933347210491079,0.0,0.008933347210491079,False,,False,optimal
pooled_relative_posterior_active_te100bp,benchmark_relative_active,2019-03-04,2019-03-04,2019-03-04,2019-03-01,TIP,0.0470360975276514,0.0,0.0470360975276514,False,,False,optimal
pooled_relative_posterior_active_te100bp,benchmark_relative_active,2019-03-04,2019-03-04,2019-03-04,2019-03-01,HYG,0.16051173989774137,0.1500000000000005,0.010511739897740874,False,,False,optimal
pooled_relative_posterior_active_te100bp,benchmark_relative_active,2019-03-04,2019-03-04,2019-03-04,2019-03-01,BIL,0.008691947703919956,0.0,0.008691947703919956,False,,False,optimal
pooled_relative_posterior_active_te100bp,benchmark_relative_active,2019-03-04,2019-03-04,2019-03-04,2019-03-01,GLD,0.155638795813547,0.1499999999999998,0.005638795813547204,False,,False,optimal
pooled_relative_posterior_active_te100bp,benchmark_relative_active,2019-03-04,2019-03-04,2019-03-04,2019-03-01,LQD,0.30073079234065964,0.3499999999999996,-0.04926920765933995,False,,False,optimal
pooled_relative_posterior_active_te100bp,benchmark_relative_active,2019-03-04,2019-03-04,2019-03-04,2019-03-01,AGG,0.0,0.0,0.0,False,,False,optimal
pooled_relative_posterior_active_te100bp,benchmark_relative_active,2019-03-11,2019-03-11,2019-03-11,2019-03-01,SPY,0.3121630419257119,0.3474212595685773,-0.03525821764286535,False,,False,optimal
pooled_relative_posterior_active_te100bp,benchmark_relative_active,2019-03-11,2019-03-11,2019-03-11,2019-03-01,IEF,0.009072069907329049,0.0,0.009072069907329049,False,,False,optimal
pooled_relative_posterior_active_te100bp,benchmark_relative_active,2019-03-11,2019-03-11,2019-03-11,2019-03-01,TIP,0.04753222586661493,0.0,0.04753222586661493,False,,False,optimal
pooled_relative_posterior_active_te100bp,benchmark_relative_active,2019-03-11,2019-03-11,2019-03-11,2019-03-01,HYG,0.16028348366658268,0.1499142242004799,0.010369259466102787,False,,False,optimal
pooled_relative_posterior_active_te100bp,benchmark_relative_active,2019-03-11,2019-03-11,2019-03-11,2019-03-01,BIL,0.008746584719985956,0.0,0.008746584719985956,False,,False,optimal
pooled_relative_posterior_active_te100bp,benchmark_relative_active,2019-03-11,2019-03-11,2019-03-11,2019-03-01,GLD,0.158179797902224,0.1525787404314223,0.005601057470801696,False,,False,optimal
pooled_relative_posterior_active_te100bp,benchmark_relative_active,2019-03-11,2019-03-11,2019-03-11,2019-03-01,LQD,0.3040227960115514,0.3500857757995204,-0.04606297978796897,False,,False,optimal
pooled_relative_posterior_active_te100bp,benchmark_relative_active,2019-03-11,2019-03-11,2019-03-11,2019-03-01,AGG,0.0,0.0,0.0,False,,False,optimal
pooled_relative_posterior_active_te100bp,benchmark_relative_active,2019-03-18,2019-03-18,2019-03-18,2019-03-01,SPY,0.3167120014649999,0.3500000000000005,-0.033287998535000585,False,,False,optimal
pooled_relative_posterior_active_te100bp,benchmark_relative_active,2019-03-18,2019-03-18,2019-03-18,2019-03-01,IEF,0.008997645575474717,0.0,0.008997645575474717,False,,False,optimal
pooled_relative_posterior_active_te100bp,benchmark_relative_active,2019-03-18,2019-03-18,2019-03-18,2019-03-01,TIP,0.04726776713492636,0.0,0.04726776713492636,False,,False,optimal
pooled_relative_posterior_active_te100bp,benchmark_relative_active,2019-03-18,2019-03-18,2019-03-18,2019-03-01,HYG,0.15974626689112115,0.1500000000000003,0.009746266891120847,False,,False,optimal
pooled_relative_posterior_active_te100bp,benchmark_relative_active,2019-03-18,2019-03-18,2019-03-18,2019-03-01,BIL,0.008647950738555597,0.0,0.008647950738555597,False,,False,optimal
pooled_relative_posterior_active_te100bp,benchmark_relative_active,2019-03-18,2019-03-18,2019-03-18,2019-03-01,GLD,0.1569189767088463,0.1512596766233187,0.005659300085527591,False,,False,optimal
pooled_relative_posterior_active_te100bp,benchmark_relative_active,2019-03-18,2019-03-18,2019-03-18,2019-03-01,LQD,0.3017093914860759,0.3487403233766803,-0.04703093189060442,False,,False,optimal
pooled_relative_posterior_active_te100bp,benchmark_relative_active,2019-03-18,2019-03-18,2019-03-18,2019-03-01,AGG,0.0,0.0,0.0,False,,False,optimal
pooled_relative_posterior_active_te100bp,benchmark_relative_active,2019-03-25,2019-03-25,2019-03-25,2019-03-01,SPY,0.31303098230828896,0.3484240076441493,-0.03539302533586036,False,,False,optimal
pooled_relative_posterior_active_te100bp,benchmark_relative_active,2019-03-25,2019-03-25,2019-03-25,2019-03-01,IEF,0.009081604539324405,0.0,0.009081604539324405,False,,False,optimal
pooled_relative_posterior_active_te100bp,benchmark_relative_active,2019-03-25,2019-03-25,2019-03-25,2019-03-01,TIP,0.04754511792558127,0.0,0.04754511792558127,False,,False,optimal
pooled_relative_posterior_active_te100bp,benchmark_relative_active,2019-03-25,2019-03-25,2019-03-25,2019-03-01,HYG,0.15928275732728,0.1495883989149155,0.009694358412364518,False,,False,optimal
pooled_relative_posterior_active_te100bp,benchmark_relative_active,2019-03-25,2019-03-25,2019-03-25,2019-03-01,BIL,0.008621609699586915,0.0,0.008621609699586915,False,,False,optimal
pooled_relative_posterior_active_te100bp,benchmark_relative_active,2019-03-25,2019-03-25,2019-03-25,2019-03-01,GLD,0.15722228810177288,0.1515759923558505,0.005646295745922375,False,,False,optimal
pooled_relative_posterior_active_te100bp,benchmark_relative_active,2019-03-25,2019-03-25,2019-03-25,2019-03-01,LQD,0.3052156400981656,0.3504116010850847,-0.04519596098691908,False,,False,optimal
pooled_relative_posterior_active_te100bp,benchmark_relative_active,2019-03-25,2019-03-25,2019-03-25,2019-03-01,AGG,0.0,0.0,0.0,False,,False,optimal
pooled_relative_posterior_active_te100bp,benchmark_relative_active,2019-04-01,2019-04-01,2019-04-01,2019-04-01,SPY,0.3159866041586978,0.35,-0.034013395841302196,False,,False,optimal
pooled_relative_posterior_active_te100bp,benchmark_relative_active,2019-04-01,2019-04-01,2019-04-01,2019-04-01,IEF,0.0090782832062156,0.0,0.0090782832062156,False,,False,optimal
pooled_relative_posterior_active_te100bp,benchmark_relative_active,2019-04-01,2019-04-01,2019-04-01,2019-04-01,TIP,0.047443627327214605,0.0,0.047443627327214605,False,,False,optimal
pooled_relative_posterior_active_te100bp,benchmark_relative_active,2019-04-01,2019-04-01,2019-04-01,2019-04-01,HYG,0.16000878873066024,0.1499999999999997,0.01000878873066055,False,,False,optimal
pooled_relative_posterior_active_te100bp,benchmark_relative_active,2019-04-01,2019-04-01,2019-04-01,2019-04-01,BIL,0.008594603773304994,0.0,0.008594603773304994,False,,False,optimal
pooled_relative_posterior_active_te100bp,benchmark_relative_active,2019-04-01,2019-04-01,2019-04-01,2019-04-01,GLD,0.15347102610649915,0.1500000000000004,0.0034710261064987424,False,,False,optimal
pooled_relative_posterior_active_te100bp,benchmark_relative_active,2019-04-01,2019-04-01,2019-04-01,2019-04-01,LQD,0.30541706669740765,0.3499999999999998,-0.044582933302592165,False,,False,optimal
pooled_relative_posterior_active_te100bp,benchmark_relative_active,2019-04-01,2019-04-01,2019-04-01,2019-04-01,AGG,0.0,0.0,0.0,False,,False,optimal
pooled_relative_posterior_active_te100bp,benchmark_relative_active,2019-04-08,2019-04-08,2019-04-08,2019-04-01,SPY,0.31891539449473993,0.3500000000000006,-0.031084605505260654,False,,False,optimal
pooled_relative_posterior_active_te100bp,benchmark_relative_active,2019-04-08,2019-04-08,2019-04-08,2019-04-01,IEF,0.00900802685703462,0.0,0.00900802685703462,False,,False,optimal
pooled_relative_posterior_active_te100bp,benchmark_relative_active,2019-04-08,2019-04-08,2019-04-08,2019-04-01,TIP,0.047119836712821675,0.0,0.047119836712821675,False,,False,optimal
pooled_relative_posterior_active_te100bp,benchmark_relative_active,2019-04-08,2019-04-08,2019-04-08,2019-04-01,HYG,0.15973257567676585,0.15,0.009732575676765859,False,,False,optimal
pooled_relative_posterior_active_te100bp,benchmark_relative_active,2019-04-08,2019-04-08,2019-04-08,2019-04-01,BIL,0.008561676433385982,0.0,0.008561676433385982,False,,False,optimal
pooled_relative_posterior_active_te100bp,benchmark_relative_active,2019-04-08,2019-04-08,2019-04-08,2019-04-01,GLD,0.15229179220079958,0.1499999999999996,0.0022917922007999747,False,,False,optimal
pooled_relative_posterior_active_te100bp,benchmark_relative_active,2019-04-08,2019-04-08,2019-04-08,2019-04-01,LQD,0.30437069762445235,0.3499999999999997,-0.045629302375547354,False,,False,optimal
pooled_relative_posterior_active_te100bp,benchmark_relative_active,2019-04-08,2019-04-08,2019-04-08,2019-04-01,AGG,0.0,0.0,0.0,False,,False,optimal
pooled_relative_posterior_active_te100bp,benchmark_relative_active,2019-04-15,2019-04-15,2019-04-15,2019-04-01,SPY,0.3201815486863429,0.3500000000000003,-0.0298184513136574,False,,False,optimal
pooled_relative_posterior_active_te100bp,benchmark_relative_active,2019-04-15,2019-04-15,2019-04-15,2019-04-01,IEF,0.008942207924385919,0.0,0.008942207924385919,False,,False,optimal
pooled_relative_posterior_active_te100bp,benchmark_relative_active,2019-04-15,2019-04-15,2019-04-15,2019-04-01,TIP,0.04696687455480038,0.0,0.04696687455480038,False,,False,optimal
pooled_relative_posterior_active_te100bp,benchmark_relative_active,2019-04-15,2019-04-15,2019-04-15,2019-04-01,HYG,0.16027880107243345,0.1499999999999995,0.010278801072433952,False,,False,optimal
pooled_relative_posterior_active_te100bp,benchmark_relative_active,2019-04-15,2019-04-15,2019-04-15,2019-04-01,BIL,0.008537438505611693,0.0,0.008537438505611693,False,,False,optimal
pooled_relative_posterior_active_te100bp,benchmark_relative_active,2019-04-15,2019-04-15,2019-04-15,2019-04-01,GLD,0.15040354601916014,0.1499999999999996,0.0004035460191605389,False,,False,optimal
pooled_relative_posterior_active_te100bp,benchmark_relative_active,2019-04-15,2019-04-15,2019-04-15,2019-04-01,LQD,0.3046895832372656,0.3500000000000006,-0.045310416762735006,False,,False,optimal
pooled_relative_posterior_active_te100bp,benchmark_relative_active,2019-04-15,2019-04-15,2019-04-15,2019-04-01,AGG,0.0,0.0,0.0,False,,False,optimal
pooled_relative_posterior_active_te100bp,benchmark_relative_active,2019-04-22,2019-04-22,2019-04-22,2019-04-01,SPY,0.32084458345218825,0.35,-0.02915541654781173,False,,False,optimal
pooled_relative_posterior_active_te100bp,benchmark_relative_active,2019-04-22,2019-04-22,2019-04-22,2019-04-01,IEF,0.008970076000816707,0.0,0.008970076000816707,False,,False,optimal
pooled_relative_posterior_active_te100bp,benchmark_relative_active,2019-04-22,2019-04-22,2019-04-22,2019-04-01,TIP,0.04714170754943356,0.0,0.04714170754943356,False,,False,optimal
pooled_relative_posterior_active_te100bp,benchmark_relative_active,2019-04-22,2019-04-22,2019-04-22,2019-04-01,HYG,0.16023352243363861,0.1499999999999999,0.010233522433638703,False,,False,optimal
pooled_relative_posterior_active_te100bp,benchmark_relative_active,2019-04-22,2019-04-22,2019-04-22,2019-04-01,BIL,0.008565353453306895,0.0,0.008565353453306895,False,,False,optimal
pooled_relative_posterior_active_te100bp,benchmark_relative_active,2019-04-22,2019-04-22,2019-04-22,2019-04-01,GLD,0.14979649757008315,0.149999999999999,-0.00020350242991584722,False,,False,optimal
pooled_relative_posterior_active_te100bp,benchmark_relative_active,2019-04-22,2019-04-22,2019-04-22,2019-04-01,LQD,0.3044482595405328,0.3500000000000011,-0.045551740459468304,False,,False,optimal
pooled_relative_posterior_active_te100bp,benchmark_relative_active,2019-04-22,2019-04-22,2019-04-22,2019-04-01,AGG,0.0,0.0,0.0,False,,False,optimal
pooled_relative_posterior_active_te100bp,benchmark_relative_active,2019-04-29,2019-04-29,2019-04-29,2019-04-01,SPY,0.3223547067785705,0.3499999999999994,-0.027645293221428946,False,,False,optimal
pooled_relative_posterior_active_te100bp,benchmark_relative_active,2019-04-29,2019-04-29,2019-04-29,2019-04-01,IEF,0.008936911267909294,0.0,0.008936911267909294,False,,False,optimal
pooled_relative_posterior_active_te100bp,benchmark_relative_active,2019-04-29,2019-04-29,2019-04-29,2019-04-01,TIP,0.04701067329460049,0.0,0.04701067329460049,False,,False,optimal
pooled_relative_posterior_active_te100bp,benchmark_relative_active,2019-04-29,2019-04-29,2019-04-29,2019-04-01,HYG,0.15930239664863952,0.1500000000000011,0.009302396648638411,False,,False,optimal
pooled_relative_posterior_active_te100bp,benchmark_relative_active,2019-04-29,2019-04-29,2019-04-29,2019-04-01,BIL,0.008484089020104488,0.0,0.008484089020104488,False,,False,optimal
pooled_relative_posterior_active_te100bp,benchmark_relative_active,2019-04-29,2019-04-29,2019-04-29,2019-04-01,GLD,0.14944721791926174,0.150000000000001,-0.0005527820807392503,False,,False,optimal
pooled_relative_posterior_active_te100bp,benchmark_relative_active,2019-04-29,2019-04-29,2019-04-29,2019-04-01,LQD,0.3044640050709141,0.3499999999999983,-0.04553599492908422,False,,False,optimal
pooled_relative_posterior_active_te100bp,benchmark_relative_active,2019-04-29,2019-04-29,2019-04-29,2019-04-01,AGG,0.0,0.0,0.0,False,,False,optimal
pooled_relative_posterior_active_te100bp,benchmark_relative_active,2019-05-06,2019-05-06,2019-05-06,2019-05-01,SPY,0.32295744739845367,0.3499999999999993,-0.027042552601545644,False,,False,optimal
pooled_relative_posterior_active_te100bp,benchmark_relative_active,2019-05-06,2019-05-06,2019-05-06,2019-05-01,IEF,0.00893538177589107,0.0,0.00893538177589107,False,,False,optimal
pooled_relative_posterior_active_te100bp,benchmark_relative_active,2019-05-06,2019-05-06,2019-05-06,2019-05-01,TIP,0.046905154266299404,0.0,0.046905154266299404,False,,False,optimal
pooled_relative_posterior_active_te100bp,benchmark_relative_active,2019-05-06,2019-05-06,2019-05-06,2019-05-01,HYG,0.1592923585472506,0.1500000000000001,0.009292358547250495,False,,False,optimal
pooled_relative_posterior_active_te100bp,benchmark_relative_active,2019-05-06,2019-05-06,2019-05-06,2019-05-01,BIL,0.008488068537648094,0.0,0.008488068537648094,False,,False,optimal
pooled_relative_posterior_active_te100bp,benchmark_relative_active,2019-05-06,2019-05-06,2019-05-06,2019-05-01,GLD,0.14917745170371716,0.1499999999999996,-0.0008225482962824493,False,,False,optimal
pooled_relative_posterior_active_te100bp,benchmark_relative_active,2019-05-06,2019-05-06,2019-05-06,2019-05-01,LQD,0.30424413777073994,0.3500000000000007,-0.04575586222926076,False,,False,optimal
pooled_relative_posterior_active_te100bp,benchmark_relative_active,2019-05-06,2019-05-06,2019-05-06,2019-05-01,AGG,0.0,0.0,0.0,False,,False,optimal
pooled_relative_posterior_active_te100bp,benchmark_relative_active,2019-05-13,2019-05-13,2019-05-13,2019-05-01,SPY,0.3218385386434102,0.3488820998740953,-0.027043561230685076,False,,False,optimal
pooled_relative_posterior_active_te100bp,benchmark_relative_active,2019-05-13,2019-05-13,2019-05-13,2019-05-01,IEF,0.008960238104052673,0.0,0.008960238104052673,False,,False,optimal
pooled_relative_posterior_active_te100bp,benchmark_relative_active,2019-05-13,2019-05-13,2019-05-13,2019-05-01,TIP,0.047003945567990854,0.0,0.047003945567990854,False,,False,optimal
pooled_relative_posterior_active_te100bp,benchmark_relative_active,2019-05-13,2019-05-13,2019-05-13,2019-05-01,HYG,0.15946663803506708,0.1502048839891476,0.009261754045919474,False,,False,optimal
pooled_relative_posterior_active_te100bp,benchmark_relative_active,2019-05-13,2019-05-13,2019-05-13,2019-05-01,BIL,0.008496140067307832,0.0,0.008496140067307832,False,,False,optimal
pooled_relative_posterior_active_te100bp,benchmark_relative_active,2019-05-13,2019-05-13,2019-05-13,2019-05-01,GLD,0.15026882024515562,0.1511384107605239,-0.0008695905153682792,False,,False,optimal
pooled_relative_posterior_active_te100bp,benchmark_relative_active,2019-05-13,2019-05-13,2019-05-13,2019-05-01,LQD,0.3039656793370157,0.3497746053762331,-0.045808926039217435,False,,False,optimal
pooled_relative_posterior_active_te100bp,benchmark_relative_active,2019-05-13,2019-05-13,2019-05-13,2019-05-01,AGG,0.0,0.0,0.0,False,,False,optimal
pooled_relative_posterior_active_te100bp,benchmark_relative_active,2019-05-20,2019-05-20,2019-05-20,2019-05-01,SPY,0.32476898179048774,0.3500000000000001,-0.025231018209512346,False,,False,optimal
pooled_relative_posterior_active_te100bp,benchmark_relative_active,2019-05-20,2019-05-20,2019-05-20,2019-05-01,IEF,0.00894705930648532,0.0,0.00894705930648532,False,,False,optimal
pooled_relative_posterior_active_te100bp,benchmark_relative_active,2019-05-20,2019-05-20,2019-05-20,2019-05-01,TIP,0.04687268205303718,0.0,0.04687268205303718,False,,False,optimal
pooled_relative_posterior_active_te100bp,benchmark_relative_active,2019-05-20,2019-05-20,2019-05-20,2019-05-01,HYG,0.15947587906330082,0.1500000000000001,0.009475879063300718,False,,False,optimal
pooled_relative_posterior_active_te100bp,benchmark_relative_active,2019-05-20,2019-05-20,2019-05-20,2019-05-01,BIL,0.00847370449774687,0.0,0.00847370449774687,False,,False,optimal
pooled_relative_posterior_active_te100bp,benchmark_relative_active,2019-05-20,2019-05-20,2019-05-20,2019-05-01,GLD,0.14740375967911423,0.1499999999999996,-0.0025962403208853735,False,,False,optimal
pooled_relative_posterior_active_te100bp,benchmark_relative_active,2019-05-20,2019-05-20,2019-05-20,2019-05-01,LQD,0.3040579336098278,0.35,-0.045942066390172176,False,,False,optimal
pooled_relative_posterior_active_te100bp,benchmark_relative_active,2019-05-20,2019-05-20,2019-05-20,2019-05-01,AGG,0.0,0.0,0.0,False,,False,optimal
pooled_relative_posterior_active_te100bp,benchmark_relative_active,2019-05-27,2019-05-27,2019-05-28,2019-05-01,SPY,0.32313669368758097,0.349081904972378,-0.025945211284797043,False,,False,optimal
pooled_relative_posterior_active_te100bp,benchmark_relative_active,2019-05-27,2019-05-27,2019-05-28,2019-05-01,IEF,0.008994326352816693,0.0,0.008994326352816693,False,,False,optimal
pooled_relative_posterior_active_te100bp,benchmark_relative_active,2019-05-27,2019-05-27,2019-05-28,2019-05-01,TIP,0.04701329713703825,0.0,0.04701329713703825,False,,False,optimal
pooled_relative_posterior_active_te100bp,benchmark_relative_active,2019-05-27,2019-05-27,2019-05-28,2019-05-01,HYG,0.15889171168788133,0.149464026776417,0.009427684911464312,False,,False,optimal
pooled_relative_posterior_active_te100bp,benchmark_relative_active,2019-05-27,2019-05-27,2019-05-28,2019-05-01,BIL,0.008472051388495255,0.0,0.008472051388495255,False,,False,optimal
pooled_relative_posterior_active_te100bp,benchmark_relative_active,2019-05-27,2019-05-27,2019-05-28,2019-05-01,GLD,0.1482925849661516,0.1509180950276216,-0.0026255100614699933,False,,False,optimal
pooled_relative_posterior_active_te100bp,benchmark_relative_active,2019-05-27,2019-05-27,2019-05-28,2019-05-01,LQD,0.30519933478003597,0.3505359732235834,-0.045336638443547406,False,,False,optimal
pooled_relative_posterior_active_te100bp,benchmark_relative_active,2019-05-27,2019-05-27,2019-05-28,2019-05-01,AGG,0.0,0.0,0.0,False,,False,optimal
pooled_relative_posterior_active_te100bp,benchmark_relative_active,2019-06-03,2019-06-03,2019-06-03,2019-06-01,SPY,0.31562163587276665,0.3499999999999996,-0.03437836412723294,False,,False,optimal
pooled_relative_posterior_active_te100bp,benchmark_relative_active,2019-06-03,2019-06-03,2019-06-03,2019-06-01,IEF,0.00914301790460673,0.0,0.00914301790460673,False,,False,optimal
pooled_relative_posterior_active_te100bp,benchmark_relative_active,2019-06-03,2019-06-03,2019-06-03,2019-06-01,TIP,0.0477505067984558,0.0,0.0477505067984558,False,,False,optimal
pooled_relative_posterior_active_te100bp,benchmark_relative_active,2019-06-03,2019-06-03,2019-06-03,2019-06-01,HYG,0.15802315155383628,0.1487758754599512,0.009247276093885093,False,,False,optimal
pooled_relative_posterior_active_te100bp,benchmark_relative_active,2019-06-03,2019-06-03,2019-06-03,2019-06-01,BIL,0.008512886776547494,0.0,0.008512886776547494,False,,False,optimal
pooled_relative_posterior_active_te100bp,benchmark_relative_active,2019-06-03,2019-06-03,2019-06-03,2019-06-01,GLD,0.1520782776965732,0.15,0.0020782776965732053,False,,False,optimal
pooled_relative_posterior_active_te100bp,benchmark_relative_active,2019-06-03,2019-06-03,2019-06-03,2019-06-01,LQD,0.3088705233972138,0.3512241245400491,-0.04235360114283526,False,,False,optimal
pooled_relative_posterior_active_te100bp,benchmark_relative_active,2019-06-03,2019-06-03,2019-06-03,2019-06-01,AGG,0.0,0.0,0.0,False,,False,optimal
pooled_relative_posterior_active_te100bp,benchmark_relative_active,2019-06-10,2019-06-10,2019-06-10,2019-06-01,SPY,0.32261018203350056,0.3500000000000002,-0.02738981796649964,False,,False,optimal
pooled_relative_posterior_active_te100bp,benchmark_relative_active,2019-06-10,2019-06-10,2019-06-10,2019-06-01,IEF,0.008973296340945546,0.0,0.008973296340945546,False,,False,optimal
pooled_relative_posterior_active_te100bp,benchmark_relative_active,2019-06-10,2019-06-10,2019-06-10,2019-06-01,TIP,0.04687682264772736,0.0,0.04687682264772736,False,,False,optimal
pooled_relative_posterior_active_te100bp,benchmark_relative_active,2019-06-10,2019-06-10,2019-06-10,2019-06-01,HYG,0.15724095068598368,0.1499999999999997,0.007240950685983988,False,,False,optimal
pooled_relative_posterior_active_te100bp,benchmark_relative_active,2019-06-10,2019-06-10,2019-06-10,2019-06-01,BIL,0.008331738194164372,0.0,0.008331738194164372,False,,False,optimal
pooled_relative_posterior_active_te100bp,benchmark_relative_active,2019-06-10,2019-06-10,2019-06-10,2019-06-01,GLD,0.15177440716924773,0.1500000000000006,0.001774407169247122,False,,False,optimal
pooled_relative_posterior_active_te100bp,benchmark_relative_active,2019-06-10,2019-06-10,2019-06-10,2019-06-01,LQD,0.3041926029284308,0.3499999999999992,-0.04580739707156839,False,,False,optimal
pooled_relative_posterior_active_te100bp,benchmark_relative_active,2019-06-10,2019-06-10,2019-06-10,2019-06-01,AGG,0.0,0.0,0.0,False,,False,optimal
pooled_relative_posterior_active_te100bp,benchmark_relative_active,2019-06-17,2019-06-17,2019-06-17,2019-06-01,SPY,0.3217958345036928,0.3499999999999998,-0.028204165496307,False,,False,optimal
pooled_relative_posterior_active_te100bp,benchmark_relative_active,2019-06-17,2019-06-17,2019-06-17,2019-06-01,IEF,0.008991882790706597,0.0,0.008991882790706597,False,,False,optimal
pooled_relative_posterior_active_te100bp,benchmark_relative_active,2019-06-17,2019-06-17,2019-06-17,2019-06-01,TIP,0.046544130633142354,0.0,0.046544130633142354,False,,False,optimal
pooled_relative_posterior_active_te100bp,benchmark_relative_active,2019-06-17,2019-06-17,2019-06-17,2019-06-01,HYG,0.15695826110204655,0.149681800640923,0.007276460461123541,False,,False,optimal
pooled_relative_posterior_active_te100bp,benchmark_relative_active,2019-06-17,2019-06-17,2019-06-17,2019-06-01,BIL,0.008317505851526366,0.0,0.008317505851526366,False,,False,optimal
pooled_relative_posterior_active_te100bp,benchmark_relative_active,2019-06-17,2019-06-17,2019-06-17,2019-06-01,GLD,0.15277672772663978,0.1500000000000007,0.002776727726639089,False,,False,optimal
pooled_relative_posterior_active_te100bp,benchmark_relative_active,2019-06-17,2019-06-17,2019-06-17,2019-06-01,LQD,0.30461565739224555,0.3503181993590765,-0.045702541966830934,False,,False,optimal
pooled_relative_posterior_active_te100bp,benchmark_relative_active,2019-06-17,2019-06-17,2019-06-17,2019-06-01,AGG,0.0,0.0,0.0,False,,False,optimal
pooled_relative_posterior_active_te100bp,benchmark_relative_active,2019-06-24,2019-06-24,2019-06-24,2019-06-01,SPY,0.321819712194391,0.35,-0.028180287805608994,False,,False,optimal
pooled_relative_posterior_active_te100bp,benchmark_relative_active,2019-06-24,2019-06-24,2019-06-24,2019-06-01,IEF,0.008832006444950899,0.0,0.008832006444950899,False,,False,optimal
pooled_relative_posterior_active_te100bp,benchmark_relative_active,2019-06-24,2019-06-24,2019-06-24,2019-06-01,TIP,0.04612031700868147,0.0,0.04612031700868147,False,,False,optimal
pooled_relative_posterior_active_te100bp,benchmark_relative_active,2019-06-24,2019-06-24,2019-06-24,2019-06-01,HYG,0.15577406581567213,0.148470465723849,0.007303600091823126,False,,False,optimal
pooled_relative_posterior_active_te100bp,benchmark_relative_active,2019-06-24,2019-06-24,2019-06-24,2019-06-01,BIL,0.008154392380040858,0.0,0.008154392380040858,False,,False,optimal
pooled_relative_posterior_active_te100bp,benchmark_relative_active,2019-06-24,2019-06-24,2019-06-24,2019-06-01,GLD,0.15597140704311294,0.1528847151950982,0.0030866918480147443,False,,False,optimal
pooled_relative_posterior_active_te100bp,benchmark_relative_active,2019-06-24,2019-06-24,2019-06-24,2019-06-01,LQD,0.30332809911315073,0.3486448190810527,-0.045316719967901986,False,,False,optimal
pooled_relative_posterior_active_te100bp,benchmark_relative_active,2019-06-24,2019-06-24,2019-06-24,2019-06-01,AGG,0.0,0.0,0.0,False,,False,optimal
pooled_relative_posterior_active_te100bp,benchmark_relative_active,2019-07-01,2019-07-01,2019-07-01,2019-07-01,SPY,0.32049443996048305,0.3485513426931398,-0.028056902732656763,False,,False,optimal
pooled_relative_posterior_active_te100bp,benchmark_relative_active,2019-07-01,2019-07-01,2019-07-01,2019-07-01,IEF,0.008855096452674429,0.0,0.008855096452674429,False,,False,optimal
pooled_relative_posterior_active_te100bp,benchmark_relative_active,2019-07-01,2019-07-01,2019-07-01,2019-07-01,TIP,0.04611524397043295,0.0,0.04611524397043295,False,,False,optimal
pooled_relative_posterior_active_te100bp,benchmark_relative_active,2019-07-01,2019-07-01,2019-07-01,2019-07-01,HYG,0.1555162277928432,0.1482215965888309,0.007294631204012275,False,,False,optimal
pooled_relative_posterior_active_te100bp,benchmark_relative_active,2019-07-01,2019-07-01,2019-07-01,2019-07-01,BIL,0.00815758026147013,0.0,0.00815758026147013,False,,False,optimal
pooled_relative_posterior_active_te100bp,benchmark_relative_active,2019-07-01,2019-07-01,2019-07-01,2019-07-01,GLD,0.15648640741465214,0.1533862948657552,0.003100112548896944,False,,False,optimal
pooled_relative_posterior_active_te100bp,benchmark_relative_active,2019-07-01,2019-07-01,2019-07-01,2019-07-01,LQD,0.3043750041474442,0.3498407658522739,-0.045465761704829744,False,,False,optimal
pooled_relative_posterior_active_te100bp,benchmark_relative_active,2019-07-01,2019-07-01,2019-07-01,2019-07-01,AGG,0.0,0.0,0.0,False,,False,optimal
pooled_relative_posterior_active_te100bp,benchmark_relative_active,2019-07-08,2019-07-08,2019-07-08,2019-07-01,SPY,0.32200444987939164,0.35,-0.027995550120608337,False,,False,optimal
pooled_relative_posterior_active_te100bp,benchmark_relative_active,2019-07-08,2019-07-08,2019-07-08,2019-07-01,IEF,0.008825232846645168,0.0,0.008825232846645168,False,,False,optimal
pooled_relative_posterior_active_te100bp,benchmark_relative_active,2019-07-08,2019-07-08,2019-07-08,2019-07-01,TIP,0.0459239664701928,0.0,0.0459239664701928,False,,False,optimal
pooled_relative_posterior_active_te100bp,benchmark_relative_active,2019-07-08,2019-07-08,2019-07-08,2019-07-01,HYG,0.1550673469455933,0.1478995728082677,0.007167774137325583,False,,False,optimal
pooled_relative_posterior_active_te100bp,benchmark_relative_active,2019-07-08,2019-07-08,2019-07-08,2019-07-01,BIL,0.008148911123099971,0.0,0.008148911123099971,False,,False,optimal
pooled_relative_posterior_active_te100bp,benchmark_relative_active,2019-07-08,2019-07-08,2019-07-08,2019-07-01,GLD,0.15697496174052536,0.1538380609200239,0.0031369008205014703,False,,False,optimal
pooled_relative_posterior_active_te100bp,benchmark_relative_active,2019-07-08,2019-07-08,2019-07-08,2019-07-01,LQD,0.3030551309945518,0.3482623662717084,-0.04520723527715664,False,,False,optimal
pooled_relative_posterior_active_te100bp,benchmark_relative_active,2019-07-08,2019-07-08,2019-07-08,2019-07-01,AGG,0.0,0.0,0.0,False,,False,optimal
pooled_relative_posterior_active_te100bp,benchmark_relative_active,2019-07-15,2019-07-15,2019-07-15,2019-07-01,SPY,0.32492137973313046,0.3499999999999999,-0.025078620266869467,False,,False,optimal
pooled_relative_posterior_active_te100bp,benchmark_relative_active,2019-07-15,2019-07-15,2019-07-15,2019-07-01,IEF,0.008741251750920487,0.0,0.008741251750920487,False,,False,optimal
pooled_relative_posterior_active_te100bp,benchmark_relative_active,2019-07-15,2019-07-15,2019-07-15,2019-07-01,TIP,0.04575899646262164,0.0,0.04575899646262164,False,,False,optimal
pooled_relative_posterior_active_te100bp,benchmark_relative_active,2019-07-15,2019-07-15,2019-07-15,2019-07-01,HYG,0.154542013964215,0.1499999999999998,0.004542013964215191,False,,False,optimal
pooled_relative_posterior_active_te100bp,benchmark_relative_active,2019-07-15,2019-07-15,2019-07-15,2019-07-01,BIL,0.00812672749435905,0.0,0.00812672749435905,False,,False,optimal
pooled_relative_posterior_active_te100bp,benchmark_relative_active,2019-07-15,2019-07-15,2019-07-15,2019-07-01,GLD,0.15807738477881314,0.1549112927458277,0.003166092032985429,False,,False,optimal
pooled_relative_posterior_active_te100bp,benchmark_relative_active,2019-07-15,2019-07-15,2019-07-15,2019-07-01,LQD,0.2998322458159403,0.3450887072541725,-0.0452564614382322,False,,False,optimal
pooled_relative_posterior_active_te100bp,benchmark_relative_active,2019-07-15,2019-07-15,2019-07-15,2019-07-01,AGG,0.0,0.0,0.0,False,,False,optimal
pooled_relative_posterior_active_te100bp,benchmark_relative_active,2019-07-22,2019-07-22,2019-07-22,2019-07-01,SPY,0.3212029685557331,0.3461096207572974,-0.024906652201564294,False,,False,optimal
pooled_relative_posterior_active_te100bp,benchmark_relative_active,2019-07-22,2019-07-22,2019-07-22,2019-07-01,IEF,0.008794881371052186,0.0,0.008794881371052186,False,,False,optimal
pooled_relative_posterior_active_te100bp,benchmark_relative_active,2019-07-22,2019-07-22,2019-07-22,2019-07-01,TIP,0.04599380765064457,0.0,0.04599380765064457,False,,False,optimal
pooled_relative_posterior_active_te100bp,benchmark_relative_active,2019-07-22,2019-07-22,2019-07-22,2019-07-01,HYG,0.15423922955774683,0.1497558871306911,0.004483342427055725,False,,False,optimal
pooled_relative_posterior_active_te100bp,benchmark_relative_active,2019-07-22,2019-07-22,2019-07-22,2019-07-01,BIL,0.008144339185316377,0.0,0.008144339185316377,False,,False,optimal
pooled_relative_posterior_active_te100bp,benchmark_relative_active,2019-07-22,2019-07-22,2019-07-22,2019-07-01,GLD,0.1598845379559044,0.1567343429139958,0.00315019504190861,False,,False,optimal
pooled_relative_posterior_active_te100bp,benchmark_relative_active,2019-07-22,2019-07-22,2019-07-22,2019-07-01,LQD,0.3017402357236026,0.3474001491980156,-0.045659913474413005,False,,False,optimal
pooled_relative_posterior_active_te100bp,benchmark_relative_active,2019-07-22,2019-07-22,2019-07-22,2019-07-01,AGG,0.0,0.0,0.0,False,,False,optimal
pooled_relative_posterior_active_te100bp,benchmark_relative_active,2019-07-29,2019-07-29,2019-07-29,2019-07-01,SPY,0.32447368556054096,0.3494353608549563,-0.024961675294415342,False,,False,optimal
pooled_relative_posterior_active_te100bp,benchmark_relative_active,2019-07-29,2019-07-29,2019-07-29,2019-07-01,IEF,0.008727092168390856,0.0,0.008727092168390856,False,,False,optimal
pooled_relative_posterior_active_te100bp,benchmark_relative_active,2019-07-29,2019-07-29,2019-07-29,2019-07-01,TIP,0.04563838029561839,0.0,0.04563838029561839,False,,False,optimal
pooled_relative_posterior_active_te100bp,benchmark_relative_active,2019-07-29,2019-07-29,2019-07-29,2019-07-01,HYG,0.15438992580450525,0.1498170576850057,0.004572868119499557,False,,False,optimal
pooled_relative_posterior_active_te100bp,benchmark_relative_active,2019-07-29,2019-07-29,2019-07-29,2019-07-01,BIL,0.008110063097155142,0.0,0.008110063097155142,False,,False,optimal
pooled_relative_posterior_active_te100bp,benchmark_relative_active,2019-07-29,2019-07-29,2019-07-29,2019-07-01,GLD,0.15807131998330218,0.1548688342563947,0.0032024857269074836,False,,False,optimal
pooled_relative_posterior_active_te100bp,benchmark_relative_active,2019-07-29,2019-07-29,2019-07-29,2019-07-01,LQD,0.3005895330904872,0.3458787472036432,-0.04528921411315601,False,,False,optimal
pooled_relative_posterior_active_te100bp,benchmark_relative_active,2019-07-29,2019-07-29,2019-07-29,2019-07-01,AGG,0.0,0.0,0.0,False,,False,optimal
pooled_relative_posterior_active_te100bp,benchmark_relative_active,2019-08-05,2019-08-05,2019-08-05,2019-08-01,SPY,0.31633152027235895,0.3419812367150194,-0.025649716442660453,False,,False,optimal
pooled_relative_posterior_active_te100bp,benchmark_relative_active,2019-08-05,2019-08-05,2019-08-05,2019-08-01,IEF,0.008915591171356468,0.0,0.008915591171356468,False,,False,optimal
pooled_relative_posterior_active_te100bp,benchmark_relative_active,2019-08-05,2019-08-05,2019-08-05,2019-08-01,TIP,0.04616084502983741,0.0,0.04616084502983741,False,,False,optimal
pooled_relative_posterior_active_te100bp,benchmark_relative_active,2019-08-05,2019-08-05,2019-08-05,2019-08-01,HYG,0.154577290850242,0.1501242731955242,0.0044530176547177835,False,,False,optimal
pooled_relative_posterior_active_te100bp,benchmark_relative_active,2019-08-05,2019-08-05,2019-08-05,2019-08-01,BIL,0.008159876360608822,0.0,0.008159876360608822,False,,False,optimal
pooled_relative_posterior_active_te100bp,benchmark_relative_active,2019-08-05,2019-08-05,2019-08-05,2019-08-01,GLD,0.16115166161618272,0.1580187632849795,0.0031328983312032266,False,,False,optimal
pooled_relative_posterior_active_te100bp,benchmark_relative_active,2019-08-05,2019-08-05,2019-08-05,2019-08-01,LQD,0.3047032146994137,0.3498757268044767,-0.04517251210506301,False,,False,optimal
pooled_relative_posterior_active_te100bp,benchmark_relative_active,2019-08-05,2019-08-05,2019-08-05,2019-08-01,AGG,0.0,0.0,0.0,False,,False,optimal
pooled_relative_posterior_active_te100bp,benchmark_relative_active,2019-08-12,2019-08-12,2019-08-12,2019-08-01,SPY,0.31707345322961566,0.3427887745840057,-0.02571532135439003,False,,False,optimal
pooled_relative_posterior_active_te100bp,benchmark_relative_active,2019-08-12,2019-08-12,2019-08-12,2019-08-01,IEF,0.00885280211996309,0.0,0.00885280211996309,False,,False,optimal
pooled_relative_posterior_active_te100bp,benchmark_relative_active,2019-08-12,2019-08-12,2019-08-12,2019-08-01,TIP,0.04606874160642856,0.0,0.04606874160642856,False,,False,optimal
pooled_relative_posterior_active_te100bp,benchmark_relative_active,2019-08-12,2019-08-12,2019-08-12,2019-08-01,HYG,0.15374168886441392,0.1493151149188535,0.004426573945560425,False,,False,optimal
pooled_relative_posterior_active_te100bp,benchmark_relative_active,2019-08-12,2019-08-12,2019-08-12,2019-08-01,BIL,0.008081772755499199,0.0,0.008081772755499199,False,,False,optimal
pooled_relative_posterior_active_te100bp,benchmark_relative_active,2019-08-12,2019-08-12,2019-08-12,2019-08-01,GLD,0.16342691783675892,0.160252332643297,0.0031745851934619207,False,,False,optimal
pooled_relative_posterior_active_te100bp,benchmark_relative_active,2019-08-12,2019-08-12,2019-08-12,2019-08-01,LQD,0.3027546235873208,0.3476437778538436,-0.04488915426652279,False,,False,optimal
pooled_relative_posterior_active_te100bp,benchmark_relative_active,2019-08-12,2019-08-12,2019-08-12,2019-08-01,AGG,0.0,0.0,0.0,False,,False,optimal
pooled_relative_posterior_active_te100bp,benchmark_relative_active,2019-08-19,2019-08-19,2019-08-19,2019-08-01,SPY,0.31455577861601053,0.3399920874724007,-0.025436308856390144,False,,False,optimal
pooled_relative_posterior_active_te100bp,benchmark_relative_active,2019-08-19,2019-08-19,2019-08-19,2019-08-01,IEF,0.008900083925077209,0.0,0.008900083925077209,False,,False,optimal
pooled_relative_posterior_active_te100bp,benchmark_relative_active,2019-08-19,2019-08-19,2019-08-19,2019-08-01,TIP,0.04599234923224832,0.0,0.04599234923224832,False,,False,optimal
pooled_relative_posterior_active_te100bp,benchmark_relative_active,2019-08-19,2019-08-19,2019-08-19,2019-08-01,HYG,0.15326735733289915,0.1488216885177114,0.004445668815187737,False,,False,optimal
pooled_relative_posterior_active_te100bp,benchmark_relative_active,2019-08-19,2019-08-19,2019-08-19,2019-08-01,BIL,0.008051929222455996,0.0,0.008051929222455996,False,,False,optimal
pooled_relative_posterior_active_te100bp,benchmark_relative_active,2019-08-19,2019-08-19,2019-08-19,2019-08-01,GLD,0.16402747803412934,0.1608058375252419,0.00322164050888743,False,,False,optimal
pooled_relative_posterior_active_te100bp,benchmark_relative_active,2019-08-19,2019-08-19,2019-08-19,2019-08-01,LQD,0.30520502363717955,0.350380386484646,-0.04517536284746643,False,,False,optimal
pooled_relative_posterior_active_te100bp,benchmark_relative_active,2019-08-19,2019-08-19,2019-08-19,2019-08-01,AGG,0.0,0.0,0.0,False,,False,optimal
pooled_relative_posterior_active_te100bp,benchmark_relative_active,2019-08-26,2019-08-26,2019-08-26,2019-08-01,SPY,0.3069056635130762,0.3357294787926932,-0.028823815279617027,False,,False,optimal
pooled_relative_posterior_active_te100bp,benchmark_relative_active,2019-08-26,2019-08-26,2019-08-26,2019-08-01,IEF,0.008965698159016777,0.0,0.008965698159016777,False,,False,optimal
pooled_relative_posterior_active_te100bp,benchmark_relative_active,2019-08-26,2019-08-26,2019-08-26,2019-08-01,TIP,0.04629039072127784,0.0,0.04629039072127784,False,,False,optimal
pooled_relative_posterior_active_te100bp,benchmark_relative_active,2019-08-26,2019-08-26,2019-08-26,2019-08-01,HYG,0.1539088056293224,0.1495343334741201,0.004374472155202314,False,,False,optimal
pooled_relative_posterior_active_te100bp,benchmark_relative_active,2019-08-26,2019-08-26,2019-08-26,2019-08-01,BIL,0.008058541028113726,0.0,0.008058541028113726,False,,False,optimal
pooled_relative_posterior_active_te100bp,benchmark_relative_active,2019-08-26,2019-08-26,2019-08-26,2019-08-01,GLD,0.16746094569440517,0.1642705212073072,0.0031904244870979703,False,,False,optimal
pooled_relative_posterior_active_te100bp,benchmark_relative_active,2019-08-26,2019-08-26,2019-08-26,2019-08-01,LQD,0.30840995525478787,0.3504656665258794,-0.042055711271091534,False,,False,optimal
pooled_relative_posterior_active_te100bp,benchmark_relative_active,2019-08-26,2019-08-26,2019-08-26,2019-08-01,AGG,0.0,0.0,0.0,False,,False,optimal
pooled_relative_posterior_active_te100bp,benchmark_relative_active,2019-09-02,2019-09-02,2019-09-03,2019-09-01,SPY,0.31047771676798713,0.3394649442798303,-0.028987227511843183,False,,False,optimal
pooled_relative_posterior_active_te100bp,benchmark_relative_active,2019-09-02,2019-09-02,2019-09-03,2019-09-01,IEF,0.00893133112535275,0.0,0.00893133112535275,False,,False,optimal
pooled_relative_posterior_active_te100bp,benchmark_relative_active,2019-09-02,2019-09-02,2019-09-03,2019-09-01,TIP,0.04608587130064949,0.0,0.04608587130064949,False,,False,optimal
pooled_relative_posterior_active_te100bp,benchmark_relative_active,2019-09-02,2019-09-02,2019-09-03,2019-09-01,HYG,0.153541216639928,0.1491016164795331,0.004439600160394908,False,,False,optimal
pooled_relative_posterior_active_te100bp,benchmark_relative_active,2019-09-02,2019-09-02,2019-09-03,2019-09-01,BIL,0.008009686045186704,0.0,0.008009686045186704,False,,False,optimal
pooled_relative_posterior_active_te100bp,benchmark_relative_active,2019-09-02,2019-09-02,2019-09-03,2019-09-01,GLD,0.165717610705467,0.1624780438345292,0.0032395668709377934,False,,False,optimal
pooled_relative_posterior_active_te100bp,benchmark_relative_active,2019-09-02,2019-09-02,2019-09-03,2019-09-01,LQD,0.30723656741542904,0.3489553954061074,-0.04171882799067839,False,,False,optimal
pooled_relative_posterior_active_te100bp,benchmark_relative_active,2019-09-02,2019-09-02,2019-09-03,2019-09-01,AGG,0.0,0.0,0.0,False,,False,optimal
pooled_relative_posterior_active_te100bp,benchmark_relative_active,2019-09-09,2019-09-09,2019-09-09,2019-09-01,SPY,0.3170511341763914,0.3463704037436596,-0.029319269567268214,False,,False,optimal
pooled_relative_posterior_active_te100bp,benchmark_relative_active,2019-09-09,2019-09-09,2019-09-09,2019-09-01,IEF,0.008854054763591242,0.0,0.008854054763591242,False,,False,optimal
pooled_relative_posterior_active_te100bp,benchmark_relative_active,2019-09-09,2019-09-09,2019-09-09,2019-09-01,TIP,0.04580245317369339,0.0,0.04580245317369339,False,,False,optimal
pooled_relative_posterior_active_te100bp,benchmark_relative_active,2019-09-09,2019-09-09,2019-09-09,2019-09-01,HYG,0.1535974135656376,0.1490349908474464,0.004562422718191211,False,,False,optimal
pooled_relative_posterior_active_te100bp,benchmark_relative_active,2019-09-09,2019-09-09,2019-09-09,2019-09-01,BIL,0.007974872771932297,0.0,0.007974872771932297,False,,False,optimal
pooled_relative_posterior_active_te100bp,benchmark_relative_active,2019-09-09,2019-09-09,2019-09-09,2019-09-01,GLD,0.16151942355492563,0.1582332480516939,0.0032861755032317364,False,,False,optimal
pooled_relative_posterior_active_te100bp,benchmark_relative_active,2019-09-09,2019-09-09,2019-09-09,2019-09-01,LQD,0.3052006479938284,0.3463613573572001,-0.041160709363371684,False,,False,optimal
pooled_relative_posterior_active_te100bp,benchmark_relative_active,2019-09-09,2019-09-09,2019-09-09,2019-09-01,AGG,0.0,0.0,0.0,False,,False,optimal
pooled_relative_posterior_active_te100bp,benchmark_relative_active,2019-09-16,2019-09-16,2019-09-16,2019-09-01,SPY,0.3217112403974543,0.3499999999999997,-0.0282887596025454,False,,False,optimal
pooled_relative_posterior_active_te100bp,benchmark_relative_active,2019-09-16,2019-09-16,2019-09-16,2019-09-01,IEF,0.008739352017801658,0.0,0.008739352017801658,False,,False,optimal
pooled_relative_posterior_active_te100bp,benchmark_relative_active,2019-09-16,2019-09-16,2019-09-16,2019-09-01,TIP,0.04547556010737907,0.0,0.04547556010737907,False,,False,optimal
pooled_relative_posterior_active_te100bp,benchmark_relative_active,2019-09-16,2019-09-16,2019-09-16,2019-09-01,HYG,0.15479229290617616,0.1500000000000003,0.00479229290617586,False,,False,optimal
pooled_relative_posterior_active_te100bp,benchmark_relative_active,2019-09-16,2019-09-16,2019-09-16,2019-09-01,BIL,0.008042313669930376,0.0,0.008042313669930376,False,,False,optimal
pooled_relative_posterior_active_te100bp,benchmark_relative_active,2019-09-16,2019-09-16,2019-09-16,2019-09-01,GLD,0.16029289451620587,0.1569970074066843,0.0032958871095215836,False,,False,optimal
pooled_relative_posterior_active_te100bp,benchmark_relative_active,2019-09-16,2019-09-16,2019-09-16,2019-09-01,LQD,0.3009463463850526,0.3430029925933155,-0.04205664620826294,False,,False,optimal
pooled_relative_posterior_active_te100bp,benchmark_relative_active,2019-09-16,2019-09-16,2019-09-16,2019-09-01,AGG,0.0,0.0,0.0,False,,False,optimal
pooled_relative_posterior_active_te100bp,benchmark_relative_active,2019-09-23,2019-09-23,2019-09-23,2019-09-01,SPY,0.3193025800730575,0.3472916000723157,-0.02798901999925818,False,,False,optimal
pooled_relative_posterior_active_te100bp,benchmark_relative_active,2019-09-23,2019-09-23,2019-09-23,2019-09-01,IEF,0.008765291551132232,0.0,0.008765291551132232,False,,False,optimal
pooled_relative_posterior_active_te100bp,benchmark_relative_active,2019-09-23,2019-09-23,2019-09-23,2019-09-01,TIP,0.04544347034020441,0.0,0.04544347034020441,False,,False,optimal
pooled_relative_posterior_active_te100bp,benchmark_relative_active,2019-09-23,2019-09-23,2019-09-23,2019-09-01,HYG,0.15404389221208895,0.1492369797392396,0.0048069124728493395,False,,False,optimal
pooled_relative_posterior_active_te100bp,benchmark_relative_active,2019-09-23,2019-09-23,2019-09-23,2019-09-01,BIL,0.007989586305614865,0.0,0.007989586305614865,False,,False,optimal
pooled_relative_posterior_active_te100bp,benchmark_relative_active,2019-09-23,2019-09-23,2019-09-23,2019-09-01,GLD,0.16070740920106102,0.1573631515979533,0.00334425760310772,False,,False,optimal
pooled_relative_posterior_active_te100bp,benchmark_relative_active,2019-09-23,2019-09-23,2019-09-23,2019-09-01,LQD,0.3037477703168411,0.3461082685904912,-0.04236049827365013,False,,False,optimal
pooled_relative_posterior_active_te100bp,benchmark_relative_active,2019-09-23,2019-09-23,2019-09-23,2019-09-01,AGG,0.0,0.0,0.0,False,,False,optimal
pooled_relative_posterior_active_te100bp,benchmark_relative_active,2019-09-30,2019-09-30,2019-09-30,2019-09-01,SPY,0.3189831906183167,0.3469891132294087,-0.02800592261109197,False,,False,optimal
pooled_relative_posterior_active_te100bp,benchmark_relative_active,2019-09-30,2019-09-30,2019-09-30,2019-09-01,IEF,0.008839124225369806,0.0,0.008839124225369806,False,,False,optimal
pooled_relative_posterior_active_te100bp,benchmark_relative_active,2019-09-30,2019-09-30,2019-09-30,2019-09-01,TIP,0.04559106718251687,0.0,0.04559106718251687,False,,False,optimal
pooled_relative_posterior_active_te100bp,benchmark_relative_active,2019-09-30,2019-09-30,2019-09-30,2019-09-01,HYG,0.1544067456005261,0.1496078691166225,0.004798876483903619,False,,False,optimal
pooled_relative_posterior_active_te100bp,benchmark_relative_active,2019-09-30,2019-09-30,2019-09-30,2019-09-01,BIL,0.008043198279959085,0.0,0.008043198279959085,False,,False,optimal
pooled_relative_posterior_active_te100bp,benchmark_relative_active,2019-09-30,2019-09-30,2019-09-30,2019-09-01,GLD,0.15927617353771487,0.1559818829237738,0.00329429061394107,False,,False,optimal
pooled_relative_posterior_active_te100bp,benchmark_relative_active,2019-09-30,2019-09-30,2019-09-30,2019-09-01,LQD,0.3048605005555967,0.347421134730195,-0.042560634174598266,False,,False,optimal
pooled_relative_posterior_active_te100bp,benchmark_relative_active,2019-09-30,2019-09-30,2019-09-30,2019-09-01,AGG,0.0,0.0,0.0,False,,False,optimal
pooled_relative_posterior_active_te100bp,benchmark_relative_active,2019-10-07,2019-10-07,2019-10-07,2019-10-01,SPY,0.315732193559461,0.3435417753256568,-0.027809581766195746,False,,False,optimal
pooled_relative_posterior_active_te100bp,benchmark_relative_active,2019-10-07,2019-10-07,2019-10-07,2019-10-01,IEF,0.008936220262040747,0.0,0.008936220262040747,False,,False,optimal
pooled_relative_posterior_active_te100bp,benchmark_relative_active,2019-10-07,2019-10-07,2019-10-07,2019-10-01,TIP,0.045854899497171725,0.0,0.045854899497171725,False,,False,optimal
pooled_relative_posterior_active_te100bp,benchmark_relative_active,2019-10-07,2019-10-07,2019-10-07,2019-10-01,HYG,0.15317725335395052,0.1484550867348444,0.004722166619106127,False,,False,optimal
pooled_relative_posterior_active_te100bp,benchmark_relative_active,2019-10-07,2019-10-07,2019-10-07,2019-10-01,BIL,0.008008274801623624,0.0,0.008008274801623624,False,,False,optimal
pooled_relative_posterior_active_te100bp,benchmark_relative_active,2019-10-07,2019-10-07,2019-10-07,2019-10-01,GLD,0.16093626771672248,0.1576485235676275,0.0032877441490949677,False,,False,optimal
pooled_relative_posterior_active_te100bp,benchmark_relative_active,2019-10-07,2019-10-07,2019-10-07,2019-10-01,LQD,0.30735489080902983,0.3503546143718711,-0.04299972356284126,False,,False,optimal
pooled_relative_posterior_active_te100bp,benchmark_relative_active,2019-10-07,2019-10-07,2019-10-07,2019-10-01,AGG,0.0,0.0,0.0,False,,False,optimal
pooled_relative_posterior_active_te100bp,benchmark_relative_active,2019-10-14,2019-10-14,2019-10-14,2019-10-01,SPY,0.319195127495398,0.3471534033762189,-0.027958275880820893,False,,False,optimal
pooled_relative_posterior_active_te100bp,benchmark_relative_active,2019-10-14,2019-10-14,2019-10-14,2019-10-01,IEF,0.008817741709997065,0.0,0.008817741709997065,False,,False,optimal
pooled_relative_posterior_active_te100bp,benchmark_relative_active,2019-10-14,2019-10-14,2019-10-14,2019-10-01,TIP,0.04541941186249814,0.0,0.04541941186249814,False,,False,optimal
pooled_relative_posterior_active_te100bp,benchmark_relative_active,2019-10-14,2019-10-14,2019-10-14,2019-10-01,HYG,0.1540989798965154,0.1492811782758022,0.004817801620713186,False,,False,optimal
pooled_relative_posterior_active_te100bp,benchmark_relative_active,2019-10-14,2019-10-14,2019-10-14,2019-10-01,BIL,0.008021956095940454,0.0,0.008021956095940454,False,,False,optimal
pooled_relative_posterior_active_te100bp,benchmark_relative_active,2019-10-14,2019-10-14,2019-10-14,2019-10-01,GLD,0.1598682011695119,0.1565317916114849,0.003336409558026998,False,,False,optimal
pooled_relative_posterior_active_te100bp,benchmark_relative_active,2019-10-14,2019-10-14,2019-10-14,2019-10-01,LQD,0.30457858177013913,0.3470336267364937,-0.04245504496635455,False,,False,optimal
pooled_relative_posterior_active_te100bp,benchmark_relative_active,2019-10-14,2019-10-14,2019-10-14,2019-10-01,AGG,0.0,0.0,0.0,False,,False,optimal
pooled_relative_posterior_active_te100bp,benchmark_relative_active,2019-10-21,2019-10-21,2019-10-21,2019-10-01,SPY,0.320325951255788,0.3482888545918299,-0.0279629033360419,False,,False,optimal
pooled_relative_posterior_active_te100bp,benchmark_relative_active,2019-10-21,2019-10-21,2019-10-21,2019-10-01,IEF,0.008764910873528842,0.0,0.008764910873528842,False,,False,optimal
pooled_relative_posterior_active_te100bp,benchmark_relative_active,2019-10-21,2019-10-21,2019-10-21,2019-10-01,TIP,0.0452721780760426,0.0,0.0452721780760426,False,,False,optimal
pooled_relative_posterior_active_te100bp,benchmark_relative_active,2019-10-21,2019-10-21,2019-10-21,2019-10-01,HYG,0.1541525748714694,0.1492926243236228,0.004859950547846603,False,,False,optimal
pooled_relative_posterior_active_te100bp,benchmark_relative_active,2019-10-21,2019-10-21,2019-10-21,2019-10-01,BIL,0.007997883913713139,0.0,0.007997883913713139,False,,False,optimal
pooled_relative_posterior_active_te100bp,benchmark_relative_active,2019-10-21,2019-10-21,2019-10-21,2019-10-01,GLD,0.1593475209764124,0.1559796917005283,0.003367829275884082,False,,False,optimal
pooled_relative_posterior_active_te100bp,benchmark_relative_active,2019-10-21,2019-10-21,2019-10-21,2019-10-01,LQD,0.3041389800330456,0.3464388293840189,-0.04229984935097325,False,,False,optimal
pooled_relative_posterior_active_te100bp,benchmark_relative_active,2019-10-21,2019-10-21,2019-10-21,2019-10-01,AGG,0.0,0.0,0.0,False,,False,optimal
pooled_relative_posterior_active_te100bp,benchmark_relative_active,2019-10-28,2019-10-28,2019-10-28,2019-10-01,SPY,0.3210795197180257,0.3490749257800303,-0.027995406062004624,False,,False,optimal
pooled_relative_posterior_active_te100bp,benchmark_relative_active,2019-10-28,2019-10-28,2019-10-28,2019-10-01,IEF,0.008715779400837167,0.0,0.008715779400837167,False,,False,optimal
pooled_relative_posterior_active_te100bp,benchmark_relative_active,2019-10-28,2019-10-28,2019-10-28,2019-10-01,TIP,0.04522204714123327,0.0,0.04522204714123327,False,,False,optimal
pooled_relative_posterior_active_te100bp,benchmark_relative_active,2019-10-28,2019-10-28,2019-10-28,2019-10-01,HYG,0.15380322448106765,0.1489400881940361,0.004863136287031555,False,,False,optimal
pooled_relative_posterior_active_te100bp,benchmark_relative_active,2019-10-28,2019-10-28,2019-10-28,2019-10-01,BIL,0.007960489550101207,0.0,0.007960489550101207,False,,False,optimal
pooled_relative_posterior_active_te100bp,benchmark_relative_active,2019-10-28,2019-10-28,2019-10-28,2019-10-01,GLD,0.15985248277671812,0.1564590645576535,0.0033934182190646367,False,,False,optimal
pooled_relative_posterior_active_te100bp,benchmark_relative_active,2019-10-28,2019-10-28,2019-10-28,2019-10-01,LQD,0.30336645693201686,0.34552592146828,-0.042159464536263125,False,,False,optimal
pooled_relative_posterior_active_te100bp,benchmark_relative_active,2019-10-28,2019-10-28,2019-10-28,2019-10-01,AGG,0.0,0.0,0.0,False,,False,optimal
pooled_relative_posterior_active_te100bp,benchmark_relative_active,2019-11-04,2019-11-04,2019-11-04,2019-11-01,SPY,0.32213587121442405,0.3500000000000001,-0.027864128785576037,False,,False,optimal
pooled_relative_posterior_active_te100bp,benchmark_relative_active,2019-11-04,2019-11-04,2019-11-04,2019-11-01,IEF,0.00873925400151607,0.0,0.00873925400151607,False,,False,optimal
pooled_relative_posterior_active_te100bp,benchmark_relative_active,2019-11-04,2019-11-04,2019-11-04,2019-11-01,TIP,0.0450866471435736,0.0,0.0450866471435736,False,,False,optimal
pooled_relative_posterior_active_te100bp,benchmark_relative_active,2019-11-04,2019-11-04,2019-11-04,2019-11-01,HYG,0.1523163273586517,0.1475557379494656,0.004760589409186083,False,,False,optimal
pooled_relative_posterior_active_te100bp,benchmark_relative_active,2019-11-04,2019-11-04,2019-11-04,2019-11-01,BIL,0.007905699738498265,0.0,0.007905699738498265,False,,False,optimal
pooled_relative_posterior_active_te100bp,benchmark_relative_active,2019-11-04,2019-11-04,2019-11-04,2019-11-01,GLD,0.16017388290216503,0.1567207723112778,0.0034531105908872373,False,,False,optimal
pooled_relative_posterior_active_te100bp,benchmark_relative_active,2019-11-04,2019-11-04,2019-11-04,2019-11-01,LQD,0.30364231764117133,0.3457234897392564,-0.04208117209808504,False,,False,optimal
pooled_relative_posterior_active_te100bp,benchmark_relative_active,2019-11-04,2019-11-04,2019-11-04,2019-11-01,AGG,0.0,0.0,0.0,False,,False,optimal
pooled_relative_posterior_active_te100bp,benchmark_relative_active,2019-11-11,2019-11-11,2019-11-11,2019-11-01,SPY,0.32598277651522123,0.3500000000000005,-0.02401722348477925,False,,False,optimal
pooled_relative_posterior_active_te100bp,benchmark_relative_active,2019-11-11,2019-11-11,2019-11-11,2019-11-01,IEF,0.008702679698388506,0.0,0.008702679698388506,False,,False,optimal
pooled_relative_posterior_active_te100bp,benchmark_relative_active,2019-11-11,2019-11-11,2019-11-11,2019-11-01,TIP,0.045276018704013,0.0,0.045276018704013,False,,False,optimal
pooled_relative_posterior_active_te100bp,benchmark_relative_active,2019-11-11,2019-11-11,2019-11-11,2019-11-01,HYG,0.15336172960575323,0.149999999999999,0.0033617296057542323,False,,False,optimal
pooled_relative_posterior_active_te100bp,benchmark_relative_active,2019-11-11,2019-11-11,2019-11-11,2019-11-01,BIL,0.007974492235590068,0.0,0.007974492235590068,False,,False,optimal
pooled_relative_posterior_active_te100bp,benchmark_relative_active,2019-11-11,2019-11-11,2019-11-11,2019-11-01,GLD,0.15598560123475796,0.1526166027346843,0.003368998500073661,False,,False,optimal
pooled_relative_posterior_active_te100bp,benchmark_relative_active,2019-11-11,2019-11-11,2019-11-11,2019-11-01,LQD,0.30271670200627604,0.3473833972653161,-0.044666695259040046,False,,False,optimal
pooled_relative_posterior_active_te100bp,benchmark_relative_active,2019-11-11,2019-11-11,2019-11-11,2019-11-01,AGG,0.0,0.0,0.0,False,,False,optimal
pooled_relative_posterior_active_te100bp,benchmark_relative_active,2019-11-18,2019-11-18,2019-11-18,2019-11-01,SPY,0.32803836367651124,0.3499999999999999,-0.021961636323488687,False,,False,optimal
pooled_relative_posterior_active_te100bp,benchmark_relative_active,2019-11-18,2019-11-18,2019-11-18,2019-11-01,IEF,0.008688739744746675,0.0,0.008688739744746675,False,,False,optimal
pooled_relative_posterior_active_te100bp,benchmark_relative_active,2019-11-18,2019-11-18,2019-11-18,2019-11-01,TIP,0.04497342320677426,0.0,0.04497342320677426,False,,False,optimal
pooled_relative_posterior_active_te100bp,benchmark_relative_active,2019-11-18,2019-11-18,2019-11-18,2019-11-01,HYG,0.15246401915028063,0.1499999999999994,0.002464019150281216,False,,False,optimal
pooled_relative_posterior_active_te100bp,benchmark_relative_active,2019-11-18,2019-11-18,2019-11-18,2019-11-01,BIL,0.007913173186068899,0.0,0.007913173186068899,False,,False,optimal
pooled_relative_posterior_active_te100bp,benchmark_relative_active,2019-11-18,2019-11-18,2019-11-18,2019-11-01,GLD,0.15544401418893755,0.1520068339434994,0.003437180245438154,False,,False,optimal
pooled_relative_posterior_active_te100bp,benchmark_relative_active,2019-11-18,2019-11-18,2019-11-18,2019-11-01,LQD,0.30247826684668083,0.3479931660565012,-0.04551489920982038,False,,False,optimal
pooled_relative_posterior_active_te100bp,benchmark_relative_active,2019-11-18,2019-11-18,2019-11-18,2019-11-01,AGG,0.0,0.0,0.0,False,,False,optimal
pooled_relative_posterior_active_te100bp,benchmark_relative_active,2019-11-25,2019-11-25,2019-11-25,2019-11-01,SPY,0.3275724574394424,0.3495489687044731,-0.021976511265030696,False,,False,optimal
pooled_relative_posterior_active_te100bp,benchmark_relative_active,2019-11-25,2019-11-25,2019-11-25,2019-11-01,IEF,0.008718062899666836,0.0,0.008718062899666836,False,,False,optimal
pooled_relative_posterior_active_te100bp,benchmark_relative_active,2019-11-25,2019-11-25,2019-11-25,2019-11-01,TIP,0.045232595538968294,0.0,0.045232595538968294,False,,False,optimal
pooled_relative_posterior_active_te100bp,benchmark_relative_active,2019-11-25,2019-11-25,2019-11-25,2019-11-01,HYG,0.15221057854753958,0.1497703933780881,0.002440185169451492,False,,False,optimal
pooled_relative_posterior_active_te100bp,benchmark_relative_active,2019-11-25,2019-11-25,2019-11-25,2019-11-01,BIL,0.007918149515651247,0.0,0.007918149515651247,False,,False,optimal
pooled_relative_posterior_active_te100bp,benchmark_relative_active,2019-11-25,2019-11-25,2019-11-25,2019-11-01,GLD,0.154721495979374,0.1513202343656073,0.0034012616137667206,False,,False,optimal
pooled_relative_posterior_active_te100bp,benchmark_relative_active,2019-11-25,2019-11-25,2019-11-25,2019-11-01,LQD,0.3036266600793577,0.3493604035518314,-0.04573374347247372,False,,False,optimal
pooled_relative_posterior_active_te100bp,benchmark_relative_active,2019-11-25,2019-11-25,2019-11-25,2019-11-01,AGG,0.0,0.0,0.0,False,,False,optimal
pooled_relative_posterior_active_te100bp,benchmark_relative_active,2019-12-02,2019-12-02,2019-12-02,2019-12-01,SPY,0.3286513050501501,0.3500000000000002,-0.02134869494985009,False,,False,optimal
pooled_relative_posterior_active_te100bp,benchmark_relative_active,2019-12-02,2019-12-02,2019-12-02,2019-12-01,IEF,0.008671830792981432,0.0,0.008671830792981432,False,,False,optimal
pooled_relative_posterior_active_te100bp,benchmark_relative_active,2019-12-02,2019-12-02,2019-12-02,2019-12-01,TIP,0.04497170780613894,0.0,0.04497170780613894,False,,False,optimal
pooled_relative_posterior_active_te100bp,benchmark_relative_active,2019-12-02,2019-12-02,2019-12-02,2019-12-01,HYG,0.15198190527184147,0.1499999999999995,0.0019819052718419716,False,,False,optimal
pooled_relative_posterior_active_te100bp,benchmark_relative_active,2019-12-02,2019-12-02,2019-12-02,2019-12-01,BIL,0.007887055132719142,0.0,0.007887055132719142,False,,False,optimal
pooled_relative_posterior_active_te100bp,benchmark_relative_active,2019-12-02,2019-12-02,2019-12-02,2019-12-01,GLD,0.15468617333226026,0.1513077132575073,0.0033784600747529536,False,,False,optimal
pooled_relative_posterior_active_te100bp,benchmark_relative_active,2019-12-02,2019-12-02,2019-12-02,2019-12-01,LQD,0.3031500226139085,0.3486922867424929,-0.04554226412858442,False,,False,optimal
pooled_relative_posterior_active_te100bp,benchmark_relative_active,2019-12-02,2019-12-02,2019-12-02,2019-12-01,AGG,0.0,0.0,0.0,False,,False,optimal
pooled_relative_posterior_active_te100bp,benchmark_relative_active,2019-12-09,2019-12-09,2019-12-09,2019-12-01,SPY,0.32800998360407474,0.3493306149338344,-0.021320631329759643,False,,False,optimal
pooled_relative_posterior_active_te100bp,benchmark_relative_active,2019-12-09,2019-12-09,2019-12-09,2019-12-01,IEF,0.008655014172576473,0.0,0.008655014172576473,False,,False,optimal
pooled_relative_posterior_active_te100bp,benchmark_relative_active,2019-12-09,2019-12-09,2019-12-09,2019-12-01,TIP,0.04509175225056537,0.0,0.04509175225056537,False,,False,optimal
pooled_relative_posterior_active_te100bp,benchmark_relative_active,2019-12-09,2019-12-09,2019-12-09,2019-12-01,HYG,0.15207526772479826,0.1500979866579393,0.00197728106685896,False,,False,optimal
pooled_relative_posterior_active_te100bp,benchmark_relative_active,2019-12-09,2019-12-09,2019-12-09,2019-12-01,BIL,0.007867241259201433,0.0,0.007867241259201433,False,,False,optimal
pooled_relative_posterior_active_te100bp,benchmark_relative_active,2019-12-09,2019-12-09,2019-12-09,2019-12-01,GLD,0.15458398935077333,0.1512136461590383,0.0033703431917350424,False,,False,optimal
pooled_relative_posterior_active_te100bp,benchmark_relative_active,2019-12-09,2019-12-09,2019-12-09,2019-12-01,LQD,0.3037167516380104,0.3493577522491879,-0.04564100061117754,False,,False,optimal
pooled_relative_posterior_active_te100bp,benchmark_relative_active,2019-12-09,2019-12-09,2019-12-09,2019-12-01,AGG,0.0,0.0,0.0,False,,False,optimal
pooled_relative_posterior_active_te100bp,benchmark_relative_active,2019-12-16,2019-12-16,2019-12-16,2019-12-01,SPY,0.3288200493432084,0.3499999999999999,-0.021179950656791513,False,,False,optimal
pooled_relative_posterior_active_te100bp,benchmark_relative_active,2019-12-16,2019-12-16,2019-12-16,2019-12-01,IEF,0.008593778859466487,0.0,0.008593778859466487,False,,False,optimal
pooled_relative_posterior_active_te100bp,benchmark_relative_active,2019-12-16,2019-12-16,2019-12-16,2019-12-01,TIP,0.044846591388524794,0.0,0.044846591388524794,False,,False,optimal
pooled_relative_posterior_active_te100bp,benchmark_relative_active,2019-12-16,2019-12-16,2019-12-16,2019-12-01,HYG,0.15230131614759235,0.1499999999999995,0.0023013161475928523,False,,False,optimal
pooled_relative_posterior_active_te100bp,benchmark_relative_active,2019-12-16,2019-12-16,2019-12-16,2019-12-01,BIL,0.00781594674782201,0.0,0.00781594674782201,False,,False,optimal
pooled_relative_posterior_active_te100bp,benchmark_relative_active,2019-12-16,2019-12-16,2019-12-16,2019-12-01,GLD,0.15495226278591745,0.1519304990599747,0.003021763725942761,False,,False,optimal
pooled_relative_posterior_active_te100bp,benchmark_relative_active,2019-12-16,2019-12-16,2019-12-16,2019-12-01,LQD,0.3026700547274685,0.348069500940026,-0.04539944621255748,False,,False,optimal
pooled_relative_posterior_active_te100bp,benchmark_relative_active,2019-12-16,2019-12-16,2019-12-16,2019-12-01,AGG,0.0,0.0,0.0,False,,False,optimal
pooled_relative_posterior_active_te100bp,benchmark_relative_active,2019-12-23,2019-12-23,2019-12-23,2019-12-01,SPY,0.3308558571812377,0.3500000000000003,-0.01914414281876259,False,,False,optimal
pooled_relative_posterior_active_te100bp,benchmark_relative_active,2019-12-23,2019-12-23,2019-12-23,2019-12-01,IEF,0.008529886305242224,0.0,0.008529886305242224,False,,False,optimal
pooled_relative_posterior_active_te100bp,benchmark_relative_active,2019-12-23,2019-12-23,2019-12-23,2019-12-01,TIP,0.04471089731891258,0.0,0.04471089731891258,False,,False,optimal
pooled_relative_posterior_active_te100bp,benchmark_relative_active,2019-12-23,2019-12-23,2019-12-23,2019-12-01,HYG,0.15228408667108104,0.15,0.0022840866710810426,False,,False,optimal
pooled_relative_posterior_active_te100bp,benchmark_relative_active,2019-12-23,2019-12-23,2019-12-23,2019-12-01,BIL,0.007791997351714955,0.0,0.007791997351714955,False,,False,optimal
pooled_relative_posterior_active_te100bp,benchmark_relative_active,2019-12-23,2019-12-23,2019-12-23,2019-12-01,GLD,0.15477339396484638,0.1517375176749102,0.003035876289936179,False,,False,optimal
pooled_relative_posterior_active_te100bp,benchmark_relative_active,2019-12-23,2019-12-23,2019-12-23,2019-12-01,LQD,0.301053881206965,0.3482624823250894,-0.04720860111812436,False,,False,optimal
pooled_relative_posterior_active_te100bp,benchmark_relative_active,2019-12-23,2019-12-23,2019-12-23,2019-12-01,AGG,0.0,0.0,0.0,False,,False,optimal
pooled_relative_posterior_active_te100bp,benchmark_relative_active,2019-12-30,2019-12-30,2019-12-30,2019-12-01,SPY,0.3302307811310128,0.3492963015855187,-0.019065520454505935,False,,False,optimal
pooled_relative_posterior_active_te100bp,benchmark_relative_active,2019-12-30,2019-12-30,2019-12-30,2019-12-01,IEF,0.008509500130395312,0.0,0.008509500130395312,False,,False,optimal
pooled_relative_posterior_active_te100bp,benchmark_relative_active,2019-12-30,2019-12-30,2019-12-30,2019-12-01,TIP,0.044477581921109524,0.0,0.044477581921109524,False,,False,optimal
pooled_relative_posterior_active_te100bp,benchmark_relative_active,2019-12-30,2019-12-30,2019-12-30,2019-12-01,HYG,0.15169188654881746,0.1493985241170408,0.002293362431776663,False,,False,optimal
pooled_relative_posterior_active_te100bp,benchmark_relative_active,2019-12-30,2019-12-30,2019-12-30,2019-12-01,BIL,0.007748382464441764,0.0,0.007748382464441764,False,,False,optimal
pooled_relative_posterior_active_te100bp,benchmark_relative_active,2019-12-30,2019-12-30,2019-12-30,2019-12-01,GLD,0.1569612451042008,0.1538637533753619,0.003097491728838886,False,,False,optimal
pooled_relative_posterior_active_te100bp,benchmark_relative_active,2019-12-30,2019-12-30,2019-12-30,2019-12-01,LQD,0.3003806227000223,0.3474414209220784,-0.04706079822205611,False,,False,optimal
pooled_relative_posterior_active_te100bp,benchmark_relative_active,2019-12-30,2019-12-30,2019-12-30,2019-12-01,AGG,0.0,0.0,0.0,False,,False,optimal
pooled_relative_posterior_active_te100bp,benchmark_relative_active,2020-01-06,2020-01-06,2020-01-06,2020-01-01,SPY,0.3277703706969181,0.3468246097637203,-0.019054239066802203,False,,False,optimal
pooled_relative_posterior_active_te100bp,benchmark_relative_active,2020-01-06,2020-01-06,2020-01-06,2020-01-01,IEF,0.00854920992726046,0.0,0.00854920992726046,False,,False,optimal
pooled_relative_posterior_active_te100bp,benchmark_relative_active,2020-01-06,2020-01-06,2020-01-06,2020-01-01,TIP,0.04467953316189765,0.0,0.04467953316189765,False,,False,optimal
pooled_relative_posterior_active_te100bp,benchmark_relative_active,2020-01-06,2020-01-06,2020-01-06,2020-01-01,HYG,0.15119079293442336,0.1489611710741696,0.002229621860253772,False,,False,optimal
pooled_relative_posterior_active_te100bp,benchmark_relative_active,2020-01-06,2020-01-06,2020-01-06,2020-01-01,BIL,0.007705215948902629,0.0,0.007705215948902629,False,,False,optimal
pooled_relative_posterior_active_te100bp,benchmark_relative_active,2020-01-06,2020-01-06,2020-01-06,2020-01-01,GLD,0.15966501312445636,0.1565731997394093,0.0030918133850470486,False,,False,optimal
pooled_relative_posterior_active_te100bp,benchmark_relative_active,2020-01-06,2020-01-06,2020-01-06,2020-01-01,LQD,0.30043986420614144,0.3476410194227006,-0.047201155216559154,False,,False,optimal
pooled_relative_posterior_active_te100bp,benchmark_relative_active,2020-01-06,2020-01-06,2020-01-06,2020-01-01,AGG,0.0,0.0,0.0,False,,False,optimal
pooled_relative_posterior_active_te100bp,benchmark_relative_active,2020-01-13,2020-01-13,2020-01-13,2020-01-01,SPY,0.3318005454844708,0.3500000000000015,-0.018199454515530678,False,,False,optimal
pooled_relative_posterior_active_te100bp,benchmark_relative_active,2020-01-13,2020-01-13,2020-01-13,2020-01-01,IEF,0.008484363450702984,0.0,0.008484363450702984,False,,False,optimal
pooled_relative_posterior_active_te100bp,benchmark_relative_active,2020-01-13,2020-01-13,2020-01-13,2020-01-01,TIP,0.04428121110129562,0.0,0.04428121110129562,False,,False,optimal
pooled_relative_posterior_active_te100bp,benchmark_relative_active,2020-01-13,2020-01-13,2020-01-13,2020-01-01,HYG,0.15107554685437238,0.1496419633795225,0.00143358347484987,False,,False,optimal
pooled_relative_posterior_active_te100bp,benchmark_relative_active,2020-01-13,2020-01-13,2020-01-13,2020-01-01,BIL,0.007676631702731722,0.0,0.007676631702731722,False,,False,optimal
pooled_relative_posterior_active_te100bp,benchmark_relative_active,2020-01-13,2020-01-13,2020-01-13,2020-01-01,GLD,0.15739862910543373,0.1542597073092128,0.0031389217962209393,False,,False,optimal
pooled_relative_posterior_active_te100bp,benchmark_relative_active,2020-01-13,2020-01-13,2020-01-13,2020-01-01,LQD,0.2992830723009927,0.3460983293112631,-0.046815257010270395,False,,False,optimal
pooled_relative_posterior_active_te100bp,benchmark_relative_active,2020-01-13,2020-01-13,2020-01-13,2020-01-01,AGG,0.0,0.0,0.0,False,,False,optimal
pooled_relative_posterior_active_te100bp,benchmark_relative_active,2020-01-20,2020-01-20,2020-01-21,2020-01-01,SPY,0.3351351413708366,0.3499999999999991,-0.01486485862916248,False,,False,optimal
pooled_relative_posterior_active_te100bp,benchmark_relative_active,2020-01-20,2020-01-20,2020-01-21,2020-01-01,IEF,0.008440502658581333,0.0,0.008440502658581333,False,,False,optimal
pooled_relative_posterior_active_te100bp,benchmark_relative_active,2020-01-20,2020-01-20,2020-01-21,2020-01-01,TIP,0.04395082457058977,0.0,0.04395082457058977,False,,False,optimal
pooled_relative_posterior_active_te100bp,benchmark_relative_active,2020-01-20,2020-01-20,2020-01-21,2020-01-01,HYG,0.14997008034148232,0.1499999999999999,-2.991965851759093e-05,False,,False,optimal
pooled_relative_posterior_active_te100bp,benchmark_relative_active,2020-01-20,2020-01-20,2020-01-21,2020-01-01,BIL,0.007625581731982006,0.0,0.007625581731982006,False,,False,optimal
pooled_relative_posterior_active_te100bp,benchmark_relative_active,2020-01-20,2020-01-20,2020-01-21,2020-01-01,GLD,0.15656331220191444,0.1533668420967509,0.0031964701051635513,False,,False,optimal
pooled_relative_posterior_active_te100bp,benchmark_relative_active,2020-01-20,2020-01-20,2020-01-21,2020-01-01,LQD,0.2983145571246135,0.34663315790325,-0.04831860077863648,False,,False,optimal
pooled_relative_posterior_active_te100bp,benchmark_relative_active,2020-01-20,2020-01-20,2020-01-21,2020-01-01,AGG,0.0,0.0,0.0,False,,False,optimal
pooled_relative_posterior_active_te100bp,benchmark_relative_active,2020-01-27,2020-01-27,2020-01-27,2020-01-01,SPY,0.33263208926413107,0.3474443647157417,-0.014812275451610624,False,,False,optimal
pooled_relative_posterior_active_te100bp,benchmark_relative_active,2020-01-27,2020-01-27,2020-01-27,2020-01-01,IEF,0.008499012103130275,0.0,0.008499012103130275,False,,False,optimal
pooled_relative_posterior_active_te100bp,benchmark_relative_active,2020-01-27,2020-01-27,2020-01-27,2020-01-01,TIP,0.0441259937265952,0.0,0.0441259937265952,False,,False,optimal
pooled_relative_posterior_active_te100bp,benchmark_relative_active,2020-01-27,2020-01-27,2020-01-27,2020-01-01,HYG,0.14871204939026797,0.1487667402484722,-5.4690858204226034e-05,False,,False,optimal
pooled_relative_posterior_active_te100bp,benchmark_relative_active,2020-01-27,2020-01-27,2020-01-27,2020-01-01,BIL,0.007618493280079711,0.0,0.007618493280079711,False,,False,optimal
pooled_relative_posterior_active_te100bp,benchmark_relative_active,2020-01-27,2020-01-27,2020-01-27,2020-01-01,GLD,0.15877190977534406,0.1555565121091933,0.0032153976661507544,False,,False,optimal
pooled_relative_posterior_active_te100bp,benchmark_relative_active,2020-01-27,2020-01-27,2020-01-27,2020-01-01,LQD,0.29964045246045184,0.3482323829265928,-0.048591930466140965,False,,False,optimal
pooled_relative_posterior_active_te100bp,benchmark_relative_active,2020-01-27,2020-01-27,2020-01-27,2020-01-01,AGG,0.0,0.0,0.0,False,,False,optimal
pooled_relative_posterior_active_te100bp,benchmark_relative_active,2020-02-03,2020-02-03,2020-02-03,2020-02-01,SPY,0.33072062540604436,0.3454941879540549,-0.014773562548010544,False,,False,optimal
pooled_relative_posterior_active_te100bp,benchmark_relative_active,2020-02-03,2020-02-03,2020-02-03,2020-02-01,IEF,0.008548029112541657,0.0,0.008548029112541657,False,,False,optimal
pooled_relative_posterior_active_te100bp,benchmark_relative_active,2020-02-03,2020-02-03,2020-02-03,2020-02-01,TIP,0.04439272716529226,0.0,0.04439272716529226,False,,False,optimal
pooled_relative_posterior_active_te100bp,benchmark_relative_active,2020-02-03,2020-02-03,2020-02-03,2020-02-01,HYG,0.14894840264242376,0.1490231966884114,-7.479404598764727e-05,False,,False,optimal
pooled_relative_posterior_active_te100bp,benchmark_relative_active,2020-02-03,2020-02-03,2020-02-03,2020-02-01,BIL,0.007606983047129748,0.0,0.007606983047129748,False,,False,optimal
pooled_relative_posterior_active_te100bp,benchmark_relative_active,2020-02-03,2020-02-03,2020-02-03,2020-02-01,GLD,0.15859295520756878,0.1554020547229987,0.003190900484570075,False,,False,optimal
pooled_relative_posterior_active_te100bp,benchmark_relative_active,2020-02-03,2020-02-03,2020-02-03,2020-02-01,LQD,0.3011902774189995,0.3500805606345351,-0.04889028321553557,False,,False,optimal
pooled_relative_posterior_active_te100bp,benchmark_relative_active,2020-02-03,2020-02-03,2020-02-03,2020-02-01,AGG,0.0,0.0,0.0,False,,False,optimal
pooled_relative_posterior_active_te100bp,benchmark_relative_active,2020-02-10,2020-02-10,2020-02-10,2020-02-01,SPY,0.33660214017158235,0.3499999999999992,-0.013397859828416847,False,,False,optimal
pooled_relative_posterior_active_te100bp,benchmark_relative_active,2020-02-10,2020-02-10,2020-02-10,2020-02-01,IEF,0.008442187118143298,0.0,0.008442187118143298,False,,False,optimal
pooled_relative_posterior_active_te100bp,benchmark_relative_active,2020-02-10,2020-02-10,2020-02-10,2020-02-01,TIP,0.043952572497524774,0.0,0.043952572497524774,False,,False,optimal
pooled_relative_posterior_active_te100bp,benchmark_relative_active,2020-02-10,2020-02-10,2020-02-10,2020-02-01,HYG,0.14864009063891348,0.1499999999999999,-0.001359909361086431,False,,False,optimal
pooled_relative_posterior_active_te100bp,benchmark_relative_active,2020-02-10,2020-02-10,2020-02-10,2020-02-01,BIL,0.007537658580802351,0.0,0.007537658580802351,False,,False,optimal
pooled_relative_posterior_active_te100bp,benchmark_relative_active,2020-02-10,2020-02-10,2020-02-10,2020-02-01,GLD,0.15619380132984634,0.1530707300460266,0.0031230712838197505,False,,False,optimal
pooled_relative_posterior_active_te100bp,benchmark_relative_active,2020-02-10,2020-02-10,2020-02-10,2020-02-01,LQD,0.29863154966318745,0.3469292699539741,-0.04829772029078666,False,,False,optimal
pooled_relative_posterior_active_te100bp,benchmark_relative_active,2020-02-10,2020-02-10,2020-02-10,2020-02-01,AGG,0.0,0.0,0.0,False,,False,optimal
pooled_relative_posterior_active_te100bp,benchmark_relative_active,2020-02-17,2020-02-17,2020-02-18,2020-02-01,SPY,0.34027808357314204,0.3500000000000001,-0.009721916426858046,False,,False,optimal
pooled_relative_posterior_active_te100bp,benchmark_relative_active,2020-02-17,2020-02-17,2020-02-18,2020-02-01,IEF,0.008358593123734893,0.0,0.008358593123734893,False,,False,optimal
pooled_relative_posterior_active_te100bp,benchmark_relative_active,2020-02-17,2020-02-17,2020-02-18,2020-02-01,TIP,0.04357948091672073,0.0,0.04357948091672073,False,,False,optimal
pooled_relative_posterior_active_te100bp,benchmark_relative_active,2020-02-17,2020-02-17,2020-02-18,2020-02-01,HYG,0.14818241750675185,0.1500000000000001,-0.0018175824932482598,False,,False,optimal
pooled_relative_posterior_active_te100bp,benchmark_relative_active,2020-02-17,2020-02-17,2020-02-18,2020-02-01,BIL,0.007477830416291952,0.0,0.007477830416291952,False,,False,optimal
pooled_relative_posterior_active_te100bp,benchmark_relative_active,2020-02-17,2020-02-17,2020-02-18,2020-02-01,GLD,0.15574598900536463,0.1557935216187125,-4.753261334786152e-05,False,,False,optimal
pooled_relative_posterior_active_te100bp,benchmark_relative_active,2020-02-17,2020-02-17,2020-02-18,2020-02-01,LQD,0.29637760545799396,0.3442064783812872,-0.04782887292329324,False,,False,optimal
pooled_relative_posterior_active_te100bp,benchmark_relative_active,2020-02-17,2020-02-17,2020-02-18,2020-02-01,AGG,0.0,0.0,0.0,False,,False,optimal
pooled_relative_posterior_active_te100bp,benchmark_relative_active,2020-02-24,2020-02-24,2020-02-24,2020-02-01,SPY,0.3360175547928592,0.3456552509476661,-0.009637696154806863,False,,False,optimal
pooled_relative_posterior_active_te100bp,benchmark_relative_active,2020-02-24,2020-02-24,2020-02-24,2020-02-01,IEF,0.008387660319911065,0.0,0.008387660319911065,False,,False,optimal
pooled_relative_posterior_active_te100bp,benchmark_relative_active,2020-02-24,2020-02-24,2020-02-24,2020-02-01,TIP,0.043611402351253645,0.0,0.043611402351253645,False,,False,optimal
pooled_relative_posterior_active_te100bp,benchmark_relative_active,2020-02-24,2020-02-24,2020-02-24,2020-02-01,HYG,0.147623262046373,0.1494502020595398,-0.0018269400131668,False,,False,optimal
pooled_relative_posterior_active_te100bp,benchmark_relative_active,2020-02-24,2020-02-24,2020-02-24,2020-02-01,BIL,0.007453730202322441,0.0,0.007453730202322441,False,,False,optimal
pooled_relative_posterior_active_te100bp,benchmark_relative_active,2020-02-24,2020-02-24,2020-02-24,2020-02-01,GLD,0.1601841701249823,0.1602504451508046,-6.627502582232103e-05,False,,False,optimal
pooled_relative_posterior_active_te100bp,benchmark_relative_active,2020-02-24,2020-02-24,2020-02-24,2020-02-01,LQD,0.29672222016229843,0.3446441018419894,-0.04792188167969097,False,,False,optimal
pooled_relative_posterior_active_te100bp,benchmark_relative_active,2020-02-24,2020-02-24,2020-02-24,2020-02-01,AGG,0.0,0.0,0.0,False,,False,optimal
pooled_relative_posterior_active_te100bp,benchmark_relative_active,2020-03-02,2020-03-02,2020-03-02,2020-03-01,SPY,0.3209132004199975,0.3435576667261913,-0.022644466306193822,False,,False,optimal
pooled_relative_posterior_active_te100bp,benchmark_relative_active,2020-03-02,2020-03-02,2020-03-02,2020-03-01,IEF,0.008893681822406302,0.0,0.008893681822406302,False,,False,optimal
pooled_relative_posterior_active_te100bp,benchmark_relative_active,2020-03-02,2020-03-02,2020-03-02,2020-03-01,TIP,0.04553250496312257,0.0,0.04553250496312257,False,,False,optimal
pooled_relative_posterior_active_te100bp,benchmark_relative_active,2020-03-02,2020-03-02,2020-03-02,2020-03-01,HYG,0.15121340468056046,0.1532489265741772,-0.0020355218936167485,False,,False,optimal
pooled_relative_posterior_active_te100bp,benchmark_relative_active,2020-03-02,2020-03-02,2020-03-02,2020-03-01,BIL,0.007766261260175844,0.0,0.007766261260175844,False,,False,optimal
pooled_relative_posterior_active_te100bp,benchmark_relative_active,2020-03-02,2020-03-02,2020-03-02,2020-03-01,GLD,0.15621013050407795,0.156442333273809,-0.0002322027697310436,False,,False,optimal
pooled_relative_posterior_active_te100bp,benchmark_relative_active,2020-03-02,2020-03-02,2020-03-02,2020-03-01,LQD,0.30947081634965945,0.3467510734258224,-0.03728025707616295,False,,False,optimal
pooled_relative_posterior_active_te100bp,benchmark_relative_active,2020-03-02,2020-03-02,2020-03-02,2020-03-01,AGG,0.0,0.0,0.0,False,,False,optimal
pooled_relative_posterior_active_te100bp,benchmark_relative_active,2020-03-09,2020-03-09,2020-03-09,2020-03-01,SPY,0.3160815808405977,0.3385413267271445,-0.02245974588654681,False,,False,optimal
pooled_relative_posterior_active_te100bp,benchmark_relative_active,2020-03-09,2020-03-09,2020-03-09,2020-03-01,IEF,0.00899478205810492,0.0,0.00899478205810492,False,,False,optimal
pooled_relative_posterior_active_te100bp,benchmark_relative_active,2020-03-09,2020-03-09,2020-03-09,2020-03-01,TIP,0.045812433876398655,0.0,0.045812433876398655,False,,False,optimal
pooled_relative_posterior_active_te100bp,benchmark_relative_active,2020-03-09,2020-03-09,2020-03-09,2020-03-01,HYG,0.14828360668845322,0.1503490645299263,-0.0020654578414730784,False,,False,optimal
pooled_relative_posterior_active_te100bp,benchmark_relative_active,2020-03-09,2020-03-09,2020-03-09,2020-03-01,BIL,0.007676168608047995,0.0,0.007676168608047995,False,,False,optimal
pooled_relative_posterior_active_te100bp,benchmark_relative_active,2020-03-09,2020-03-09,2020-03-09,2020-03-01,GLD,0.16200990081038683,0.1623256257806405,-0.0003157249702536724,False,,False,optimal
pooled_relative_posterior_active_te100bp,benchmark_relative_active,2020-03-09,2020-03-09,2020-03-09,2020-03-01,LQD,0.31114152711801063,0.3487839829622886,-0.037642455844277944,False,,False,optimal
pooled_relative_posterior_active_te100bp,benchmark_relative_active,2020-03-09,2020-03-09,2020-03-09,2020-03-01,AGG,0.0,0.0,0.0,False,,False,optimal
pooled_relative_posterior_active_te100bp,benchmark_relative_active,2020-03-16,2020-03-16,2020-03-16,2020-03-01,SPY,0.3237780128458939,0.3464848325748357,-0.022706819728941785,False,,False,optimal
pooled_relative_posterior_active_te100bp,benchmark_relative_active,2020-03-16,2020-03-16,2020-03-16,2020-03-01,IEF,0.008967526943947632,0.0,0.008967526943947632,False,,False,optimal
pooled_relative_posterior_active_te100bp,benchmark_relative_active,2020-03-16,2020-03-16,2020-03-16,2020-03-01,TIP,0.0445465828675576,0.0,0.0445465828675576,False,,False,optimal
pooled_relative_posterior_active_te100bp,benchmark_relative_active,2020-03-16,2020-03-16,2020-03-16,2020-03-01,HYG,0.15606630965352117,0.1535151674251643,0.0025511422283568674,False,,False,optimal
pooled_relative_posterior_active_te100bp,benchmark_relative_active,2020-03-16,2020-03-16,2020-03-16,2020-03-01,BIL,0.008041186837848319,0.0,0.008041186837848319,False,,False,optimal
pooled_relative_posterior_active_te100bp,benchmark_relative_active,2020-03-16,2020-03-16,2020-03-16,2020-03-01,GLD,0.15325330115794825,0.1580074099254322,-0.004754108767483944,False,,False,optimal
pooled_relative_posterior_active_te100bp,benchmark_relative_active,2020-03-16,2020-03-16,2020-03-16,2020-03-01,LQD,0.3053470796932832,0.3419925900745677,-0.03664551038128455,False,,False,optimal
pooled_relative_posterior_active_te100bp,benchmark_relative_active,2020-03-16,2020-03-16,2020-03-16,2020-03-01,AGG,0.0,0.0,0.0,False,,False,optimal
pooled_relative_posterior_active_te100bp,benchmark_relative_active,2020-03-23,2020-03-23,2020-03-23,2020-03-01,SPY,0.3247648164546808,0.3492077844778682,-0.024442968023187406,False,,False,optimal
pooled_relative_posterior_active_te100bp,benchmark_relative_active,2020-03-23,2020-03-23,2020-03-23,2020-03-01,IEF,0.009356236509386726,0.0,0.009356236509386726,False,,False,optimal
pooled_relative_posterior_active_te100bp,benchmark_relative_active,2020-03-23,2020-03-23,2020-03-23,2020-03-01,TIP,0.047705856962048154,0.0,0.047705856962048154,False,,False,optimal
pooled_relative_posterior_active_te100bp,benchmark_relative_active,2020-03-23,2020-03-23,2020-03-23,2020-03-01,HYG,0.15111350626945366,0.149356277188424,0.0017572290810296542,False,,False,optimal
pooled_relative_posterior_active_te100bp,benchmark_relative_active,2020-03-23,2020-03-23,2020-03-23,2020-03-01,BIL,0.008454257225655041,0.0,0.008454257225655041,False,,False,optimal
pooled_relative_posterior_active_te100bp,benchmark_relative_active,2020-03-23,2020-03-23,2020-03-23,2020-03-01,GLD,0.16407687338675256,0.169978133295914,-0.005901259909161433,False,,False,optimal
pooled_relative_posterior_active_te100bp,benchmark_relative_active,2020-03-23,2020-03-23,2020-03-23,2020-03-01,LQD,0.29452845319202303,0.3314578050377938,-0.036929351845770786,False,,False,optimal
pooled_relative_posterior_active_te100bp,benchmark_relative_active,2020-03-23,2020-03-23,2020-03-23,2020-03-01,AGG,0.0,0.0,0.0,False,,False,optimal
pooled_relative_posterior_active_te100bp,benchmark_relative_active,2020-03-30,2020-03-30,2020-03-30,2020-03-01,SPY,0.3296191508245865,0.3500000000000003,-0.02038084917541383,False,,False,optimal
pooled_relative_posterior_active_te100bp,benchmark_relative_active,2020-03-30,2020-03-30,2020-03-30,2020-03-01,IEF,0.008660198978042984,0.0,0.008660198978042984,False,,False,optimal
pooled_relative_posterior_active_te100bp,benchmark_relative_active,2020-03-30,2020-03-30,2020-03-30,2020-03-01,TIP,0.045422892801500914,0.0,0.045422892801500914,False,,False,optimal
pooled_relative_posterior_active_te100bp,benchmark_relative_active,2020-03-30,2020-03-30,2020-03-30,2020-03-01,HYG,0.15186379767329164,0.1494716398388743,0.0023921578344173466,False,,False,optimal
pooled_relative_posterior_active_te100bp,benchmark_relative_active,2020-03-30,2020-03-30,2020-03-30,2020-03-01,BIL,0.007726355165194913,0.0,0.007726355165194913,False,,False,optimal
pooled_relative_posterior_active_te100bp,benchmark_relative_active,2020-03-30,2020-03-30,2020-03-30,2020-03-01,GLD,0.16000766280552134,0.1680198230857394,-0.008012160280218061,False,,False,optimal
pooled_relative_posterior_active_te100bp,benchmark_relative_active,2020-03-30,2020-03-30,2020-03-30,2020-03-01,LQD,0.2966999417518616,0.3325085370753857,-0.035808595323524095,False,,False,optimal
pooled_relative_posterior_active_te100bp,benchmark_relative_active,2020-03-30,2020-03-30,2020-03-30,2020-03-01,AGG,0.0,0.0,0.0,False,,False,optimal
pooled_relative_posterior_active_te100bp,benchmark_relative_active,2020-04-06,2020-04-06,2020-04-06,2020-04-01,SPY,0.29925091606145393,0.3466769905803489,-0.04742607451889497,False,,False,optimal
pooled_relative_posterior_active_te100bp,benchmark_relative_active,2020-04-06,2020-04-06,2020-04-06,2020-04-01,IEF,0.008845929386289017,0.0,0.008845929386289017,False,,False,optimal
pooled_relative_posterior_active_te100bp,benchmark_relative_active,2020-04-06,2020-04-06,2020-04-06,2020-04-01,TIP,0.04680950573840009,0.0,0.04680950573840009,False,,False,optimal
pooled_relative_posterior_active_te100bp,benchmark_relative_active,2020-04-06,2020-04-06,2020-04-06,2020-04-01,HYG,0.1483623299513917,0.1462397507884515,0.0021225791629402024,False,,False,optimal
pooled_relative_posterior_active_te100bp,benchmark_relative_active,2020-04-06,2020-04-06,2020-04-06,2020-04-01,BIL,0.007870602949097095,0.0,0.007870602949097095,False,,False,optimal
pooled_relative_posterior_active_te100bp,benchmark_relative_active,2020-04-06,2020-04-06,2020-04-06,2020-04-01,GLD,0.19006154510620699,0.1717304273801065,0.018331117726100493,False,,False,optimal
pooled_relative_posterior_active_te100bp,benchmark_relative_active,2020-04-06,2020-04-06,2020-04-06,2020-04-01,LQD,0.2987991708071611,0.3353528312510929,-0.03655366044393177,False,,False,optimal
pooled_relative_posterior_active_te100bp,benchmark_relative_active,2020-04-06,2020-04-06,2020-04-06,2020-04-01,AGG,0.0,0.0,0.0,False,,False,optimal
pooled_relative_posterior_active_te100bp,benchmark_relative_active,2020-04-13,2020-04-13,2020-04-13,2020-04-01,SPY,0.3014789471076461,0.3489933009788017,-0.0475143538711556,False,,False,optimal
pooled_relative_posterior_active_te100bp,benchmark_relative_active,2020-04-13,2020-04-13,2020-04-13,2020-04-01,IEF,0.008259026987917391,0.0,0.008259026987917391,False,,False,optimal
pooled_relative_posterior_active_te100bp,benchmark_relative_active,2020-04-13,2020-04-13,2020-04-13,2020-04-01,TIP,0.04393142983699686,0.0,0.04393142983699686,False,,False,optimal
pooled_relative_posterior_active_te100bp,benchmark_relative_active,2020-04-13,2020-04-13,2020-04-13,2020-04-01,HYG,0.1527067977090781,0.1497125753835596,0.0029942223255185196,False,,False,optimal
pooled_relative_posterior_active_te100bp,benchmark_relative_active,2020-04-13,2020-04-13,2020-04-13,2020-04-01,BIL,0.007379811651824979,0.0,0.007379811651824979,False,,False,optimal
pooled_relative_posterior_active_te100bp,benchmark_relative_active,2020-04-13,2020-04-13,2020-04-13,2020-04-01,GLD,0.1849268794720203,0.1649340052115592,0.01999287426046109,False,,False,optimal
pooled_relative_posterior_active_te100bp,benchmark_relative_active,2020-04-13,2020-04-13,2020-04-13,2020-04-01,LQD,0.3013171072345162,0.3363601184260795,-0.03504301119156328,False,,False,optimal
pooled_relative_posterior_active_te100bp,benchmark_relative_active,2020-04-13,2020-04-13,2020-04-13,2020-04-01,AGG,0.0,0.0,0.0,False,,False,optimal
pooled_relative_posterior_active_te100bp,benchmark_relative_active,2020-04-20,2020-04-20,2020-04-20,2020-04-01,SPY,0.3021716774174942,0.3500000000000006,-0.04782832258250641,False,,False,optimal
pooled_relative_posterior_active_te100bp,benchmark_relative_active,2020-04-20,2020-04-20,2020-04-20,2020-04-01,IEF,0.008266603402199852,0.0,0.008266603402199852,False,,False,optimal
pooled_relative_posterior_active_te100bp,benchmark_relative_active,2020-04-20,2020-04-20,2020-04-20,2020-04-01,TIP,0.043262843874679026,0.0,0.043262843874679026,False,,False,optimal
pooled_relative_posterior_active_te100bp,benchmark_relative_active,2020-04-20,2020-04-20,2020-04-20,2020-04-01,HYG,0.1503818543867813,0.1471576874865773,0.003224166900204023,False,,False,optimal
pooled_relative_posterior_active_te100bp,benchmark_relative_active,2020-04-20,2020-04-20,2020-04-20,2020-04-01,BIL,0.0073343827902689444,0.0,0.0073343827902689444,False,,False,optimal
pooled_relative_posterior_active_te100bp,benchmark_relative_active,2020-04-20,2020-04-20,2020-04-20,2020-04-01,GLD,0.19065631732340335,0.1708888614065946,0.019767455916808757,False,,False,optimal
pooled_relative_posterior_active_te100bp,benchmark_relative_active,2020-04-20,2020-04-20,2020-04-20,2020-04-01,LQD,0.29792632080517334,0.3319534511068273,-0.03402713030165394,False,,False,optimal
pooled_relative_posterior_active_te100bp,benchmark_relative_active,2020-04-20,2020-04-20,2020-04-20,2020-04-01,AGG,0.0,0.0,0.0,False,,False,optimal
pooled_relative_posterior_active_te100bp,benchmark_relative_active,2020-04-27,2020-04-27,2020-04-27,2020-04-01,SPY,0.30235959055594386,0.3499999999999998,-0.04764040944405595,False,,False,optimal
pooled_relative_posterior_active_te100bp,benchmark_relative_active,2020-04-27,2020-04-27,2020-04-27,2020-04-01,IEF,0.008260810260824633,0.0,0.008260810260824633,False,,False,optimal
pooled_relative_posterior_active_te100bp,benchmark_relative_active,2020-04-27,2020-04-27,2020-04-27,2020-04-01,TIP,0.043538034863379205,0.0,0.043538034863379205,False,,False,optimal
pooled_relative_posterior_active_te100bp,benchmark_relative_active,2020-04-27,2020-04-27,2020-04-27,2020-04-01,HYG,0.1463971679652699,0.1434273184172676,0.002969849548002279,False,,False,optimal
pooled_relative_posterior_active_te100bp,benchmark_relative_active,2020-04-27,2020-04-27,2020-04-27,2020-04-01,BIL,0.007318841759218882,0.0,0.007318841759218882,False,,False,optimal
pooled_relative_posterior_active_te100bp,benchmark_relative_active,2020-04-27,2020-04-27,2020-04-27,2020-04-01,GLD,0.19509530852281404,0.1752274885960108,0.019867819926803226,False,,False,optimal
pooled_relative_posterior_active_te100bp,benchmark_relative_active,2020-04-27,2020-04-27,2020-04-27,2020-04-01,LQD,0.2970302460725494,0.3313451929867215,-0.034314946914172084,False,,False,optimal
pooled_relative_posterior_active_te100bp,benchmark_relative_active,2020-04-27,2020-04-27,2020-04-27,2020-04-01,AGG,0.0,0.0,0.0,False,,False,optimal
pooled_relative_posterior_active_te100bp,benchmark_relative_active,2020-05-04,2020-05-04,2020-05-04,2020-05-01,SPY,0.3042080152046497,0.3498959316915647,-0.045687916486915,False,,False,optimal
pooled_relative_posterior_active_te100bp,benchmark_relative_active,2020-05-04,2020-05-04,2020-05-04,2020-05-01,IEF,0.006324966998305164,0.0,0.006324966998305164,False,,False,optimal
pooled_relative_posterior_active_te100bp,benchmark_relative_active,2020-05-04,2020-05-04,2020-05-04,2020-05-01,TIP,0.04357961064045349,0.0,0.04357961064045349,False,,False,optimal
pooled_relative_posterior_active_te100bp,benchmark_relative_active,2020-05-04,2020-05-04,2020-05-04,2020-05-01,HYG,0.14817231017641674,0.1451955719956496,0.00297673818076713,False,,False,optimal
pooled_relative_posterior_active_te100bp,benchmark_relative_active,2020-05-04,2020-05-04,2020-05-04,2020-05-01,BIL,0.007374989339712185,0.0,0.007374989339712185,False,,False,optimal
pooled_relative_posterior_active_te100bp,benchmark_relative_active,2020-05-04,2020-05-04,2020-05-04,2020-05-01,GLD,0.19405438980412973,0.1743275388167645,0.019726850987365235,False,,False,optimal
pooled_relative_posterior_active_te100bp,benchmark_relative_active,2020-05-04,2020-05-04,2020-05-04,2020-05-01,LQD,0.29628571783633295,0.3305809574960212,-0.034295239659688226,False,,False,optimal
pooled_relative_posterior_active_te100bp,benchmark_relative_active,2020-05-04,2020-05-04,2020-05-04,2020-05-01,AGG,0.0,0.0,0.0,False,,False,optimal
pooled_relative_posterior_active_te100bp,benchmark_relative_active,2020-05-11,2020-05-11,2020-05-11,2020-05-01,SPY,0.308002337331816,0.3499999999999996,-0.04199766266818361,False,,False,optimal
pooled_relative_posterior_active_te100bp,benchmark_relative_active,2020-05-11,2020-05-11,2020-05-11,2020-05-01,IEF,2.7135229860883545e-18,0.0,2.7135229860883545e-18,False,,False,optimal
pooled_relative_posterior_active_te100bp,benchmark_relative_active,2020-05-11,2020-05-11,2020-05-11,2020-05-01,TIP,0.04319362455365896,0.0,0.04319362455365896,False,,False,optimal
pooled_relative_posterior_active_te100bp,benchmark_relative_active,2020-05-11,2020-05-11,2020-05-11,2020-05-01,HYG,0.1488589852857681,0.1456847782754953,0.003174207010272795,False,,False,optimal
pooled_relative_posterior_active_te100bp,benchmark_relative_active,2020-05-11,2020-05-11,2020-05-11,2020-05-01,BIL,0.007294225254494164,0.0,0.007294225254494164,False,,False,optimal
pooled_relative_posterior_active_te100bp,benchmark_relative_active,2020-05-11,2020-05-11,2020-05-11,2020-05-01,GLD,0.2104040907933408,0.1824469621103984,0.027957128682942395,False,,False,optimal
pooled_relative_posterior_active_te100bp,benchmark_relative_active,2020-05-11,2020-05-11,2020-05-11,2020-05-01,LQD,0.282246736780922,0.3218682596141065,-0.039621522833184486,False,,False,optimal
pooled_relative_posterior_active_te100bp,benchmark_relative_active,2020-05-11,2020-05-11,2020-05-11,2020-05-01,AGG,0.0,0.0,0.0,False,,False,optimal
pooled_relative_posterior_active_te100bp,benchmark_relative_active,2020-05-18,2020-05-18,2020-05-18,2020-05-01,SPY,0.3024912135993312,0.3440308022272947,-0.04153958862796353,False,,False,optimal
pooled_relative_posterior_active_te100bp,benchmark_relative_active,2020-05-18,2020-05-18,2020-05-18,2020-05-01,IEF,0.0,0.0,0.0,False,,False,optimal
pooled_relative_posterior_active_te100bp,benchmark_relative_active,2020-05-18,2020-05-18,2020-05-18,2020-05-01,TIP,0.04313958877535419,0.0,0.04313958877535419,False,,False,optimal
pooled_relative_posterior_active_te100bp,benchmark_relative_active,2020-05-18,2020-05-18,2020-05-18,2020-05-01,HYG,0.14668446362990725,0.1436432172417437,0.0030412463881635543,False,,False,optimal
pooled_relative_posterior_active_te100bp,benchmark_relative_active,2020-05-18,2020-05-18,2020-05-18,2020-05-01,BIL,0.0072671229458381534,0.0,0.0072671229458381534,False,,False,optimal
pooled_relative_posterior_active_te100bp,benchmark_relative_active,2020-05-18,2020-05-18,2020-05-18,2020-05-01,GLD,0.21439137075952305,0.1859509066272432,0.028440464132279852,False,,False,optimal
pooled_relative_posterior_active_te100bp,benchmark_relative_active,2020-05-18,2020-05-18,2020-05-18,2020-05-01,LQD,0.2860262402900463,0.3263750739037182,-0.04034883361367192,False,,False,optimal
pooled_relative_posterior_active_te100bp,benchmark_relative_active,2020-05-18,2020-05-18,2020-05-18,2020-05-01,AGG,0.0,0.0,0.0,False,,False,optimal
pooled_relative_posterior_active_te100bp,benchmark_relative_active,2020-05-25,2020-05-25,2020-05-26,2020-05-01,SPY,0.3023505450453278,0.3439200595445509,-0.04156951449922308,False,,False,optimal
pooled_relative_posterior_active_te100bp,benchmark_relative_active,2020-05-25,2020-05-25,2020-05-26,2020-05-01,IEF,3.0806963842883323e-19,0.0,3.0806963842883323e-19,False,,False,optimal
pooled_relative_posterior_active_te100bp,benchmark_relative_active,2020-05-25,2020-05-25,2020-05-26,2020-05-01,TIP,0.042865695218325436,0.0,0.042865695218325436,False,,False,optimal
pooled_relative_posterior_active_te100bp,benchmark_relative_active,2020-05-25,2020-05-25,2020-05-26,2020-05-01,HYG,0.14790998094177185,0.1446976442799805,0.003212336661791354,False,,False,optimal
pooled_relative_posterior_active_te100bp,benchmark_relative_active,2020-05-25,2020-05-25,2020-05-26,2020-05-01,BIL,0.007213269368813539,0.0,0.007213269368813539,False,,False,optimal
pooled_relative_posterior_active_te100bp,benchmark_relative_active,2020-05-25,2020-05-25,2020-05-26,2020-05-01,GLD,0.21169999250663177,0.1831305664563067,0.02856942605032506,False,,False,optimal
pooled_relative_posterior_active_te100bp,benchmark_relative_active,2020-05-25,2020-05-25,2020-05-26,2020-05-01,LQD,0.2879605169191296,0.3282517297191617,-0.04029121280003212,False,,False,optimal
pooled_relative_posterior_active_te100bp,benchmark_relative_active,2020-05-25,2020-05-25,2020-05-26,2020-05-01,AGG,0.0,0.0,0.0,False,,False,optimal
pooled_relative_posterior_active_te100bp,benchmark_relative_active,2020-06-01,2020-06-01,2020-06-01,2020-06-01,SPY,0.3030215495124968,0.3442686772018857,-0.041247127689388874,False,,False,optimal
pooled_relative_posterior_active_te100bp,benchmark_relative_active,2020-06-01,2020-06-01,2020-06-01,2020-06-01,IEF,0.0,0.0,0.0,False,,False,optimal
pooled_relative_posterior_active_te100bp,benchmark_relative_active,2020-06-01,2020-06-01,2020-06-01,2020-06-01,TIP,0.042454934280278585,0.0,0.042454934280278585,False,,False,optimal
pooled_relative_posterior_active_te100bp,benchmark_relative_active,2020-06-01,2020-06-01,2020-06-01,2020-06-01,HYG,0.14803219179265759,0.1447428850702272,0.003289306722430385,False,,False,optimal
pooled_relative_posterior_active_te100bp,benchmark_relative_active,2020-06-01,2020-06-01,2020-06-01,2020-06-01,BIL,0.007166768442951231,0.0,0.007166768442951231,False,,False,optimal
pooled_relative_posterior_active_te100bp,benchmark_relative_active,2020-06-01,2020-06-01,2020-06-01,2020-06-01,GLD,0.21078516553822652,0.1822456265695018,0.028539538968724715,False,,False,optimal
pooled_relative_posterior_active_te100bp,benchmark_relative_active,2020-06-01,2020-06-01,2020-06-01,2020-06-01,LQD,0.28853939043338933,0.3287428111583853,-0.04020342072499594,False,,False,optimal
pooled_relative_posterior_active_te100bp,benchmark_relative_active,2020-06-01,2020-06-01,2020-06-01,2020-06-01,AGG,0.0,0.0,0.0,False,,False,optimal
pooled_relative_posterior_active_te100bp,benchmark_relative_active,2020-06-08,2020-06-08,2020-06-08,2020-06-01,SPY,0.3111063863914414,0.3499999999999999,-0.03889361360855853,False,,False,optimal
pooled_relative_posterior_active_te100bp,benchmark_relative_active,2020-06-08,2020-06-08,2020-06-08,2020-06-01,IEF,0.0,0.0,0.0,False,,False,optimal
pooled_relative_posterior_active_te100bp,benchmark_relative_active,2020-06-08,2020-06-08,2020-06-08,2020-06-01,TIP,0.037067251868173966,0.0,0.037067251868173966,False,,False,optimal
pooled_relative_posterior_active_te100bp,benchmark_relative_active,2020-06-08,2020-06-08,2020-06-08,2020-06-01,HYG,0.15026749778499393,0.1464218239857169,0.0038456737992770273,False,,False,optimal
pooled_relative_posterior_active_te100bp,benchmark_relative_active,2020-06-08,2020-06-08,2020-06-08,2020-06-01,BIL,0.0032560250728550844,0.0,0.0032560250728550844,False,,False,optimal
pooled_relative_posterior_active_te100bp,benchmark_relative_active,2020-06-08,2020-06-08,2020-06-08,2020-06-01,GLD,0.21228574164914615,0.1788328928847705,0.03345284876437565,False,,False,optimal
pooled_relative_posterior_active_te100bp,benchmark_relative_active,2020-06-08,2020-06-08,2020-06-08,2020-06-01,LQD,0.28601709723338964,0.3247452831295127,-0.038728185896123035,False,,False,optimal
pooled_relative_posterior_active_te100bp,benchmark_relative_active,2020-06-08,2020-06-08,2020-06-08,2020-06-01,AGG,0.0,0.0,0.0,False,,False,optimal
pooled_relative_posterior_active_te100bp,benchmark_relative_active,2020-06-15,2020-06-15,2020-06-15,2020-06-01,SPY,0.3005842566588379,0.3384302506082352,-0.03784599394939725,False,,False,optimal
pooled_relative_posterior_active_te100bp,benchmark_relative_active,2020-06-15,2020-06-15,2020-06-15,2020-06-01,IEF,2.105523394845704e-17,0.0,2.105523394845704e-17,False,,False,optimal
pooled_relative_posterior_active_te100bp,benchmark_relative_active,2020-06-15,2020-06-15,2020-06-15,2020-06-01,TIP,0.03726716743104969,0.0,0.03726716743104969,False,,False,optimal
pooled_relative_posterior_active_te100bp,benchmark_relative_active,2020-06-15,2020-06-15,2020-06-15,2020-06-01,HYG,0.1484835683693204,0.1451247632572499,0.0033588051120704843,False,,False,optimal
pooled_relative_posterior_active_te100bp,benchmark_relative_active,2020-06-15,2020-06-15,2020-06-15,2020-06-01,BIL,0.00330401023627793,0.0,0.00330401023627793,False,,False,optimal
pooled_relative_posterior_active_te100bp,benchmark_relative_active,2020-06-15,2020-06-15,2020-06-15,2020-06-01,GLD,0.220457378636127,0.1862831555514507,0.0341742230846763,False,,False,optimal
pooled_relative_posterior_active_te100bp,benchmark_relative_active,2020-06-15,2020-06-15,2020-06-15,2020-06-01,LQD,0.2899036186683871,0.3301618305830642,-0.0402582119146771,False,,False,optimal
pooled_relative_posterior_active_te100bp,benchmark_relative_active,2020-06-15,2020-06-15,2020-06-15,2020-06-01,AGG,0.0,0.0,0.0,False,,False,optimal
pooled_relative_posterior_active_te100bp,benchmark_relative_active,2020-06-22,2020-06-22,2020-06-22,2020-06-01,SPY,0.3055866119191113,0.3435573411303612,-0.03797072921124989,False,,False,optimal
pooled_relative_posterior_active_te100bp,benchmark_relative_active,2020-06-22,2020-06-22,2020-06-22,2020-06-01,IEF,0.0,0.0,0.0,False,,False,optimal
pooled_relative_posterior_active_te100bp,benchmark_relative_active,2020-06-22,2020-06-22,2020-06-22,2020-06-01,TIP,0.03647840494142979,0.0,0.03647840494142979,False,,False,optimal
pooled_relative_posterior_active_te100bp,benchmark_relative_active,2020-06-22,2020-06-22,2020-06-22,2020-06-01,HYG,0.14681785243965892,0.14332554633309,0.003492306106568921,False,,False,optimal
pooled_relative_posterior_active_te100bp,benchmark_relative_active,2020-06-22,2020-06-22,2020-06-22,2020-06-01,BIL,0.003227964153100367,0.0,0.003227964153100367,False,,False,optimal
pooled_relative_posterior_active_te100bp,benchmark_relative_active,2020-06-22,2020-06-22,2020-06-22,2020-06-01,GLD,0.22011691937282665,0.1857735941559834,0.034343325216843246,False,,False,optimal
pooled_relative_posterior_active_te100bp,benchmark_relative_active,2020-06-22,2020-06-22,2020-06-22,2020-06-01,LQD,0.28777224717387306,0.3273435183805653,-0.03957127120669224,False,,False,optimal
pooled_relative_posterior_active_te100bp,benchmark_relative_active,2020-06-22,2020-06-22,2020-06-22,2020-06-01,AGG,0.0,0.0,0.0,False,,False,optimal
pooled_relative_posterior_active_te100bp,benchmark_relative_active,2020-06-29,2020-06-29,2020-06-29,2020-06-01,SPY,0.35,0.3384348684659197,0.011565131534080286,False,,False,optimal
pooled_relative_posterior_active_te100bp,benchmark_relative_active,2020-06-29,2020-06-29,2020-06-29,2020-06-01,IEF,0.0,0.0,0.0,False,,False,optimal
pooled_relative_posterior_active_te100bp,benchmark_relative_active,2020-06-29,2020-06-29,2020-06-29,2020-06-01,TIP,0.036955991864966446,0.0,0.036955991864966446,False,,False,optimal
pooled_relative_posterior_active_te100bp,benchmark_relative_active,2020-06-29,2020-06-29,2020-06-29,2020-06-01,HYG,0.15,0.1422489519479126,0.0077510480520874,False,,False,optimal
pooled_relative_posterior_active_te100bp,benchmark_relative_active,2020-06-29,2020-06-29,2020-06-29,2020-06-01,BIL,0.03403102225286984,0.0,0.03403102225286984,False,,False,optimal
pooled_relative_posterior_active_te100bp,benchmark_relative_active,2020-06-29,2020-06-29,2020-06-29,2020-06-01,GLD,0.13953069182038152,0.1895306918203813,-0.04999999999999977,False,,False,optimal
pooled_relative_posterior_active_te100bp,benchmark_relative_active,2020-06-29,2020-06-29,2020-06-29,2020-06-01,LQD,0.2894822940617823,0.3297854877657862,-0.040303193704003926,False,,False,optimal
pooled_relative_posterior_active_te100bp,benchmark_relative_active,2020-06-29,2020-06-29,2020-06-29,2020-06-01,AGG,0.0,0.0,0.0,False,,False,optimal
pooled_relative_posterior_active_te100bp,benchmark_relative_active,2020-07-06,2020-07-06,2020-07-06,2020-07-01,SPY,0.35,0.3440428972272342,0.005957102772765788,False,,False,optimal
pooled_relative_posterior_active_te100bp,benchmark_relative_active,2020-07-06,2020-07-06,2020-07-06,2020-07-01,IEF,1.2208981236688786e-18,0.0,1.2208981236688786e-18,False,,False,optimal
pooled_relative_posterior_active_te100bp,benchmark_relative_active,2020-07-06,2020-07-06,2020-07-06,2020-07-01,TIP,0.03636899234871902,0.0,0.03636899234871902,False,,False,optimal
pooled_relative_posterior_active_te100bp,benchmark_relative_active,2020-07-06,2020-07-06,2020-07-06,2020-07-01,HYG,0.14908462930382568,0.1413717882233077,0.007712841080517979,False,,False,optimal
pooled_relative_posterior_active_te100bp,benchmark_relative_active,2020-07-06,2020-07-06,2020-07-06,2020-07-01,BIL,0.03340187474421145,0.0,0.03340187474421145,False,,False,optimal
pooled_relative_posterior_active_te100bp,benchmark_relative_active,2020-07-06,2020-07-06,2020-07-06,2020-07-01,GLD,0.1431040456565685,0.1864635086937332,-0.0433594630371647,False,,False,optimal
pooled_relative_posterior_active_te100bp,benchmark_relative_active,2020-07-06,2020-07-06,2020-07-06,2020-07-01,LQD,0.2880404579466753,0.3281218058557248,-0.04008134790904949,False,,False,optimal
pooled_relative_posterior_active_te100bp,benchmark_relative_active,2020-07-06,2020-07-06,2020-07-06,2020-07-01,AGG,0.0,0.0,0.0,False,,False,optimal
pooled_relative_posterior_active_te100bp,benchmark_relative_active,2020-07-13,2020-07-13,2020-07-13,2020-07-01,SPY,0.3499656531314295,0.3438468287274832,0.0061188244039463435,False,,False,optimal
pooled_relative_posterior_active_te100bp,benchmark_relative_active,2020-07-13,2020-07-13,2020-07-13,2020-07-01,IEF,1.22089710898491e-18,0.0,1.22089710898491e-18,False,,False,optimal
pooled_relative_posterior_active_te100bp,benchmark_relative_active,2020-07-13,2020-07-13,2020-07-13,2020-07-01,TIP,0.03631972583815596,0.0,0.03631972583815596,False,,False,optimal
pooled_relative_posterior_active_te100bp,benchmark_relative_active,2020-07-13,2020-07-13,2020-07-13,2020-07-01,HYG,0.1482638300006807,0.1405271195840149,0.007736710416665793,False,,False,optimal
pooled_relative_posterior_active_te100bp,benchmark_relative_active,2020-07-13,2020-07-13,2020-07-13,2020-07-01,BIL,0.0332739347942739,0.0,0.0332739347942739,False,,False,optimal
pooled_relative_posterior_active_te100bp,benchmark_relative_active,2020-07-13,2020-07-13,2020-07-13,2020-07-01,GLD,0.14376396719343806,0.1872350009053364,-0.04347103371189834,False,,False,optimal
pooled_relative_posterior_active_te100bp,benchmark_relative_active,2020-07-13,2020-07-13,2020-07-13,2020-07-01,LQD,0.2884128890420219,0.3283910507831654,-0.03997816174114349,False,,False,optimal
pooled_relative_posterior_active_te100bp,benchmark_relative_active,2020-07-13,2020-07-13,2020-07-13,2020-07-01,AGG,0.0,0.0,0.0,False,,False,optimal
pooled_relative_posterior_active_te100bp,benchmark_relative_active,2020-07-20,2020-07-20,2020-07-20,2020-07-01,SPY,0.34954522745970507,0.3434258718459618,0.006119355613743271,False,,False,optimal
pooled_relative_posterior_active_te100bp,benchmark_relative_active,2020-07-20,2020-07-20,2020-07-20,2020-07-01,IEF,1.2165941252600188e-18,0.0,1.2165941252600188e-18,False,,False,optimal
pooled_relative_posterior_active_te100bp,benchmark_relative_active,2020-07-20,2020-07-20,2020-07-20,2020-07-01,TIP,0.036348176200016694,0.0,0.036348176200016694,False,,False,optimal
pooled_relative_posterior_active_te100bp,benchmark_relative_active,2020-07-20,2020-07-20,2020-07-20,2020-07-01,HYG,0.14863511103932123,0.1408757931790899,0.007759317860231318,False,,False,optimal
pooled_relative_posterior_active_te100bp,benchmark_relative_active,2020-07-20,2020-07-20,2020-07-20,2020-07-01,BIL,0.033073329432381025,0.0,0.033073329432381025,False,,False,optimal
pooled_relative_posterior_active_te100bp,benchmark_relative_active,2020-07-20,2020-07-20,2020-07-20,2020-07-01,GLD,0.1427389775487814,0.1858958106435072,-0.04315683309472579,False,,False,optimal
pooled_relative_posterior_active_te100bp,benchmark_relative_active,2020-07-20,2020-07-20,2020-07-20,2020-07-01,LQD,0.28965917831979454,0.329802524331441,-0.040143346011646486,False,,False,optimal
pooled_relative_posterior_active_te100bp,benchmark_relative_active,2020-07-20,2020-07-20,2020-07-20,2020-07-01,AGG,0.0,0.0,0.0,False,,False,optimal
pooled_relative_posterior_active_te100bp,benchmark_relative_active,2020-07-27,2020-07-27,2020-07-27,2020-07-01,SPY,0.3458554740711286,0.3391226017330871,0.0067328723380414846,False,,False,optimal
pooled_relative_posterior_active_te100bp,benchmark_relative_active,2020-07-27,2020-07-27,2020-07-27,2020-07-01,IEF,1.2071963737220899e-18,0.0,1.2071963737220899e-18,False,,False,optimal
pooled_relative_posterior_active_te100bp,benchmark_relative_active,2020-07-27,2020-07-27,2020-07-27,2020-07-01,TIP,0.036081041296040096,0.0,0.036081041296040096,False,,False,optimal
pooled_relative_posterior_active_te100bp,benchmark_relative_active,2020-07-27,2020-07-27,2020-07-27,2020-07-01,HYG,0.14909827535362657,0.1410327684825569,0.008065506871069689,False,,False,optimal
pooled_relative_posterior_active_te100bp,benchmark_relative_active,2020-07-27,2020-07-27,2020-07-27,2020-07-01,BIL,0.032776719583379216,0.0,0.032776719583379216,False,,False,optimal
pooled_relative_posterior_active_te100bp,benchmark_relative_active,2020-07-27,2020-07-27,2020-07-27,2020-07-01,GLD,0.14805255688480407,0.1924311530159833,-0.044378596131179227,False,,False,optimal
pooled_relative_posterior_active_te100bp,benchmark_relative_active,2020-07-27,2020-07-27,2020-07-27,2020-07-01,LQD,0.28813593281102134,0.3274134767683727,-0.039277543957351335,False,,False,optimal
pooled_relative_posterior_active_te100bp,benchmark_relative_active,2020-07-27,2020-07-27,2020-07-27,2020-07-01,AGG,0.0,0.0,0.0,False,,False,optimal
pooled_relative_posterior_active_te100bp,benchmark_relative_active,2020-08-03,2020-08-03,2020-08-03,2020-08-01,SPY,0.3476650836740844,0.3407275721371471,0.00693751153693728,False,,False,optimal
pooled_relative_posterior_active_te100bp,benchmark_relative_active,2020-08-03,2020-08-03,2020-08-03,2020-08-01,IEF,1.1988531934690835e-18,0.0,1.1988531934690835e-18,False,,False,optimal
pooled_relative_posterior_active_te100bp,benchmark_relative_active,2020-08-03,2020-08-03,2020-08-03,2020-08-01,TIP,0.03597243986720008,0.0,0.03597243986720008,False,,False,optimal
pooled_relative_posterior_active_te100bp,benchmark_relative_active,2020-08-03,2020-08-03,2020-08-03,2020-08-01,HYG,0.14878371735605175,0.1406652872837321,0.00811843007231966,False,,False,optimal
pooled_relative_posterior_active_te100bp,benchmark_relative_active,2020-08-03,2020-08-03,2020-08-03,2020-08-01,BIL,0.03245831409024412,0.0,0.03245831409024412,False,,False,optimal
pooled_relative_posterior_active_te100bp,benchmark_relative_active,2020-08-03,2020-08-03,2020-08-03,2020-08-01,GLD,0.14948433967820784,0.1941955564402258,-0.04471121676201795,False,,False,optimal
pooled_relative_posterior_active_te100bp,benchmark_relative_active,2020-08-03,2020-08-03,2020-08-03,2020-08-01,LQD,0.28563610533421185,0.3244115841388947,-0.03877547880468285,False,,False,optimal
pooled_relative_posterior_active_te100bp,benchmark_relative_active,2020-08-03,2020-08-03,2020-08-03,2020-08-01,AGG,0.0,0.0,0.0,False,,False,optimal
pooled_relative_posterior_active_te100bp,benchmark_relative_active,2020-08-10,2020-08-10,2020-08-10,2020-08-01,SPY,0.3496372946182269,0.3421947490019705,0.007442545616256402,False,,False,optimal
pooled_relative_posterior_active_te100bp,benchmark_relative_active,2020-08-10,2020-08-10,2020-08-10,2020-08-01,IEF,1.1832282407619406e-18,0.0,1.1832282407619406e-18,False,,False,optimal
pooled_relative_posterior_active_te100bp,benchmark_relative_active,2020-08-10,2020-08-10,2020-08-10,2020-08-01,TIP,0.03559096420438175,0.0,0.03559096420438175,False,,False,optimal
pooled_relative_posterior_active_te100bp,benchmark_relative_active,2020-08-10,2020-08-10,2020-08-10,2020-08-01,HYG,0.1470742870673628,0.1388601632349843,0.008214123832378517,False,,False,optimal
pooled_relative_posterior_active_te100bp,benchmark_relative_active,2020-08-10,2020-08-10,2020-08-10,2020-08-01,BIL,0.0320361479907163,0.0,0.0320361479907163,False,,False,optimal
pooled_relative_posterior_active_te100bp,benchmark_relative_active,2020-08-10,2020-08-10,2020-08-10,2020-08-01,GLD,0.1521159347663609,0.1973457095066614,-0.04522977474030049,False,,False,optimal
pooled_relative_posterior_active_te100bp,benchmark_relative_active,2020-08-10,2020-08-10,2020-08-10,2020-08-01,LQD,0.2835453713529513,0.3215993782563834,-0.03805400690343208,False,,False,optimal
pooled_relative_posterior_active_te100bp,benchmark_relative_active,2020-08-10,2020-08-10,2020-08-10,2020-08-01,AGG,0.0,0.0,0.0,False,,False,optimal
pooled_relative_posterior_active_te100bp,benchmark_relative_active,2020-08-17,2020-08-17,2020-08-17,2020-08-01,SPY,0.35,0.3499999999999996,3.885780586188048e-16,False,,False,optimal
pooled_relative_posterior_active_te100bp,benchmark_relative_active,2020-08-17,2020-08-17,2020-08-17,2020-08-01,IEF,0.0,0.0,0.0,False,,False,optimal
pooled_relative_posterior_active_te100bp,benchmark_relative_active,2020-08-17,2020-08-17,2020-08-17,2020-08-01,TIP,0.03580616029561655,0.0,0.03580616029561655,False,,False,optimal
pooled_relative_posterior_active_te100bp,benchmark_relative_active,2020-08-17,2020-08-17,2020-08-17,2020-08-01,HYG,0.14719690601219956,0.1393496017038729,0.00784730430832667,False,,False,optimal
pooled_relative_posterior_active_te100bp,benchmark_relative_active,2020-08-17,2020-08-17,2020-08-17,2020-08-01,BIL,0.03251282463017605,0.0,0.03251282463017605,False,,False,optimal
pooled_relative_posterior_active_te100bp,benchmark_relative_active,2020-08-17,2020-08-17,2020-08-17,2020-08-01,GLD,0.15411169110566403,0.1917947930508812,-0.03768310194521718,False,,False,optimal
pooled_relative_posterior_active_te100bp,benchmark_relative_active,2020-08-17,2020-08-17,2020-08-17,2020-08-01,LQD,0.28037241795634377,0.3188556052452462,-0.03848318728890243,False,,False,optimal
pooled_relative_posterior_active_te100bp,benchmark_relative_active,2020-08-17,2020-08-17,2020-08-17,2020-08-01,AGG,0.0,0.0,0.0,False,,False,optimal
pooled_relative_posterior_active_te100bp,benchmark_relative_active,2020-08-24,2020-08-24,2020-08-24,2020-08-01,SPY,0.35,0.35,0.0,False,,False,optimal
pooled_relative_posterior_active_te100bp,benchmark_relative_active,2020-08-24,2020-08-24,2020-08-24,2020-08-01,IEF,0.0,0.0,0.0,False,,False,optimal
pooled_relative_posterior_active_te100bp,benchmark_relative_active,2020-08-24,2020-08-24,2020-08-24,2020-08-01,TIP,0.03589707855608955,0.0,0.03589707855608955,False,,False,optimal
pooled_relative_posterior_active_te100bp,benchmark_relative_active,2020-08-24,2020-08-24,2020-08-24,2020-08-01,HYG,0.14791580208209898,0.1401086183619385,0.007807183720160482,False,,False,optimal
pooled_relative_posterior_active_te100bp,benchmark_relative_active,2020-08-24,2020-08-24,2020-08-24,2020-08-01,BIL,0.032447975966581326,0.0,0.032447975966581326,False,,False,optimal
pooled_relative_posterior_active_te100bp,benchmark_relative_active,2020-08-24,2020-08-24,2020-08-24,2020-08-01,GLD,0.15248297165162839,0.1898515321950595,-0.03736856054343113,False,,False,optimal
pooled_relative_posterior_active_te100bp,benchmark_relative_active,2020-08-24,2020-08-24,2020-08-24,2020-08-01,LQD,0.2812561717436018,0.320039849443002,-0.03878367769940022,False,,False,optimal
pooled_relative_posterior_active_te100bp,benchmark_relative_active,2020-08-24,2020-08-24,2020-08-24,2020-08-01,AGG,0.0,0.0,0.0,False,,False,optimal
pooled_relative_posterior_active_te100bp,benchmark_relative_active,2020-08-31,2020-08-31,2020-08-31,2020-08-01,SPY,0.35,0.3500000000000003,-3.3306690738754696e-16,False,,False,optimal
pooled_relative_posterior_active_te100bp,benchmark_relative_active,2020-08-31,2020-08-31,2020-08-31,2020-08-01,IEF,0.0,0.0,0.0,False,,False,optimal
pooled_relative_posterior_active_te100bp,benchmark_relative_active,2020-08-31,2020-08-31,2020-08-31,2020-08-01,TIP,0.035641717714541506,0.0,0.035641717714541506,False,,False,optimal
pooled_relative_posterior_active_te100bp,benchmark_relative_active,2020-08-31,2020-08-31,2020-08-31,2020-08-01,HYG,0.1472726630567306,0.1395194809276427,0.007753182129087904,False,,False,optimal
pooled_relative_posterior_active_te100bp,benchmark_relative_active,2020-08-31,2020-08-31,2020-08-31,2020-08-01,BIL,0.032215571462377864,0.0,0.032215571462377864,False,,False,optimal
pooled_relative_posterior_active_te100bp,benchmark_relative_active,2020-08-31,2020-08-31,2020-08-31,2020-08-01,GLD,0.15864616172055035,0.1961216908027408,-0.037475529082190456,False,,False,optimal
pooled_relative_posterior_active_te100bp,benchmark_relative_active,2020-08-31,2020-08-31,2020-08-31,2020-08-01,LQD,0.27622388604579967,0.3143588282696161,-0.038134942223816415,False,,False,optimal
pooled_relative_posterior_active_te100bp,benchmark_relative_active,2020-08-31,2020-08-31,2020-08-31,2020-08-01,AGG,0.0,0.0,0.0,False,,False,optimal
pooled_relative_posterior_active_te100bp,benchmark_relative_active,2020-09-07,2020-09-07,2020-09-08,2020-09-01,SPY,0.34597977140987274,0.346145299329439,-0.00016552791956625512,False,,False,optimal
pooled_relative_posterior_active_te100bp,benchmark_relative_active,2020-09-07,2020-09-07,2020-09-08,2020-09-01,IEF,0.0,0.0,0.0,False,,False,optimal
pooled_relative_posterior_active_te100bp,benchmark_relative_active,2020-09-07,2020-09-07,2020-09-08,2020-09-01,TIP,0.035924367862380756,0.0,0.035924367862380756,False,,False,optimal
pooled_relative_posterior_active_te100bp,benchmark_relative_active,2020-09-07,2020-09-07,2020-09-08,2020-09-01,HYG,0.14836289942410258,0.1406195664862191,0.007743332937883485,False,,False,optimal
pooled_relative_posterior_active_te100bp,benchmark_relative_active,2020-09-07,2020-09-07,2020-09-08,2020-09-01,BIL,0.0325723230651937,0.0,0.0325723230651937,False,,False,optimal
pooled_relative_posterior_active_te100bp,benchmark_relative_active,2020-09-07,2020-09-07,2020-09-08,2020-09-01,GLD,0.1576514790535531,0.194985286024586,-0.03733380697103292,False,,False,optimal
pooled_relative_posterior_active_te100bp,benchmark_relative_active,2020-09-07,2020-09-07,2020-09-08,2020-09-01,LQD,0.27950915918489716,0.3182498481597559,-0.03874068897485872,False,,False,optimal
pooled_relative_posterior_active_te100bp,benchmark_relative_active,2020-09-07,2020-09-07,2020-09-08,2020-09-01,AGG,0.0,0.0,0.0,False,,False,optimal
pooled_relative_posterior_active_te100bp,benchmark_relative_active,2020-09-14,2020-09-14,2020-09-14,2020-09-01,SPY,0.34293713312249197,0.3428930173559092,4.411576658275296e-05,False,,False,optimal
pooled_relative_posterior_active_te100bp,benchmark_relative_active,2020-09-14,2020-09-14,2020-09-14,2020-09-01,IEF,0.0,0.0,0.0,False,,False,optimal
pooled_relative_posterior_active_te100bp,benchmark_relative_active,2020-09-14,2020-09-14,2020-09-14,2020-09-01,TIP,0.035936371805434617,0.0,0.035936371805434617,False,,False,optimal
pooled_relative_posterior_active_te100bp,benchmark_relative_active,2020-09-14,2020-09-14,2020-09-14,2020-09-01,HYG,0.1487708207789107,0.1409206375062157,0.007850183272695016,False,,False,optimal
pooled_relative_posterior_active_te100bp,benchmark_relative_active,2020-09-14,2020-09-14,2020-09-14,2020-09-01,BIL,0.03253843171234295,0.0,0.03253843171234295,False,,False,optimal
pooled_relative_posterior_active_te100bp,benchmark_relative_active,2020-09-14,2020-09-14,2020-09-14,2020-09-01,GLD,0.16009316931167866,0.1978850523370963,-0.03779188302541764,False,,False,optimal
pooled_relative_posterior_active_te100bp,benchmark_relative_active,2020-09-14,2020-09-14,2020-09-14,2020-09-01,LQD,0.27972407326914106,0.3183012928007788,-0.03857721953163773,False,,False,optimal
pooled_relative_posterior_active_te100bp,benchmark_relative_active,2020-09-14,2020-09-14,2020-09-14,2020-09-01,AGG,0.0,0.0,0.0,False,,False,optimal
pooled_relative_posterior_active_te100bp,benchmark_relative_active,2020-09-21,2020-09-21,2020-09-21,2020-09-01,SPY,0.3394531044217259,0.339408970834702,4.413358702387571e-05,False,,False,optimal
pooled_relative_posterior_active_te100bp,benchmark_relative_active,2020-09-21,2020-09-21,2020-09-21,2020-09-01,IEF,0.0,0.0,0.0,False,,False,optimal
pooled_relative_posterior_active_te100bp,benchmark_relative_active,2020-09-21,2020-09-21,2020-09-21,2020-09-01,TIP,0.036156652927529766,0.0,0.036156652927529766,False,,False,optimal
pooled_relative_posterior_active_te100bp,benchmark_relative_active,2020-09-21,2020-09-21,2020-09-21,2020-09-01,HYG,0.1491225878558159,0.1412536489638648,0.007868938891951088,False,,False,optimal
pooled_relative_posterior_active_te100bp,benchmark_relative_active,2020-09-21,2020-09-21,2020-09-21,2020-09-01,BIL,0.0327394776684573,0.0,0.0327394776684573,False,,False,optimal
pooled_relative_posterior_active_te100bp,benchmark_relative_active,2020-09-21,2020-09-21,2020-09-21,2020-09-01,GLD,0.16077522662282476,0.1987278444766161,-0.03795261785379134,False,,False,optimal
pooled_relative_posterior_active_te100bp,benchmark_relative_active,2020-09-21,2020-09-21,2020-09-21,2020-09-01,LQD,0.2817529505036464,0.3206095357248169,-0.03885658522117047,False,,False,optimal
pooled_relative_posterior_active_te100bp,benchmark_relative_active,2020-09-21,2020-09-21,2020-09-21,2020-09-01,AGG,0.0,0.0,0.0,False,,False,optimal
pooled_relative_posterior_active_te100bp,benchmark_relative_active,2020-09-28,2020-09-28,2020-09-28,2020-09-01,SPY,0.34489087158926324,0.3453406170038631,-0.00044974541459985584,False,,False,optimal
pooled_relative_posterior_active_te100bp,benchmark_relative_active,2020-09-28,2020-09-28,2020-09-28,2020-09-01,IEF,0.0,0.0,0.0,False,,False,optimal
pooled_relative_posterior_active_te100bp,benchmark_relative_active,2020-09-28,2020-09-28,2020-09-28,2020-09-01,TIP,0.03637710205266699,0.0,0.03637710205266699,False,,False,optimal
pooled_relative_posterior_active_te100bp,benchmark_relative_active,2020-09-28,2020-09-28,2020-09-28,2020-09-01,HYG,0.14836202651482844,0.1407347770463883,0.00762724946844015,False,,False,optimal
pooled_relative_posterior_active_te100bp,benchmark_relative_active,2020-09-28,2020-09-28,2020-09-28,2020-09-01,BIL,0.032957336480328704,0.0,0.032957336480328704,False,,False,optimal
pooled_relative_posterior_active_te100bp,benchmark_relative_active,2020-09-28,2020-09-28,2020-09-28,2020-09-01,GLD,0.15743537874362643,0.1948786908770814,-0.037443312133454976,False,,False,optimal
pooled_relative_posterior_active_te100bp,benchmark_relative_active,2020-09-28,2020-09-28,2020-09-28,2020-09-01,LQD,0.2799772846192862,0.3190459150726669,-0.03906863045338066,False,,False,optimal
pooled_relative_posterior_active_te100bp,benchmark_relative_active,2020-09-28,2020-09-28,2020-09-28,2020-09-01,AGG,0.0,0.0,0.0,False,,False,optimal
pooled_relative_posterior_active_te100bp,benchmark_relative_active,2020-10-05,2020-10-05,2020-10-05,2020-10-01,SPY,0.3435726720788974,0.3437839108330301,-0.0002112387541327032,False,,False,optimal
pooled_relative_posterior_active_te100bp,benchmark_relative_active,2020-10-05,2020-10-05,2020-10-05,2020-10-01,IEF,0.0,0.0,0.0,False,,False,optimal
pooled_relative_posterior_active_te100bp,benchmark_relative_active,2020-10-05,2020-10-05,2020-10-05,2020-10-01,TIP,0.036155615992244074,0.0,0.036155615992244074,False,,False,optimal
pooled_relative_posterior_active_te100bp,benchmark_relative_active,2020-10-05,2020-10-05,2020-10-05,2020-10-01,HYG,0.14895034843073757,0.1411956023472517,0.007754746083485864,False,,False,optimal
pooled_relative_posterior_active_te100bp,benchmark_relative_active,2020-10-05,2020-10-05,2020-10-05,2020-10-01,BIL,0.032766804574499556,0.0,0.032766804574499556,False,,False,optimal
pooled_relative_posterior_active_te100bp,benchmark_relative_active,2020-10-05,2020-10-05,2020-10-05,2020-10-01,GLD,0.15895508323023586,0.1966244022915351,-0.03766931906129925,False,,False,optimal
pooled_relative_posterior_active_te100bp,benchmark_relative_active,2020-10-05,2020-10-05,2020-10-05,2020-10-01,LQD,0.2795994756933855,0.318396084528183,-0.03879660883479752,False,,False,optimal
pooled_relative_posterior_active_te100bp,benchmark_relative_active,2020-10-05,2020-10-05,2020-10-05,2020-10-01,AGG,0.0,0.0,0.0,False,,False,optimal
pooled_relative_posterior_active_te100bp,benchmark_relative_active,2020-10-12,2020-10-12,2020-10-12,2020-10-01,SPY,0.3491816970768843,0.3492493185973094,-6.76215204251096e-05,False,,False,optimal
pooled_relative_posterior_active_te100bp,benchmark_relative_active,2020-10-12,2020-10-12,2020-10-12,2020-10-01,IEF,0.0,0.0,0.0,False,,False,optimal
pooled_relative_posterior_active_te100bp,benchmark_relative_active,2020-10-12,2020-10-12,2020-10-12,2020-10-01,TIP,0.035656409658077245,0.0,0.035656409658077245,False,,False,optimal
pooled_relative_posterior_active_te100bp,benchmark_relative_active,2020-10-12,2020-10-12,2020-10-12,2020-10-01,HYG,0.14834920337254998,0.1405665631296651,0.007782640242884886,False,,False,optimal
pooled_relative_posterior_active_te100bp,benchmark_relative_active,2020-10-12,2020-10-12,2020-10-12,2020-10-01,BIL,0.03226223636245552,0.0,0.03226223636245552,False,,False,optimal
pooled_relative_posterior_active_te100bp,benchmark_relative_active,2020-10-12,2020-10-12,2020-10-12,2020-10-01,GLD,0.15832561600025816,0.1957633291255933,-0.03743771312533514,False,,False,optimal
pooled_relative_posterior_active_te100bp,benchmark_relative_active,2020-10-12,2020-10-12,2020-10-12,2020-10-01,LQD,0.2762248375297749,0.3144207891474321,-0.03819595161765721,False,,False,optimal
pooled_relative_posterior_active_te100bp,benchmark_relative_active,2020-10-12,2020-10-12,2020-10-12,2020-10-01,AGG,0.0,0.0,0.0,False,,False,optimal
pooled_relative_posterior_active_te100bp,benchmark_relative_active,2020-10-19,2020-10-19,2020-10-19,2020-10-01,SPY,0.3485570298978798,0.3487640426370095,-0.0002070127391297083,False,,False,optimal
pooled_relative_posterior_active_te100bp,benchmark_relative_active,2020-10-19,2020-10-19,2020-10-19,2020-10-01,IEF,0.0,0.0,0.0,False,,False,optimal
pooled_relative_posterior_active_te100bp,benchmark_relative_active,2020-10-19,2020-10-19,2020-10-19,2020-10-01,TIP,0.035870933669439574,0.0,0.035870933669439574,False,,False,optimal
pooled_relative_posterior_active_te100bp,benchmark_relative_active,2020-10-19,2020-10-19,2020-10-19,2020-10-01,HYG,0.14803241403726072,0.1403225247320624,0.007709889305198336,False,,False,optimal
pooled_relative_posterior_active_te100bp,benchmark_relative_active,2020-10-19,2020-10-19,2020-10-19,2020-10-01,BIL,0.03242134179945518,0.0,0.03242134179945518,False,,False,optimal
pooled_relative_posterior_active_te100bp,benchmark_relative_active,2020-10-19,2020-10-19,2020-10-19,2020-10-01,GLD,0.15708907287969073,0.1943121212327657,-0.03722304835307497,False,,False,optimal
pooled_relative_posterior_active_te100bp,benchmark_relative_active,2020-10-19,2020-10-19,2020-10-19,2020-10-01,LQD,0.278029207716274,0.3166013113981624,-0.0385721036818884,False,,False,optimal
pooled_relative_posterior_active_te100bp,benchmark_relative_active,2020-10-19,2020-10-19,2020-10-19,2020-10-01,AGG,0.0,0.0,0.0,False,,False,optimal
pooled_relative_posterior_active_te100bp,benchmark_relative_active,2020-10-26,2020-10-26,2020-10-26,2020-10-01,SPY,0.3473616502972924,0.3476536022612247,-0.00029195196393233536,False,,False,optimal
pooled_relative_posterior_active_te100bp,benchmark_relative_active,2020-10-26,2020-10-26,2020-10-26,2020-10-01,IEF,0.0,0.0,0.0,False,,False,optimal
pooled_relative_posterior_active_te100bp,benchmark_relative_active,2020-10-26,2020-10-26,2020-10-26,2020-10-01,TIP,0.03594179358248488,0.0,0.03594179358248488,False,,False,optimal
pooled_relative_posterior_active_te100bp,benchmark_relative_active,2020-10-26,2020-10-26,2020-10-26,2020-10-01,HYG,0.14887201914083298,0.1411531761514019,0.007718842989431068,False,,False,optimal
pooled_relative_posterior_active_te100bp,benchmark_relative_active,2020-10-26,2020-10-26,2020-10-26,2020-10-01,BIL,0.032578321038373964,0.0,0.032578321038373964,False,,False,optimal
pooled_relative_posterior_active_te100bp,benchmark_relative_active,2020-10-26,2020-10-26,2020-10-26,2020-10-01,GLD,0.1571722042550653,0.1944628595681017,-0.03729065531303638,False,,False,optimal
pooled_relative_posterior_active_te100bp,benchmark_relative_active,2020-10-26,2020-10-26,2020-10-26,2020-10-01,LQD,0.27807401168595053,0.3167303620192717,-0.038656350333321154,False,,False,optimal
pooled_relative_posterior_active_te100bp,benchmark_relative_active,2020-10-26,2020-10-26,2020-10-26,2020-10-01,AGG,0.0,0.0,0.0,False,,False,optimal
pooled_relative_posterior_active_te100bp,benchmark_relative_active,2020-11-02,2020-11-02,2020-11-02,2020-11-01,SPY,0.33886791528582755,0.339351809266874,-0.0004838939810464793,False,,False,optimal
pooled_relative_posterior_active_te100bp,benchmark_relative_active,2020-11-02,2020-11-02,2020-11-02,2020-11-01,IEF,0.0,0.0,0.0,False,,False,optimal
pooled_relative_posterior_active_te100bp,benchmark_relative_active,2020-11-02,2020-11-02,2020-11-02,2020-11-01,TIP,0.03651823855239459,0.0,0.03651823855239459,False,,False,optimal
pooled_relative_posterior_active_te100bp,benchmark_relative_active,2020-11-02,2020-11-02,2020-11-02,2020-11-01,HYG,0.1509418966680415,0.143199741091278,0.007742155576763499,False,,False,optimal
pooled_relative_posterior_active_te100bp,benchmark_relative_active,2020-11-02,2020-11-02,2020-11-02,2020-11-01,BIL,0.03330270231693625,0.0,0.03330270231693625,False,,False,optimal
pooled_relative_posterior_active_te100bp,benchmark_relative_active,2020-11-02,2020-11-02,2020-11-02,2020-11-01,GLD,0.1583575979478256,0.1960445091886898,-0.03768691124086418,False,,False,optimal
pooled_relative_posterior_active_te100bp,benchmark_relative_active,2020-11-02,2020-11-02,2020-11-02,2020-11-01,LQD,0.2820116492289746,0.3214039404531582,-0.039392291224183584,False,,False,optimal
pooled_relative_posterior_active_te100bp,benchmark_relative_active,2020-11-02,2020-11-02,2020-11-02,2020-11-01,AGG,0.0,0.0,0.0,False,,False,optimal
pooled_relative_posterior_active_te100bp,benchmark_relative_active,2020-11-09,2020-11-09,2020-11-09,2020-11-01,SPY,0.34792483140883274,0.3478020354492431,0.00012279595958963885,False,,False,optimal
pooled_relative_posterior_active_te100bp,benchmark_relative_active,2020-11-09,2020-11-09,2020-11-09,2020-11-01,IEF,0.0,0.0,0.0,False,,False,optimal
pooled_relative_posterior_active_te100bp,benchmark_relative_active,2020-11-09,2020-11-09,2020-11-09,2020-11-01,TIP,0.035289246951175295,0.0,0.035289246951175295,False,,False,optimal
pooled_relative_posterior_active_te100bp,benchmark_relative_active,2020-11-09,2020-11-09,2020-11-09,2020-11-01,HYG,0.14867147013379528,0.1407949382299701,0.007876531903825174,False,,False,optimal
pooled_relative_posterior_active_te100bp,benchmark_relative_active,2020-11-09,2020-11-09,2020-11-09,2020-11-01,BIL,0.03224369854233493,0.0,0.03224369854233493,False,,False,optimal
pooled_relative_posterior_active_te100bp,benchmark_relative_active,2020-11-09,2020-11-09,2020-11-09,2020-11-01,GLD,0.1582815018482367,0.1956018309406134,-0.0373203290923767,False,,False,optimal
pooled_relative_posterior_active_te100bp,benchmark_relative_active,2020-11-09,2020-11-09,2020-11-09,2020-11-01,LQD,0.2775892511156251,0.3158011953801733,-0.038211944264548214,False,,False,optimal
pooled_relative_posterior_active_te100bp,benchmark_relative_active,2020-11-09,2020-11-09,2020-11-09,2020-11-01,AGG,0.0,0.0,0.0,False,,False,optimal
pooled_relative_posterior_active_te100bp,benchmark_relative_active,2020-11-16,2020-11-16,2020-11-16,2020-11-01,SPY,0.34510346388388363,0.3449940010439382,0.00010946283994545114,False,,False,optimal
pooled_relative_posterior_active_te100bp,benchmark_relative_active,2020-11-16,2020-11-16,2020-11-16,2020-11-01,IEF,0.0,0.0,0.0,False,,False,optimal
pooled_relative_posterior_active_te100bp,benchmark_relative_active,2020-11-16,2020-11-16,2020-11-16,2020-11-01,TIP,0.03578241111419325,0.0,0.03578241111419325,False,,False,optimal
pooled_relative_posterior_active_te100bp,benchmark_relative_active,2020-11-16,2020-11-16,2020-11-16,2020-11-01,HYG,0.14739885546264891,0.139594738033046,0.007804117429602908,False,,False,optimal
pooled_relative_posterior_active_te100bp,benchmark_relative_active,2020-11-16,2020-11-16,2020-11-16,2020-11-01,BIL,0.032506477919147764,0.0,0.032506477919147764,False,,False,optimal
pooled_relative_posterior_active_te100bp,benchmark_relative_active,2020-11-16,2020-11-16,2020-11-16,2020-11-01,GLD,0.16024079606305508,0.1980301781848581,-0.03778938212180302,False,,False,optimal
pooled_relative_posterior_active_te100bp,benchmark_relative_active,2020-11-16,2020-11-16,2020-11-16,2020-11-01,LQD,0.27896799555707136,0.3173810827381574,-0.03841308718108605,False,,False,optimal
pooled_relative_posterior_active_te100bp,benchmark_relative_active,2020-11-16,2020-11-16,2020-11-16,2020-11-01,AGG,0.0,0.0,0.0,False,,False,optimal
pooled_relative_posterior_active_te100bp,benchmark_relative_active,2020-11-23,2020-11-23,2020-11-23,2020-11-01,SPY,0.3407144169762438,0.3405994598698743,0.00011495710636949541,False,,False,optimal
pooled_relative_posterior_active_te100bp,benchmark_relative_active,2020-11-23,2020-11-23,2020-11-23,2020-11-01,IEF,0.0,0.0,0.0,False,,False,optimal
pooled_relative_posterior_active_te100bp,benchmark_relative_active,2020-11-23,2020-11-23,2020-11-23,2020-11-01,TIP,0.03603798713803336,0.0,0.03603798713803336,False,,False,optimal
pooled_relative_posterior_active_te100bp,benchmark_relative_active,2020-11-23,2020-11-23,2020-11-23,2020-11-01,HYG,0.14787257634762715,0.1400405460780672,0.007832030269559948,False,,False,optimal
pooled_relative_posterior_active_te100bp,benchmark_relative_active,2020-11-23,2020-11-23,2020-11-23,2020-11-01,BIL,0.03260692300486159,0.0,0.03260692300486159,False,,False,optimal
pooled_relative_posterior_active_te100bp,benchmark_relative_active,2020-11-23,2020-11-23,2020-11-23,2020-11-01,GLD,0.15932185575620866,0.1968905445219841,-0.03756868876577543,False,,False,optimal
pooled_relative_posterior_active_te100bp,benchmark_relative_active,2020-11-23,2020-11-23,2020-11-23,2020-11-01,LQD,0.28344624077702546,0.3224694495300744,-0.03902320875304893,False,,False,optimal
pooled_relative_posterior_active_te100bp,benchmark_relative_active,2020-11-23,2020-11-23,2020-11-23,2020-11-01,AGG,0.0,0.0,0.0,False,,False,optimal
pooled_relative_posterior_active_te100bp,benchmark_relative_active,2020-11-30,2020-11-30,2020-11-30,2020-11-01,SPY,0.3465515632575533,0.347008927765582,-0.00045736450802869033,False,,False,optimal
pooled_relative_posterior_active_te100bp,benchmark_relative_active,2020-11-30,2020-11-30,2020-11-30,2020-11-01,IEF,0.0,0.0,0.0,False,,False,optimal
pooled_relative_posterior_active_te100bp,benchmark_relative_active,2020-11-30,2020-11-30,2020-11-30,2020-11-01,TIP,0.03616597079679127,0.0,0.03616597079679127,False,,False,optimal
pooled_relative_posterior_active_te100bp,benchmark_relative_active,2020-11-30,2020-11-30,2020-11-30,2020-11-01,HYG,0.1482263595249895,0.1406082944261614,0.007618065098828092,False,,False,optimal
pooled_relative_posterior_active_te100bp,benchmark_relative_active,2020-11-30,2020-11-30,2020-11-30,2020-11-01,BIL,0.03258280422969477,0.0,0.03258280422969477,False,,False,optimal
pooled_relative_posterior_active_te100bp,benchmark_relative_active,2020-11-30,2020-11-30,2020-11-30,2020-11-01,GLD,0.15255761581502353,0.1888438032896507,-0.03628618747462717,False,,False,optimal
pooled_relative_posterior_active_te100bp,benchmark_relative_active,2020-11-30,2020-11-30,2020-11-30,2020-11-01,LQD,0.28391568637594755,0.3235389745186057,-0.03962328814265814,False,,False,optimal
pooled_relative_posterior_active_te100bp,benchmark_relative_active,2020-11-30,2020-11-30,2020-11-30,2020-11-01,AGG,0.0,0.0,0.0,False,,False,optimal
pooled_relative_posterior_active_te100bp,benchmark_relative_active,2020-12-07,2020-12-07,2020-12-07,2020-12-01,SPY,0.34924953576741335,0.3493863906557867,-0.00013685488837333892,False,,False,optimal
pooled_relative_posterior_active_te100bp,benchmark_relative_active,2020-12-07,2020-12-07,2020-12-07,2020-12-01,IEF,0.0,0.0,0.0,False,,False,optimal
pooled_relative_posterior_active_te100bp,benchmark_relative_active,2020-12-07,2020-12-07,2020-12-07,2020-12-01,TIP,0.03574522948946588,0.0,0.03574522948946588,False,,False,optimal
pooled_relative_posterior_active_te100bp,benchmark_relative_active,2020-12-07,2020-12-07,2020-12-07,2020-12-01,HYG,0.14784120982821913,0.1401129788547236,0.007728230973495537,False,,False,optimal
pooled_relative_posterior_active_te100bp,benchmark_relative_active,2020-12-07,2020-12-07,2020-12-07,2020-12-01,BIL,0.03221779223587291,0.0,0.03221779223587291,False,,False,optimal
pooled_relative_posterior_active_te100bp,benchmark_relative_active,2020-12-07,2020-12-07,2020-12-07,2020-12-01,GLD,0.1559307233783983,0.1928403450381828,-0.03690962165978448,False,,False,optimal
pooled_relative_posterior_active_te100bp,benchmark_relative_active,2020-12-07,2020-12-07,2020-12-07,2020-12-01,LQD,0.2790155093006304,0.3176602854513068,-0.03864477615067641,False,,False,optimal
pooled_relative_posterior_active_te100bp,benchmark_relative_active,2020-12-07,2020-12-07,2020-12-07,2020-12-01,AGG,0.0,0.0,0.0,False,,False,optimal
pooled_relative_posterior_active_te100bp,benchmark_relative_active,2020-12-14,2020-12-14,2020-12-14,2020-12-01,SPY,0.3476722297783991,0.3478497140226765,-0.00017748424427738163,False,,False,optimal
pooled_relative_posterior_active_te100bp,benchmark_relative_active,2020-12-14,2020-12-14,2020-12-14,2020-12-01,IEF,0.0,0.0,0.0,False,,False,optimal
pooled_relative_posterior_active_te100bp,benchmark_relative_active,2020-12-14,2020-12-14,2020-12-14,2020-12-01,TIP,0.035944391162961796,0.0,0.035944391162961796,False,,False,optimal
pooled_relative_posterior_active_te100bp,benchmark_relative_active,2020-12-14,2020-12-14,2020-12-14,2020-12-01,HYG,0.14806143581176237,0.1403383338575334,0.007723101954228984,False,,False,optimal
pooled_relative_posterior_active_te100bp,benchmark_relative_active,2020-12-14,2020-12-14,2020-12-14,2020-12-01,BIL,0.03231043288523972,0.0,0.03231043288523972,False,,False,optimal
pooled_relative_posterior_active_te100bp,benchmark_relative_active,2020-12-14,2020-12-14,2020-12-14,2020-12-01,GLD,0.15631573784512,0.1933394203134267,-0.0370236824683067,False,,False,optimal
pooled_relative_posterior_active_te100bp,benchmark_relative_active,2020-12-14,2020-12-14,2020-12-14,2020-12-01,LQD,0.279695772516517,0.3184725318063633,-0.03877675928984631,False,,False,optimal
pooled_relative_posterior_active_te100bp,benchmark_relative_active,2020-12-14,2020-12-14,2020-12-14,2020-12-01,AGG,0.0,0.0,0.0,False,,False,optimal
pooled_relative_posterior_active_te100bp,benchmark_relative_active,2020-12-21,2020-12-21,2020-12-21,2020-12-01,SPY,0.34705507694367316,0.346896186304406,0.00015889063926716185,False,,False,optimal
pooled_relative_posterior_active_te100bp,benchmark_relative_active,2020-12-21,2020-12-21,2020-12-21,2020-12-01,IEF,0.0,0.0,0.0,False,,False,optimal
pooled_relative_posterior_active_te100bp,benchmark_relative_active,2020-12-21,2020-12-21,2020-12-21,2020-12-01,TIP,0.03578389381186841,0.0,0.03578389381186841,False,,False,optimal
pooled_relative_posterior_active_te100bp,benchmark_relative_active,2020-12-21,2020-12-21,2020-12-21,2020-12-01,HYG,0.14731112849696676,0.1394920291019658,0.007819099395000972,False,,False,optimal
pooled_relative_posterior_active_te100bp,benchmark_relative_active,2020-12-21,2020-12-21,2020-12-21,2020-12-01,BIL,0.03207269162805368,0.0,0.03207269162805368,False,,False,optimal
pooled_relative_posterior_active_te100bp,benchmark_relative_active,2020-12-21,2020-12-21,2020-12-21,2020-12-01,GLD,0.1592370097276061,0.1967619855191452,-0.0375249757915391,False,,False,optimal
pooled_relative_posterior_active_te100bp,benchmark_relative_active,2020-12-21,2020-12-21,2020-12-21,2020-12-01,LQD,0.27854019939183194,0.3168497990744828,-0.03830959968265085,False,,False,optimal
pooled_relative_posterior_active_te100bp,benchmark_relative_active,2020-12-21,2020-12-21,2020-12-21,2020-12-01,AGG,0.0,0.0,0.0,False,,False,optimal
pooled_relative_posterior_active_te100bp,benchmark_relative_active,2020-12-28,2020-12-28,2020-12-28,2020-12-01,SPY,0.34866852874902315,0.348476103053486,0.00019242569553717948,False,,False,optimal
pooled_relative_posterior_active_te100bp,benchmark_relative_active,2020-12-28,2020-12-28,2020-12-28,2020-12-01,IEF,0.0,0.0,0.0,False,,False,optimal
pooled_relative_posterior_active_te100bp,benchmark_relative_active,2020-12-28,2020-12-28,2020-12-28,2020-12-01,TIP,0.03558838513559792,0.0,0.03558838513559792,False,,False,optimal
pooled_relative_posterior_active_te100bp,benchmark_relative_active,2020-12-28,2020-12-28,2020-12-28,2020-12-01,HYG,0.1475150255380332,0.1396719584853023,0.007843067052730884,False,,False,optimal
pooled_relative_posterior_active_te100bp,benchmark_relative_active,2020-12-28,2020-12-28,2020-12-28,2020-12-01,BIL,0.03187336637010038,0.0,0.03187336637010038,False,,False,optimal
pooled_relative_posterior_active_te100bp,benchmark_relative_active,2020-12-28,2020-12-28,2020-12-28,2020-12-01,GLD,0.15828396739809178,0.1955659486936435,-0.037281981295551714,False,,False,optimal
pooled_relative_posterior_active_te100bp,benchmark_relative_active,2020-12-28,2020-12-28,2020-12-28,2020-12-01,LQD,0.27807072680915357,0.316285989767568,-0.03821526295841443,False,,False,optimal
pooled_relative_posterior_active_te100bp,benchmark_relative_active,2020-12-28,2020-12-28,2020-12-28,2020-12-01,AGG,0.0,0.0,0.0,False,,False,optimal
pooled_relative_posterior_active_te100bp,benchmark_relative_active,2021-01-04,2021-01-04,2021-01-04,2021-01-01,SPY,0.3491218029799839,0.3488428425232031,0.00027896045678083015,False,,False,optimal
pooled_relative_posterior_active_te100bp,benchmark_relative_active,2021-01-04,2021-01-04,2021-01-04,2021-01-01,IEF,0.0,0.0,0.0,False,,False,optimal
pooled_relative_posterior_active_te100bp,benchmark_relative_active,2021-01-04,2021-01-04,2021-01-04,2021-01-01,TIP,0.035553218820184716,0.0,0.035553218820184716,False,,False,optimal
pooled_relative_posterior_active_te100bp,benchmark_relative_active,2021-01-04,2021-01-04,2021-01-04,2021-01-01,HYG,0.1470635214583691,0.1392100270054436,0.007853494452925491,False,,False,optimal
pooled_relative_posterior_active_te100bp,benchmark_relative_active,2021-01-04,2021-01-04,2021-01-04,2021-01-01,BIL,0.031735593904461755,0.0,0.031735593904461755,False,,False,optimal
pooled_relative_posterior_active_te100bp,benchmark_relative_active,2021-01-04,2021-01-04,2021-01-04,2021-01-01,GLD,0.15856047068544366,0.1958591343552462,-0.037298663669802556,False,,False,optimal
pooled_relative_posterior_active_te100bp,benchmark_relative_active,2021-01-04,2021-01-04,2021-01-04,2021-01-01,LQD,0.27796539215155686,0.3160879961161069,-0.03812260396455003,False,,False,optimal
pooled_relative_posterior_active_te100bp,benchmark_relative_active,2021-01-04,2021-01-04,2021-01-04,2021-01-01,AGG,0.0,0.0,0.0,False,,False,optimal
pooled_relative_posterior_active_te100bp,benchmark_relative_active,2021-01-11,2021-01-11,2021-01-11,2021-01-01,SPY,0.35,0.3499999999999991,8.881784197001252e-16,False,,False,optimal
pooled_relative_posterior_active_te100bp,benchmark_relative_active,2021-01-11,2021-01-11,2021-01-11,2021-01-01,IEF,1.682613708471972e-18,0.0,1.682613708471972e-18,False,,False,optimal
pooled_relative_posterior_active_te100bp,benchmark_relative_active,2021-01-11,2021-01-11,2021-01-11,2021-01-01,TIP,0.03559034018467453,0.0,0.03559034018467453,False,,False,optimal
pooled_relative_posterior_active_te100bp,benchmark_relative_active,2021-01-11,2021-01-11,2021-01-11,2021-01-01,HYG,0.1479790693750794,0.1403820214823269,0.0075970478927525065,False,,False,optimal
pooled_relative_posterior_active_te100bp,benchmark_relative_active,2021-01-11,2021-01-11,2021-01-11,2021-01-01,BIL,0.03194064537721203,0.0,0.03194064537721203,False,,False,optimal
pooled_relative_posterior_active_te100bp,benchmark_relative_active,2021-01-11,2021-01-11,2021-01-11,2021-01-01,GLD,0.15902006648290656,0.1956849306881407,-0.03666486420523413,False,,False,optimal
pooled_relative_posterior_active_te100bp,benchmark_relative_active,2021-01-11,2021-01-11,2021-01-11,2021-01-01,LQD,0.2754698785801275,0.3139330478295333,-0.03846316924940579,False,,False,optimal
pooled_relative_posterior_active_te100bp,benchmark_relative_active,2021-01-11,2021-01-11,2021-01-11,2021-01-01,AGG,0.0,0.0,0.0,False,,False,optimal
pooled_relative_posterior_active_te100bp,benchmark_relative_active,2021-01-18,2021-01-18,2021-01-19,2021-01-01,SPY,0.3484427777914098,0.3485271528992674,-8.437510785758162e-05,False,,False,optimal
pooled_relative_posterior_active_te100bp,benchmark_relative_active,2021-01-18,2021-01-18,2021-01-19,2021-01-01,IEF,1.6889914514382636e-18,0.0,1.6889914514382636e-18,False,,False,optimal
pooled_relative_posterior_active_te100bp,benchmark_relative_active,2021-01-18,2021-01-18,2021-01-19,2021-01-01,TIP,0.035834830130253896,0.0,0.035834830130253896,False,,False,optimal
pooled_relative_posterior_active_te100bp,benchmark_relative_active,2021-01-18,2021-01-18,2021-01-19,2021-01-01,HYG,0.14831722145152676,0.1407368843432902,0.007580337108236551,False,,False,optimal
pooled_relative_posterior_active_te100bp,benchmark_relative_active,2021-01-18,2021-01-18,2021-01-19,2021-01-01,BIL,0.031984005152717834,0.0,0.031984005152717834,False,,False,optimal
pooled_relative_posterior_active_te100bp,benchmark_relative_active,2021-01-18,2021-01-18,2021-01-19,2021-01-01,GLD,0.15828436782369326,0.1948267695123978,-0.03654240168870454,False,,False,optimal
pooled_relative_posterior_active_te100bp,benchmark_relative_active,2021-01-18,2021-01-18,2021-01-19,2021-01-01,LQD,0.27713679765039845,0.3159091932450445,-0.03877239559464607,False,,False,optimal
pooled_relative_posterior_active_te100bp,benchmark_relative_active,2021-01-18,2021-01-18,2021-01-19,2021-01-01,AGG,0.0,0.0,0.0,False,,False,optimal
pooled_relative_posterior_active_te100bp,benchmark_relative_active,2021-01-25,2021-01-25,2021-01-25,2021-01-01,SPY,0.35,0.349999999999999,9.992007221626409e-16,False,,False,optimal
pooled_relative_posterior_active_te100bp,benchmark_relative_active,2021-01-25,2021-01-25,2021-01-25,2021-01-01,IEF,6.551469358695038e-18,0.0,6.551469358695038e-18,False,,False,optimal
pooled_relative_posterior_active_te100bp,benchmark_relative_active,2021-01-25,2021-01-25,2021-01-25,2021-01-01,TIP,0.03579155521491119,0.0,0.03579155521491119,False,,False,optimal
pooled_relative_posterior_active_te100bp,benchmark_relative_active,2021-01-25,2021-01-25,2021-01-25,2021-01-01,HYG,0.14860722078923203,0.1400208559947237,0.008586364794508333,False,,False,optimal
pooled_relative_posterior_active_te100bp,benchmark_relative_active,2021-01-25,2021-01-25,2021-01-25,2021-01-01,BIL,0.03184038553839764,0.0,0.03184038553839764,False,,False,optimal
pooled_relative_posterior_active_te100bp,benchmark_relative_active,2021-01-25,2021-01-25,2021-01-25,2021-01-01,GLD,0.1586592370531691,0.1963985624953694,-0.03773932544220032,False,,False,optimal
pooled_relative_posterior_active_te100bp,benchmark_relative_active,2021-01-25,2021-01-25,2021-01-25,2021-01-01,LQD,0.2751016014042901,0.3135805815099078,-0.03847898010561773,False,,False,optimal
pooled_relative_posterior_active_te100bp,benchmark_relative_active,2021-01-25,2021-01-25,2021-01-25,2021-01-01,AGG,0.0,0.0,0.0,False,,False,optimal
pooled_relative_posterior_active_te100bp,benchmark_relative_active,2021-02-01,2021-02-01,2021-02-01,2021-02-01,SPY,0.3429659160716984,0.3431615467182339,-0.000195630646535494,False,,False,optimal
pooled_relative_posterior_active_te100bp,benchmark_relative_active,2021-02-01,2021-02-01,2021-02-01,2021-02-01,IEF,6.649564599665966e-18,0.0,6.649564599665966e-18,False,,False,optimal
pooled_relative_posterior_active_te100bp,benchmark_relative_active,2021-02-01,2021-02-01,2021-02-01,2021-02-01,TIP,0.03637536036761008,0.0,0.03637536036761008,False,,False,optimal
pooled_relative_posterior_active_te100bp,benchmark_relative_active,2021-02-01,2021-02-01,2021-02-01,2021-02-01,HYG,0.1504014376685232,0.1417922383382976,0.008609199330225609,False,,False,optimal
pooled_relative_posterior_active_te100bp,benchmark_relative_active,2021-02-01,2021-02-01,2021-02-01,2021-02-01,BIL,0.03235062998931186,0.0,0.03235062998931186,False,,False,optimal
pooled_relative_posterior_active_te100bp,benchmark_relative_active,2021-02-01,2021-02-01,2021-02-01,2021-02-01,GLD,0.15914653090297545,0.1971141374900697,-0.03796760658709425,False,,False,optimal
pooled_relative_posterior_active_te100bp,benchmark_relative_active,2021-02-01,2021-02-01,2021-02-01,2021-02-01,LQD,0.27876012499988106,0.3179320774533987,-0.03917195245351762,False,,False,optimal
pooled_relative_posterior_active_te100bp,benchmark_relative_active,2021-02-01,2021-02-01,2021-02-01,2021-02-01,AGG,0.0,0.0,0.0,False,,False,optimal
pooled_relative_posterior_active_te100bp,benchmark_relative_active,2021-02-08,2021-02-08,2021-02-08,2021-02-01,SPY,0.3495863989414655,0.3499999999999995,-0.00041360105853399665,False,,False,optimal
pooled_relative_posterior_active_te100bp,benchmark_relative_active,2021-02-08,2021-02-08,2021-02-08,2021-02-01,IEF,6.1728408201153375e-18,0.0,6.1728408201153375e-18,False,,False,optimal
pooled_relative_posterior_active_te100bp,benchmark_relative_active,2021-02-08,2021-02-08,2021-02-08,2021-02-01,TIP,0.03604368292116867,0.0,0.03604368292116867,False,,False,optimal
pooled_relative_posterior_active_te100bp,benchmark_relative_active,2021-02-08,2021-02-08,2021-02-08,2021-02-01,HYG,0.15041360105853452,0.1419898136807345,0.00842378737780003,False,,False,optimal
pooled_relative_posterior_active_te100bp,benchmark_relative_active,2021-02-08,2021-02-08,2021-02-08,2021-02-01,BIL,0.0320907911261148,0.0,0.0320907911261148,False,,False,optimal
pooled_relative_posterior_active_te100bp,benchmark_relative_active,2021-02-08,2021-02-08,2021-02-08,2021-02-01,GLD,0.1565292757231804,0.1935709733926153,-0.03704169766943491,False,,False,optimal
pooled_relative_posterior_active_te100bp,benchmark_relative_active,2021-02-08,2021-02-08,2021-02-08,2021-02-01,LQD,0.27533625022953623,0.3144392129266504,-0.03910296269711416,False,,False,optimal
pooled_relative_posterior_active_te100bp,benchmark_relative_active,2021-02-08,2021-02-08,2021-02-08,2021-02-01,AGG,0.0,0.0,0.0,False,,False,optimal
pooled_relative_posterior_active_te100bp,benchmark_relative_active,2021-02-15,2021-02-15,2021-02-16,2021-02-01,SPY,0.3495073874172756,0.3499999999999996,-0.0004926125827239836,False,,False,optimal
pooled_relative_posterior_active_te100bp,benchmark_relative_active,2021-02-15,2021-02-15,2021-02-16,2021-02-01,IEF,5.852112889058454e-18,0.0,5.852112889058454e-18,False,,False,optimal
pooled_relative_posterior_active_te100bp,benchmark_relative_active,2021-02-15,2021-02-15,2021-02-16,2021-02-01,TIP,0.0359592049804027,0.0,0.0359592049804027,False,,False,optimal
pooled_relative_posterior_active_te100bp,benchmark_relative_active,2021-02-15,2021-02-15,2021-02-16,2021-02-01,HYG,0.15049261258272448,0.1421125849818972,0.008380027600827289,False,,False,optimal
pooled_relative_posterior_active_te100bp,benchmark_relative_active,2021-02-15,2021-02-15,2021-02-16,2021-02-01,BIL,0.03203816514064028,0.0,0.03203816514064028,False,,False,optimal
pooled_relative_posterior_active_te100bp,benchmark_relative_active,2021-02-15,2021-02-15,2021-02-16,2021-02-01,GLD,0.1576274184828353,0.1944394488470932,-0.0368120303642579,False,,False,optimal
pooled_relative_posterior_active_te100bp,benchmark_relative_active,2021-02-15,2021-02-15,2021-02-16,2021-02-01,LQD,0.27437521139612164,0.3134479661710098,-0.03907275477488814,False,,False,optimal
pooled_relative_posterior_active_te100bp,benchmark_relative_active,2021-02-15,2021-02-15,2021-02-16,2021-02-01,AGG,0.0,0.0,0.0,False,,False,optimal
pooled_relative_posterior_active_te100bp,benchmark_relative_active,2021-02-22,2021-02-22,2021-02-22,2021-02-01,SPY,0.348487454482416,0.3490069729179891,-0.0005195184355730742,False,,False,optimal
pooled_relative_posterior_active_te100bp,benchmark_relative_active,2021-02-22,2021-02-22,2021-02-22,2021-02-01,IEF,5.857142783797664e-18,0.0,5.857142783797664e-18,False,,False,optimal
pooled_relative_posterior_active_te100bp,benchmark_relative_active,2021-02-22,2021-02-22,2021-02-22,2021-02-01,TIP,0.03581166835117365,0.0,0.03581166835117365,False,,False,optimal
pooled_relative_posterior_active_te100bp,benchmark_relative_active,2021-02-22,2021-02-22,2021-02-22,2021-02-01,HYG,0.1511680544235523,0.1427620094562819,0.008406044967270404,False,,False,optimal
pooled_relative_posterior_active_te100bp,benchmark_relative_active,2021-02-22,2021-02-22,2021-02-22,2021-02-01,BIL,0.03227008022355675,0.0,0.03227008022355675,False,,False,optimal
pooled_relative_posterior_active_te100bp,benchmark_relative_active,2021-02-22,2021-02-22,2021-02-22,2021-02-01,GLD,0.15768419402205433,0.1945252813446687,-0.036841087322614374,False,,False,optimal
pooled_relative_posterior_active_te100bp,benchmark_relative_active,2021-02-22,2021-02-22,2021-02-22,2021-02-01,LQD,0.27457854849724705,0.3137057362810601,-0.03912718778381302,False,,False,optimal
pooled_relative_posterior_active_te100bp,benchmark_relative_active,2021-02-22,2021-02-22,2021-02-22,2021-02-01,AGG,0.0,0.0,0.0,False,,False,optimal
pooled_relative_posterior_active_te100bp,benchmark_relative_active,2021-03-01,2021-03-01,2021-03-01,2021-03-01,SPY,0.3477868749707602,0.3488648826816124,-0.0010780077108522024,False,,False,optimal
pooled_relative_posterior_active_te100bp,benchmark_relative_active,2021-03-01,2021-03-01,2021-03-01,2021-03-01,IEF,5.913084622849975e-18,0.0,5.913084622849975e-18,False,,False,optimal
pooled_relative_posterior_active_te100bp,benchmark_relative_active,2021-03-01,2021-03-01,2021-03-01,2021-03-01,TIP,0.03636054429080852,0.0,0.03636054429080852,False,,False,optimal
pooled_relative_posterior_active_te100bp,benchmark_relative_active,2021-03-01,2021-03-01,2021-03-01,2021-03-01,HYG,0.15188744404264412,0.1436718266087155,0.008215617433928624,False,,False,optimal
pooled_relative_posterior_active_te100bp,benchmark_relative_active,2021-03-01,2021-03-01,2021-03-01,2021-03-01,BIL,0.0327724875913268,0.0,0.0327724875913268,False,,False,optimal
pooled_relative_posterior_active_te100bp,benchmark_relative_active,2021-03-01,2021-03-01,2021-03-01,2021-03-01,GLD,0.15374461184784516,0.1899699483554156,-0.036225336507570455,False,,False,optimal
pooled_relative_posterior_active_te100bp,benchmark_relative_active,2021-03-01,2021-03-01,2021-03-01,2021-03-01,LQD,0.2774480372566152,0.3174933423542565,-0.040045305097641315,False,,False,optimal
pooled_relative_posterior_active_te100bp,benchmark_relative_active,2021-03-01,2021-03-01,2021-03-01,2021-03-01,AGG,0.0,0.0,0.0,False,,False,optimal
pooled_relative_posterior_active_te100bp,benchmark_relative_active,2021-03-08,2021-03-08,2021-03-08,2021-03-01,SPY,0.34673071217591045,0.3499999999999998,-0.003269287824089362,False,,False,optimal
pooled_relative_posterior_active_te100bp,benchmark_relative_active,2021-03-08,2021-03-08,2021-03-08,2021-03-01,IEF,1.4325540419898696e-17,0.0,1.4325540419898696e-17,False,,False,optimal
pooled_relative_posterior_active_te100bp,benchmark_relative_active,2021-03-08,2021-03-08,2021-03-08,2021-03-01,TIP,0.036610227666896415,0.0,0.036610227666896415,False,,False,optimal
pooled_relative_posterior_active_te100bp,benchmark_relative_active,2021-03-08,2021-03-08,2021-03-08,2021-03-01,HYG,0.15326928782408958,0.1451747102684578,0.008094577555631782,False,,False,optimal
pooled_relative_posterior_active_te100bp,benchmark_relative_active,2021-03-08,2021-03-08,2021-03-08,2021-03-01,BIL,0.0330897371857775,0.0,0.0330897371857775,False,,False,optimal
pooled_relative_posterior_active_te100bp,benchmark_relative_active,2021-03-08,2021-03-08,2021-03-08,2021-03-01,GLD,0.15416692006794916,0.1884099372467476,-0.034243017178798435,False,,False,optimal
pooled_relative_posterior_active_te100bp,benchmark_relative_active,2021-03-08,2021-03-08,2021-03-08,2021-03-01,LQD,0.27613311507937693,0.3164153524847946,-0.04028223740541764,False,,False,optimal
pooled_relative_posterior_active_te100bp,benchmark_relative_active,2021-03-08,2021-03-08,2021-03-08,2021-03-01,AGG,0.0,0.0,0.0,False,,False,optimal
pooled_relative_posterior_active_te100bp,benchmark_relative_active,2021-03-15,2021-03-15,2021-03-15,2021-03-01,SPY,0.3483378508780759,0.3499999999999986,-0.0016621491219226958,False,,False,optimal
pooled_relative_posterior_active_te100bp,benchmark_relative_active,2021-03-15,2021-03-15,2021-03-15,2021-03-01,IEF,1.1640940019592692e-17,0.0,1.1640940019592692e-17,False,,False,optimal
pooled_relative_posterior_active_te100bp,benchmark_relative_active,2021-03-15,2021-03-15,2021-03-15,2021-03-01,TIP,0.03622608257518109,0.0,0.03622608257518109,False,,False,optimal
pooled_relative_posterior_active_te100bp,benchmark_relative_active,2021-03-15,2021-03-15,2021-03-15,2021-03-01,HYG,0.15166214912192405,0.1435798503148364,0.008082298807087662,False,,False,optimal
pooled_relative_posterior_active_te100bp,benchmark_relative_active,2021-03-15,2021-03-15,2021-03-15,2021-03-01,BIL,0.03278442982940161,0.0,0.03278442982940161,False,,False,optimal
pooled_relative_posterior_active_te100bp,benchmark_relative_active,2021-03-15,2021-03-15,2021-03-15,2021-03-01,GLD,0.159136016892222,0.195066186001528,-0.03593016910930599,False,,False,optimal
pooled_relative_posterior_active_te100bp,benchmark_relative_active,2021-03-15,2021-03-15,2021-03-15,2021-03-01,LQD,0.2718534707031954,0.3113539636836368,-0.03950049298044145,False,,False,optimal
pooled_relative_posterior_active_te100bp,benchmark_relative_active,2021-03-15,2021-03-15,2021-03-15,2021-03-01,AGG,0.0,0.0,0.0,False,,False,optimal
pooled_relative_posterior_active_te100bp,benchmark_relative_active,2021-03-22,2021-03-22,2021-03-22,2021-03-01,SPY,0.3463300872172516,0.3479071470405472,-0.0015770598232955901,False,,False,optimal
pooled_relative_posterior_active_te100bp,benchmark_relative_active,2021-03-22,2021-03-22,2021-03-22,2021-03-01,IEF,1.158541358279534e-17,0.0,1.158541358279534e-17,False,,False,optimal
pooled_relative_posterior_active_te100bp,benchmark_relative_active,2021-03-22,2021-03-22,2021-03-22,2021-03-01,TIP,0.036291521554374206,0.0,0.036291521554374206,False,,False,optimal
pooled_relative_posterior_active_te100bp,benchmark_relative_active,2021-03-22,2021-03-22,2021-03-22,2021-03-01,HYG,0.15156846722526718,0.1434600246427398,0.008108442582527381,False,,False,optimal
pooled_relative_posterior_active_te100bp,benchmark_relative_active,2021-03-22,2021-03-22,2021-03-22,2021-03-01,BIL,0.03289361880466976,0.0,0.03289361880466976,False,,False,optimal
pooled_relative_posterior_active_te100bp,benchmark_relative_active,2021-03-22,2021-03-22,2021-03-22,2021-03-01,GLD,0.16058087987136618,0.1967945623097647,-0.03621368243839851,False,,False,optimal
pooled_relative_posterior_active_te100bp,benchmark_relative_active,2021-03-22,2021-03-22,2021-03-22,2021-03-01,LQD,0.2723354253270711,0.3118382660069482,-0.03950284067987708,False,,False,optimal
pooled_relative_posterior_active_te100bp,benchmark_relative_active,2021-03-22,2021-03-22,2021-03-22,2021-03-01,AGG,0.0,0.0,0.0,False,,False,optimal
pooled_relative_posterior_active_te100bp,benchmark_relative_active,2021-03-29,2021-03-29,2021-03-29,2021-03-01,SPY,0.3483741938801887,0.35,-0.0016258061198112794,False,,False,optimal
pooled_relative_posterior_active_te100bp,benchmark_relative_active,2021-03-29,2021-03-29,2021-03-29,2021-03-01,IEF,2.3440668049703194e-17,0.0,2.3440668049703194e-17,False,,False,optimal
pooled_relative_posterior_active_te100bp,benchmark_relative_active,2021-03-29,2021-03-29,2021-03-29,2021-03-01,TIP,0.03627217819521559,0.0,0.03627217819521559,False,,False,optimal
pooled_relative_posterior_active_te100bp,benchmark_relative_active,2021-03-29,2021-03-29,2021-03-29,2021-03-01,HYG,0.15162580611981133,0.1435354775413964,0.008090328578414935,False,,False,optimal
pooled_relative_posterior_active_te100bp,benchmark_relative_active,2021-03-29,2021-03-29,2021-03-29,2021-03-01,BIL,0.03263349368082034,0.0,0.03263349368082034,False,,False,optimal
pooled_relative_posterior_active_te100bp,benchmark_relative_active,2021-03-29,2021-03-29,2021-03-29,2021-03-01,GLD,0.15974023995233172,0.1957040799179745,-0.035963839965642785,False,,False,optimal
pooled_relative_posterior_active_te100bp,benchmark_relative_active,2021-03-29,2021-03-29,2021-03-29,2021-03-01,LQD,0.2713540881716323,0.3107604425406292,-0.039406354368996865,False,,False,optimal
pooled_relative_posterior_active_te100bp,benchmark_relative_active,2021-03-29,2021-03-29,2021-03-29,2021-03-01,AGG,0.0,0.0,0.0,False,,False,optimal
pooled_relative_posterior_active_te100bp,benchmark_relative_active,2021-04-05,2021-04-05,2021-04-05,2021-04-01,SPY,0.348899026801755,0.35,-0.001100973198244981,False,,False,optimal
pooled_relative_posterior_active_te100bp,benchmark_relative_active,2021-04-05,2021-04-05,2021-04-05,2021-04-01,IEF,1.422696466421659e-17,0.0,1.422696466421659e-17,False,,False,optimal
pooled_relative_posterior_active_te100bp,benchmark_relative_active,2021-04-05,2021-04-05,2021-04-05,2021-04-01,TIP,0.035855475790222836,0.0,0.035855475790222836,False,,False,optimal
pooled_relative_posterior_active_te100bp,benchmark_relative_active,2021-04-05,2021-04-05,2021-04-05,2021-04-01,HYG,0.15110097319824503,0.142962537929865,0.00813843526838004,False,,False,optimal
pooled_relative_posterior_active_te100bp,benchmark_relative_active,2021-04-05,2021-04-05,2021-04-05,2021-04-01,BIL,0.032336232132019596,0.0,0.032336232132019596,False,,False,optimal
pooled_relative_posterior_active_te100bp,benchmark_relative_active,2021-04-05,2021-04-05,2021-04-05,2021-04-01,GLD,0.16047647213405428,0.1964678624222839,-0.03599139028822962,False,,False,optimal
pooled_relative_posterior_active_te100bp,benchmark_relative_active,2021-04-05,2021-04-05,2021-04-05,2021-04-01,LQD,0.2713318199437033,0.3105695996478509,-0.0392377797041476,False,,False,optimal
pooled_relative_posterior_active_te100bp,benchmark_relative_active,2021-04-05,2021-04-05,2021-04-05,2021-04-01,AGG,0.0,0.0,0.0,False,,False,optimal
pooled_relative_posterior_active_te100bp,benchmark_relative_active,2021-04-12,2021-04-12,2021-04-12,2021-04-01,SPY,0.35,0.3499999999999996,3.885780586188048e-16,False,,False,optimal
pooled_relative_posterior_active_te100bp,benchmark_relative_active,2021-04-12,2021-04-12,2021-04-12,2021-04-01,IEF,8.96494492313114e-18,0.0,8.96494492313114e-18,False,,False,optimal
pooled_relative_posterior_active_te100bp,benchmark_relative_active,2021-04-12,2021-04-12,2021-04-12,2021-04-01,TIP,0.03556951472781815,0.0,0.03556951472781815,False,,False,optimal
pooled_relative_posterior_active_te100bp,benchmark_relative_active,2021-04-12,2021-04-12,2021-04-12,2021-04-01,HYG,0.14977904005067397,0.1416406312011199,0.00813840884955408,False,,False,optimal
pooled_relative_posterior_active_te100bp,benchmark_relative_active,2021-04-12,2021-04-12,2021-04-12,2021-04-01,BIL,0.03200575058496696,0.0,0.03200575058496696,False,,False,optimal
pooled_relative_posterior_active_te100bp,benchmark_relative_active,2021-04-12,2021-04-12,2021-04-12,2021-04-01,GLD,0.16281976860146646,0.1996685495113578,-0.03684878090989133,False,,False,optimal
pooled_relative_posterior_active_te100bp,benchmark_relative_active,2021-04-12,2021-04-12,2021-04-12,2021-04-01,LQD,0.2698259260350745,0.3086908192875227,-0.038864893252448185,False,,False,optimal
pooled_relative_posterior_active_te100bp,benchmark_relative_active,2021-04-12,2021-04-12,2021-04-12,2021-04-01,AGG,0.0,0.0,0.0,False,,False,optimal
pooled_relative_posterior_active_te100bp,benchmark_relative_active,2021-04-19,2021-04-19,2021-04-19,2021-04-01,SPY,0.35,0.3499999999999998,1.6653345369377348e-16,False,,False,optimal
pooled_relative_posterior_active_te100bp,benchmark_relative_active,2021-04-19,2021-04-19,2021-04-19,2021-04-01,IEF,1.7328722017312993e-17,0.0,1.7328722017312993e-17,False,,False,optimal
pooled_relative_posterior_active_te100bp,benchmark_relative_active,2021-04-19,2021-04-19,2021-04-19,2021-04-01,TIP,0.035508529273280555,0.0,0.035508529273280555,False,,False,optimal
pooled_relative_posterior_active_te100bp,benchmark_relative_active,2021-04-19,2021-04-19,2021-04-19,2021-04-01,HYG,0.1485621024309451,0.140407073579574,0.008155028851371093,False,,False,optimal
pooled_relative_posterior_active_te100bp,benchmark_relative_active,2021-04-19,2021-04-19,2021-04-19,2021-04-01,BIL,0.031676462432763015,0.0,0.031676462432763015,False,,False,optimal
pooled_relative_posterior_active_te100bp,benchmark_relative_active,2021-04-19,2021-04-19,2021-04-19,2021-04-01,GLD,0.16647630514866146,0.2034270383346252,-0.03695073318596373,False,,False,optimal
pooled_relative_posterior_active_te100bp,benchmark_relative_active,2021-04-19,2021-04-19,2021-04-19,2021-04-01,LQD,0.2677766007143499,0.3061658880858009,-0.03838928737145103,False,,False,optimal
pooled_relative_posterior_active_te100bp,benchmark_relative_active,2021-04-19,2021-04-19,2021-04-19,2021-04-01,AGG,0.0,0.0,0.0,False,,False,optimal
pooled_relative_posterior_active_te100bp,benchmark_relative_active,2021-04-26,2021-04-26,2021-04-26,2021-04-01,SPY,0.34931565871086295,0.35,-0.0006843412891370249,False,,False,optimal
pooled_relative_posterior_active_te100bp,benchmark_relative_active,2021-04-26,2021-04-26,2021-04-26,2021-04-01,IEF,1.7336991390729462e-17,0.0,1.7336991390729462e-17,False,,False,optimal
pooled_relative_posterior_active_te100bp,benchmark_relative_active,2021-04-26,2021-04-26,2021-04-26,2021-04-01,TIP,0.03550196845306371,0.0,0.03550196845306371,False,,False,optimal
pooled_relative_posterior_active_te100bp,benchmark_relative_active,2021-04-26,2021-04-26,2021-04-26,2021-04-01,HYG,0.1483894874159467,0.1402094093861458,0.008180078029800919,False,,False,optimal
pooled_relative_posterior_active_te100bp,benchmark_relative_active,2021-04-26,2021-04-26,2021-04-26,2021-04-01,BIL,0.031581560718829026,0.0,0.031581560718829026,False,,False,optimal
pooled_relative_posterior_active_te100bp,benchmark_relative_active,2021-04-26,2021-04-26,2021-04-26,2021-04-01,GLD,0.1664495320060576,0.2033442520911992,-0.03689472008514158,False,,False,optimal
pooled_relative_posterior_active_te100bp,benchmark_relative_active,2021-04-26,2021-04-26,2021-04-26,2021-04-01,LQD,0.2687617926952401,0.3064463385226549,-0.03768454582741482,False,,False,optimal
pooled_relative_posterior_active_te100bp,benchmark_relative_active,2021-04-26,2021-04-26,2021-04-26,2021-04-01,AGG,0.0,0.0,0.0,False,,False,optimal
pooled_relative_posterior_active_te100bp,benchmark_relative_active,2021-05-03,2021-05-03,2021-05-03,2021-05-01,SPY,0.3498921198996302,0.3500000000000004,-0.00010788010037021678,False,,False,optimal
pooled_relative_posterior_active_te100bp,benchmark_relative_active,2021-05-03,2021-05-03,2021-05-03,2021-05-01,IEF,1.7300096287423746e-17,0.0,1.7300096287423746e-17,False,,False,optimal
pooled_relative_posterior_active_te100bp,benchmark_relative_active,2021-05-03,2021-05-03,2021-05-03,2021-05-01,TIP,0.03569335579626413,0.0,0.03569335579626413,False,,False,optimal
pooled_relative_posterior_active_te100bp,benchmark_relative_active,2021-05-03,2021-05-03,2021-05-03,2021-05-01,HYG,0.14878636142057794,0.1406551646005463,0.008131196820031633,False,,False,optimal
pooled_relative_posterior_active_te100bp,benchmark_relative_active,2021-05-03,2021-05-03,2021-05-03,2021-05-01,BIL,0.03164775827254969,0.0,0.03164775827254969,False,,False,optimal
pooled_relative_posterior_active_te100bp,benchmark_relative_active,2021-05-03,2021-05-03,2021-05-03,2021-05-01,GLD,0.1658093074513578,0.2034181149472697,-0.03760880749591189,False,,False,optimal
pooled_relative_posterior_active_te100bp,benchmark_relative_active,2021-05-03,2021-05-03,2021-05-03,2021-05-01,LQD,0.2681710971596201,0.3059267204521835,-0.03775562329256338,False,,False,optimal
pooled_relative_posterior_active_te100bp,benchmark_relative_active,2021-05-03,2021-05-03,2021-05-03,2021-05-01,AGG,0.0,0.0,0.0,False,,False,optimal
pooled_relative_posterior_active_te100bp,benchmark_relative_active,2021-05-10,2021-05-10,2021-05-10,2021-05-01,SPY,0.34935487652697217,0.35,-0.0006451234730278088,False,,False,optimal
pooled_relative_posterior_active_te100bp,benchmark_relative_active,2021-05-10,2021-05-10,2021-05-10,2021-05-01,IEF,1.7243278103286433e-17,0.0,1.7243278103286433e-17,False,,False,optimal
pooled_relative_posterior_active_te100bp,benchmark_relative_active,2021-05-10,2021-05-10,2021-05-10,2021-05-01,TIP,0.03575000221686662,0.0,0.03575000221686662,False,,False,optimal
pooled_relative_posterior_active_te100bp,benchmark_relative_active,2021-05-10,2021-05-10,2021-05-10,2021-05-01,HYG,0.14778045749731644,0.1396042796484431,0.00817617784887334,False,,False,optimal
pooled_relative_posterior_active_te100bp,benchmark_relative_active,2021-05-10,2021-05-10,2021-05-10,2021-05-01,BIL,0.03139779626695124,0.0,0.03139779626695124,False,,False,optimal
pooled_relative_posterior_active_te100bp,benchmark_relative_active,2021-05-10,2021-05-10,2021-05-10,2021-05-01,GLD,0.16840585139120773,0.206455787899994,-0.03804993650878627,False,,False,optimal
pooled_relative_posterior_active_te100bp,benchmark_relative_active,2021-05-10,2021-05-10,2021-05-10,2021-05-01,LQD,0.26731101610068575,0.303939932451563,-0.03662891635087723,False,,False,optimal
pooled_relative_posterior_active_te100bp,benchmark_relative_active,2021-05-10,2021-05-10,2021-05-10,2021-05-01,AGG,0.0,0.0,0.0,False,,False,optimal
pooled_relative_posterior_active_te100bp,benchmark_relative_active,2021-05-17,2021-05-17,2021-05-17,2021-05-01,SPY,0.3466176769662651,0.35,-0.0033823230337348686,False,,False,optimal
pooled_relative_posterior_active_te100bp,benchmark_relative_active,2021-05-17,2021-05-17,2021-05-17,2021-05-01,IEF,1.729221428210047e-17,0.0,1.729221428210047e-17,False,,False,optimal
pooled_relative_posterior_active_te100bp,benchmark_relative_active,2021-05-17,2021-05-17,2021-05-17,2021-05-01,TIP,0.03590089954750602,0.0,0.03590089954750602,False,,False,optimal
pooled_relative_posterior_active_te100bp,benchmark_relative_active,2021-05-17,2021-05-17,2021-05-17,2021-05-01,HYG,0.1484508751764056,0.1402466826331561,0.0082041925432495,False,,False,optimal
pooled_relative_posterior_active_te100bp,benchmark_relative_active,2021-05-17,2021-05-17,2021-05-17,2021-05-01,BIL,0.03159449227348624,0.0,0.03159449227348624,False,,False,optimal
pooled_relative_posterior_active_te100bp,benchmark_relative_active,2021-05-17,2021-05-17,2021-05-17,2021-05-01,GLD,0.1694117719404678,0.2077024311559218,-0.03829065921545399,False,,False,optimal
pooled_relative_posterior_active_te100bp,benchmark_relative_active,2021-05-17,2021-05-17,2021-05-17,2021-05-01,LQD,0.2680242840958693,0.302050886210922,-0.034026602115052706,False,,False,optimal
pooled_relative_posterior_active_te100bp,benchmark_relative_active,2021-05-17,2021-05-17,2021-05-17,2021-05-01,AGG,0.0,0.0,0.0,False,,False,optimal
pooled_relative_posterior_active_te100bp,benchmark_relative_active,2021-05-24,2021-05-24,2021-05-24,2021-05-01,SPY,0.3454210080590083,0.35,-0.00457899194099165,False,,False,optimal
pooled_relative_posterior_active_te100bp,benchmark_relative_active,2021-05-24,2021-05-24,2021-05-24,2021-05-01,IEF,1.727237019048661e-17,0.0,1.727237019048661e-17,False,,False,optimal
pooled_relative_posterior_active_te100bp,benchmark_relative_active,2021-05-24,2021-05-24,2021-05-24,2021-05-01,TIP,0.035692417756309325,0.0,0.035692417756309325,False,,False,optimal
pooled_relative_posterior_active_te100bp,benchmark_relative_active,2021-05-24,2021-05-24,2021-05-24,2021-05-01,HYG,0.1479459647800597,0.1396617620820835,0.008284202697976195,False,,False,optimal
pooled_relative_posterior_active_te100bp,benchmark_relative_active,2021-05-24,2021-05-24,2021-05-24,2021-05-01,BIL,0.03152300336789046,0.0,0.03152300336789046,False,,False,optimal
pooled_relative_posterior_active_te100bp,benchmark_relative_active,2021-05-24,2021-05-24,2021-05-24,2021-05-01,GLD,0.17168214076321073,0.2103234382984025,-0.03864129753519177,False,,False,optimal
pooled_relative_posterior_active_te100bp,benchmark_relative_active,2021-05-24,2021-05-24,2021-05-24,2021-05-01,LQD,0.2677354652735215,0.300014799619514,-0.032279334345992505,False,,False,optimal
pooled_relative_posterior_active_te100bp,benchmark_relative_active,2021-05-24,2021-05-24,2021-05-24,2021-05-01,AGG,0.0,0.0,0.0,False,,False,optimal
pooled_relative_posterior_active_te100bp,benchmark_relative_active,2021-05-31,2021-05-31,2021-06-01,2021-05-01,SPY,0.3459486489479023,0.3500000000000003,-0.004051351052098029,False,,False,optimal
pooled_relative_posterior_active_te100bp,benchmark_relative_active,2021-05-31,2021-05-31,2021-06-01,2021-05-01,IEF,1.7207119052145598e-17,0.0,1.7207119052145598e-17,False,,False,optimal
pooled_relative_posterior_active_te100bp,benchmark_relative_active,2021-05-31,2021-05-31,2021-06-01,2021-05-01,TIP,0.035611932262028856,0.0,0.035611932262028856,False,,False,optimal
pooled_relative_posterior_active_te100bp,benchmark_relative_active,2021-05-31,2021-05-31,2021-06-01,2021-05-01,HYG,0.14721950956784915,0.1389107836153869,0.008308725952462265,False,,False,optimal
pooled_relative_posterior_active_te100bp,benchmark_relative_active,2021-05-31,2021-05-31,2021-06-01,2021-05-01,BIL,0.03137164237384787,0.0,0.03137164237384787,False,,False,optimal
pooled_relative_posterior_active_te100bp,benchmark_relative_active,2021-05-31,2021-05-31,2021-06-01,2021-05-01,GLD,0.17300193195050134,0.2122110298313645,-0.03920909788086316,False,,False,optimal
pooled_relative_posterior_active_te100bp,benchmark_relative_active,2021-05-31,2021-05-31,2021-06-01,2021-05-01,LQD,0.26684633489787035,0.2988781865532481,-0.03203185165537775,False,,False,optimal
pooled_relative_posterior_active_te100bp,benchmark_relative_active,2021-05-31,2021-05-31,2021-06-01,2021-05-01,AGG,0.0,0.0,0.0,False,,False,optimal
pooled_relative_posterior_active_te100bp,benchmark_relative_active,2021-06-07,2021-06-07,2021-06-07,2021-06-01,SPY,0.34588980075777404,0.3499999999999998,-0.004110199242225776,False,,False,optimal
pooled_relative_posterior_active_te100bp,benchmark_relative_active,2021-06-07,2021-06-07,2021-06-07,2021-06-01,IEF,1.7290350092523044e-17,0.0,1.7290350092523044e-17,False,,False,optimal
pooled_relative_posterior_active_te100bp,benchmark_relative_active,2021-06-07,2021-06-07,2021-06-07,2021-06-01,TIP,0.03569014898117293,0.0,0.03569014898117293,False,,False,optimal
pooled_relative_posterior_active_te100bp,benchmark_relative_active,2021-06-07,2021-06-07,2021-06-07,2021-06-01,HYG,0.1475390482824513,0.1392544068816981,0.00828464140075319,False,,False,optimal
pooled_relative_posterior_active_te100bp,benchmark_relative_active,2021-06-07,2021-06-07,2021-06-07,2021-06-01,BIL,0.03136750380588358,0.0,0.03136750380588358,False,,False,optimal
pooled_relative_posterior_active_te100bp,benchmark_relative_active,2021-06-07,2021-06-07,2021-06-07,2021-06-01,GLD,0.17141216160935688,0.2103709056516473,-0.03895874404229041,False,,False,optimal
pooled_relative_posterior_active_te100bp,benchmark_relative_active,2021-06-07,2021-06-07,2021-06-07,2021-06-01,LQD,0.2681013365633612,0.3003746874666547,-0.032273350903293474,False,,False,optimal
pooled_relative_posterior_active_te100bp,benchmark_relative_active,2021-06-07,2021-06-07,2021-06-07,2021-06-01,AGG,0.0,0.0,0.0,False,,False,optimal
pooled_relative_posterior_active_te100bp,benchmark_relative_active,2021-06-14,2021-06-14,2021-06-14,2021-06-01,SPY,0.3458147980997385,0.35,-0.004185201900261504,False,,False,optimal
pooled_relative_posterior_active_te100bp,benchmark_relative_active,2021-06-14,2021-06-14,2021-06-14,2021-06-01,IEF,1.736372407595162e-17,0.0,1.736372407595162e-17,False,,False,optimal
pooled_relative_posterior_active_te100bp,benchmark_relative_active,2021-06-14,2021-06-14,2021-06-14,2021-06-01,TIP,0.03558794282694552,0.0,0.03558794282694552,False,,False,optimal
pooled_relative_posterior_active_te100bp,benchmark_relative_active,2021-06-14,2021-06-14,2021-06-14,2021-06-01,HYG,0.14746450903649294,0.1391726648512162,0.008291844185276731,False,,False,optimal
pooled_relative_posterior_active_te100bp,benchmark_relative_active,2021-06-14,2021-06-14,2021-06-14,2021-06-01,BIL,0.031233573838177094,0.0,0.031233573838177094,False,,False,optimal
pooled_relative_posterior_active_te100bp,benchmark_relative_active,2021-06-14,2021-06-14,2021-06-14,2021-06-01,GLD,0.16950363411693462,0.2080115846077289,-0.03850795049079428,False,,False,optimal
pooled_relative_posterior_active_te100bp,benchmark_relative_active,2021-06-14,2021-06-14,2021-06-14,2021-06-01,LQD,0.27039554208171146,0.3028157505410548,-0.03242020845934335,False,,False,optimal
pooled_relative_posterior_active_te100bp,benchmark_relative_active,2021-06-14,2021-06-14,2021-06-14,2021-06-01,AGG,0.0,0.0,0.0,False,,False,optimal
pooled_relative_posterior_active_te100bp,benchmark_relative_active,2021-06-21,2021-06-21,2021-06-21,2021-06-01,SPY,0.34377665288025383,0.35,-0.006223347119746148,False,,False,optimal
pooled_relative_posterior_active_te100bp,benchmark_relative_active,2021-06-21,2021-06-21,2021-06-21,2021-06-01,IEF,1.7607058846889145e-17,0.0,1.7607058846889145e-17,False,,False,optimal
pooled_relative_posterior_active_te100bp,benchmark_relative_active,2021-06-21,2021-06-21,2021-06-21,2021-06-01,TIP,0.03591854451647891,0.0,0.03591854451647891,False,,False,optimal
pooled_relative_posterior_active_te100bp,benchmark_relative_active,2021-06-21,2021-06-21,2021-06-21,2021-06-01,HYG,0.14919337390099366,0.1410247241927887,0.008168649708204967,False,,False,optimal
pooled_relative_posterior_active_te100bp,benchmark_relative_active,2021-06-21,2021-06-21,2021-06-21,2021-06-01,BIL,0.031661028211816634,0.0,0.031661028211816634,False,,False,optimal
pooled_relative_posterior_active_te100bp,benchmark_relative_active,2021-06-21,2021-06-21,2021-06-21,2021-06-01,GLD,0.1636390939368386,0.2011290788640335,-0.03748998492719491,False,,False,optimal
pooled_relative_posterior_active_te100bp,benchmark_relative_active,2021-06-21,2021-06-21,2021-06-21,2021-06-01,LQD,0.27581130655361835,0.3078461969431779,-0.032034890389559534,False,,False,optimal
pooled_relative_posterior_active_te100bp,benchmark_relative_active,2021-06-21,2021-06-21,2021-06-21,2021-06-01,AGG,0.0,0.0,0.0,False,,False,optimal
pooled_relative_posterior_active_te100bp,benchmark_relative_active,2021-06-28,2021-06-28,2021-06-28,2021-06-01,SPY,0.3489110170979488,0.3499999999999995,-0.0010889829020506725,False,,False,optimal
pooled_relative_posterior_active_te100bp,benchmark_relative_active,2021-06-28,2021-06-28,2021-06-28,2021-06-01,IEF,1.7403043168445593e-17,0.0,1.7403043168445593e-17,False,,False,optimal
pooled_relative_posterior_active_te100bp,benchmark_relative_active,2021-06-28,2021-06-28,2021-06-28,2021-06-01,TIP,0.03578780669802248,0.0,0.03578780669802248,False,,False,optimal
pooled_relative_posterior_active_te100bp,benchmark_relative_active,2021-06-28,2021-06-28,2021-06-28,2021-06-01,HYG,0.14863259702113166,0.1405104280315316,0.008122168989600054,False,,False,optimal
pooled_relative_posterior_active_te100bp,benchmark_relative_active,2021-06-28,2021-06-28,2021-06-28,2021-06-01,BIL,0.0313949523083829,0.0,0.0313949523083829,False,,False,optimal
pooled_relative_posterior_active_te100bp,benchmark_relative_active,2021-06-28,2021-06-28,2021-06-28,2021-06-01,GLD,0.16233214816763375,0.2048123169633795,-0.04248016879574576,False,,False,optimal
pooled_relative_posterior_active_te100bp,benchmark_relative_active,2021-06-28,2021-06-28,2021-06-28,2021-06-01,LQD,0.2729414787068805,0.3046772550050893,-0.031735776298208784,False,,False,optimal
pooled_relative_posterior_active_te100bp,benchmark_relative_active,2021-06-28,2021-06-28,2021-06-28,2021-06-01,AGG,0.0,0.0,0.0,False,,False,optimal
pooled_relative_posterior_active_te100bp,benchmark_relative_active,2021-07-05,2021-07-05,2021-07-06,2021-07-01,SPY,0.35,0.3499999999999998,1.6653345369377348e-16,False,,False,optimal
pooled_relative_posterior_active_te100bp,benchmark_relative_active,2021-07-05,2021-07-05,2021-07-06,2021-07-01,IEF,2.065392797179503e-17,0.0,2.065392797179503e-17,False,,False,optimal
pooled_relative_posterior_active_te100bp,benchmark_relative_active,2021-07-05,2021-07-05,2021-07-06,2021-07-01,TIP,0.035734708939039024,0.0,0.035734708939039024,False,,False,optimal
pooled_relative_posterior_active_te100bp,benchmark_relative_active,2021-07-05,2021-07-05,2021-07-06,2021-07-01,HYG,0.14801876676059372,0.1399184559294413,0.008100310831152424,False,,False,optimal
pooled_relative_posterior_active_te100bp,benchmark_relative_active,2021-07-05,2021-07-05,2021-07-06,2021-07-01,BIL,0.031126355415689057,0.0,0.031126355415689057,False,,False,optimal
pooled_relative_posterior_active_te100bp,benchmark_relative_active,2021-07-05,2021-07-05,2021-07-06,2021-07-01,GLD,0.16281859533070148,0.2061439811326505,-0.04332538580194903,False,,False,optimal
pooled_relative_posterior_active_te100bp,benchmark_relative_active,2021-07-05,2021-07-05,2021-07-06,2021-07-01,LQD,0.2723015735539768,0.3039375629379082,-0.03163598938393142,False,,False,optimal
pooled_relative_posterior_active_te100bp,benchmark_relative_active,2021-07-05,2021-07-05,2021-07-06,2021-07-01,AGG,0.0,0.0,0.0,False,,False,optimal
pooled_relative_posterior_active_te100bp,benchmark_relative_active,2021-07-12,2021-07-12,2021-07-12,2021-07-01,SPY,0.35,0.3500000000000002,-2.220446049250313e-16,False,,False,optimal
pooled_relative_posterior_active_te100bp,benchmark_relative_active,2021-07-12,2021-07-12,2021-07-12,2021-07-01,IEF,1.9952697034467108e-17,0.0,1.9952697034467108e-17,False,,False,optimal
pooled_relative_posterior_active_te100bp,benchmark_relative_active,2021-07-12,2021-07-12,2021-07-12,2021-07-01,TIP,0.03565578775028978,0.0,0.03565578775028978,False,,False,optimal
pooled_relative_posterior_active_te100bp,benchmark_relative_active,2021-07-12,2021-07-12,2021-07-12,2021-07-01,HYG,0.1476489109722056,0.1395592416176854,0.008089669354520185,False,,False,optimal
pooled_relative_posterior_active_te100bp,benchmark_relative_active,2021-07-12,2021-07-12,2021-07-12,2021-07-01,BIL,0.03107316521356315,0.0,0.03107316521356315,False,,False,optimal
pooled_relative_posterior_active_te100bp,benchmark_relative_active,2021-07-12,2021-07-12,2021-07-12,2021-07-01,GLD,0.16322982547341394,0.2064228268396036,-0.04319300136618967,False,,False,optimal
pooled_relative_posterior_active_te100bp,benchmark_relative_active,2021-07-12,2021-07-12,2021-07-12,2021-07-01,LQD,0.2723923105905277,0.3040179315427107,-0.031625620952182965,False,,False,optimal
pooled_relative_posterior_active_te100bp,benchmark_relative_active,2021-07-12,2021-07-12,2021-07-12,2021-07-01,AGG,0.0,0.0,0.0,False,,False,optimal
pooled_relative_posterior_active_te100bp,benchmark_relative_active,2021-07-19,2021-07-19,2021-07-19,2021-07-01,SPY,0.3476962400675469,0.35,-0.0023037599324530755,False,,False,optimal
pooled_relative_posterior_active_te100bp,benchmark_relative_active,2021-07-19,2021-07-19,2021-07-19,2021-07-01,IEF,2.0086587340022936e-17,0.0,2.0086587340022936e-17,False,,False,optimal
pooled_relative_posterior_active_te100bp,benchmark_relative_active,2021-07-19,2021-07-19,2021-07-19,2021-07-01,TIP,0.036039110104712724,0.0,0.036039110104712724,False,,False,optimal
pooled_relative_posterior_active_te100bp,benchmark_relative_active,2021-07-19,2021-07-19,2021-07-19,2021-07-01,HYG,0.14751249428637137,0.1394398015475858,0.008072692738785553,False,,False,optimal
pooled_relative_posterior_active_te100bp,benchmark_relative_active,2021-07-19,2021-07-19,2021-07-19,2021-07-01,BIL,0.03116472908447222,0.0,0.03116472908447222,False,,False,optimal
pooled_relative_posterior_active_te100bp,benchmark_relative_active,2021-07-19,2021-07-19,2021-07-19,2021-07-01,GLD,0.16438184975138362,0.2078938608816357,-0.043512011130252076,False,,False,optimal
pooled_relative_posterior_active_te100bp,benchmark_relative_active,2021-07-19,2021-07-19,2021-07-19,2021-07-01,LQD,0.27320557670551315,0.3026663375707785,-0.029460760865265334,False,,False,optimal
pooled_relative_posterior_active_te100bp,benchmark_relative_active,2021-07-19,2021-07-19,2021-07-19,2021-07-01,AGG,0.0,0.0,0.0,False,,False,optimal
pooled_relative_posterior_active_te100bp,benchmark_relative_active,2021-07-26,2021-07-26,2021-07-26,2021-07-01,SPY,0.35,0.35,0.0,False,,False,optimal
pooled_relative_posterior_active_te100bp,benchmark_relative_active,2021-07-26,2021-07-26,2021-07-26,2021-07-01,IEF,1.6811209336829172e-17,0.0,1.6811209336829172e-17,False,,False,optimal
pooled_relative_posterior_active_te100bp,benchmark_relative_active,2021-07-26,2021-07-26,2021-07-26,2021-07-01,TIP,0.03571118029332129,0.0,0.03571118029332129,False,,False,optimal
pooled_relative_posterior_active_te100bp,benchmark_relative_active,2021-07-26,2021-07-26,2021-07-26,2021-07-01,HYG,0.14666037393416248,0.1386712613960812,0.007989112538081267,False,,False,optimal
pooled_relative_posterior_active_te100bp,benchmark_relative_active,2021-07-26,2021-07-26,2021-07-26,2021-07-01,BIL,0.030812078835665477,0.0,0.030812078835665477,False,,False,optimal
pooled_relative_posterior_active_te100bp,benchmark_relative_active,2021-07-26,2021-07-26,2021-07-26,2021-07-01,GLD,0.166463343639651,0.2117427342083357,-0.045279390568684685,False,,False,optimal
pooled_relative_posterior_active_te100bp,benchmark_relative_active,2021-07-26,2021-07-26,2021-07-26,2021-07-01,LQD,0.2703530232971997,0.2995860043955829,-0.029232981098383237,False,,False,optimal
pooled_relative_posterior_active_te100bp,benchmark_relative_active,2021-07-26,2021-07-26,2021-07-26,2021-07-01,AGG,0.0,0.0,0.0,False,,False,optimal
pooled_relative_posterior_active_te100bp,benchmark_relative_active,2021-08-02,2021-08-02,2021-08-02,2021-08-01,SPY,0.3490566750743724,0.35,-0.0009433249256275977,False,,False,optimal
pooled_relative_posterior_active_te100bp,benchmark_relative_active,2021-08-02,2021-08-02,2021-08-02,2021-08-01,IEF,1.6840838079717643e-17,0.0,1.6840838079717643e-17,False,,False,optimal
pooled_relative_posterior_active_te100bp,benchmark_relative_active,2021-08-02,2021-08-02,2021-08-02,2021-08-01,TIP,0.03586392021778309,0.0,0.03586392021778309,False,,False,optimal
pooled_relative_posterior_active_te100bp,benchmark_relative_active,2021-08-02,2021-08-02,2021-08-02,2021-08-01,HYG,0.14639857726548508,0.1383985615168979,0.008000015748587191,False,,False,optimal
pooled_relative_posterior_active_te100bp,benchmark_relative_active,2021-08-02,2021-08-02,2021-08-02,2021-08-01,BIL,0.03078508098702589,0.0,0.03078508098702589,False,,False,optimal
pooled_relative_posterior_active_te100bp,benchmark_relative_active,2021-08-02,2021-08-02,2021-08-02,2021-08-01,GLD,0.16754092438332707,0.2130746835927593,-0.04553375920943223,False,,False,optimal
pooled_relative_posterior_active_te100bp,benchmark_relative_active,2021-08-02,2021-08-02,2021-08-02,2021-08-01,LQD,0.27035482207200656,0.2985267548903428,-0.028171932818336243,False,,False,optimal
pooled_relative_posterior_active_te100bp,benchmark_relative_active,2021-08-02,2021-08-02,2021-08-02,2021-08-01,AGG,0.0,0.0,0.0,False,,False,optimal
pooled_relative_posterior_active_te100bp,benchmark_relative_active,2021-08-09,2021-08-09,2021-08-09,2021-08-01,SPY,0.35000000000000003,0.3500000000000002,-1.6653345369377348e-16,False,,False,optimal
pooled_relative_posterior_active_te100bp,benchmark_relative_active,2021-08-09,2021-08-09,2021-08-09,2021-08-01,IEF,1.3271415049640432e-17,0.0,1.3271415049640432e-17,False,,False,optimal
pooled_relative_posterior_active_te100bp,benchmark_relative_active,2021-08-09,2021-08-09,2021-08-09,2021-08-01,TIP,0.03583285059274949,0.0,0.03583285059274949,False,,False,optimal
pooled_relative_posterior_active_te100bp,benchmark_relative_active,2021-08-09,2021-08-09,2021-08-09,2021-08-01,HYG,0.14681655671491733,0.1389664547813749,0.007850101933542436,False,,False,optimal
pooled_relative_posterior_active_te100bp,benchmark_relative_active,2021-08-09,2021-08-09,2021-08-09,2021-08-01,BIL,0.030978846305100675,0.0,0.030978846305100675,False,,False,optimal
pooled_relative_posterior_active_te100bp,benchmark_relative_active,2021-08-09,2021-08-09,2021-08-09,2021-08-01,GLD,0.16686681380477175,0.21307483751167,-0.04620802370689825,False,,False,optimal
pooled_relative_posterior_active_te100bp,benchmark_relative_active,2021-08-09,2021-08-09,2021-08-09,2021-08-01,LQD,0.2695049325824607,0.2979587077069547,-0.028453775124493985,False,,False,optimal
pooled_relative_posterior_active_te100bp,benchmark_relative_active,2021-08-09,2021-08-09,2021-08-09,2021-08-01,AGG,0.0,0.0,0.0,False,,False,optimal
pooled_relative_posterior_active_te100bp,benchmark_relative_active,2021-08-16,2021-08-16,2021-08-16,2021-08-01,SPY,0.3499999999999999,0.35,-5.551115123125783e-17,False,,False,optimal
pooled_relative_posterior_active_te100bp,benchmark_relative_active,2021-08-16,2021-08-16,2021-08-16,2021-08-01,IEF,9.563562297540031e-18,0.0,9.563562297540031e-18,False,,False,optimal
pooled_relative_posterior_active_te100bp,benchmark_relative_active,2021-08-16,2021-08-16,2021-08-16,2021-08-01,TIP,0.03567044101926161,0.0,0.03567044101926161,False,,False,optimal
pooled_relative_posterior_active_te100bp,benchmark_relative_active,2021-08-16,2021-08-16,2021-08-16,2021-08-01,HYG,0.1459557570516058,0.1380243726193991,0.0079313844322067,False,,False,optimal
pooled_relative_posterior_active_te100bp,benchmark_relative_active,2021-08-16,2021-08-16,2021-08-16,2021-08-01,BIL,0.030758325254142314,0.0,0.030758325254142314,False,,False,optimal
pooled_relative_posterior_active_te100bp,benchmark_relative_active,2021-08-16,2021-08-16,2021-08-16,2021-08-01,GLD,0.16928357170503486,0.2157221371598705,-0.04643856545483563,False,,False,optimal
pooled_relative_posterior_active_te100bp,benchmark_relative_active,2021-08-16,2021-08-16,2021-08-16,2021-08-01,LQD,0.2683319049699554,0.2962534902207304,-0.027921585250774983,False,,False,optimal
pooled_relative_posterior_active_te100bp,benchmark_relative_active,2021-08-16,2021-08-16,2021-08-16,2021-08-01,AGG,0.0,0.0,0.0,False,,False,optimal
pooled_relative_posterior_active_te100bp,benchmark_relative_active,2021-08-23,2021-08-23,2021-08-23,2021-08-01,SPY,0.34968638749828,0.35,-0.000313612501719962,False,,False,optimal
pooled_relative_posterior_active_te100bp,benchmark_relative_active,2021-08-23,2021-08-23,2021-08-23,2021-08-01,IEF,9.578577007238131e-18,0.0,9.578577007238131e-18,False,,False,optimal
pooled_relative_posterior_active_te100bp,benchmark_relative_active,2021-08-23,2021-08-23,2021-08-23,2021-08-01,TIP,0.03555027115761118,0.0,0.03555027115761118,False,,False,optimal
pooled_relative_posterior_active_te100bp,benchmark_relative_active,2021-08-23,2021-08-23,2021-08-23,2021-08-01,HYG,0.14595888972699295,0.1380070565204889,0.007951833206504055,False,,False,optimal
pooled_relative_posterior_active_te100bp,benchmark_relative_active,2021-08-23,2021-08-23,2021-08-23,2021-08-01,BIL,0.030815244863074912,0.0,0.030815244863074912,False,,False,optimal
pooled_relative_posterior_active_te100bp,benchmark_relative_active,2021-08-23,2021-08-23,2021-08-23,2021-08-01,GLD,0.16954768190991443,0.2160269564982465,-0.046479274588332065,False,,False,optimal
pooled_relative_posterior_active_te100bp,benchmark_relative_active,2021-08-23,2021-08-23,2021-08-23,2021-08-01,LQD,0.2684415248441265,0.2959659869812646,-0.027524462137138106,False,,False,optimal
pooled_relative_posterior_active_te100bp,benchmark_relative_active,2021-08-23,2021-08-23,2021-08-23,2021-08-01,AGG,0.0,0.0,0.0,False,,False,optimal
pooled_relative_posterior_active_te100bp,benchmark_relative_active,2021-08-30,2021-08-30,2021-08-30,2021-08-01,SPY,0.35,0.3500000000000002,-2.220446049250313e-16,False,,False,optimal
pooled_relative_posterior_active_te100bp,benchmark_relative_active,2021-08-30,2021-08-30,2021-08-30,2021-08-01,IEF,1.3990633444003952e-17,0.0,1.3990633444003952e-17,False,,False,optimal
pooled_relative_posterior_active_te100bp,benchmark_relative_active,2021-08-30,2021-08-30,2021-08-30,2021-08-01,TIP,0.03559126335320954,0.0,0.03559126335320954,False,,False,optimal
pooled_relative_posterior_active_te100bp,benchmark_relative_active,2021-08-30,2021-08-30,2021-08-30,2021-08-01,HYG,0.14590409709752955,0.1379466831554726,0.007957413942056957,False,,False,optimal
pooled_relative_posterior_active_te100bp,benchmark_relative_active,2021-08-30,2021-08-30,2021-08-30,2021-08-01,BIL,0.03061106369913351,0.0,0.03061106369913351,False,,False,optimal
pooled_relative_posterior_active_te100bp,benchmark_relative_active,2021-08-30,2021-08-30,2021-08-30,2021-08-01,GLD,0.17113218338164105,0.2179579953511224,-0.04682581196948135,False,,False,optimal
pooled_relative_posterior_active_te100bp,benchmark_relative_active,2021-08-30,2021-08-30,2021-08-30,2021-08-01,LQD,0.26676139246848646,0.2940953214934048,-0.027333929024918324,False,,False,optimal
pooled_relative_posterior_active_te100bp,benchmark_relative_active,2021-08-30,2021-08-30,2021-08-30,2021-08-01,AGG,0.0,0.0,0.0,False,,False,optimal
pooled_relative_posterior_active_te100bp,benchmark_relative_active,2021-09-06,2021-09-06,2021-09-07,2021-09-01,SPY,0.3499999999999999,0.3500000000000001,-1.6653345369377348e-16,False,,False,optimal
pooled_relative_posterior_active_te100bp,benchmark_relative_active,2021-09-06,2021-09-06,2021-09-07,2021-09-01,IEF,0.0,0.0,0.0,False,,False,optimal
pooled_relative_posterior_active_te100bp,benchmark_relative_active,2021-09-06,2021-09-06,2021-09-07,2021-09-01,TIP,0.035300264498140006,0.0,0.035300264498140006,False,,False,optimal
pooled_relative_posterior_active_te100bp,benchmark_relative_active,2021-09-06,2021-09-06,2021-09-07,2021-09-01,HYG,0.1459252557981381,0.1378938000902529,0.008031455707885188,False,,False,optimal
pooled_relative_posterior_active_te100bp,benchmark_relative_active,2021-09-06,2021-09-06,2021-09-07,2021-09-01,BIL,0.030506179904751192,0.0,0.030506179904751192,False,,False,optimal
pooled_relative_posterior_active_te100bp,benchmark_relative_active,2021-09-06,2021-09-06,2021-09-07,2021-09-01,GLD,0.17244315012949782,0.2191978793707004,-0.04675472924120258,False,,False,optimal
pooled_relative_posterior_active_te100bp,benchmark_relative_active,2021-09-06,2021-09-06,2021-09-07,2021-09-01,LQD,0.26582514966947296,0.2929083205390464,-0.02708317086957346,False,,False,optimal
pooled_relative_posterior_active_te100bp,benchmark_relative_active,2021-09-06,2021-09-06,2021-09-07,2021-09-01,AGG,0.0,0.0,0.0,False,,False,optimal
pooled_relative_posterior_active_te100bp,benchmark_relative_active,2021-09-13,2021-09-13,2021-09-13,2021-09-01,SPY,0.3466569780553117,0.35,-0.0033430219446882736,False,,False,optimal
pooled_relative_posterior_active_te100bp,benchmark_relative_active,2021-09-13,2021-09-13,2021-09-13,2021-09-01,IEF,0.0,0.0,0.0,False,,False,optimal
pooled_relative_posterior_active_te100bp,benchmark_relative_active,2021-09-13,2021-09-13,2021-09-13,2021-09-01,TIP,0.035749643221095154,0.0,0.035749643221095154,False,,False,optimal
pooled_relative_posterior_active_te100bp,benchmark_relative_active,2021-09-13,2021-09-13,2021-09-13,2021-09-01,HYG,0.14662323251476062,0.1386512152735333,0.007972017241227314,False,,False,optimal
pooled_relative_posterior_active_te100bp,benchmark_relative_active,2021-09-13,2021-09-13,2021-09-13,2021-09-01,BIL,0.030707937983762725,0.0,0.030707937983762725,False,,False,optimal
pooled_relative_posterior_active_te100bp,benchmark_relative_active,2021-09-13,2021-09-13,2021-09-13,2021-09-01,GLD,0.17114712667020035,0.2177041092333666,-0.04655698256316626,False,,False,optimal
pooled_relative_posterior_active_te100bp,benchmark_relative_active,2021-09-13,2021-09-13,2021-09-13,2021-09-01,LQD,0.2691150815548695,0.2936446754931,-0.02452959393823051,False,,False,optimal
pooled_relative_posterior_active_te100bp,benchmark_relative_active,2021-09-13,2021-09-13,2021-09-13,2021-09-01,AGG,0.0,0.0,0.0,False,,False,optimal
pooled_relative_posterior_active_te100bp,benchmark_relative_active,2021-09-20,2021-09-20,2021-09-20,2021-09-01,SPY,0.345195280457374,0.35,-0.004804719542625957,False,,False,optimal
pooled_relative_posterior_active_te100bp,benchmark_relative_active,2021-09-20,2021-09-20,2021-09-20,2021-09-01,IEF,0.0,0.0,0.0,False,,False,optimal
pooled_relative_posterior_active_te100bp,benchmark_relative_active,2021-09-20,2021-09-20,2021-09-20,2021-09-01,TIP,0.035855519876342834,0.0,0.035855519876342834,False,,False,optimal
pooled_relative_posterior_active_te100bp,benchmark_relative_active,2021-09-20,2021-09-20,2021-09-20,2021-09-01,HYG,0.14800998879607385,0.1400896645096486,0.007920324286425251,False,,False,optimal
pooled_relative_posterior_active_te100bp,benchmark_relative_active,2021-09-20,2021-09-20,2021-09-20,2021-09-01,BIL,0.030980759491697922,0.0,0.030980759491697922,False,,False,optimal
pooled_relative_posterior_active_te100bp,benchmark_relative_active,2021-09-20,2021-09-20,2021-09-20,2021-09-01,GLD,0.16887303076154445,0.2150064511363009,-0.046133420374756456,False,,False,optimal
pooled_relative_posterior_active_te100bp,benchmark_relative_active,2021-09-20,2021-09-20,2021-09-20,2021-09-01,LQD,0.27108542061696694,0.2949038843540503,-0.02381846373708335,False,,False,optimal
pooled_relative_posterior_active_te100bp,benchmark_relative_active,2021-09-20,2021-09-20,2021-09-20,2021-09-01,AGG,0.0,0.0,0.0,False,,False,optimal
pooled_relative_posterior_active_te100bp,benchmark_relative_active,2021-09-27,2021-09-27,2021-09-27,2021-09-01,SPY,0.34951714303549714,0.349999999999999,-0.00048285696450184323,False,,False,optimal
pooled_relative_posterior_active_te100bp,benchmark_relative_active,2021-09-27,2021-09-27,2021-09-27,2021-09-01,IEF,0.0,0.0,0.0,False,,False,optimal
pooled_relative_posterior_active_te100bp,benchmark_relative_active,2021-09-27,2021-09-27,2021-09-27,2021-09-01,TIP,0.03537288299589718,0.0,0.03537288299589718,False,,False,optimal
pooled_relative_posterior_active_te100bp,benchmark_relative_active,2021-09-27,2021-09-27,2021-09-27,2021-09-01,HYG,0.14772664287340928,0.13982117505566,0.007905467817749284,False,,False,optimal
pooled_relative_posterior_active_te100bp,benchmark_relative_active,2021-09-27,2021-09-27,2021-09-27,2021-09-01,BIL,0.03081241559381555,0.0,0.03081241559381555,False,,False,optimal
pooled_relative_posterior_active_te100bp,benchmark_relative_active,2021-09-27,2021-09-27,2021-09-27,2021-09-01,GLD,0.16787459956372458,0.2178745995637245,-0.04999999999999993,False,,False,optimal
pooled_relative_posterior_active_te100bp,benchmark_relative_active,2021-09-27,2021-09-27,2021-09-27,2021-09-01,LQD,0.26869631593765636,0.2923042253806165,-0.02360790944296015,False,,False,optimal
pooled_relative_posterior_active_te100bp,benchmark_relative_active,2021-09-27,2021-09-27,2021-09-27,2021-09-01,AGG,0.0,0.0,0.0,False,,False,optimal
pooled_relative_posterior_active_te100bp,benchmark_relative_active,2021-10-04,2021-10-04,2021-10-04,2021-10-01,SPY,0.344654259669878,0.35,-0.005345740330121973,False,,False,optimal
pooled_relative_posterior_active_te100bp,benchmark_relative_active,2021-10-04,2021-10-04,2021-10-04,2021-10-01,IEF,0.0,0.0,0.0,False,,False,optimal
pooled_relative_posterior_active_te100bp,benchmark_relative_active,2021-10-04,2021-10-04,2021-10-04,2021-10-01,TIP,0.03576569868286565,0.0,0.03576569868286565,False,,False,optimal
pooled_relative_posterior_active_te100bp,benchmark_relative_active,2021-10-04,2021-10-04,2021-10-04,2021-10-01,HYG,0.14870138737126998,0.1407470303376561,0.007954357033613885,False,,False,optimal
pooled_relative_posterior_active_te100bp,benchmark_relative_active,2021-10-04,2021-10-04,2021-10-04,2021-10-01,BIL,0.031037051200639095,0.0,0.031037051200639095,False,,False,optimal
pooled_relative_posterior_active_te100bp,benchmark_relative_active,2021-10-04,2021-10-04,2021-10-04,2021-10-01,GLD,0.1704592464054958,0.2204592464054958,-0.04999999999999999,False,,False,optimal
pooled_relative_posterior_active_te100bp,benchmark_relative_active,2021-10-04,2021-10-04,2021-10-04,2021-10-01,LQD,0.2693823566698515,0.2887937232568481,-0.019411366586996603,False,,False,optimal
pooled_relative_posterior_active_te100bp,benchmark_relative_active,2021-10-04,2021-10-04,2021-10-04,2021-10-01,AGG,0.0,0.0,0.0,False,,False,optimal
pooled_relative_posterior_active_te100bp,benchmark_relative_active,2021-10-11,2021-10-11,2021-10-11,2021-10-01,SPY,0.3444481302187675,0.35,-0.005551869781232455,False,,False,optimal
pooled_relative_posterior_active_te100bp,benchmark_relative_active,2021-10-11,2021-10-11,2021-10-11,2021-10-01,IEF,0.0,0.0,0.0,False,,False,optimal
pooled_relative_posterior_active_te100bp,benchmark_relative_active,2021-10-11,2021-10-11,2021-10-11,2021-10-01,TIP,0.03578714181912593,0.0,0.03578714181912593,False,,False,optimal
pooled_relative_posterior_active_te100bp,benchmark_relative_active,2021-10-11,2021-10-11,2021-10-11,2021-10-01,HYG,0.1476698377440963,0.1397685689575794,0.007901268786516924,False,,False,optimal
pooled_relative_posterior_active_te100bp,benchmark_relative_active,2021-10-11,2021-10-11,2021-10-11,2021-10-01,BIL,0.031031358354290342,0.0,0.031031358354290342,False,,False,optimal
pooled_relative_posterior_active_te100bp,benchmark_relative_active,2021-10-11,2021-10-11,2021-10-11,2021-10-01,GLD,0.17500067424728494,0.2250006742472849,-0.04999999999999996,False,,False,optimal
pooled_relative_posterior_active_te100bp,benchmark_relative_active,2021-10-11,2021-10-11,2021-10-11,2021-10-01,LQD,0.26606285761643494,0.2852307567951355,-0.019167899178700543,False,,False,optimal
pooled_relative_posterior_active_te100bp,benchmark_relative_active,2021-10-11,2021-10-11,2021-10-11,2021-10-01,AGG,0.0,0.0,0.0,False,,False,optimal
pooled_relative_posterior_active_te100bp,benchmark_relative_active,2021-10-18,2021-10-18,2021-10-18,2021-10-01,SPY,0.34490786514494004,0.3499999999999997,-0.00509213485505966,False,,False,optimal
pooled_relative_posterior_active_te100bp,benchmark_relative_active,2021-10-18,2021-10-18,2021-10-18,2021-10-01,IEF,0.0,0.0,0.0,False,,False,optimal
pooled_relative_posterior_active_te100bp,benchmark_relative_active,2021-10-18,2021-10-18,2021-10-18,2021-10-01,TIP,0.035567033444241086,0.0,0.035567033444241086,False,,False,optimal
pooled_relative_posterior_active_te100bp,benchmark_relative_active,2021-10-18,2021-10-18,2021-10-18,2021-10-01,HYG,0.14661009101952424,0.1387010729444991,0.007909018075025143,False,,False,optimal
pooled_relative_posterior_active_te100bp,benchmark_relative_active,2021-10-18,2021-10-18,2021-10-18,2021-10-01,BIL,0.03064953508559127,0.0,0.03064953508559127,False,,False,optimal
pooled_relative_posterior_active_te100bp,benchmark_relative_active,2021-10-18,2021-10-18,2021-10-18,2021-10-01,GLD,0.17623010096516167,0.2262301009651616,-0.04999999999999993,False,,False,optimal
pooled_relative_posterior_active_te100bp,benchmark_relative_active,2021-10-18,2021-10-18,2021-10-18,2021-10-01,LQD,0.2660353743405417,0.2850688260903395,-0.019033451749797814,False,,False,optimal
pooled_relative_posterior_active_te100bp,benchmark_relative_active,2021-10-18,2021-10-18,2021-10-18,2021-10-01,AGG,0.0,0.0,0.0,False,,False,optimal
pooled_relative_posterior_active_te100bp,benchmark_relative_active,2021-10-25,2021-10-25,2021-10-25,2021-10-01,SPY,0.34489592773590766,0.3500000000000001,-0.00510407226409243,False,,False,optimal
pooled_relative_posterior_active_te100bp,benchmark_relative_active,2021-10-25,2021-10-25,2021-10-25,2021-10-01,IEF,0.0,0.0,0.0,False,,False,optimal
pooled_relative_posterior_active_te100bp,benchmark_relative_active,2021-10-25,2021-10-25,2021-10-25,2021-10-01,TIP,0.03539599452517508,0.0,0.03539599452517508,False,,False,optimal
pooled_relative_posterior_active_te100bp,benchmark_relative_active,2021-10-25,2021-10-25,2021-10-25,2021-10-01,HYG,0.14513953743050748,0.1372255489969456,0.007913988433561864,False,,False,optimal
pooled_relative_posterior_active_te100bp,benchmark_relative_active,2021-10-25,2021-10-25,2021-10-25,2021-10-01,BIL,0.03040501729691933,0.0,0.03040501729691933,False,,False,optimal
pooled_relative_posterior_active_te100bp,benchmark_relative_active,2021-10-25,2021-10-25,2021-10-25,2021-10-01,GLD,0.18161972356654427,0.2316197235665442,-0.04999999999999993,False,,False,optimal
pooled_relative_posterior_active_te100bp,benchmark_relative_active,2021-10-25,2021-10-25,2021-10-25,2021-10-01,LQD,0.2625437994449463,0.2811547274365099,-0.018610927991563553,False,,False,optimal
pooled_relative_posterior_active_te100bp,benchmark_relative_active,2021-10-25,2021-10-25,2021-10-25,2021-10-01,AGG,0.0,0.0,0.0,False,,False,optimal
pooled_relative_posterior_active_te100bp,benchmark_relative_active,2021-11-01,2021-11-01,2021-11-01,2021-11-01,SPY,0.34544837831233066,0.3500000000000002,-0.004551621687669538,False,,False,optimal
pooled_relative_posterior_active_te100bp,benchmark_relative_active,2021-11-01,2021-11-01,2021-11-01,2021-11-01,IEF,0.0,0.0,0.0,False,,False,optimal
pooled_relative_posterior_active_te100bp,benchmark_relative_active,2021-11-01,2021-11-01,2021-11-01,2021-11-01,TIP,0.03523087925621695,0.0,0.03523087925621695,False,,False,optimal
pooled_relative_posterior_active_te100bp,benchmark_relative_active,2021-11-01,2021-11-01,2021-11-01,2021-11-01,HYG,0.14455814587686944,0.1367229316381149,0.007835214238754551,False,,False,optimal
pooled_relative_posterior_active_te100bp,benchmark_relative_active,2021-11-01,2021-11-01,2021-11-01,2021-11-01,BIL,0.030286705592455762,0.0,0.030286705592455762,False,,False,optimal
pooled_relative_posterior_active_te100bp,benchmark_relative_active,2021-11-01,2021-11-01,2021-11-01,2021-11-01,GLD,0.1806210908828455,0.2306210908828454,-0.049999999999999906,False,,False,optimal
pooled_relative_posterior_active_te100bp,benchmark_relative_active,2021-11-01,2021-11-01,2021-11-01,2021-11-01,LQD,0.26385480007928175,0.2826559774790394,-0.018801177399757674,False,,False,optimal
pooled_relative_posterior_active_te100bp,benchmark_relative_active,2021-11-01,2021-11-01,2021-11-01,2021-11-01,AGG,0.0,0.0,0.0,False,,False,optimal
pooled_relative_posterior_active_te100bp,benchmark_relative_active,2021-11-08,2021-11-08,2021-11-08,2021-11-01,SPY,0.3458953216512182,0.3499999999999992,-0.004104678348780977,False,,False,optimal
pooled_relative_posterior_active_te100bp,benchmark_relative_active,2021-11-08,2021-11-08,2021-11-08,2021-11-01,IEF,0.0,0.0,0.0,False,,False,optimal
pooled_relative_posterior_active_te100bp,benchmark_relative_active,2021-11-08,2021-11-08,2021-11-08,2021-11-01,TIP,0.034978814761652516,0.0,0.034978814761652516,False,,False,optimal
pooled_relative_posterior_active_te100bp,benchmark_relative_active,2021-11-08,2021-11-08,2021-11-08,2021-11-01,HYG,0.1437150272507315,0.1358189893458814,0.007896037904850078,False,,False,optimal
pooled_relative_posterior_active_te100bp,benchmark_relative_active,2021-11-08,2021-11-08,2021-11-08,2021-11-01,BIL,0.02984507182976742,0.0,0.02984507182976742,False,,False,optimal
pooled_relative_posterior_active_te100bp,benchmark_relative_active,2021-11-08,2021-11-08,2021-11-08,2021-11-01,GLD,0.18120568863680248,0.2312056886368024,-0.04999999999999993,False,,False,optimal
pooled_relative_posterior_active_te100bp,benchmark_relative_active,2021-11-08,2021-11-08,2021-11-08,2021-11-01,LQD,0.264360075869828,0.2829753220173168,-0.018615246147488773,False,,False,optimal
pooled_relative_posterior_active_te100bp,benchmark_relative_active,2021-11-08,2021-11-08,2021-11-08,2021-11-01,AGG,0.0,0.0,0.0,False,,False,optimal
pooled_relative_posterior_active_te100bp,benchmark_relative_active,2021-11-15,2021-11-15,2021-11-15,2021-11-01,SPY,0.3436960746588639,0.35,-0.006303925341136052,False,,False,optimal
pooled_relative_posterior_active_te100bp,benchmark_relative_active,2021-11-15,2021-11-15,2021-11-15,2021-11-01,IEF,0.0,0.0,0.0,False,,False,optimal
pooled_relative_posterior_active_te100bp,benchmark_relative_active,2021-11-15,2021-11-15,2021-11-15,2021-11-01,TIP,0.03519253490990033,0.0,0.03519253490990033,False,,False,optimal
pooled_relative_posterior_active_te100bp,benchmark_relative_active,2021-11-15,2021-11-15,2021-11-15,2021-11-01,HYG,0.14277789875109326,0.1348194639257613,0.007958434825331956,False,,False,optimal
pooled_relative_posterior_active_te100bp,benchmark_relative_active,2021-11-15,2021-11-15,2021-11-15,2021-11-01,BIL,0.02990308382167381,0.0,0.02990308382167381,False,,False,optimal
pooled_relative_posterior_active_te100bp,benchmark_relative_active,2021-11-15,2021-11-15,2021-11-15,2021-11-01,GLD,0.18691919331425383,0.2369191933142538,-0.04999999999999996,False,,False,optimal
pooled_relative_posterior_active_te100bp,benchmark_relative_active,2021-11-15,2021-11-15,2021-11-15,2021-11-01,LQD,0.2615112145442149,0.2782613427599849,-0.016750128215769988,False,,False,optimal
pooled_relative_posterior_active_te100bp,benchmark_relative_active,2021-11-15,2021-11-15,2021-11-15,2021-11-01,AGG,0.0,0.0,0.0,False,,False,optimal
pooled_relative_posterior_active_te100bp,benchmark_relative_active,2021-11-22,2021-11-22,2021-11-22,2021-11-01,SPY,0.34384973290743537,0.3499999999999994,-0.006150267092564055,False,,False,optimal
pooled_relative_posterior_active_te100bp,benchmark_relative_active,2021-11-22,2021-11-22,2021-11-22,2021-11-01,IEF,0.0,0.0,0.0,False,,False,optimal
pooled_relative_posterior_active_te100bp,benchmark_relative_active,2021-11-22,2021-11-22,2021-11-22,2021-11-01,TIP,0.035194663760096535,0.0,0.035194663760096535,False,,False,optimal
pooled_relative_posterior_active_te100bp,benchmark_relative_active,2021-11-22,2021-11-22,2021-11-22,2021-11-01,HYG,0.14242977526624995,0.1345324612096688,0.007897314056581145,False,,False,optimal
pooled_relative_posterior_active_te100bp,benchmark_relative_active,2021-11-22,2021-11-22,2021-11-22,2021-11-01,BIL,0.029950778228830934,0.0,0.029950778228830934,False,,False,optimal
pooled_relative_posterior_active_te100bp,benchmark_relative_active,2021-11-22,2021-11-22,2021-11-22,2021-11-01,GLD,0.18619324821535072,0.2361932482153507,-0.04999999999999999,False,,False,optimal
pooled_relative_posterior_active_te100bp,benchmark_relative_active,2021-11-22,2021-11-22,2021-11-22,2021-11-01,LQD,0.2623818016220365,0.279274290574981,-0.016892488952944484,False,,False,optimal
pooled_relative_posterior_active_te100bp,benchmark_relative_active,2021-11-22,2021-11-22,2021-11-22,2021-11-01,AGG,0.0,0.0,0.0,False,,False,optimal
pooled_relative_posterior_active_te100bp,benchmark_relative_active,2021-11-29,2021-11-29,2021-11-29,2021-11-01,SPY,0.3397388330983118,0.35,-0.010261166901688157,False,,False,optimal
pooled_relative_posterior_active_te100bp,benchmark_relative_active,2021-11-29,2021-11-29,2021-11-29,2021-11-01,IEF,0.0,0.0,0.0,False,,False,optimal
pooled_relative_posterior_active_te100bp,benchmark_relative_active,2021-11-29,2021-11-29,2021-11-29,2021-11-01,TIP,0.03579296981651379,0.0,0.03579296981651379,False,,False,optimal
pooled_relative_posterior_active_te100bp,benchmark_relative_active,2021-11-29,2021-11-29,2021-11-29,2021-11-01,HYG,0.14244375416152988,0.1346878821877837,0.007755871973746192,False,,False,optimal
pooled_relative_posterior_active_te100bp,benchmark_relative_active,2021-11-29,2021-11-29,2021-11-29,2021-11-01,BIL,0.030363770298515023,0.0,0.030363770298515023,False,,False,optimal
pooled_relative_posterior_active_te100bp,benchmark_relative_active,2021-11-29,2021-11-29,2021-11-29,2021-11-01,GLD,0.1854000952825181,0.2354000952825181,-0.04999999999999999,False,,False,optimal
pooled_relative_posterior_active_te100bp,benchmark_relative_active,2021-11-29,2021-11-29,2021-11-29,2021-11-01,LQD,0.2662605773426113,0.2799120225296982,-0.013651445187086886,False,,False,optimal
pooled_relative_posterior_active_te100bp,benchmark_relative_active,2021-11-29,2021-11-29,2021-11-29,2021-11-01,AGG,0.0,0.0,0.0,False,,False,optimal
pooled_relative_posterior_active_te100bp,benchmark_relative_active,2021-12-06,2021-12-06,2021-12-06,2021-12-01,SPY,0.332653445666394,0.35,-0.01734655433360599,False,,False,optimal
pooled_relative_posterior_active_te100bp,benchmark_relative_active,2021-12-06,2021-12-06,2021-12-06,2021-12-01,IEF,0.0,0.0,0.0,False,,False,optimal
pooled_relative_posterior_active_te100bp,benchmark_relative_active,2021-12-06,2021-12-06,2021-12-06,2021-12-01,TIP,0.035939813532026424,0.0,0.035939813532026424,False,,False,optimal
pooled_relative_posterior_active_te100bp,benchmark_relative_active,2021-12-06,2021-12-06,2021-12-06,2021-12-01,HYG,0.14357895390803116,0.135782641752594,0.007796312155437163,False,,False,optimal
pooled_relative_posterior_active_te100bp,benchmark_relative_active,2021-12-06,2021-12-06,2021-12-06,2021-12-01,BIL,0.03043758413716413,0.0,0.03043758413716413,False,,False,optimal
pooled_relative_posterior_active_te100bp,benchmark_relative_active,2021-12-06,2021-12-06,2021-12-06,2021-12-01,GLD,0.18571238331083126,0.2357123833108312,-0.04999999999999993,False,,False,optimal
pooled_relative_posterior_active_te100bp,benchmark_relative_active,2021-12-06,2021-12-06,2021-12-06,2021-12-01,LQD,0.2716778194455531,0.2785049749365748,-0.006827155491021697,False,,False,optimal
pooled_relative_posterior_active_te100bp,benchmark_relative_active,2021-12-06,2021-12-06,2021-12-06,2021-12-01,AGG,0.0,0.0,0.0,False,,False,optimal
pooled_relative_posterior_active_te100bp,benchmark_relative_active,2021-12-13,2021-12-13,2021-12-13,2021-12-01,SPY,0.33310249749185533,0.3499999999999996,-0.016897502508144258,False,,False,optimal
pooled_relative_posterior_active_te100bp,benchmark_relative_active,2021-12-13,2021-12-13,2021-12-13,2021-12-01,IEF,0.0,0.0,0.0,False,,False,optimal
pooled_relative_posterior_active_te100bp,benchmark_relative_active,2021-12-13,2021-12-13,2021-12-13,2021-12-01,TIP,0.035273588016591945,0.0,0.035273588016591945,False,,False,optimal
pooled_relative_posterior_active_te100bp,benchmark_relative_active,2021-12-13,2021-12-13,2021-12-13,2021-12-01,HYG,0.14330174613422272,0.1353979689653608,0.007903777168861925,False,,False,optimal
pooled_relative_posterior_active_te100bp,benchmark_relative_active,2021-12-13,2021-12-13,2021-12-13,2021-12-01,BIL,0.030168406740952187,0.0,0.030168406740952187,False,,False,optimal
pooled_relative_posterior_active_te100bp,benchmark_relative_active,2021-12-13,2021-12-13,2021-12-13,2021-12-01,GLD,0.1917275399038467,0.2417275399038466,-0.049999999999999906,False,,False,optimal
pooled_relative_posterior_active_te100bp,benchmark_relative_active,2021-12-13,2021-12-13,2021-12-13,2021-12-01,LQD,0.26642622171253116,0.2728744911307929,-0.0064482694182617095,False,,False,optimal
pooled_relative_posterior_active_te100bp,benchmark_relative_active,2021-12-13,2021-12-13,2021-12-13,2021-12-01,AGG,0.0,0.0,0.0,False,,False,optimal
pooled_relative_posterior_active_te100bp,benchmark_relative_active,2021-12-20,2021-12-20,2021-12-20,2021-12-01,SPY,0.3281137753847161,0.35,-0.02188622461528389,False,,False,optimal
pooled_relative_posterior_active_te100bp,benchmark_relative_active,2021-12-20,2021-12-20,2021-12-20,2021-12-01,IEF,7.725703826166097e-17,0.0,7.725703826166097e-17,False,,False,optimal
pooled_relative_posterior_active_te100bp,benchmark_relative_active,2021-12-20,2021-12-20,2021-12-20,2021-12-01,TIP,0.03541939236189468,0.0,0.03541939236189468,False,,False,optimal
pooled_relative_posterior_active_te100bp,benchmark_relative_active,2021-12-20,2021-12-20,2021-12-20,2021-12-01,HYG,0.14411219099859657,0.1361655424315012,0.007946648567095371,False,,False,optimal
pooled_relative_posterior_active_te100bp,benchmark_relative_active,2021-12-20,2021-12-20,2021-12-20,2021-12-01,BIL,0.030329913391144842,0.0,0.030329913391144842,False,,False,optimal
pooled_relative_posterior_active_te100bp,benchmark_relative_active,2021-12-20,2021-12-20,2021-12-20,2021-12-01,GLD,0.1943086790581927,0.2443086790581927,-0.04999999999999999,False,,False,optimal
pooled_relative_posterior_active_te100bp,benchmark_relative_active,2021-12-20,2021-12-20,2021-12-20,2021-12-01,LQD,0.267716048805455,0.2695257785103061,-0.001809729704851104,False,,False,optimal
pooled_relative_posterior_active_te100bp,benchmark_relative_active,2021-12-20,2021-12-20,2021-12-20,2021-12-01,AGG,0.0,0.0,0.0,False,,False,optimal
pooled_relative_posterior_active_te100bp,benchmark_relative_active,2021-12-27,2021-12-27,2021-12-27,2021-12-01,SPY,0.32859656329209835,0.3499999999999995,-0.021403436707901125,False,,False,optimal
pooled_relative_posterior_active_te100bp,benchmark_relative_active,2021-12-27,2021-12-27,2021-12-27,2021-12-01,IEF,7.929272741547102e-17,0.0,7.929272741547102e-17,False,,False,optimal
pooled_relative_posterior_active_te100bp,benchmark_relative_active,2021-12-27,2021-12-27,2021-12-27,2021-12-01,TIP,0.03501138702157895,0.0,0.03501138702157895,False,,False,optimal
pooled_relative_posterior_active_te100bp,benchmark_relative_active,2021-12-27,2021-12-27,2021-12-27,2021-12-01,HYG,0.14373972968575793,0.1356924818179145,0.008047247867843443,False,,False,optimal
pooled_relative_posterior_active_te100bp,benchmark_relative_active,2021-12-27,2021-12-27,2021-12-27,2021-12-01,BIL,0.029890761914497202,0.0,0.029890761914497202,False,,False,optimal
pooled_relative_posterior_active_te100bp,benchmark_relative_active,2021-12-27,2021-12-27,2021-12-27,2021-12-01,GLD,0.19903205377628205,0.249032053776282,-0.04999999999999993,False,,False,optimal
pooled_relative_posterior_active_te100bp,benchmark_relative_active,2021-12-27,2021-12-27,2021-12-27,2021-12-01,LQD,0.2637295043097853,0.2652754644058038,-0.0015459600960184838,False,,False,optimal
pooled_relative_posterior_active_te100bp,benchmark_relative_active,2021-12-27,2021-12-27,2021-12-27,2021-12-01,AGG,0.0,0.0,0.0,False,,False,optimal
pooled_relative_posterior_active_te100bp,benchmark_relative_active,2022-01-03,2022-01-03,2022-01-03,2022-01-01,SPY,0.3293206951914944,0.3499999999999998,-0.02067930480850544,False,,False,optimal
pooled_relative_posterior_active_te100bp,benchmark_relative_active,2022-01-03,2022-01-03,2022-01-03,2022-01-01,IEF,7.879041443281136e-17,0.0,7.879041443281136e-17,False,,False,optimal
pooled_relative_posterior_active_te100bp,benchmark_relative_active,2022-01-03,2022-01-03,2022-01-03,2022-01-01,TIP,0.03512715428032164,0.0,0.03512715428032164,False,,False,optimal
pooled_relative_posterior_active_te100bp,benchmark_relative_active,2022-01-03,2022-01-03,2022-01-03,2022-01-01,HYG,0.14291411648353325,0.1363267768321897,0.00658733965134356,False,,False,optimal
pooled_relative_posterior_active_te100bp,benchmark_relative_active,2022-01-03,2022-01-03,2022-01-03,2022-01-01,BIL,0.029776987463889914,0.0,0.029776987463889914,False,,False,optimal
pooled_relative_posterior_active_te100bp,benchmark_relative_active,2022-01-03,2022-01-03,2022-01-03,2022-01-01,GLD,0.2005995213093235,0.2500000000000001,-0.049400478690676625,False,,False,optimal
pooled_relative_posterior_active_te100bp,benchmark_relative_active,2022-01-03,2022-01-03,2022-01-03,2022-01-01,LQD,0.26226152527143737,0.2636732231678103,-0.0014116978963729099,False,,False,optimal
pooled_relative_posterior_active_te100bp,benchmark_relative_active,2022-01-03,2022-01-03,2022-01-03,2022-01-01,AGG,0.0,0.0,0.0,False,,False,optimal
pooled_relative_posterior_active_te100bp,benchmark_relative_active,2022-01-10,2022-01-10,2022-01-10,2022-01-01,SPY,0.327127518873633,0.3499999999999997,-0.022872481126366695,False,,False,optimal
pooled_relative_posterior_active_te100bp,benchmark_relative_active,2022-01-10,2022-01-10,2022-01-10,2022-01-01,IEF,7.884030071434423e-17,0.0,7.884030071434423e-17,False,,False,optimal
pooled_relative_posterior_active_te100bp,benchmark_relative_active,2022-01-10,2022-01-10,2022-01-10,2022-01-01,TIP,0.0349759681445087,0.0,0.0349759681445087,False,,False,optimal
pooled_relative_posterior_active_te100bp,benchmark_relative_active,2022-01-10,2022-01-10,2022-01-10,2022-01-01,HYG,0.1433196850663152,0.136719068607057,0.006600616459258218,False,,False,optimal
pooled_relative_posterior_active_te100bp,benchmark_relative_active,2022-01-10,2022-01-10,2022-01-10,2022-01-01,BIL,0.030226624656310038,0.0,0.030226624656310038,False,,False,optimal
pooled_relative_posterior_active_te100bp,benchmark_relative_active,2022-01-10,2022-01-10,2022-01-10,2022-01-01,GLD,0.20229008428977063,0.2500000000000002,-0.04770991571022959,False,,False,optimal
pooled_relative_posterior_active_te100bp,benchmark_relative_active,2022-01-10,2022-01-10,2022-01-10,2022-01-01,LQD,0.2620601189694624,0.263280931392943,-0.0012208124234805995,False,,False,optimal
pooled_relative_posterior_active_te100bp,benchmark_relative_active,2022-01-10,2022-01-10,2022-01-10,2022-01-01,AGG,0.0,0.0,0.0,False,,False,optimal
pooled_relative_posterior_active_te100bp,benchmark_relative_active,2022-01-17,2022-01-17,2022-01-18,2022-01-01,SPY,0.32716334462365576,0.3500000000000002,-0.02283665537634444,False,,False,optimal
pooled_relative_posterior_active_te100bp,benchmark_relative_active,2022-01-17,2022-01-17,2022-01-18,2022-01-01,IEF,7.859697961751482e-17,0.0,7.859697961751482e-17,False,,False,optimal
pooled_relative_posterior_active_te100bp,benchmark_relative_active,2022-01-17,2022-01-17,2022-01-18,2022-01-01,TIP,0.0347945902035316,0.0,0.0347945902035316,False,,False,optimal
pooled_relative_posterior_active_te100bp,benchmark_relative_active,2022-01-17,2022-01-17,2022-01-18,2022-01-01,HYG,0.14326153046100468,0.138519138697725,0.004742391763279674,False,,False,optimal
pooled_relative_posterior_active_te100bp,benchmark_relative_active,2022-01-17,2022-01-17,2022-01-18,2022-01-01,BIL,0.030101826598973563,0.0,0.030101826598973563,False,,False,optimal
pooled_relative_posterior_active_te100bp,benchmark_relative_active,2022-01-17,2022-01-17,2022-01-18,2022-01-01,GLD,0.20421316253583616,0.2500000000000001,-0.045786837464163954,False,,False,optimal
pooled_relative_posterior_active_te100bp,benchmark_relative_active,2022-01-17,2022-01-17,2022-01-18,2022-01-01,LQD,0.2604655455769983,0.2614808613022746,-0.0010153157252763,False,,False,optimal
pooled_relative_posterior_active_te100bp,benchmark_relative_active,2022-01-17,2022-01-17,2022-01-18,2022-01-01,AGG,0.0,0.0,0.0,False,,False,optimal
pooled_relative_posterior_active_te100bp,benchmark_relative_active,2022-01-24,2022-01-24,2022-01-24,2022-01-01,SPY,0.3158843591405305,0.3499999999999998,-0.03411564085946933,False,,False,optimal
pooled_relative_posterior_active_te100bp,benchmark_relative_active,2022-01-24,2022-01-24,2022-01-24,2022-01-01,IEF,8.021897024004767e-17,0.0,8.021897024004767e-17,False,,False,optimal
pooled_relative_posterior_active_te100bp,benchmark_relative_active,2022-01-24,2022-01-24,2022-01-24,2022-01-01,TIP,0.03538771876733886,0.0,0.03538771876733886,False,,False,optimal
pooled_relative_posterior_active_te100bp,benchmark_relative_active,2022-01-24,2022-01-24,2022-01-24,2022-01-01,HYG,0.14451818898322974,0.1398450734008116,0.004673115582418147,False,,False,optimal
pooled_relative_posterior_active_te100bp,benchmark_relative_active,2022-01-24,2022-01-24,2022-01-24,2022-01-01,BIL,0.030504706315028912,0.0,0.030504706315028912,False,,False,optimal
pooled_relative_posterior_active_te100bp,benchmark_relative_active,2022-01-24,2022-01-24,2022-01-24,2022-01-01,GLD,0.2087379694617828,0.2499999999999999,-0.04126203053821709,False,,False,optimal
pooled_relative_posterior_active_te100bp,benchmark_relative_active,2022-01-24,2022-01-24,2022-01-24,2022-01-01,LQD,0.26496705733208925,0.2601549265991885,0.004812130732900766,False,,False,optimal
pooled_relative_posterior_active_te100bp,benchmark_relative_active,2022-01-24,2022-01-24,2022-01-24,2022-01-01,AGG,0.0,0.0,0.0,False,,False,optimal
pooled_relative_posterior_active_te100bp,benchmark_relative_active,2022-01-31,2022-01-31,2022-01-31,2022-01-01,SPY,0.3237217461040348,0.3500000000000008,-0.026278253895965997,False,,False,optimal
pooled_relative_posterior_active_te100bp,benchmark_relative_active,2022-01-31,2022-01-31,2022-01-31,2022-01-01,IEF,7.988854847993312e-17,0.0,7.988854847993312e-17,False,,False,optimal
pooled_relative_posterior_active_te100bp,benchmark_relative_active,2022-01-31,2022-01-31,2022-01-31,2022-01-01,TIP,0.035493890322759174,0.0,0.035493890322759174,False,,False,optimal
pooled_relative_posterior_active_te100bp,benchmark_relative_active,2022-01-31,2022-01-31,2022-01-31,2022-01-01,HYG,0.14391278095909812,0.1418011331317867,0.002111647827311436,False,,False,optimal
pooled_relative_posterior_active_te100bp,benchmark_relative_active,2022-01-31,2022-01-31,2022-01-31,2022-01-01,BIL,0.03055985653160188,0.0,0.03055985653160188,False,,False,optimal
pooled_relative_posterior_active_te100bp,benchmark_relative_active,2022-01-31,2022-01-31,2022-01-31,2022-01-01,GLD,0.20341822706570717,0.2500000000000006,-0.04658177293429344,False,,False,optimal
pooled_relative_posterior_active_te100bp,benchmark_relative_active,2022-01-31,2022-01-31,2022-01-31,2022-01-01,LQD,0.2628934990167989,0.2581988668682117,0.00469463214858723,False,,False,optimal
pooled_relative_posterior_active_te100bp,benchmark_relative_active,2022-01-31,2022-01-31,2022-01-31,2022-01-01,AGG,0.0,0.0,0.0,False,,False,optimal
pooled_relative_posterior_active_te100bp,benchmark_relative_active,2022-02-07,2022-02-07,2022-02-07,2022-02-01,SPY,0.32862549153247134,0.3499999999999995,-0.02137450846752814,False,,False,optimal
pooled_relative_posterior_active_te100bp,benchmark_relative_active,2022-02-07,2022-02-07,2022-02-07,2022-02-01,IEF,7.900282284355634e-17,0.0,7.900282284355634e-17,False,,False,optimal
pooled_relative_posterior_active_te100bp,benchmark_relative_active,2022-02-07,2022-02-07,2022-02-07,2022-02-01,TIP,0.03494388982578347,0.0,0.03494388982578347,False,,False,optimal
pooled_relative_posterior_active_te100bp,benchmark_relative_active,2022-02-07,2022-02-07,2022-02-07,2022-02-01,HYG,0.14293749922458088,0.1463228356873057,-0.0033853364627248195,False,,False,optimal
pooled_relative_posterior_active_te100bp,benchmark_relative_active,2022-02-07,2022-02-07,2022-02-07,2022-02-01,BIL,0.03050365606492208,0.0,0.03050365606492208,False,,False,optimal
pooled_relative_posterior_active_te100bp,benchmark_relative_active,2022-02-07,2022-02-07,2022-02-07,2022-02-01,GLD,0.20436133829365158,0.2500000000000001,-0.04563866170634853,False,,False,optimal
pooled_relative_posterior_active_te100bp,benchmark_relative_active,2022-02-07,2022-02-07,2022-02-07,2022-02-01,LQD,0.2586281250585907,0.2536771643126946,0.004950960745896071,False,,False,optimal
pooled_relative_posterior_active_te100bp,benchmark_relative_active,2022-02-07,2022-02-07,2022-02-07,2022-02-01,AGG,0.0,0.0,0.0,False,,False,optimal
pooled_relative_posterior_active_te100bp,benchmark_relative_active,2022-02-14,2022-02-14,2022-02-14,2022-02-01,SPY,0.32325464045114716,0.35,-0.02674535954885282,False,,False,optimal
pooled_relative_posterior_active_te100bp,benchmark_relative_active,2022-02-14,2022-02-14,2022-02-14,2022-02-01,IEF,7.924419834449665e-17,0.0,7.924419834449665e-17,False,,False,optimal
pooled_relative_posterior_active_te100bp,benchmark_relative_active,2022-02-14,2022-02-14,2022-02-14,2022-02-01,TIP,0.03510452007853935,0.0,0.03510452007853935,False,,False,optimal
pooled_relative_posterior_active_te100bp,benchmark_relative_active,2022-02-14,2022-02-14,2022-02-14,2022-02-01,HYG,0.14197883362082633,0.1465168709560916,-0.004538037335265255,False,,False,optimal
pooled_relative_posterior_active_te100bp,benchmark_relative_active,2022-02-14,2022-02-14,2022-02-14,2022-02-01,BIL,0.03061828669632244,0.0,0.03061828669632244,False,,False,optimal
pooled_relative_posterior_active_te100bp,benchmark_relative_active,2022-02-14,2022-02-14,2022-02-14,2022-02-01,GLD,0.21043035995361975,0.25,-0.03956964004638025,False,,False,optimal
pooled_relative_posterior_active_te100bp,benchmark_relative_active,2022-02-14,2022-02-14,2022-02-14,2022-02-01,LQD,0.25861335919954503,0.2534831290439082,0.00513023015563685,False,,False,optimal
pooled_relative_posterior_active_te100bp,benchmark_relative_active,2022-02-14,2022-02-14,2022-02-14,2022-02-01,AGG,0.0,0.0,0.0,False,,False,optimal
pooled_relative_posterior_active_te100bp,benchmark_relative_active,2022-02-21,2022-02-21,2022-02-22,2022-02-01,SPY,0.31924273469752346,0.3499999999999996,-0.030757265302476133,False,,False,optimal
pooled_relative_posterior_active_te100bp,benchmark_relative_active,2022-02-21,2022-02-21,2022-02-22,2022-02-01,IEF,7.977392184573373e-17,0.0,7.977392184573373e-17,False,,False,optimal
pooled_relative_posterior_active_te100bp,benchmark_relative_active,2022-02-21,2022-02-21,2022-02-22,2022-02-01,TIP,0.03529369543823411,0.0,0.03529369543823411,False,,False,optimal
pooled_relative_posterior_active_te100bp,benchmark_relative_active,2022-02-21,2022-02-21,2022-02-22,2022-02-01,HYG,0.1424665151101863,0.1474118271255169,-0.004945312015330605,False,,False,optimal
pooled_relative_posterior_active_te100bp,benchmark_relative_active,2022-02-21,2022-02-21,2022-02-22,2022-02-01,BIL,0.030637863881911514,0.0,0.030637863881911514,False,,False,optimal
pooled_relative_posterior_active_te100bp,benchmark_relative_active,2022-02-21,2022-02-21,2022-02-22,2022-02-01,GLD,0.2145884193679494,0.2499999999999997,-0.0354115806320503,False,,False,optimal
pooled_relative_posterior_active_te100bp,benchmark_relative_active,2022-02-21,2022-02-21,2022-02-22,2022-02-01,LQD,0.25777077150419514,0.2525881728744835,0.005182598629711654,False,,False,optimal
pooled_relative_posterior_active_te100bp,benchmark_relative_active,2022-02-21,2022-02-21,2022-02-22,2022-02-01,AGG,0.0,0.0,0.0,False,,False,optimal
pooled_relative_posterior_active_te100bp,benchmark_relative_active,2022-02-28,2022-02-28,2022-02-28,2022-02-01,SPY,0.32195891699244605,0.35,-0.028041083007553924,False,,False,optimal
pooled_relative_posterior_active_te100bp,benchmark_relative_active,2022-02-28,2022-02-28,2022-02-28,2022-02-01,IEF,7.929698368839575e-17,0.0,7.929698368839575e-17,False,,False,optimal
pooled_relative_posterior_active_te100bp,benchmark_relative_active,2022-02-28,2022-02-28,2022-02-28,2022-02-01,TIP,0.03534937446703385,0.0,0.03534937446703385,False,,False,optimal
pooled_relative_posterior_active_te100bp,benchmark_relative_active,2022-02-28,2022-02-28,2022-02-28,2022-02-01,HYG,0.14307303735100144,0.1482030973731101,-0.005130060022108668,False,,False,optimal
pooled_relative_posterior_active_te100bp,benchmark_relative_active,2022-02-28,2022-02-28,2022-02-28,2022-02-01,BIL,0.030484902578697817,0.0,0.030484902578697817,False,,False,optimal
pooled_relative_posterior_active_te100bp,benchmark_relative_active,2022-02-28,2022-02-28,2022-02-28,2022-02-01,GLD,0.21217117634180244,0.2499999999999992,-0.03782882365819676,False,,False,optimal
pooled_relative_posterior_active_te100bp,benchmark_relative_active,2022-02-28,2022-02-28,2022-02-28,2022-02-01,LQD,0.25696259226901846,0.2517969026268907,0.005165689642127769,False,,False,optimal
pooled_relative_posterior_active_te100bp,benchmark_relative_active,2022-02-28,2022-02-28,2022-02-28,2022-02-01,AGG,0.0,0.0,0.0,False,,False,optimal
pooled_relative_posterior_active_te100bp,benchmark_relative_active,2022-03-07,2022-03-07,2022-03-07,2022-03-01,SPY,0.3202324156610509,0.3500000000000003,-0.029767584338949438,False,,False,optimal
pooled_relative_posterior_active_te100bp,benchmark_relative_active,2022-03-07,2022-03-07,2022-03-07,2022-03-01,IEF,7.989296711111393e-17,0.0,7.989296711111393e-17,False,,False,optimal
pooled_relative_posterior_active_te100bp,benchmark_relative_active,2022-03-07,2022-03-07,2022-03-07,2022-03-01,TIP,0.035774262802046965,0.0,0.035774262802046965,False,,False,optimal
pooled_relative_posterior_active_te100bp,benchmark_relative_active,2022-03-07,2022-03-07,2022-03-07,2022-03-01,HYG,0.14161687183688598,0.1498192585614127,-0.008202386724526722,False,,False,optimal
pooled_relative_posterior_active_te100bp,benchmark_relative_active,2022-03-07,2022-03-07,2022-03-07,2022-03-01,BIL,0.030318904994470028,0.0,0.030318904994470028,False,,False,optimal
pooled_relative_posterior_active_te100bp,benchmark_relative_active,2022-03-07,2022-03-07,2022-03-07,2022-03-01,GLD,0.2166502179469315,0.25,-0.03334978205306849,False,,False,optimal
pooled_relative_posterior_active_te100bp,benchmark_relative_active,2022-03-07,2022-03-07,2022-03-07,2022-03-01,LQD,0.2554073267586146,0.250180741438587,0.005226585320027621,False,,False,optimal
pooled_relative_posterior_active_te100bp,benchmark_relative_active,2022-03-07,2022-03-07,2022-03-07,2022-03-01,AGG,0.0,0.0,0.0,False,,False,optimal
pooled_relative_posterior_active_te100bp,benchmark_relative_active,2022-03-14,2022-03-14,2022-03-14,2022-03-01,SPY,0.31670130921005774,0.3499999999999997,-0.033298690789941965,False,,False,optimal
pooled_relative_posterior_active_te100bp,benchmark_relative_active,2022-03-14,2022-03-14,2022-03-14,2022-03-01,IEF,7.979282014946889e-17,0.0,7.979282014946889e-17,False,,False,optimal
pooled_relative_posterior_active_te100bp,benchmark_relative_active,2022-03-14,2022-03-14,2022-03-14,2022-03-01,TIP,0.03650576244587897,0.0,0.03650576244587897,False,,False,optimal
pooled_relative_posterior_active_te100bp,benchmark_relative_active,2022-03-14,2022-03-14,2022-03-14,2022-03-01,HYG,0.14133331035993327,0.1500000000000002,-0.008666689640066921,False,,False,optimal
pooled_relative_posterior_active_te100bp,benchmark_relative_active,2022-03-14,2022-03-14,2022-03-14,2022-03-01,BIL,0.030807408148571594,0.0,0.030807408148571594,False,,False,optimal
pooled_relative_posterior_active_te100bp,benchmark_relative_active,2022-03-14,2022-03-14,2022-03-14,2022-03-01,GLD,0.22088052441946174,0.2499999999999995,-0.029119475580537763,False,,False,optimal
pooled_relative_posterior_active_te100bp,benchmark_relative_active,2022-03-14,2022-03-14,2022-03-14,2022-03-01,LQD,0.2537716854160967,0.2500000000000005,0.003771685416096182,False,,False,optimal
pooled_relative_posterior_active_te100bp,benchmark_relative_active,2022-03-14,2022-03-14,2022-03-14,2022-03-01,AGG,0.0,0.0,0.0,False,,False,optimal
pooled_relative_posterior_active_te100bp,benchmark_relative_active,2022-03-21,2022-03-21,2022-03-21,2022-03-01,SPY,0.32807121981299014,0.349999999999999,-0.021928780187008834,False,,False,optimal
pooled_relative_posterior_active_te100bp,benchmark_relative_active,2022-03-21,2022-03-21,2022-03-21,2022-03-01,IEF,7.759431311685687e-17,0.0,7.759431311685687e-17,False,,False,optimal
pooled_relative_posterior_active_te100bp,benchmark_relative_active,2022-03-21,2022-03-21,2022-03-21,2022-03-01,TIP,0.03540187414892323,0.0,0.03540187414892323,False,,False,optimal
pooled_relative_posterior_active_te100bp,benchmark_relative_active,2022-03-21,2022-03-21,2022-03-21,2022-03-01,HYG,0.1410667676373954,0.1500000000000005,-0.008933232362605098,False,,False,optimal
pooled_relative_posterior_active_te100bp,benchmark_relative_active,2022-03-21,2022-03-21,2022-03-21,2022-03-01,BIL,0.030123390952846614,0.0,0.030123390952846614,False,,False,optimal
pooled_relative_posterior_active_te100bp,benchmark_relative_active,2022-03-21,2022-03-21,2022-03-21,2022-03-01,GLD,0.21157483655788528,0.2499999999999993,-0.038425163442114024,False,,False,optimal
pooled_relative_posterior_active_te100bp,benchmark_relative_active,2022-03-21,2022-03-21,2022-03-21,2022-03-01,LQD,0.25376191088995925,0.2500000000000012,0.003761910889958031,False,,False,optimal
pooled_relative_posterior_active_te100bp,benchmark_relative_active,2022-03-21,2022-03-21,2022-03-21,2022-03-01,AGG,0.0,0.0,0.0,False,,False,optimal
pooled_relative_posterior_active_te100bp,benchmark_relative_active,2022-03-28,2022-03-28,2022-03-28,2022-03-01,SPY,0.33283753662936644,0.3500000000000002,-0.017162463370633763,False,,False,optimal
pooled_relative_posterior_active_te100bp,benchmark_relative_active,2022-03-28,2022-03-28,2022-03-28,2022-03-01,IEF,7.569968842952191e-17,0.0,7.569968842952191e-17,False,,False,optimal
pooled_relative_posterior_active_te100bp,benchmark_relative_active,2022-03-28,2022-03-28,2022-03-28,2022-03-01,TIP,0.03492667906008928,0.0,0.03492667906008928,False,,False,optimal
pooled_relative_posterior_active_te100bp,benchmark_relative_active,2022-03-28,2022-03-28,2022-03-28,2022-03-01,HYG,0.13865207565486107,0.149999999999999,-0.011347924345137927,False,,False,optimal
pooled_relative_posterior_active_te100bp,benchmark_relative_active,2022-03-28,2022-03-28,2022-03-28,2022-03-01,BIL,0.029997330436433555,0.0,0.029997330436433555,False,,False,optimal
pooled_relative_posterior_active_te100bp,benchmark_relative_active,2022-03-28,2022-03-28,2022-03-28,2022-03-01,GLD,0.21427279423525958,0.2500000000000001,-0.03572720576474053,False,,False,optimal
pooled_relative_posterior_active_te100bp,benchmark_relative_active,2022-03-28,2022-03-28,2022-03-28,2022-03-01,LQD,0.24931358398398992,0.2500000000000006,-0.000686416016010688,False,,False,optimal
pooled_relative_posterior_active_te100bp,benchmark_relative_active,2022-03-28,2022-03-28,2022-03-28,2022-03-01,AGG,0.0,0.0,0.0,False,,False,optimal
pooled_relative_posterior_active_te100bp,benchmark_relative_active,2022-04-04,2022-04-04,2022-04-04,2022-04-01,SPY,0.331851414956119,0.3499999999999995,-0.018148585043880505,False,,False,optimal
pooled_relative_posterior_active_te100bp,benchmark_relative_active,2022-04-04,2022-04-04,2022-04-04,2022-04-01,IEF,7.570092163683305e-17,0.0,7.570092163683305e-17,False,,False,optimal
pooled_relative_posterior_active_te100bp,benchmark_relative_active,2022-04-04,2022-04-04,2022-04-04,2022-04-01,TIP,0.03444114116989195,0.0,0.03444114116989195,False,,False,optimal
pooled_relative_posterior_active_te100bp,benchmark_relative_active,2022-04-04,2022-04-04,2022-04-04,2022-04-01,HYG,0.13968315849242388,0.1500000000000005,-0.010316841507576613,False,,False,optimal
pooled_relative_posterior_active_te100bp,benchmark_relative_active,2022-04-04,2022-04-04,2022-04-04,2022-04-01,BIL,0.029854926686790805,0.0,0.029854926686790805,False,,False,optimal
pooled_relative_posterior_active_te100bp,benchmark_relative_active,2022-04-04,2022-04-04,2022-04-04,2022-04-01,GLD,0.2121920450555289,0.2474926505553131,-0.0353006054997842,False,,False,optimal
pooled_relative_posterior_active_te100bp,benchmark_relative_active,2022-04-04,2022-04-04,2022-04-04,2022-04-01,LQD,0.25197731363924547,0.2525073494446869,-0.00053003580544142,False,,False,optimal
pooled_relative_posterior_active_te100bp,benchmark_relative_active,2022-04-04,2022-04-04,2022-04-04,2022-04-01,AGG,0.0,0.0,0.0,False,,False,optimal
pooled_relative_posterior_active_te100bp,benchmark_relative_active,2022-04-11,2022-04-11,2022-04-11,2022-04-01,SPY,0.33255445148235585,0.3499999999999998,-0.01744554851764396,False,,False,optimal
pooled_relative_posterior_active_te100bp,benchmark_relative_active,2022-04-11,2022-04-11,2022-04-11,2022-04-01,IEF,7.4925996721373e-17,0.0,7.4925996721373e-17,False,,False,optimal
pooled_relative_posterior_active_te100bp,benchmark_relative_active,2022-04-11,2022-04-11,2022-04-11,2022-04-01,TIP,0.03448916829936541,0.0,0.03448916829936541,False,,False,optimal
pooled_relative_posterior_active_te100bp,benchmark_relative_active,2022-04-11,2022-04-11,2022-04-11,2022-04-01,HYG,0.13864241435745933,0.1500000000000006,-0.011357585642541274,False,,False,optimal
pooled_relative_posterior_active_te100bp,benchmark_relative_active,2022-04-11,2022-04-11,2022-04-11,2022-04-01,BIL,0.030289841838999465,0.0,0.030289841838999465,False,,False,optimal
pooled_relative_posterior_active_te100bp,benchmark_relative_active,2022-04-11,2022-04-11,2022-04-11,2022-04-01,GLD,0.21675225196786396,0.2499999999999999,-0.033247748032135926,False,,False,optimal
pooled_relative_posterior_active_te100bp,benchmark_relative_active,2022-04-11,2022-04-11,2022-04-11,2022-04-01,LQD,0.24727187205395598,0.2499999999999997,-0.0027281279460437124,False,,False,optimal
pooled_relative_posterior_active_te100bp,benchmark_relative_active,2022-04-11,2022-04-11,2022-04-11,2022-04-01,AGG,0.0,0.0,0.0,False,,False,optimal
pooled_relative_posterior_active_te100bp,benchmark_relative_active,2022-04-18,2022-04-18,2022-04-18,2022-04-01,SPY,0.3296639447628225,0.35,-0.020336055237177464,False,,False,optimal
pooled_relative_posterior_active_te100bp,benchmark_relative_active,2022-04-18,2022-04-18,2022-04-18,2022-04-01,IEF,7.510010829593738e-17,0.0,7.510010829593738e-17,False,,False,optimal
pooled_relative_posterior_active_te100bp,benchmark_relative_active,2022-04-18,2022-04-18,2022-04-18,2022-04-01,TIP,0.03472880558603115,0.0,0.03472880558603115,False,,False,optimal
pooled_relative_posterior_active_te100bp,benchmark_relative_active,2022-04-18,2022-04-18,2022-04-18,2022-04-01,HYG,0.13987459704561814,0.1500000000000003,-0.010125402954382162,False,,False,optimal
pooled_relative_posterior_active_te100bp,benchmark_relative_active,2022-04-18,2022-04-18,2022-04-18,2022-04-01,BIL,0.03045670517026066,0.0,0.03045670517026066,False,,False,optimal
pooled_relative_posterior_active_te100bp,benchmark_relative_active,2022-04-18,2022-04-18,2022-04-18,2022-04-01,GLD,0.21900536534664786,0.25,-0.030994634653352143,False,,False,optimal
pooled_relative_posterior_active_te100bp,benchmark_relative_active,2022-04-18,2022-04-18,2022-04-18,2022-04-01,LQD,0.24627058208861966,0.2499999999999996,-0.0037294179113799564,False,,False,optimal
pooled_relative_posterior_active_te100bp,benchmark_relative_active,2022-04-18,2022-04-18,2022-04-18,2022-04-01,AGG,0.0,0.0,0.0,False,,False,optimal
pooled_relative_posterior_active_te100bp,benchmark_relative_active,2022-04-25,2022-04-25,2022-04-25,2022-04-01,SPY,0.32810252753491975,0.3500000000000001,-0.021897472465080337,False,,False,optimal
pooled_relative_posterior_active_te100bp,benchmark_relative_active,2022-04-25,2022-04-25,2022-04-25,2022-04-01,IEF,7.604915006664408e-17,0.0,7.604915006664408e-17,False,,False,optimal
pooled_relative_posterior_active_te100bp,benchmark_relative_active,2022-04-25,2022-04-25,2022-04-25,2022-04-01,TIP,0.03546437619690699,0.0,0.03546437619690699,False,,False,optimal
pooled_relative_posterior_active_te100bp,benchmark_relative_active,2022-04-25,2022-04-25,2022-04-25,2022-04-01,HYG,0.14112881267181535,0.1500000000000001,-0.00887118732818476,False,,False,optimal
pooled_relative_posterior_active_te100bp,benchmark_relative_active,2022-04-25,2022-04-25,2022-04-25,2022-04-01,BIL,0.03108213100294884,0.0,0.03108213100294884,False,,False,optimal
pooled_relative_posterior_active_te100bp,benchmark_relative_active,2022-04-25,2022-04-25,2022-04-25,2022-04-01,GLD,0.2166758890194976,0.2482828997442006,-0.03160701072470298,False,,False,optimal
pooled_relative_posterior_active_te100bp,benchmark_relative_active,2022-04-25,2022-04-25,2022-04-25,2022-04-01,LQD,0.24754626357391127,0.2517171002557992,-0.004170836681887918,False,,False,optimal
pooled_relative_posterior_active_te100bp,benchmark_relative_active,2022-04-25,2022-04-25,2022-04-25,2022-04-01,AGG,0.0,0.0,0.0,False,,False,optimal
pooled_relative_posterior_active_te100bp,benchmark_relative_active,2022-05-02,2022-05-02,2022-05-02,2022-05-01,SPY,0.3236649988896886,0.35,-0.026335001110311396,False,,False,optimal
pooled_relative_posterior_active_te100bp,benchmark_relative_active,2022-05-02,2022-05-02,2022-05-02,2022-05-01,IEF,7.659426628512811e-17,0.0,7.659426628512811e-17,False,,False,optimal
pooled_relative_posterior_active_te100bp,benchmark_relative_active,2022-05-02,2022-05-02,2022-05-02,2022-05-01,TIP,0.03576300774586754,0.0,0.03576300774586754,False,,False,optimal
pooled_relative_posterior_active_te100bp,benchmark_relative_active,2022-05-02,2022-05-02,2022-05-02,2022-05-01,HYG,0.14159487862829795,0.1499999999999998,-0.008405121371701851,False,,False,optimal
pooled_relative_posterior_active_te100bp,benchmark_relative_active,2022-05-02,2022-05-02,2022-05-02,2022-05-01,BIL,0.031533703273825306,0.0,0.031533703273825306,False,,False,optimal
pooled_relative_posterior_active_te100bp,benchmark_relative_active,2022-05-02,2022-05-02,2022-05-02,2022-05-01,GLD,0.21947725265025472,0.25,-0.030522747349745277,False,,False,optimal
pooled_relative_posterior_active_te100bp,benchmark_relative_active,2022-05-02,2022-05-02,2022-05-02,2022-05-01,LQD,0.24796615881206582,0.2500000000000002,-0.0020338411879343987,False,,False,optimal
pooled_relative_posterior_active_te100bp,benchmark_relative_active,2022-05-02,2022-05-02,2022-05-02,2022-05-01,AGG,0.0,0.0,0.0,False,,False,optimal
pooled_relative_posterior_active_te100bp,benchmark_relative_active,2022-05-09,2022-05-09,2022-05-09,2022-05-01,SPY,0.3236357448386353,0.3500000000000002,-0.026364255161364925,False,,False,optimal
pooled_relative_posterior_active_te100bp,benchmark_relative_active,2022-05-09,2022-05-09,2022-05-09,2022-05-01,IEF,7.592714168320685e-17,0.0,7.592714168320685e-17,False,,False,optimal
pooled_relative_posterior_active_te100bp,benchmark_relative_active,2022-05-09,2022-05-09,2022-05-09,2022-05-01,TIP,0.035412711959262294,0.0,0.035412711959262294,False,,False,optimal
pooled_relative_posterior_active_te100bp,benchmark_relative_active,2022-05-09,2022-05-09,2022-05-09,2022-05-01,HYG,0.14079901428396407,0.149999999999998,-0.009200985716033921,False,,False,optimal
pooled_relative_posterior_active_te100bp,benchmark_relative_active,2022-05-09,2022-05-09,2022-05-09,2022-05-01,BIL,0.03158681880956886,0.0,0.03158681880956886,False,,False,optimal
pooled_relative_posterior_active_te100bp,benchmark_relative_active,2022-05-09,2022-05-09,2022-05-09,2022-05-01,GLD,0.22213894060798445,0.2499999999999997,-0.027861059392015247,False,,False,optimal
pooled_relative_posterior_active_te100bp,benchmark_relative_active,2022-05-09,2022-05-09,2022-05-09,2022-05-01,LQD,0.24642676950058506,0.2500000000000021,-0.003573230499417046,False,,False,optimal
pooled_relative_posterior_active_te100bp,benchmark_relative_active,2022-05-09,2022-05-09,2022-05-09,2022-05-01,AGG,0.0,0.0,0.0,False,,False,optimal
pooled_relative_posterior_active_te100bp,benchmark_relative_active,2022-05-16,2022-05-16,2022-05-16,2022-05-01,SPY,0.32329337178424405,0.35,-0.026706628215755923,False,,False,optimal
pooled_relative_posterior_active_te100bp,benchmark_relative_active,2022-05-16,2022-05-16,2022-05-16,2022-05-01,IEF,7.75966486574916e-17,0.0,7.75966486574916e-17,False,,False,optimal
pooled_relative_posterior_active_te100bp,benchmark_relative_active,2022-05-16,2022-05-16,2022-05-16,2022-05-01,TIP,0.03590579691029901,0.0,0.03590579691029901,False,,False,optimal
pooled_relative_posterior_active_te100bp,benchmark_relative_active,2022-05-16,2022-05-16,2022-05-16,2022-05-01,HYG,0.14124503229805618,0.1499999999999999,-0.008754967701943728,False,,False,optimal
pooled_relative_posterior_active_te100bp,benchmark_relative_active,2022-05-16,2022-05-16,2022-05-16,2022-05-01,BIL,0.031818898987773944,0.0,0.031818898987773944,False,,False,optimal
pooled_relative_posterior_active_te100bp,benchmark_relative_active,2022-05-16,2022-05-16,2022-05-16,2022-05-01,GLD,0.21673443200215128,0.2450174483859519,-0.028283016383800624,False,,False,optimal
pooled_relative_posterior_active_te100bp,benchmark_relative_active,2022-05-16,2022-05-16,2022-05-16,2022-05-01,LQD,0.25100246801747556,0.2549825516140482,-0.003980083596572648,False,,False,optimal
pooled_relative_posterior_active_te100bp,benchmark_relative_active,2022-05-16,2022-05-16,2022-05-16,2022-05-01,AGG,0.0,0.0,0.0,False,,False,optimal
pooled_relative_posterior_active_te100bp,benchmark_relative_active,2022-05-23,2022-05-23,2022-05-23,2022-05-01,SPY,0.31595881221666994,0.3500000000000003,-0.03404118778333037,False,,False,optimal
pooled_relative_posterior_active_te100bp,benchmark_relative_active,2022-05-23,2022-05-23,2022-05-23,2022-05-01,IEF,7.850082455638673e-17,0.0,7.850082455638673e-17,False,,False,optimal
pooled_relative_posterior_active_te100bp,benchmark_relative_active,2022-05-23,2022-05-23,2022-05-23,2022-05-01,TIP,0.035905268658118945,0.0,0.035905268658118945,False,,False,optimal
pooled_relative_posterior_active_te100bp,benchmark_relative_active,2022-05-23,2022-05-23,2022-05-23,2022-05-01,HYG,0.1410066168626061,0.1497466300432758,-0.008740013180669692,False,,False,optimal
pooled_relative_posterior_active_te100bp,benchmark_relative_active,2022-05-23,2022-05-23,2022-05-23,2022-05-01,BIL,0.03193005684508994,0.0,0.03193005684508994,False,,False,optimal
pooled_relative_posterior_active_te100bp,benchmark_relative_active,2022-05-23,2022-05-23,2022-05-23,2022-05-01,GLD,0.22209167540077665,0.25,-0.02790832459922335,False,,False,optimal
pooled_relative_posterior_active_te100bp,benchmark_relative_active,2022-05-23,2022-05-23,2022-05-23,2022-05-01,LQD,0.2531075700167383,0.2502533699567238,0.002854200060014467,False,,False,optimal
pooled_relative_posterior_active_te100bp,benchmark_relative_active,2022-05-23,2022-05-23,2022-05-23,2022-05-01,AGG,0.0,0.0,0.0,False,,False,optimal
pooled_relative_posterior_active_te100bp,benchmark_relative_active,2022-05-30,2022-05-30,2022-05-31,2022-05-01,SPY,0.32367399024131194,0.3499999999999997,-0.026326009758687763,False,,False,optimal
pooled_relative_posterior_active_te100bp,benchmark_relative_active,2022-05-30,2022-05-30,2022-05-31,2022-05-01,IEF,7.66909743993903e-17,0.0,7.66909743993903e-17,False,,False,optimal
pooled_relative_posterior_active_te100bp,benchmark_relative_active,2022-05-30,2022-05-30,2022-05-31,2022-05-01,TIP,0.03519483866706661,0.0,0.03519483866706661,False,,False,optimal
pooled_relative_posterior_active_te100bp,benchmark_relative_active,2022-05-30,2022-05-30,2022-05-31,2022-05-01,HYG,0.14297692815756297,0.1500000000000002,-0.007023071842437223,False,,False,optimal
pooled_relative_posterior_active_te100bp,benchmark_relative_active,2022-05-30,2022-05-30,2022-05-31,2022-05-01,BIL,0.030946324844906038,0.0,0.030946324844906038,False,,False,optimal
pooled_relative_posterior_active_te100bp,benchmark_relative_active,2022-05-30,2022-05-30,2022-05-31,2022-05-01,GLD,0.21487764180007818,0.2499999999999998,-0.03512235819992163,False,,False,optimal
pooled_relative_posterior_active_te100bp,benchmark_relative_active,2022-05-30,2022-05-30,2022-05-31,2022-05-01,LQD,0.25233027628907434,0.25,0.00233027628907434,False,,False,optimal
pooled_relative_posterior_active_te100bp,benchmark_relative_active,2022-05-30,2022-05-30,2022-05-31,2022-05-01,AGG,0.0,0.0,0.0,False,,False,optimal
pooled_relative_posterior_active_te100bp,benchmark_relative_active,2022-06-06,2022-06-06,2022-06-06,2022-06-01,SPY,0.3231407828771233,0.3500000000000003,-0.026859217122877033,False,,False,optimal
pooled_relative_posterior_active_te100bp,benchmark_relative_active,2022-06-06,2022-06-06,2022-06-06,2022-06-01,IEF,7.643245969902809e-17,0.0,7.643245969902809e-17,False,,False,optimal
pooled_relative_posterior_active_te100bp,benchmark_relative_active,2022-06-06,2022-06-06,2022-06-06,2022-06-01,TIP,0.035467249501044976,0.0,0.035467249501044976,False,,False,optimal
pooled_relative_posterior_active_te100bp,benchmark_relative_active,2022-06-06,2022-06-06,2022-06-06,2022-06-01,HYG,0.1423541453578066,0.150000000000001,-0.0076458546421943885,False,,False,optimal
pooled_relative_posterior_active_te100bp,benchmark_relative_active,2022-06-06,2022-06-06,2022-06-06,2022-06-01,BIL,0.031115388050820113,0.0,0.031115388050820113,False,,False,optimal
pooled_relative_posterior_active_te100bp,benchmark_relative_active,2022-06-06,2022-06-06,2022-06-06,2022-06-01,GLD,0.21593384995569573,0.2500000000000003,-0.03406615004430455,False,,False,optimal
pooled_relative_posterior_active_te100bp,benchmark_relative_active,2022-06-06,2022-06-06,2022-06-06,2022-06-01,LQD,0.2519885842575093,0.2499999999999984,0.001988584257510917,False,,False,optimal
pooled_relative_posterior_active_te100bp,benchmark_relative_active,2022-06-06,2022-06-06,2022-06-06,2022-06-01,AGG,0.0,0.0,0.0,False,,False,optimal
pooled_relative_posterior_active_te100bp,benchmark_relative_active,2022-06-13,2022-06-13,2022-06-13,2022-06-01,SPY,0.31277245834957906,0.3499999999999985,-0.037227541650419416,False,,False,optimal
pooled_relative_posterior_active_te100bp,benchmark_relative_active,2022-06-13,2022-06-13,2022-06-13,2022-06-01,IEF,7.750531208586743e-17,0.0,7.750531208586743e-17,False,,False,optimal
pooled_relative_posterior_active_te100bp,benchmark_relative_active,2022-06-13,2022-06-13,2022-06-13,2022-06-01,TIP,0.03621347502444634,0.0,0.03621347502444634,False,,False,optimal
pooled_relative_posterior_active_te100bp,benchmark_relative_active,2022-06-13,2022-06-13,2022-06-13,2022-06-01,HYG,0.14075407184084548,0.1485016196205855,-0.007747547779740016,False,,False,optimal
pooled_relative_posterior_active_te100bp,benchmark_relative_active,2022-06-13,2022-06-13,2022-06-13,2022-06-01,BIL,0.0320435340788646,0.0,0.0320435340788646,False,,False,optimal
pooled_relative_posterior_active_te100bp,benchmark_relative_active,2022-06-13,2022-06-13,2022-06-13,2022-06-01,GLD,0.22462575735309112,0.2499999999999994,-0.025374242646908268,False,,False,optimal
pooled_relative_posterior_active_te100bp,benchmark_relative_active,2022-06-13,2022-06-13,2022-06-13,2022-06-01,LQD,0.2535907033531733,0.2514983803794166,0.0020923229737567217,False,,False,optimal
pooled_relative_posterior_active_te100bp,benchmark_relative_active,2022-06-13,2022-06-13,2022-06-13,2022-06-01,AGG,0.0,0.0,0.0,False,,False,optimal
pooled_relative_posterior_active_te100bp,benchmark_relative_active,2022-06-20,2022-06-20,2022-06-21,2022-06-01,SPY,0.30507941930984983,0.3499999999999997,-0.04492058069014987,False,,False,optimal
pooled_relative_posterior_active_te100bp,benchmark_relative_active,2022-06-20,2022-06-20,2022-06-21,2022-06-01,IEF,7.857564048856406e-17,0.0,7.857564048856406e-17,False,,False,optimal
pooled_relative_posterior_active_te100bp,benchmark_relative_active,2022-06-20,2022-06-20,2022-06-21,2022-06-01,TIP,0.03623148902277131,0.0,0.03623148902277131,False,,False,optimal
pooled_relative_posterior_active_te100bp,benchmark_relative_active,2022-06-20,2022-06-20,2022-06-21,2022-06-01,HYG,0.14154651270875063,0.1494832604140472,-0.007936747705296565,False,,False,optimal
pooled_relative_posterior_active_te100bp,benchmark_relative_active,2022-06-20,2022-06-20,2022-06-21,2022-06-01,BIL,0.03231451103754402,0.0,0.03231451103754402,False,,False,optimal
pooled_relative_posterior_active_te100bp,benchmark_relative_active,2022-06-20,2022-06-20,2022-06-21,2022-06-01,GLD,0.22661963689369496,0.25,-0.023380363106305035,False,,False,optimal
pooled_relative_posterior_active_te100bp,benchmark_relative_active,2022-06-20,2022-06-20,2022-06-21,2022-06-01,LQD,0.2582084310273892,0.250516739585953,0.007691691441436221,False,,False,optimal
pooled_relative_posterior_active_te100bp,benchmark_relative_active,2022-06-20,2022-06-20,2022-06-21,2022-06-01,AGG,0.0,0.0,0.0,False,,False,optimal
pooled_relative_posterior_active_te100bp,benchmark_relative_active,2022-06-27,2022-06-27,2022-06-27,2022-06-01,SPY,0.3144245127012588,0.3500000000000007,-0.03557548729874188,False,,False,optimal
pooled_relative_posterior_active_te100bp,benchmark_relative_active,2022-06-27,2022-06-27,2022-06-27,2022-06-01,IEF,7.836053161079423e-17,0.0,7.836053161079423e-17,False,,False,optimal
pooled_relative_posterior_active_te100bp,benchmark_relative_active,2022-06-27,2022-06-27,2022-06-27,2022-06-01,TIP,0.03594252351705915,0.0,0.03594252351705915,False,,False,optimal
pooled_relative_posterior_active_te100bp,benchmark_relative_active,2022-06-27,2022-06-27,2022-06-27,2022-06-01,HYG,0.14008762879950287,0.1499999999999991,-0.009912371200496234,False,,False,optimal
pooled_relative_posterior_active_te100bp,benchmark_relative_active,2022-06-27,2022-06-27,2022-06-27,2022-06-01,BIL,0.0317513286804009,0.0,0.0317513286804009,False,,False,optimal
pooled_relative_posterior_active_te100bp,benchmark_relative_active,2022-06-27,2022-06-27,2022-06-27,2022-06-01,GLD,0.2214074128412598,0.2499999999999985,-0.02859258715873869,False,,False,optimal
pooled_relative_posterior_active_te100bp,benchmark_relative_active,2022-06-27,2022-06-27,2022-06-27,2022-06-01,LQD,0.25638659346051845,0.2500000000000016,0.006386593460516843,False,,False,optimal
pooled_relative_posterior_active_te100bp,benchmark_relative_active,2022-06-27,2022-06-27,2022-06-27,2022-06-01,AGG,0.0,0.0,0.0,False,,False,optimal
pooled_relative_posterior_active_te100bp,benchmark_relative_active,2022-07-04,2022-07-04,2022-07-05,2022-07-01,SPY,0.3088715361495379,0.35,-0.041128463850462094,False,,False,optimal
pooled_relative_posterior_active_te100bp,benchmark_relative_active,2022-07-04,2022-07-04,2022-07-05,2022-07-01,IEF,8.117658811579035e-17,0.0,8.117658811579035e-17,False,,False,optimal
pooled_relative_posterior_active_te100bp,benchmark_relative_active,2022-07-04,2022-07-04,2022-07-05,2022-07-01,TIP,0.03642212078344103,0.0,0.03642212078344103,False,,False,optimal
pooled_relative_posterior_active_te100bp,benchmark_relative_active,2022-07-04,2022-07-04,2022-07-05,2022-07-01,HYG,0.13967381315408653,0.1498141394296469,-0.010140326275560357,False,,False,optimal
pooled_relative_posterior_active_te100bp,benchmark_relative_active,2022-07-04,2022-07-04,2022-07-05,2022-07-01,BIL,0.03200121382936965,0.0,0.03200121382936965,False,,False,optimal
pooled_relative_posterior_active_te100bp,benchmark_relative_active,2022-07-04,2022-07-04,2022-07-05,2022-07-01,GLD,0.22011225596752312,0.2489650678913883,-0.028852811923865185,False,,False,optimal
pooled_relative_posterior_active_te100bp,benchmark_relative_active,2022-07-04,2022-07-04,2022-07-05,2022-07-01,LQD,0.26291906011604166,0.2512207926789647,0.01169826743707697,False,,False,optimal
pooled_relative_posterior_active_te100bp,benchmark_relative_active,2022-07-04,2022-07-04,2022-07-05,2022-07-01,AGG,0.0,0.0,0.0,False,,False,optimal
pooled_relative_posterior_active_te100bp,benchmark_relative_active,2022-07-11,2022-07-11,2022-07-11,2022-07-01,SPY,0.31806844238561854,0.3499999999999998,-0.03193155761438127,False,,False,optimal
pooled_relative_posterior_active_te100bp,benchmark_relative_active,2022-07-11,2022-07-11,2022-07-11,2022-07-01,IEF,7.908182586347869e-17,0.0,7.908182586347869e-17,False,,False,optimal
pooled_relative_posterior_active_te100bp,benchmark_relative_active,2022-07-11,2022-07-11,2022-07-11,2022-07-01,TIP,0.03570926387059307,0.0,0.03570926387059307,False,,False,optimal
pooled_relative_posterior_active_te100bp,benchmark_relative_active,2022-07-11,2022-07-11,2022-07-11,2022-07-01,HYG,0.14171084104240583,0.1499999999999998,-0.008289158957593967,False,,False,optimal
pooled_relative_posterior_active_te100bp,benchmark_relative_active,2022-07-11,2022-07-11,2022-07-11,2022-07-01,BIL,0.031866169567167944,0.0,0.031866169567167944,False,,False,optimal
pooled_relative_posterior_active_te100bp,benchmark_relative_active,2022-07-11,2022-07-11,2022-07-11,2022-07-01,GLD,0.21280863916739423,0.2499999999999999,-0.03719136083260566,False,,False,optimal
pooled_relative_posterior_active_te100bp,benchmark_relative_active,2022-07-11,2022-07-11,2022-07-11,2022-07-01,LQD,0.25983664396682027,0.2500000000000005,0.00983664396681977,False,,False,optimal
pooled_relative_posterior_active_te100bp,benchmark_relative_active,2022-07-11,2022-07-11,2022-07-11,2022-07-01,AGG,0.0,0.0,0.0,False,,False,optimal
pooled_relative_posterior_active_te100bp,benchmark_relative_active,2022-07-18,2022-07-18,2022-07-18,2022-07-01,SPY,0.31763016932763355,0.3499999999999993,-0.03236983067236576,False,,False,optimal
pooled_relative_posterior_active_te100bp,benchmark_relative_active,2022-07-18,2022-07-18,2022-07-18,2022-07-01,IEF,7.967885904032751e-17,0.0,7.967885904032751e-17,False,,False,optimal
pooled_relative_posterior_active_te100bp,benchmark_relative_active,2022-07-18,2022-07-18,2022-07-18,2022-07-01,TIP,0.03597467018403612,0.0,0.03597467018403612,False,,False,optimal
pooled_relative_posterior_active_te100bp,benchmark_relative_active,2022-07-18,2022-07-18,2022-07-18,2022-07-01,HYG,0.14310701493389774,0.1499999999999998,-0.006892985066102059,False,,False,optimal
pooled_relative_posterior_active_te100bp,benchmark_relative_active,2022-07-18,2022-07-18,2022-07-18,2022-07-01,BIL,0.03188176404491812,0.0,0.03188176404491812,False,,False,optimal
pooled_relative_posterior_active_te100bp,benchmark_relative_active,2022-07-18,2022-07-18,2022-07-18,2022-07-01,GLD,0.20907338018377383,0.2473478631333658,-0.03827448294959196,False,,False,optimal
pooled_relative_posterior_active_te100bp,benchmark_relative_active,2022-07-18,2022-07-18,2022-07-18,2022-07-01,LQD,0.2623330013257406,0.2526521368666349,0.00968086445910571,False,,False,optimal
pooled_relative_posterior_active_te100bp,benchmark_relative_active,2022-07-18,2022-07-18,2022-07-18,2022-07-01,AGG,0.0,0.0,0.0,False,,False,optimal
pooled_relative_posterior_active_te100bp,benchmark_relative_active,2022-07-25,2022-07-25,2022-07-25,2022-07-01,SPY,0.31879350410585244,0.3499999999999996,-0.031206495894147146,False,,False,optimal
pooled_relative_posterior_active_te100bp,benchmark_relative_active,2022-07-25,2022-07-25,2022-07-25,2022-07-01,IEF,7.999406219686706e-17,0.0,7.999406219686706e-17,False,,False,optimal
pooled_relative_posterior_active_te100bp,benchmark_relative_active,2022-07-25,2022-07-25,2022-07-25,2022-07-01,TIP,0.03588321919492408,0.0,0.03588321919492408,False,,False,optimal
pooled_relative_posterior_active_te100bp,benchmark_relative_active,2022-07-25,2022-07-25,2022-07-25,2022-07-01,HYG,0.14343029709093363,0.1500000000000003,-0.006569702909066666,False,,False,optimal
pooled_relative_posterior_active_te100bp,benchmark_relative_active,2022-07-25,2022-07-25,2022-07-25,2022-07-01,BIL,0.03146885345134348,0.0,0.03146885345134348,False,,False,optimal
pooled_relative_posterior_active_te100bp,benchmark_relative_active,2022-07-25,2022-07-25,2022-07-25,2022-07-01,GLD,0.20703559309307074,0.2463887227136252,-0.039353129620554456,False,,False,optimal
pooled_relative_posterior_active_te100bp,benchmark_relative_active,2022-07-25,2022-07-25,2022-07-25,2022-07-01,LQD,0.2633885330638757,0.2536112772863748,0.009777255777500937,False,,False,optimal
pooled_relative_posterior_active_te100bp,benchmark_relative_active,2022-07-25,2022-07-25,2022-07-25,2022-07-01,AGG,0.0,0.0,0.0,False,,False,optimal
pooled_relative_posterior_active_te100bp,benchmark_relative_active,2022-08-01,2022-08-01,2022-08-01,2022-08-01,SPY,0.32383975101620205,0.3500000000000011,-0.02616024898379904,False,,False,optimal
pooled_relative_posterior_active_te100bp,benchmark_relative_active,2022-08-01,2022-08-01,2022-08-01,2022-08-01,IEF,7.925537279881367e-17,0.0,7.925537279881367e-17,False,,False,optimal
pooled_relative_posterior_active_te100bp,benchmark_relative_active,2022-08-01,2022-08-01,2022-08-01,2022-08-01,TIP,0.035817182430652725,0.0,0.035817182430652725,False,,False,optimal
pooled_relative_posterior_active_te100bp,benchmark_relative_active,2022-08-01,2022-08-01,2022-08-01,2022-08-01,HYG,0.14221281708648975,0.1489540220151221,-0.006741204928632338,False,,False,optimal
pooled_relative_posterior_active_te100bp,benchmark_relative_active,2022-08-01,2022-08-01,2022-08-01,2022-08-01,BIL,0.030713624369311337,0.0,0.030713624369311337,False,,False,optimal
pooled_relative_posterior_active_te100bp,benchmark_relative_active,2022-08-01,2022-08-01,2022-08-01,2022-08-01,GLD,0.2063739965854169,0.2499999999999985,-0.04362600341458159,False,,False,optimal
pooled_relative_posterior_active_te100bp,benchmark_relative_active,2022-08-01,2022-08-01,2022-08-01,2022-08-01,LQD,0.26104262851192717,0.2510459779848781,0.009996650527049067,False,,False,optimal
pooled_relative_posterior_active_te100bp,benchmark_relative_active,2022-08-01,2022-08-01,2022-08-01,2022-08-01,AGG,0.0,0.0,0.0,False,,False,optimal
pooled_relative_posterior_active_te100bp,benchmark_relative_active,2022-08-08,2022-08-08,2022-08-08,2022-08-01,SPY,0.3269710761405462,0.3499999999999998,-0.0230289238594536,False,,False,optimal
pooled_relative_posterior_active_te100bp,benchmark_relative_active,2022-08-08,2022-08-08,2022-08-08,2022-08-01,IEF,7.789960810206221e-17,0.0,7.789960810206221e-17,False,,False,optimal
pooled_relative_posterior_active_te100bp,benchmark_relative_active,2022-08-08,2022-08-08,2022-08-08,2022-08-01,TIP,0.03521390697010668,0.0,0.03521390697010668,False,,False,optimal
pooled_relative_posterior_active_te100bp,benchmark_relative_active,2022-08-08,2022-08-08,2022-08-08,2022-08-01,HYG,0.14281980052191556,0.1499999999999997,-0.007180199478084126,False,,False,optimal
pooled_relative_posterior_active_te100bp,benchmark_relative_active,2022-08-08,2022-08-08,2022-08-08,2022-08-01,BIL,0.030703410178211144,0.0,0.030703410178211144,False,,False,optimal
pooled_relative_posterior_active_te100bp,benchmark_relative_active,2022-08-08,2022-08-08,2022-08-08,2022-08-01,GLD,0.2065798764037751,0.2499999999999999,-0.0434201235962248,False,,False,optimal
pooled_relative_posterior_active_te100bp,benchmark_relative_active,2022-08-08,2022-08-08,2022-08-08,2022-08-01,LQD,0.2577119297854453,0.2500000000000005,0.0077119297854448265,False,,False,optimal
pooled_relative_posterior_active_te100bp,benchmark_relative_active,2022-08-08,2022-08-08,2022-08-08,2022-08-01,AGG,0.0,0.0,0.0,False,,False,optimal
pooled_relative_posterior_active_te100bp,benchmark_relative_active,2022-08-15,2022-08-15,2022-08-15,2022-08-01,SPY,0.33161099328188876,0.3499999999999999,-0.018389006718111167,False,,False,optimal
pooled_relative_posterior_active_te100bp,benchmark_relative_active,2022-08-15,2022-08-15,2022-08-15,2022-08-01,IEF,7.65619076133542e-17,0.0,7.65619076133542e-17,False,,False,optimal
pooled_relative_posterior_active_te100bp,benchmark_relative_active,2022-08-15,2022-08-15,2022-08-15,2022-08-01,TIP,0.03464472897591206,0.0,0.03464472897591206,False,,False,optimal
pooled_relative_posterior_active_te100bp,benchmark_relative_active,2022-08-15,2022-08-15,2022-08-15,2022-08-01,HYG,0.14190620422916173,0.1499999999999997,-0.008093795770837964,False,,False,optimal
pooled_relative_posterior_active_te100bp,benchmark_relative_active,2022-08-15,2022-08-15,2022-08-15,2022-08-01,BIL,0.030288397099157365,0.0,0.030288397099157365,False,,False,optimal
pooled_relative_posterior_active_te100bp,benchmark_relative_active,2022-08-15,2022-08-15,2022-08-15,2022-08-01,GLD,0.20595583923783856,0.2499999999999999,-0.04404416076216133,False,,False,optimal
pooled_relative_posterior_active_te100bp,benchmark_relative_active,2022-08-15,2022-08-15,2022-08-15,2022-08-01,LQD,0.2555938371760415,0.2500000000000003,0.0055938371760412275,False,,False,optimal
pooled_relative_posterior_active_te100bp,benchmark_relative_active,2022-08-15,2022-08-15,2022-08-15,2022-08-01,AGG,0.0,0.0,0.0,False,,False,optimal
pooled_relative_posterior_active_te100bp,benchmark_relative_active,2022-08-22,2022-08-22,2022-08-22,2022-08-01,SPY,0.33485986356416114,0.35,-0.015140136435838836,False,,False,optimal
pooled_relative_posterior_active_te100bp,benchmark_relative_active,2022-08-22,2022-08-22,2022-08-22,2022-08-01,IEF,7.653158444182383e-17,0.0,7.653158444182383e-17,False,,False,optimal
pooled_relative_posterior_active_te100bp,benchmark_relative_active,2022-08-22,2022-08-22,2022-08-22,2022-08-01,TIP,0.03517163966353799,0.0,0.03517163966353799,False,,False,optimal
pooled_relative_posterior_active_te100bp,benchmark_relative_active,2022-08-22,2022-08-22,2022-08-22,2022-08-01,HYG,0.14076836306643584,0.1499999999999995,-0.009231636933563658,False,,False,optimal
pooled_relative_posterior_active_te100bp,benchmark_relative_active,2022-08-22,2022-08-22,2022-08-22,2022-08-01,BIL,0.030792535210459555,0.0,0.030792535210459555,False,,False,optimal
pooled_relative_posterior_active_te100bp,benchmark_relative_active,2022-08-22,2022-08-22,2022-08-22,2022-08-01,GLD,0.205146744042497,0.25,-0.044853255957503,False,,False,optimal
pooled_relative_posterior_active_te100bp,benchmark_relative_active,2022-08-22,2022-08-22,2022-08-22,2022-08-01,LQD,0.25326085445290836,0.2500000000000006,0.0032608544529077466,False,,False,optimal
pooled_relative_posterior_active_te100bp,benchmark_relative_active,2022-08-22,2022-08-22,2022-08-22,2022-08-01,AGG,0.0,0.0,0.0,False,,False,optimal
pooled_relative_posterior_active_te100bp,benchmark_relative_active,2022-08-29,2022-08-29,2022-08-29,2022-08-01,SPY,0.3289453616050464,0.3500000000000005,-0.021054638394954084,False,,False,optimal
pooled_relative_posterior_active_te100bp,benchmark_relative_active,2022-08-29,2022-08-29,2022-08-29,2022-08-01,IEF,7.70326318432383e-17,0.0,7.70326318432383e-17,False,,False,optimal
pooled_relative_posterior_active_te100bp,benchmark_relative_active,2022-08-29,2022-08-29,2022-08-29,2022-08-01,TIP,0.0355850530182135,0.0,0.0355850530182135,False,,False,optimal
pooled_relative_posterior_active_te100bp,benchmark_relative_active,2022-08-29,2022-08-29,2022-08-29,2022-08-01,HYG,0.14126255674879135,0.1499999999999997,-0.008737443251208343,False,,False,optimal
pooled_relative_posterior_active_te100bp,benchmark_relative_active,2022-08-29,2022-08-29,2022-08-29,2022-08-01,BIL,0.03113843745952623,0.0,0.03113843745952623,False,,False,optimal
pooled_relative_posterior_active_te100bp,benchmark_relative_active,2022-08-29,2022-08-29,2022-08-29,2022-08-01,GLD,0.20748878720969066,0.2500000000000002,-0.04251121279030956,False,,False,optimal
pooled_relative_posterior_active_te100bp,benchmark_relative_active,2022-08-29,2022-08-29,2022-08-29,2022-08-01,LQD,0.25557980395873187,0.2499999999999995,0.0055798039587323656,False,,False,optimal
pooled_relative_posterior_active_te100bp,benchmark_relative_active,2022-08-29,2022-08-29,2022-08-29,2022-08-01,AGG,0.0,0.0,0.0,False,,False,optimal
pooled_relative_posterior_active_te100bp,benchmark_relative_active,2022-09-05,2022-09-05,2022-09-06,2022-09-01,SPY,0.3265690861248869,0.3499999999999997,-0.023430913875112813,False,,False,optimal
pooled_relative_posterior_active_te100bp,benchmark_relative_active,2022-09-05,2022-09-05,2022-09-06,2022-09-01,IEF,7.773763024556974e-17,0.0,7.773763024556974e-17,False,,False,optimal
pooled_relative_posterior_active_te100bp,benchmark_relative_active,2022-09-05,2022-09-05,2022-09-06,2022-09-01,TIP,0.03574896398288562,0.0,0.03574896398288562,False,,False,optimal
pooled_relative_posterior_active_te100bp,benchmark_relative_active,2022-09-05,2022-09-05,2022-09-06,2022-09-01,HYG,0.14251829197645344,0.1500000000000004,-0.0074817080235469735,False,,False,optimal
pooled_relative_posterior_active_te100bp,benchmark_relative_active,2022-09-05,2022-09-05,2022-09-06,2022-09-01,BIL,0.03171892755394309,0.0,0.03171892755394309,False,,False,optimal
pooled_relative_posterior_active_te100bp,benchmark_relative_active,2022-09-05,2022-09-05,2022-09-06,2022-09-01,GLD,0.20780196378453375,0.2499999999999996,-0.04219803621546586,False,,False,optimal
pooled_relative_posterior_active_te100bp,benchmark_relative_active,2022-09-05,2022-09-05,2022-09-06,2022-09-01,LQD,0.25564276657729706,0.2500000000000001,0.005642766577296954,False,,False,optimal
pooled_relative_posterior_active_te100bp,benchmark_relative_active,2022-09-05,2022-09-05,2022-09-06,2022-09-01,AGG,0.0,0.0,0.0,False,,False,optimal
pooled_relative_posterior_active_te100bp,benchmark_relative_active,2022-09-12,2022-09-12,2022-09-12,2022-09-01,SPY,0.33246101056367033,0.3500000000000003,-0.017538989436329977,False,,False,optimal
pooled_relative_posterior_active_te100bp,benchmark_relative_active,2022-09-12,2022-09-12,2022-09-12,2022-09-01,IEF,7.634989533992685e-17,0.0,7.634989533992685e-17,False,,False,optimal
pooled_relative_posterior_active_te100bp,benchmark_relative_active,2022-09-12,2022-09-12,2022-09-12,2022-09-01,TIP,0.03496482275041309,0.0,0.03496482275041309,False,,False,optimal
pooled_relative_posterior_active_te100bp,benchmark_relative_active,2022-09-12,2022-09-12,2022-09-12,2022-09-01,HYG,0.14311468596193014,0.1500000000000004,-0.006885314038070273,False,,False,optimal
pooled_relative_posterior_active_te100bp,benchmark_relative_active,2022-09-12,2022-09-12,2022-09-12,2022-09-01,BIL,0.031235105816698427,0.0,0.031235105816698427,False,,False,optimal
pooled_relative_posterior_active_te100bp,benchmark_relative_active,2022-09-12,2022-09-12,2022-09-12,2022-09-01,GLD,0.20537807010798,0.2499999999999993,-0.044621929892019296,False,,False,optimal
pooled_relative_posterior_active_te100bp,benchmark_relative_active,2022-09-12,2022-09-12,2022-09-12,2022-09-01,LQD,0.2528463047993079,0.2499999999999997,0.0028463047993082247,False,,False,optimal
pooled_relative_posterior_active_te100bp,benchmark_relative_active,2022-09-12,2022-09-12,2022-09-12,2022-09-01,AGG,0.0,0.0,0.0,False,,False,optimal
pooled_relative_posterior_active_te100bp,benchmark_relative_active,2022-09-19,2022-09-19,2022-09-19,2022-09-01,SPY,0.3253313554321036,0.35,-0.02466864456789636,False,,False,optimal
pooled_relative_posterior_active_te100bp,benchmark_relative_active,2022-09-19,2022-09-19,2022-09-19,2022-09-01,IEF,7.787002922285823e-17,0.0,7.787002922285823e-17,False,,False,optimal
pooled_relative_posterior_active_te100bp,benchmark_relative_active,2022-09-19,2022-09-19,2022-09-19,2022-09-01,TIP,0.03563982926973131,0.0,0.03563982926973131,False,,False,optimal
pooled_relative_posterior_active_te100bp,benchmark_relative_active,2022-09-19,2022-09-19,2022-09-19,2022-09-01,HYG,0.14421817419164804,0.15,-0.005781825808351959,False,,False,optimal
pooled_relative_posterior_active_te100bp,benchmark_relative_active,2022-09-19,2022-09-19,2022-09-19,2022-09-01,BIL,0.03228758379076708,0.0,0.03228758379076708,False,,False,optimal
pooled_relative_posterior_active_te100bp,benchmark_relative_active,2022-09-19,2022-09-19,2022-09-19,2022-09-01,GLD,0.20535336786954816,0.2499999999999999,-0.044646632130451724,False,,False,optimal
pooled_relative_posterior_active_te100bp,benchmark_relative_active,2022-09-19,2022-09-19,2022-09-19,2022-09-01,LQD,0.25716968944620167,0.2500000000000001,0.007169689446201555,False,,False,optimal
pooled_relative_posterior_active_te100bp,benchmark_relative_active,2022-09-19,2022-09-19,2022-09-19,2022-09-01,AGG,0.0,0.0,0.0,False,,False,optimal
pooled_relative_posterior_active_te100bp,benchmark_relative_active,2022-09-26,2022-09-26,2022-09-26,2022-09-01,SPY,0.32054104084220286,0.3500000000000001,-0.029458959157797227,False,,False,optimal
pooled_relative_posterior_active_te100bp,benchmark_relative_active,2022-09-26,2022-09-26,2022-09-26,2022-09-01,IEF,7.8499235174391e-17,0.0,7.8499235174391e-17,False,,False,optimal
pooled_relative_posterior_active_te100bp,benchmark_relative_active,2022-09-26,2022-09-26,2022-09-26,2022-09-01,TIP,0.03588343554168272,0.0,0.03588343554168272,False,,False,optimal
pooled_relative_posterior_active_te100bp,benchmark_relative_active,2022-09-26,2022-09-26,2022-09-26,2022-09-01,HYG,0.14406561839636425,0.1499812365762202,-0.005915618179855947,False,,False,optimal
pooled_relative_posterior_active_te100bp,benchmark_relative_active,2022-09-26,2022-09-26,2022-09-26,2022-09-01,BIL,0.03306742776659934,0.0,0.03306742776659934,False,,False,optimal
pooled_relative_posterior_active_te100bp,benchmark_relative_active,2022-09-26,2022-09-26,2022-09-26,2022-09-01,GLD,0.20767397462201742,0.2500000000000004,-0.04232602537798297,False,,False,optimal
pooled_relative_posterior_active_te100bp,benchmark_relative_active,2022-09-26,2022-09-26,2022-09-26,2022-09-01,LQD,0.25876850283113345,0.2500187634237791,0.008749739407354351,False,,False,optimal
pooled_relative_posterior_active_te100bp,benchmark_relative_active,2022-09-26,2022-09-26,2022-09-26,2022-09-01,AGG,0.0,0.0,0.0,False,,False,optimal
pooled_relative_posterior_active_te100bp,benchmark_relative_active,2022-10-03,2022-10-03,2022-10-03,2022-10-01,SPY,0.31651288889141194,0.3500000000000004,-0.033487111108588485,False,,False,optimal
pooled_relative_posterior_active_te100bp,benchmark_relative_active,2022-10-03,2022-10-03,2022-10-03,2022-10-01,IEF,7.926804638495534e-17,0.0,7.926804638495534e-17,False,,False,optimal
pooled_relative_posterior_active_te100bp,benchmark_relative_active,2022-10-03,2022-10-03,2022-10-03,2022-10-01,TIP,0.035518569419812566,0.0,0.035518569419812566,False,,False,optimal
pooled_relative_posterior_active_te100bp,benchmark_relative_active,2022-10-03,2022-10-03,2022-10-03,2022-10-01,HYG,0.14485590970845386,0.1499999999999991,-0.00514409029154525,False,,False,optimal
pooled_relative_posterior_active_te100bp,benchmark_relative_active,2022-10-03,2022-10-03,2022-10-03,2022-10-01,BIL,0.033510289637180626,0.0,0.033510289637180626,False,,False,optimal
pooled_relative_posterior_active_te100bp,benchmark_relative_active,2022-10-03,2022-10-03,2022-10-03,2022-10-01,GLD,0.21235412166828557,0.2500000000000002,-0.03764587833171465,False,,False,optimal
pooled_relative_posterior_active_te100bp,benchmark_relative_active,2022-10-03,2022-10-03,2022-10-03,2022-10-01,LQD,0.25724822067485537,0.2500000000000001,0.007248220674855255,False,,False,optimal
pooled_relative_posterior_active_te100bp,benchmark_relative_active,2022-10-03,2022-10-03,2022-10-03,2022-10-01,AGG,0.0,0.0,0.0,False,,False,optimal
pooled_relative_posterior_active_te100bp,benchmark_relative_active,2022-10-10,2022-10-10,2022-10-10,2022-10-01,SPY,0.31709118566922934,0.3499999999999997,-0.032908814330770364,False,,False,optimal
pooled_relative_posterior_active_te100bp,benchmark_relative_active,2022-10-10,2022-10-10,2022-10-10,2022-10-01,IEF,7.781276487111977e-17,0.0,7.781276487111977e-17,False,,False,optimal
pooled_relative_posterior_active_te100bp,benchmark_relative_active,2022-10-10,2022-10-10,2022-10-10,2022-10-01,TIP,0.03538219985771719,0.0,0.03538219985771719,False,,False,optimal
pooled_relative_posterior_active_te100bp,benchmark_relative_active,2022-10-10,2022-10-10,2022-10-10,2022-10-01,HYG,0.14548550508483377,0.1499999999999993,-0.0045144949151655345,False,,False,optimal
pooled_relative_posterior_active_te100bp,benchmark_relative_active,2022-10-10,2022-10-10,2022-10-10,2022-10-01,BIL,0.0334205811204725,0.0,0.0334205811204725,False,,False,optimal
pooled_relative_posterior_active_te100bp,benchmark_relative_active,2022-10-10,2022-10-10,2022-10-10,2022-10-01,GLD,0.21506307549225406,0.2499999999999997,-0.03493692450774563,False,,False,optimal
pooled_relative_posterior_active_te100bp,benchmark_relative_active,2022-10-10,2022-10-10,2022-10-10,2022-10-01,LQD,0.2535574527754932,0.2500000000000011,0.003557452775492076,False,,False,optimal
pooled_relative_posterior_active_te100bp,benchmark_relative_active,2022-10-10,2022-10-10,2022-10-10,2022-10-01,AGG,0.0,0.0,0.0,False,,False,optimal
pooled_relative_posterior_active_te100bp,benchmark_relative_active,2022-10-17,2022-10-17,2022-10-17,2022-10-01,SPY,0.3165173953558749,0.3500000000000001,-0.03348260464412517,False,,False,optimal
pooled_relative_posterior_active_te100bp,benchmark_relative_active,2022-10-17,2022-10-17,2022-10-17,2022-10-01,IEF,7.838162793761952e-17,0.0,7.838162793761952e-17,False,,False,optimal
pooled_relative_posterior_active_te100bp,benchmark_relative_active,2022-10-17,2022-10-17,2022-10-17,2022-10-01,TIP,0.036031935560135286,0.0,0.036031935560135286,False,,False,optimal
pooled_relative_posterior_active_te100bp,benchmark_relative_active,2022-10-17,2022-10-17,2022-10-17,2022-10-01,HYG,0.1466442747744208,0.1499999999999999,-0.003355725225579115,False,,False,optimal
pooled_relative_posterior_active_te100bp,benchmark_relative_active,2022-10-17,2022-10-17,2022-10-17,2022-10-01,BIL,0.03395799348958004,0.0,0.03395799348958004,False,,False,optimal
pooled_relative_posterior_active_te100bp,benchmark_relative_active,2022-10-17,2022-10-17,2022-10-17,2022-10-01,GLD,0.2143265549939839,0.2500000000000001,-0.03567344500601621,False,,False,optimal
pooled_relative_posterior_active_te100bp,benchmark_relative_active,2022-10-17,2022-10-17,2022-10-17,2022-10-01,LQD,0.2525218458260049,0.2499999999999998,0.0025218458260050924,False,,False,optimal
pooled_relative_posterior_active_te100bp,benchmark_relative_active,2022-10-17,2022-10-17,2022-10-17,2022-10-01,AGG,0.0,0.0,0.0,False,,False,optimal
pooled_relative_posterior_active_te100bp,benchmark_relative_active,2022-10-24,2022-10-24,2022-10-24,2022-10-01,SPY,0.3242149439257527,0.3500000000000002,-0.025785056074247525,False,,False,optimal
pooled_relative_posterior_active_te100bp,benchmark_relative_active,2022-10-24,2022-10-24,2022-10-24,2022-10-01,IEF,7.658617158720385e-17,0.0,7.658617158720385e-17,False,,False,optimal
pooled_relative_posterior_active_te100bp,benchmark_relative_active,2022-10-24,2022-10-24,2022-10-24,2022-10-01,TIP,0.03558371551922134,0.0,0.03558371551922134,False,,False,optimal
pooled_relative_posterior_active_te100bp,benchmark_relative_active,2022-10-24,2022-10-24,2022-10-24,2022-10-01,HYG,0.14677335850407405,0.1500000000000006,-0.003226641495926552,False,,False,optimal
pooled_relative_posterior_active_te100bp,benchmark_relative_active,2022-10-24,2022-10-24,2022-10-24,2022-10-01,BIL,0.03384326743184465,0.0,0.03384326743184465,False,,False,optimal
pooled_relative_posterior_active_te100bp,benchmark_relative_active,2022-10-24,2022-10-24,2022-10-24,2022-10-01,GLD,0.21244797038821714,0.2499999999999991,-0.03755202961178197,False,,False,optimal
pooled_relative_posterior_active_te100bp,benchmark_relative_active,2022-10-24,2022-10-24,2022-10-24,2022-10-01,LQD,0.24713674423089008,0.2500000000000001,-0.0028632557691100347,False,,False,optimal
pooled_relative_posterior_active_te100bp,benchmark_relative_active,2022-10-24,2022-10-24,2022-10-24,2022-10-01,AGG,0.0,0.0,0.0,False,,False,optimal
pooled_relative_posterior_active_te100bp,benchmark_relative_active,2022-10-31,2022-10-31,2022-10-31,2022-10-01,SPY,0.32844055911797976,0.348589073950076,-0.02014851483209623,False,,False,optimal
pooled_relative_posterior_active_te100bp,benchmark_relative_active,2022-10-31,2022-10-31,2022-10-31,2022-10-01,IEF,7.63586617614398e-17,0.0057675593008137,-0.005767559300813623,False,,False,optimal
pooled_relative_posterior_active_te100bp,benchmark_relative_active,2022-10-31,2022-10-31,2022-10-31,2022-10-01,TIP,0.03520756097182696,0.0,0.03520756097182696,False,,False,optimal
pooled_relative_posterior_active_te100bp,benchmark_relative_active,2022-10-31,2022-10-31,2022-10-31,2022-10-01,HYG,0.14760811245892286,0.1507658644666477,-0.0031577520077248344,False,,False,optimal
pooled_relative_posterior_active_te100bp,benchmark_relative_active,2022-10-31,2022-10-31,2022-10-31,2022-10-01,BIL,0.03314169392344409,0.0,0.03314169392344409,False,,False,optimal
pooled_relative_posterior_active_te100bp,benchmark_relative_active,2022-10-31,2022-10-31,2022-10-31,2022-10-01,GLD,0.20756003889848482,0.2441068317551292,-0.03654679285664439,False,,False,optimal
pooled_relative_posterior_active_te100bp,benchmark_relative_active,2022-10-31,2022-10-31,2022-10-31,2022-10-01,LQD,0.24804203462934143,0.2507706705273332,-0.0027286358979917713,False,,False,optimal
pooled_relative_posterior_active_te100bp,benchmark_relative_active,2022-10-31,2022-10-31,2022-10-31,2022-10-01,AGG,0.0,0.0,0.0,False,,False,optimal
pooled_relative_posterior_active_te100bp,benchmark_relative_active,2022-11-07,2022-11-07,2022-11-07,2022-11-01,SPY,0.321555237295932,0.3458401624083689,-0.024284925112436906,False,,False,optimal
pooled_relative_posterior_active_te100bp,benchmark_relative_active,2022-11-07,2022-11-07,2022-11-07,2022-11-01,IEF,7.610476886010311e-17,0.0030994994169739,-0.0030994994169738243,False,,False,optimal
pooled_relative_posterior_active_te100bp,benchmark_relative_active,2022-11-07,2022-11-07,2022-11-07,2022-11-01,TIP,0.03505087983578927,0.0,0.03505087983578927,False,,False,optimal
pooled_relative_posterior_active_te100bp,benchmark_relative_active,2022-11-07,2022-11-07,2022-11-07,2022-11-01,HYG,0.1464056475365809,0.1494284432078277,-0.003022795671246803,False,,False,optimal
pooled_relative_posterior_active_te100bp,benchmark_relative_active,2022-11-07,2022-11-07,2022-11-07,2022-11-01,BIL,0.03334525796080361,0.0,0.03334525796080361,False,,False,optimal
pooled_relative_posterior_active_te100bp,benchmark_relative_active,2022-11-07,2022-11-07,2022-11-07,2022-11-01,GLD,0.21456714778167443,0.25,-0.03543285221832557,False,,False,optimal
pooled_relative_posterior_active_te100bp,benchmark_relative_active,2022-11-07,2022-11-07,2022-11-07,2022-11-01,LQD,0.24907582958921987,0.2516318949668295,-0.0025560653776096065,False,,False,optimal
pooled_relative_posterior_active_te100bp,benchmark_relative_active,2022-11-07,2022-11-07,2022-11-07,2022-11-01,AGG,0.0,0.0,0.0,False,,False,optimal
pooled_relative_posterior_active_te100bp,benchmark_relative_active,2022-11-14,2022-11-14,2022-11-14,2022-11-01,SPY,0.3259515242182091,0.3485430747749614,-0.02259155055675227,False,,False,optimal
pooled_relative_posterior_active_te100bp,benchmark_relative_active,2022-11-14,2022-11-14,2022-11-14,2022-11-01,IEF,7.499476097977554e-17,0.0063773181041824,-0.006377318104182326,False,,False,optimal
pooled_relative_posterior_active_te100bp,benchmark_relative_active,2022-11-14,2022-11-14,2022-11-14,2022-11-01,TIP,0.03413785443395971,0.0,0.03413785443395971,False,,False,optimal
pooled_relative_posterior_active_te100bp,benchmark_relative_active,2022-11-14,2022-11-14,2022-11-14,2022-11-01,HYG,0.1433570375550544,0.1459029457018626,-0.00254590814680819,False,,False,optimal
pooled_relative_posterior_active_te100bp,benchmark_relative_active,2022-11-14,2022-11-14,2022-11-14,2022-11-01,BIL,0.03205443714559355,0.0,0.03205443714559355,False,,False,optimal
pooled_relative_posterior_active_te100bp,benchmark_relative_active,2022-11-14,2022-11-14,2022-11-14,2022-11-01,GLD,0.21715384818474562,0.2499999999999997,-0.03284615181525408,False,,False,optimal
pooled_relative_posterior_active_te100bp,benchmark_relative_active,2022-11-14,2022-11-14,2022-11-14,2022-11-01,LQD,0.2473452984624376,0.2491766614189938,-0.0018313629565561984,False,,False,optimal
pooled_relative_posterior_active_te100bp,benchmark_relative_active,2022-11-14,2022-11-14,2022-11-14,2022-11-01,AGG,0.0,0.0,0.0,False,,False,optimal
pooled_relative_posterior_active_te100bp,benchmark_relative_active,2022-11-21,2022-11-21,2022-11-21,2022-11-01,SPY,0.3250710697029579,0.3488756083637627,-0.023804538660804786,False,,False,optimal
pooled_relative_posterior_active_te100bp,benchmark_relative_active,2022-11-21,2022-11-21,2022-11-21,2022-11-01,IEF,7.513784602969586e-17,0.0051191667519998,-0.005119166751999724,False,,False,optimal
pooled_relative_posterior_active_te100bp,benchmark_relative_active,2022-11-21,2022-11-21,2022-11-21,2022-11-01,TIP,0.03382534292502442,0.0,0.03382534292502442,False,,False,optimal
pooled_relative_posterior_active_te100bp,benchmark_relative_active,2022-11-21,2022-11-21,2022-11-21,2022-11-01,HYG,0.14315870894145083,0.1457026150111004,-0.0025439060696495763,False,,False,optimal
pooled_relative_posterior_active_te100bp,benchmark_relative_active,2022-11-21,2022-11-21,2022-11-21,2022-11-01,BIL,0.03203269671597092,0.0,0.03203269671597092,False,,False,optimal
pooled_relative_posterior_active_te100bp,benchmark_relative_active,2022-11-21,2022-11-21,2022-11-21,2022-11-01,GLD,0.21504914794022784,0.2475795309651953,-0.03253038302496747,False,,False,optimal
pooled_relative_posterior_active_te100bp,benchmark_relative_active,2022-11-21,2022-11-21,2022-11-21,2022-11-01,LQD,0.25086303377436797,0.2527230789079418,-0.001860045133573851,False,,False,optimal
pooled_relative_posterior_active_te100bp,benchmark_relative_active,2022-11-21,2022-11-21,2022-11-21,2022-11-01,AGG,0.0,0.0,0.0,False,,False,optimal
pooled_relative_posterior_active_te100bp,benchmark_relative_active,2022-11-28,2022-11-28,2022-11-28,2022-11-01,SPY,0.32712127101858435,0.3499999999999996,-0.02287872898141524,False,,False,optimal
pooled_relative_posterior_active_te100bp,benchmark_relative_active,2022-11-28,2022-11-28,2022-11-28,2022-11-01,IEF,7.460442937241368e-17,0.0059153087035424,-0.005915308703542325,False,,False,optimal
pooled_relative_posterior_active_te100bp,benchmark_relative_active,2022-11-28,2022-11-28,2022-11-28,2022-11-01,TIP,0.033730190843218474,0.0,0.033730190843218474,False,,False,optimal
pooled_relative_posterior_active_te100bp,benchmark_relative_active,2022-11-28,2022-11-28,2022-11-28,2022-11-01,HYG,0.1429469465549082,0.1454373161813985,-0.0024903696264902964,False,,False,optimal
pooled_relative_posterior_active_te100bp,benchmark_relative_active,2022-11-28,2022-11-28,2022-11-28,2022-11-01,BIL,0.03163240033011551,0.0,0.03163240033011551,False,,False,optimal
pooled_relative_posterior_active_te100bp,benchmark_relative_active,2022-11-28,2022-11-28,2022-11-28,2022-11-01,GLD,0.21328844063988855,0.2455900867478224,-0.032301646107933846,False,,False,optimal
pooled_relative_posterior_active_te100bp,benchmark_relative_active,2022-11-28,2022-11-28,2022-11-28,2022-11-01,LQD,0.2512807506132849,0.2530572883672368,-0.0017765377539518679,False,,False,optimal
pooled_relative_posterior_active_te100bp,benchmark_relative_active,2022-11-28,2022-11-28,2022-11-28,2022-11-01,AGG,0.0,0.0,0.0,False,,False,optimal
pooled_relative_posterior_active_te100bp,benchmark_relative_active,2022-12-05,2022-12-05,2022-12-05,2022-12-01,SPY,0.32714423501056666,0.35,-0.022855764989433314,False,,False,optimal
pooled_relative_posterior_active_te100bp,benchmark_relative_active,2022-12-05,2022-12-05,2022-12-05,2022-12-01,IEF,7.442263829136627e-17,0.005727136876406,-0.005727136876405925,False,,False,optimal
pooled_relative_posterior_active_te100bp,benchmark_relative_active,2022-12-05,2022-12-05,2022-12-05,2022-12-01,TIP,0.03395329852759207,0.0,0.03395329852759207,False,,False,optimal
pooled_relative_posterior_active_te100bp,benchmark_relative_active,2022-12-05,2022-12-05,2022-12-05,2022-12-01,HYG,0.14223395086604612,0.1446312629448061,-0.0023973120787599833,False,,False,optimal
pooled_relative_posterior_active_te100bp,benchmark_relative_active,2022-12-05,2022-12-05,2022-12-05,2022-12-01,BIL,0.03104699642352006,0.0,0.03104699642352006,False,,False,optimal
pooled_relative_posterior_active_te100bp,benchmark_relative_active,2022-12-05,2022-12-05,2022-12-05,2022-12-01,GLD,0.21476390500797554,0.247151210299545,-0.03238730529156947,False,,False,optimal
pooled_relative_posterior_active_te100bp,benchmark_relative_active,2022-12-05,2022-12-05,2022-12-05,2022-12-01,LQD,0.2508576141642996,0.2524903898792427,-0.0016327757149431354,False,,False,optimal
pooled_relative_posterior_active_te100bp,benchmark_relative_active,2022-12-05,2022-12-05,2022-12-05,2022-12-01,AGG,0.0,0.0,0.0,False,,False,optimal
pooled_relative_posterior_active_te100bp,benchmark_relative_active,2022-12-12,2022-12-12,2022-12-12,2022-12-01,SPY,0.32119568889846406,0.3484113391965375,-0.027215650298073435,False,,False,optimal
pooled_relative_posterior_active_te100bp,benchmark_relative_active,2022-12-12,2022-12-12,2022-12-12,2022-12-01,IEF,7.486820034691657e-17,0.0011298796204981,-0.0011298796204980252,False,,False,optimal
pooled_relative_posterior_active_te100bp,benchmark_relative_active,2022-12-12,2022-12-12,2022-12-12,2022-12-01,TIP,0.03391815612207276,0.0,0.03391815612207276,False,,False,optimal
pooled_relative_posterior_active_te100bp,benchmark_relative_active,2022-12-12,2022-12-12,2022-12-12,2022-12-01,HYG,0.142979132060521,0.1454229699282844,-0.002443837867763393,False,,False,optimal
pooled_relative_posterior_active_te100bp,benchmark_relative_active,2022-12-12,2022-12-12,2022-12-12,2022-12-01,BIL,0.03133685983307638,0.0,0.03133685983307638,False,,False,optimal
pooled_relative_posterior_active_te100bp,benchmark_relative_active,2022-12-12,2022-12-12,2022-12-12,2022-12-01,GLD,0.21724277067117462,0.2500000000000003,-0.03275722932882566,False,,False,optimal
pooled_relative_posterior_active_te100bp,benchmark_relative_active,2022-12-12,2022-12-12,2022-12-12,2022-12-01,LQD,0.2533273924146912,0.2550358112546795,-0.0017084188399882905,False,,False,optimal
pooled_relative_posterior_active_te100bp,benchmark_relative_active,2022-12-12,2022-12-12,2022-12-12,2022-12-01,AGG,0.0,0.0,0.0,False,,False,optimal
pooled_relative_posterior_active_te100bp,benchmark_relative_active,2022-12-19,2022-12-19,2022-12-19,2022-12-01,SPY,0.3163695071628179,0.347621898624455,-0.03125239146163705,False,,False,optimal
pooled_relative_posterior_active_te100bp,benchmark_relative_active,2022-12-19,2022-12-19,2022-12-19,2022-12-01,IEF,7.586773425105033e-17,0.0,7.586773425105033e-17,False,,False,optimal
pooled_relative_posterior_active_te100bp,benchmark_relative_active,2022-12-19,2022-12-19,2022-12-19,2022-12-01,TIP,0.033950127991236215,0.0,0.033950127991236215,False,,False,optimal
pooled_relative_posterior_active_te100bp,benchmark_relative_active,2022-12-19,2022-12-19,2022-12-19,2022-12-01,HYG,0.14371582614269113,0.1462213142776561,-0.002505488134964984,False,,False,optimal
pooled_relative_posterior_active_te100bp,benchmark_relative_active,2022-12-19,2022-12-19,2022-12-19,2022-12-01,BIL,0.03160769869365503,0.0,0.03160769869365503,False,,False,optimal
pooled_relative_posterior_active_te100bp,benchmark_relative_active,2022-12-19,2022-12-19,2022-12-19,2022-12-01,GLD,0.21948532181914782,0.2499999999999996,-0.030514678180851795,False,,False,optimal
pooled_relative_posterior_active_te100bp,benchmark_relative_active,2022-12-19,2022-12-19,2022-12-19,2022-12-01,LQD,0.2548715181904519,0.2561567870978893,-0.001285268907437409,False,,False,optimal
pooled_relative_posterior_active_te100bp,benchmark_relative_active,2022-12-19,2022-12-19,2022-12-19,2022-12-01,AGG,0.0,0.0,0.0,False,,False,optimal
pooled_relative_posterior_active_te100bp,benchmark_relative_active,2022-12-26,2022-12-26,2022-12-27,2022-12-01,SPY,0.31684508190059246,0.3459558738403902,-0.029110791939797764,False,,False,optimal
pooled_relative_posterior_active_te100bp,benchmark_relative_active,2022-12-26,2022-12-26,2022-12-27,2022-12-01,IEF,7.508402237332188e-17,0.0036391605041513,-0.003639160504151225,False,,False,optimal
pooled_relative_posterior_active_te100bp,benchmark_relative_active,2022-12-26,2022-12-26,2022-12-27,2022-12-01,TIP,0.03387034385294017,0.0,0.03387034385294017,False,,False,optimal
pooled_relative_posterior_active_te100bp,benchmark_relative_active,2022-12-26,2022-12-26,2022-12-27,2022-12-01,HYG,0.1442976211151253,0.1467842075374885,-0.002486586422363185,False,,False,optimal
pooled_relative_posterior_active_te100bp,benchmark_relative_active,2022-12-26,2022-12-26,2022-12-27,2022-12-01,BIL,0.03172579766330382,0.0,0.03172579766330382,False,,False,optimal
pooled_relative_posterior_active_te100bp,benchmark_relative_active,2022-12-26,2022-12-26,2022-12-27,2022-12-01,GLD,0.22086300902209494,0.2499999999999995,-0.029136990977904564,False,,False,optimal
pooled_relative_posterior_active_te100bp,benchmark_relative_active,2022-12-26,2022-12-26,2022-12-27,2022-12-01,LQD,0.2523981464459432,0.2536207581179703,-0.0012226116720270852,False,,False,optimal
pooled_relative_posterior_active_te100bp,benchmark_relative_active,2022-12-26,2022-12-26,2022-12-27,2022-12-01,AGG,0.0,0.0,0.0,False,,False,optimal
pooled_relative_posterior_active_te100bp,benchmark_relative_active,2023-01-02,2023-01-02,2023-01-03,2023-01-01,SPY,0.3170297958480274,0.3471700791895662,-0.030140283341538843,False,,False,optimal
pooled_relative_posterior_active_te100bp,benchmark_relative_active,2023-01-02,2023-01-02,2023-01-03,2023-01-01,IEF,7.485469016753556e-17,0.0054251423071852,-0.005425142307185125,False,,False,optimal
pooled_relative_posterior_active_te100bp,benchmark_relative_active,2023-01-02,2023-01-02,2023-01-03,2023-01-01,TIP,0.03382666085586519,0.0,0.03382666085586519,False,,False,optimal
pooled_relative_posterior_active_te100bp,benchmark_relative_active,2023-01-02,2023-01-02,2023-01-03,2023-01-01,HYG,0.1431759577595486,0.1455993601071377,-0.0024234023475890876,False,,False,optimal
pooled_relative_posterior_active_te100bp,benchmark_relative_active,2023-01-02,2023-01-02,2023-01-03,2023-01-01,BIL,0.031795026695467576,0.0,0.031795026695467576,False,,False,optimal
pooled_relative_posterior_active_te100bp,benchmark_relative_active,2023-01-02,2023-01-02,2023-01-03,2023-01-01,GLD,0.22350552172849353,0.2499999999999998,-0.026494478271506278,False,,False,optimal
pooled_relative_posterior_active_te100bp,benchmark_relative_active,2023-01-02,2023-01-02,2023-01-03,2023-01-01,LQD,0.2506670371125975,0.2518054183961109,-0.001138381283513401,False,,False,optimal
pooled_relative_posterior_active_te100bp,benchmark_relative_active,2023-01-02,2023-01-02,2023-01-03,2023-01-01,AGG,0.0,0.0,0.0,False,,False,optimal
pooled_relative_posterior_active_te100bp,benchmark_relative_active,2023-01-09,2023-01-09,2023-01-09,2023-01-01,SPY,0.3159780243544049,0.3465920568598675,-0.030614032505462574,False,,False,optimal
pooled_relative_posterior_active_te100bp,benchmark_relative_active,2023-01-09,2023-01-09,2023-01-09,2023-01-01,IEF,7.501395556150072e-17,0.004748570650733,-0.004748570650732926,False,,False,optimal
pooled_relative_posterior_active_te100bp,benchmark_relative_active,2023-01-09,2023-01-09,2023-01-09,2023-01-01,TIP,0.033610193664081675,0.0,0.033610193664081675,False,,False,optimal
pooled_relative_posterior_active_te100bp,benchmark_relative_active,2023-01-09,2023-01-09,2023-01-09,2023-01-01,HYG,0.1440448931516871,0.1463988286143114,-0.0023539354626243014,False,,False,optimal
pooled_relative_posterior_active_te100bp,benchmark_relative_active,2023-01-09,2023-01-09,2023-01-09,2023-01-01,BIL,0.03139001871940912,0.0,0.03139001871940912,False,,False,optimal
pooled_relative_posterior_active_te100bp,benchmark_relative_active,2023-01-09,2023-01-09,2023-01-09,2023-01-01,GLD,0.2237123792652362,0.2499999999999999,-0.026287620734763678,False,,False,optimal
pooled_relative_posterior_active_te100bp,benchmark_relative_active,2023-01-09,2023-01-09,2023-01-09,2023-01-01,LQD,0.25126449084518093,0.2522605438750882,-0.00099605302990724,False,,False,optimal
pooled_relative_posterior_active_te100bp,benchmark_relative_active,2023-01-09,2023-01-09,2023-01-09,2023-01-01,AGG,0.0,0.0,0.0,False,,False,optimal
pooled_relative_posterior_active_te100bp,benchmark_relative_active,2023-01-16,2023-01-16,2023-01-17,2023-01-01,SPY,0.31668838464493465,0.3473029658968406,-0.03061458125190597,False,,False,optimal
pooled_relative_posterior_active_te100bp,benchmark_relative_active,2023-01-16,2023-01-16,2023-01-17,2023-01-01,IEF,7.419591028988543e-17,0.0054545109883882,-0.005454510988388126,False,,False,optimal
pooled_relative_posterior_active_te100bp,benchmark_relative_active,2023-01-16,2023-01-16,2023-01-17,2023-01-01,TIP,0.03308108390586098,0.0,0.03308108390586098,False,,False,optimal
pooled_relative_posterior_active_te100bp,benchmark_relative_active,2023-01-16,2023-01-16,2023-01-17,2023-01-01,HYG,0.14308496939950535,0.1452452778020108,-0.0021603084025054453,False,,False,optimal
pooled_relative_posterior_active_te100bp,benchmark_relative_active,2023-01-16,2023-01-16,2023-01-17,2023-01-01,BIL,0.030845702211265105,0.0,0.030845702211265105,False,,False,optimal
pooled_relative_posterior_active_te100bp,benchmark_relative_active,2023-01-16,2023-01-16,2023-01-17,2023-01-01,GLD,0.22499012455902181,0.2499999999999997,-0.02500987544097788,False,,False,optimal
pooled_relative_posterior_active_te100bp,benchmark_relative_active,2023-01-16,2023-01-16,2023-01-17,2023-01-01,LQD,0.251309735279412,0.2519972453127605,-0.0006875100333484929,False,,False,optimal
pooled_relative_posterior_active_te100bp,benchmark_relative_active,2023-01-16,2023-01-16,2023-01-17,2023-01-01,AGG,0.0,0.0,0.0,False,,False,optimal
pooled_relative_posterior_active_te100bp,benchmark_relative_active,2023-01-23,2023-01-23,2023-01-23,2023-01-01,SPY,0.3145793646522009,0.3472541448539986,-0.032674780201797704,False,,False,optimal
pooled_relative_posterior_active_te100bp,benchmark_relative_active,2023-01-23,2023-01-23,2023-01-23,2023-01-01,IEF,7.456933290099718e-17,0.0048709769112436,-0.004870976911243525,False,,False,optimal
pooled_relative_posterior_active_te100bp,benchmark_relative_active,2023-01-23,2023-01-23,2023-01-23,2023-01-01,TIP,0.03331577889522369,0.0,0.03331577889522369,False,,False,optimal
pooled_relative_posterior_active_te100bp,benchmark_relative_active,2023-01-23,2023-01-23,2023-01-23,2023-01-01,HYG,0.14241112090133207,0.1446025956602358,-0.002191474758903744,False,,False,optimal
pooled_relative_posterior_active_te100bp,benchmark_relative_active,2023-01-23,2023-01-23,2023-01-23,2023-01-01,BIL,0.03086172759416776,0.0,0.03086172759416776,False,,False,optimal
pooled_relative_posterior_active_te100bp,benchmark_relative_active,2023-01-23,2023-01-23,2023-01-23,2023-01-01,GLD,0.2263229240396678,0.2499999999999999,-0.023677075960332084,False,,False,optimal
pooled_relative_posterior_active_te100bp,benchmark_relative_active,2023-01-23,2023-01-23,2023-01-23,2023-01-01,LQD,0.2525090839174079,0.253272282574522,-0.0007631986571141058,False,,False,optimal
pooled_relative_posterior_active_te100bp,benchmark_relative_active,2023-01-23,2023-01-23,2023-01-23,2023-01-01,AGG,0.0,0.0,0.0,False,,False,optimal
pooled_relative_posterior_active_te100bp,benchmark_relative_active,2023-01-30,2023-01-30,2023-01-30,2023-01-01,SPY,0.3187151115953767,0.3499999999999995,-0.03128488840462279,False,,False,optimal
pooled_relative_posterior_active_te100bp,benchmark_relative_active,2023-01-30,2023-01-30,2023-01-30,2023-01-01,IEF,7.401562276239154e-17,0.005879179703267,-0.0058791797032669265,False,,False,optimal
pooled_relative_posterior_active_te100bp,benchmark_relative_active,2023-01-30,2023-01-30,2023-01-30,2023-01-01,TIP,0.03317545149792664,0.0,0.03317545149792664,False,,False,optimal
pooled_relative_posterior_active_te100bp,benchmark_relative_active,2023-01-30,2023-01-30,2023-01-30,2023-01-01,HYG,0.14120793102673695,0.1432851799357724,-0.002077248909035434,False,,False,optimal
pooled_relative_posterior_active_te100bp,benchmark_relative_active,2023-01-30,2023-01-30,2023-01-30,2023-01-01,BIL,0.030600221640019253,0.0,0.030600221640019253,False,,False,optimal
pooled_relative_posterior_active_te100bp,benchmark_relative_active,2023-01-30,2023-01-30,2023-01-30,2023-01-01,GLD,0.22532779650122425,0.2492716333652427,-0.023943836864018436,False,,False,optimal
pooled_relative_posterior_active_te100bp,benchmark_relative_active,2023-01-30,2023-01-30,2023-01-30,2023-01-01,LQD,0.25097348773871614,0.2515640069957181,-0.0005905192570019868,False,,False,optimal
pooled_relative_posterior_active_te100bp,benchmark_relative_active,2023-01-30,2023-01-30,2023-01-30,2023-01-01,AGG,0.0,0.0,0.0,False,,False,optimal
pooled_relative_posterior_active_te100bp,benchmark_relative_active,2023-02-06,2023-02-06,2023-02-06,2023-02-01,SPY,0.32519340212509734,0.3499999999999997,-0.02480659787490236,False,,False,optimal
pooled_relative_posterior_active_te100bp,benchmark_relative_active,2023-02-06,2023-02-06,2023-02-06,2023-02-01,IEF,7.38241857978944e-17,0.0058628503754106,-0.005862850375410527,False,,False,optimal
pooled_relative_posterior_active_te100bp,benchmark_relative_active,2023-02-06,2023-02-06,2023-02-06,2023-02-01,TIP,0.03284425045567518,0.0,0.03284425045567518,False,,False,optimal
pooled_relative_posterior_active_te100bp,benchmark_relative_active,2023-02-06,2023-02-06,2023-02-06,2023-02-01,HYG,0.1423737318075295,0.1444404589559068,-0.002066727148377301,False,,False,optimal
pooled_relative_posterior_active_te100bp,benchmark_relative_active,2023-02-06,2023-02-06,2023-02-06,2023-02-01,BIL,0.030524469961151345,0.0,0.030524469961151345,False,,False,optimal
pooled_relative_posterior_active_te100bp,benchmark_relative_active,2023-02-06,2023-02-06,2023-02-06,2023-02-01,GLD,0.2172804264651773,0.2473688858198447,-0.03008845935466739,False,,False,optimal
pooled_relative_posterior_active_te100bp,benchmark_relative_active,2023-02-06,2023-02-06,2023-02-06,2023-02-01,LQD,0.2517837191853694,0.2523278048488379,-0.0005440856634684743,False,,False,optimal
pooled_relative_posterior_active_te100bp,benchmark_relative_active,2023-02-06,2023-02-06,2023-02-06,2023-02-01,AGG,0.0,0.0,0.0,False,,False,optimal
pooled_relative_posterior_active_te100bp,benchmark_relative_active,2023-02-13,2023-02-13,2023-02-13,2023-02-01,SPY,0.3270169258998862,0.35,-0.0229830741001138,False,,False,optimal
pooled_relative_posterior_active_te100bp,benchmark_relative_active,2023-02-13,2023-02-13,2023-02-13,2023-02-01,IEF,7.384067632545382e-17,0.0065701547333108,-0.006570154733310726,False,,False,optimal
pooled_relative_posterior_active_te100bp,benchmark_relative_active,2023-02-13,2023-02-13,2023-02-13,2023-02-01,TIP,0.033133148295961944,0.0,0.033133148295961944,False,,False,optimal
pooled_relative_posterior_active_te100bp,benchmark_relative_active,2023-02-13,2023-02-13,2023-02-13,2023-02-01,HYG,0.1413663613843022,0.1434644993248241,-0.0020981379405219103,False,,False,optimal
pooled_relative_posterior_active_te100bp,benchmark_relative_active,2023-02-13,2023-02-13,2023-02-13,2023-02-01,BIL,0.030844134023288047,0.0,0.030844134023288047,False,,False,optimal
pooled_relative_posterior_active_te100bp,benchmark_relative_active,2023-02-13,2023-02-13,2023-02-13,2023-02-01,GLD,0.21849067724150845,0.25,-0.031509322758491554,False,,False,optimal
pooled_relative_posterior_active_te100bp,benchmark_relative_active,2023-02-13,2023-02-13,2023-02-13,2023-02-01,LQD,0.24914875315505325,0.2499653459418651,-0.0008165927868118428,False,,False,optimal
pooled_relative_posterior_active_te100bp,benchmark_relative_active,2023-02-13,2023-02-13,2023-02-13,2023-02-01,AGG,0.0,0.0,0.0,False,,False,optimal
pooled_relative_posterior_active_te100bp,benchmark_relative_active,2023-02-20,2023-02-20,2023-02-21,2023-02-01,SPY,0.32763346486280653,0.3500000000000002,-0.022366535137193666,False,,False,optimal
pooled_relative_posterior_active_te100bp,benchmark_relative_active,2023-02-20,2023-02-20,2023-02-21,2023-02-01,IEF,7.381635088413588e-17,0.0067637905092054,-0.006763790509205326,False,,False,optimal
pooled_relative_posterior_active_te100bp,benchmark_relative_active,2023-02-20,2023-02-20,2023-02-21,2023-02-01,TIP,0.03323420527362876,0.0,0.03323420527362876,False,,False,optimal
pooled_relative_posterior_active_te100bp,benchmark_relative_active,2023-02-20,2023-02-20,2023-02-21,2023-02-01,HYG,0.14162775048180315,0.1437794318792155,-0.0021516813974123417,False,,False,optimal
pooled_relative_posterior_active_te100bp,benchmark_relative_active,2023-02-20,2023-02-20,2023-02-21,2023-02-01,BIL,0.031040181848150366,0.0,0.031040181848150366,False,,False,optimal
pooled_relative_posterior_active_te100bp,benchmark_relative_active,2023-02-20,2023-02-20,2023-02-21,2023-02-01,GLD,0.21785558254948265,0.2499469543969671,-0.03209137184748445,False,,False,optimal
pooled_relative_posterior_active_te100bp,benchmark_relative_active,2023-02-20,2023-02-20,2023-02-21,2023-02-01,LQD,0.2486088149841285,0.2495098232146116,-0.0009010082304830858,False,,False,optimal
pooled_relative_posterior_active_te100bp,benchmark_relative_active,2023-02-20,2023-02-20,2023-02-21,2023-02-01,AGG,0.0,0.0,0.0,False,,False,optimal
pooled_relative_posterior_active_te100bp,benchmark_relative_active,2023-02-27,2023-02-27,2023-02-27,2023-02-01,SPY,0.32524879100681714,0.35,-0.02475120899318284,False,,False,optimal
pooled_relative_posterior_active_te100bp,benchmark_relative_active,2023-02-27,2023-02-27,2023-02-27,2023-02-01,IEF,7.417939655483225e-17,0.004529273683952,-0.004529273683951926,False,,False,optimal
pooled_relative_posterior_active_te100bp,benchmark_relative_active,2023-02-27,2023-02-27,2023-02-27,2023-02-01,TIP,0.033379160909060346,0.0,0.033379160909060346,False,,False,optimal
pooled_relative_posterior_active_te100bp,benchmark_relative_active,2023-02-27,2023-02-27,2023-02-27,2023-02-01,HYG,0.1435857649756516,0.145882278999376,-0.002296514023724411,False,,False,optimal
pooled_relative_posterior_active_te100bp,benchmark_relative_active,2023-02-27,2023-02-27,2023-02-27,2023-02-01,BIL,0.031354054546079535,0.0,0.031354054546079535,False,,False,optimal
pooled_relative_posterior_active_te100bp,benchmark_relative_active,2023-02-27,2023-02-27,2023-02-27,2023-02-01,GLD,0.2162536616261522,0.2483049473329015,-0.03205128570674931,False,,False,optimal
pooled_relative_posterior_active_te100bp,benchmark_relative_active,2023-02-27,2023-02-27,2023-02-27,2023-02-01,LQD,0.25017856693623913,0.2512834999837705,-0.0011049330475313424,False,,False,optimal
pooled_relative_posterior_active_te100bp,benchmark_relative_active,2023-02-27,2023-02-27,2023-02-27,2023-02-01,AGG,0.0,0.0,0.0,False,,False,optimal
pooled_relative_posterior_active_te100bp,benchmark_relative_active,2023-03-06,2023-03-06,2023-03-06,2023-03-01,SPY,0.32525440189345406,0.3499616595108574,-0.024707257617403333,False,,False,optimal
pooled_relative_posterior_active_te100bp,benchmark_relative_active,2023-03-06,2023-03-06,2023-03-06,2023-03-01,IEF,7.316164939460179e-17,0.0050889230633016,-0.005088923063301527,False,,False,optimal
pooled_relative_posterior_active_te100bp,benchmark_relative_active,2023-03-06,2023-03-06,2023-03-06,2023-03-01,TIP,0.03340650215392041,0.0,0.03340650215392041,False,,False,optimal
pooled_relative_posterior_active_te100bp,benchmark_relative_active,2023-03-06,2023-03-06,2023-03-06,2023-03-01,HYG,0.14330002002279738,0.1455128327419507,-0.0022128127191533287,False,,False,optimal
pooled_relative_posterior_active_te100bp,benchmark_relative_active,2023-03-06,2023-03-06,2023-03-06,2023-03-01,BIL,0.031044897147113233,0.0,0.031044897147113233,False,,False,optimal
pooled_relative_posterior_active_te100bp,benchmark_relative_active,2023-03-06,2023-03-06,2023-03-06,2023-03-01,GLD,0.21851935672780218,0.2499999999999994,-0.03148064327219721,False,,False,optimal
pooled_relative_posterior_active_te100bp,benchmark_relative_active,2023-03-06,2023-03-06,2023-03-06,2023-03-01,LQD,0.24847482205491273,0.2494365846838907,-0.0009617626289779857,False,,False,optimal
pooled_relative_posterior_active_te100bp,benchmark_relative_active,2023-03-06,2023-03-06,2023-03-06,2023-03-01,AGG,0.0,0.0,0.0,False,,False,optimal
pooled_relative_posterior_active_te100bp,benchmark_relative_active,2023-03-13,2023-03-13,2023-03-13,2023-03-01,SPY,0.31472561210956645,0.3486893275135574,-0.03396371540399096,False,,False,optimal
pooled_relative_posterior_active_te100bp,benchmark_relative_active,2023-03-13,2023-03-13,2023-03-13,2023-03-01,IEF,7.581567980393049e-17,0.0019382767386804,-0.001938276738680324,False,,False,optimal
pooled_relative_posterior_active_te100bp,benchmark_relative_active,2023-03-13,2023-03-13,2023-03-13,2023-03-01,TIP,0.03395975846092646,0.0,0.03395975846092646,False,,False,optimal
pooled_relative_posterior_active_te100bp,benchmark_relative_active,2023-03-13,2023-03-13,2023-03-13,2023-03-01,HYG,0.14272059172533444,0.1450529335110955,-0.002332341785761055,False,,False,optimal
pooled_relative_posterior_active_te100bp,benchmark_relative_active,2023-03-13,2023-03-13,2023-03-13,2023-03-01,BIL,0.03155051980857797,0.0,0.03155051980857797,False,,False,optimal
pooled_relative_posterior_active_te100bp,benchmark_relative_active,2023-03-13,2023-03-13,2023-03-13,2023-03-01,GLD,0.22392903306423242,0.2499999999999998,-0.02607096693576738,False,,False,optimal
pooled_relative_posterior_active_te100bp,benchmark_relative_active,2023-03-13,2023-03-13,2023-03-13,2023-03-01,LQD,0.2531144848313623,0.2543194622366668,-0.0012049774053045081,False,,False,optimal
pooled_relative_posterior_active_te100bp,benchmark_relative_active,2023-03-13,2023-03-13,2023-03-13,2023-03-01,AGG,0.0,0.0,0.0,False,,False,optimal
pooled_relative_posterior_active_te100bp,benchmark_relative_active,2023-03-20,2023-03-20,2023-03-20,2023-03-01,SPY,0.31678820425180915,0.3499999999999993,-0.033211795748190165,False,,False,optimal
pooled_relative_posterior_active_te100bp,benchmark_relative_active,2023-03-20,2023-03-20,2023-03-20,2023-03-01,IEF,7.466100666905817e-17,0.0029161185935173,-0.0029161185935172255,False,,False,optimal
pooled_relative_posterior_active_te100bp,benchmark_relative_active,2023-03-20,2023-03-20,2023-03-20,2023-03-01,TIP,0.0332554458710846,0.0,0.0332554458710846,False,,False,optimal
pooled_relative_posterior_active_te100bp,benchmark_relative_active,2023-03-20,2023-03-20,2023-03-20,2023-03-01,HYG,0.14045262634269337,0.1424708590171828,-0.0020182326744894175,False,,False,optimal
pooled_relative_posterior_active_te100bp,benchmark_relative_active,2023-03-20,2023-03-20,2023-03-20,2023-03-01,BIL,0.031003414667349113,0.0,0.031003414667349113,False,,False,optimal
pooled_relative_posterior_active_te100bp,benchmark_relative_active,2023-03-20,2023-03-20,2023-03-20,2023-03-01,GLD,0.22867740680524112,0.2499999999999995,-0.021322593194758377,False,,False,optimal
pooled_relative_posterior_active_te100bp,benchmark_relative_active,2023-03-20,2023-03-20,2023-03-20,2023-03-01,LQD,0.24982290206182262,0.254613022389301,-0.0047901203274783866,False,,False,optimal
pooled_relative_posterior_active_te100bp,benchmark_relative_active,2023-03-20,2023-03-20,2023-03-20,2023-03-01,AGG,0.0,0.0,0.0,False,,False,optimal
pooled_relative_posterior_active_te100bp,benchmark_relative_active,2023-03-27,2023-03-27,2023-03-27,2023-03-01,SPY,0.31838772816963584,0.3499999999999995,-0.031612271830363636,False,,False,optimal
pooled_relative_posterior_active_te100bp,benchmark_relative_active,2023-03-27,2023-03-27,2023-03-27,2023-03-01,IEF,7.444972048991781e-17,0.0029074924553827,-0.0029074924553826255,False,,False,optimal
pooled_relative_posterior_active_te100bp,benchmark_relative_active,2023-03-27,2023-03-27,2023-03-27,2023-03-01,TIP,0.033286991504838465,0.0,0.033286991504838465,False,,False,optimal
pooled_relative_posterior_active_te100bp,benchmark_relative_active,2023-03-27,2023-03-27,2023-03-27,2023-03-01,HYG,0.14010045341052818,0.1420953621647959,-0.0019949087542677213,False,,False,optimal
pooled_relative_posterior_active_te100bp,benchmark_relative_active,2023-03-27,2023-03-27,2023-03-27,2023-03-01,BIL,0.030800401021885318,0.0,0.030800401021885318,False,,False,optimal
pooled_relative_posterior_active_te100bp,benchmark_relative_active,2023-03-27,2023-03-27,2023-03-27,2023-03-01,GLD,0.22629193464731137,0.249082316136417,-0.022790381489105616,False,,False,optimal
pooled_relative_posterior_active_te100bp,benchmark_relative_active,2023-03-27,2023-03-27,2023-03-27,2023-03-01,LQD,0.2511324912458008,0.2559148292434048,-0.004782337997604025,False,,False,optimal
pooled_relative_posterior_active_te100bp,benchmark_relative_active,2023-03-27,2023-03-27,2023-03-27,2023-03-01,AGG,0.0,0.0,0.0,False,,False,optimal
pooled_relative_posterior_active_te100bp,benchmark_relative_active,2023-04-03,2023-04-03,2023-04-03,2023-04-01,SPY,0.3216502066946129,0.3500000000000003,-0.028349793305387394,False,,False,optimal
pooled_relative_posterior_active_te100bp,benchmark_relative_active,2023-04-03,2023-04-03,2023-04-03,2023-04-01,IEF,7.327513687682433e-17,0.002858770009856,-0.002858770009855927,False,,False,optimal
pooled_relative_posterior_active_te100bp,benchmark_relative_active,2023-04-03,2023-04-03,2023-04-03,2023-04-01,TIP,0.032935347207091084,0.0,0.032935347207091084,False,,False,optimal
pooled_relative_posterior_active_te100bp,benchmark_relative_active,2023-04-03,2023-04-03,2023-04-03,2023-04-01,HYG,0.1409990485478559,0.1433554348117682,-0.0023563862639123245,False,,False,optimal
pooled_relative_posterior_active_te100bp,benchmark_relative_active,2023-04-03,2023-04-03,2023-04-03,2023-04-01,BIL,0.030266009358789016,0.0,0.030266009358789016,False,,False,optimal
pooled_relative_posterior_active_te100bp,benchmark_relative_active,2023-04-03,2023-04-03,2023-04-03,2023-04-01,GLD,0.2248577516484475,0.2500000000000006,-0.025142248351553098,False,,False,optimal
pooled_relative_posterior_active_te100bp,benchmark_relative_active,2023-04-03,2023-04-03,2023-04-03,2023-04-01,LQD,0.2492916365432037,0.2537857951783747,-0.004494158635170997,False,,False,optimal
pooled_relative_posterior_active_te100bp,benchmark_relative_active,2023-04-03,2023-04-03,2023-04-03,2023-04-01,AGG,0.0,0.0,0.0,False,,False,optimal
pooled_relative_posterior_active_te100bp,benchmark_relative_active,2023-04-10,2023-04-10,2023-04-10,2023-04-01,SPY,0.3200511845436098,0.3499999999999992,-0.029948815456389388,False,,False,optimal
pooled_relative_posterior_active_te100bp,benchmark_relative_active,2023-04-10,2023-04-10,2023-04-10,2023-04-01,IEF,7.408154676425107e-17,0.0028895946810562,-0.0028895946810561257,False,,False,optimal
pooled_relative_posterior_active_te100bp,benchmark_relative_active,2023-04-10,2023-04-10,2023-04-10,2023-04-01,TIP,0.03297281774888945,0.0,0.03297281774888945,False,,False,optimal
pooled_relative_posterior_active_te100bp,benchmark_relative_active,2023-04-10,2023-04-10,2023-04-10,2023-04-01,HYG,0.1396218544324252,0.1421712985906185,-0.0025494441581933036,False,,False,optimal
pooled_relative_posterior_active_te100bp,benchmark_relative_active,2023-04-10,2023-04-10,2023-04-10,2023-04-01,BIL,0.03011026915481003,0.0,0.03011026915481003,False,,False,optimal
pooled_relative_posterior_active_te100bp,benchmark_relative_active,2023-04-10,2023-04-10,2023-04-10,2023-04-01,GLD,0.22676416541743025,0.2499999999999995,-0.023235834582569254,False,,False,optimal
pooled_relative_posterior_active_te100bp,benchmark_relative_active,2023-04-10,2023-04-10,2023-04-10,2023-04-01,LQD,0.2504797087028352,0.2549391067283264,-0.0044593980254912235,False,,False,optimal
pooled_relative_posterior_active_te100bp,benchmark_relative_active,2023-04-10,2023-04-10,2023-04-10,2023-04-01,AGG,0.0,0.0,0.0,False,,False,optimal
pooled_relative_posterior_active_te100bp,benchmark_relative_active,2023-04-17,2023-04-17,2023-04-17,2023-04-01,SPY,0.32262737296773486,0.3499999999999998,-0.02737262703226495,False,,False,optimal
pooled_relative_posterior_active_te100bp,benchmark_relative_active,2023-04-17,2023-04-17,2023-04-17,2023-04-01,IEF,7.305002977233813e-17,0.0028704287866031,-0.002870428786603027,False,,False,optimal
pooled_relative_posterior_active_te100bp,benchmark_relative_active,2023-04-17,2023-04-17,2023-04-17,2023-04-01,TIP,0.03256223543234809,0.0,0.03256223543234809,False,,False,optimal
pooled_relative_posterior_active_te100bp,benchmark_relative_active,2023-04-17,2023-04-17,2023-04-17,2023-04-01,HYG,0.14005177903771918,0.1448708131429576,-0.004819034105238429,False,,False,optimal
pooled_relative_posterior_active_te100bp,benchmark_relative_active,2023-04-17,2023-04-17,2023-04-17,2023-04-01,BIL,0.02994499342059998,0.0,0.02994499342059998,False,,False,optimal
pooled_relative_posterior_active_te100bp,benchmark_relative_active,2023-04-17,2023-04-17,2023-04-17,2023-04-01,GLD,0.22678325203415442,0.25,-0.02321674796584558,False,,False,optimal
pooled_relative_posterior_active_te100bp,benchmark_relative_active,2023-04-17,2023-04-17,2023-04-17,2023-04-01,LQD,0.24803036710744344,0.2522587580704393,-0.004228390962995848,False,,False,optimal
pooled_relative_posterior_active_te100bp,benchmark_relative_active,2023-04-17,2023-04-17,2023-04-17,2023-04-01,AGG,0.0,0.0,0.0,False,,False,optimal
pooled_relative_posterior_active_te100bp,benchmark_relative_active,2023-04-24,2023-04-24,2023-04-24,2023-04-01,SPY,0.3232756547130131,0.3500000000000001,-0.026724345286986972,False,,False,optimal
pooled_relative_posterior_active_te100bp,benchmark_relative_active,2023-04-24,2023-04-24,2023-04-24,2023-04-01,IEF,7.324926731689974e-17,0.0028789081699083,-0.0028789081699082267,False,,False,optimal
pooled_relative_posterior_active_te100bp,benchmark_relative_active,2023-04-24,2023-04-24,2023-04-24,2023-04-01,TIP,0.032614373959888386,0.0,0.032614373959888386,False,,False,optimal
pooled_relative_posterior_active_te100bp,benchmark_relative_active,2023-04-24,2023-04-24,2023-04-24,2023-04-01,HYG,0.1402414594759643,0.1450998081788128,-0.004858348702848486,False,,False,optimal
pooled_relative_posterior_active_te100bp,benchmark_relative_active,2023-04-24,2023-04-24,2023-04-24,2023-04-01,BIL,0.030047013117166857,0.0,0.030047013117166857,False,,False,optimal
pooled_relative_posterior_active_te100bp,benchmark_relative_active,2023-04-24,2023-04-24,2023-04-24,2023-04-01,GLD,0.2253270337589792,0.2492333938909905,-0.023906360132011306,False,,False,optimal
pooled_relative_posterior_active_te100bp,benchmark_relative_active,2023-04-24,2023-04-24,2023-04-24,2023-04-01,LQD,0.2484944649749882,0.2527878897602881,-0.004293424785299899,False,,False,optimal
pooled_relative_posterior_active_te100bp,benchmark_relative_active,2023-04-24,2023-04-24,2023-04-24,2023-04-01,AGG,0.0,0.0,0.0,False,,False,optimal
pooled_relative_posterior_active_te100bp,benchmark_relative_active,2023-05-01,2023-05-01,2023-05-01,2023-05-01,SPY,0.3242358773659269,0.3500000000000002,-0.025764122634073294,False,,False,optimal
pooled_relative_posterior_active_te100bp,benchmark_relative_active,2023-05-01,2023-05-01,2023-05-01,2023-05-01,IEF,7.342616624300667e-17,0.003606190329979,-0.0036061903299789266,False,,False,optimal
pooled_relative_posterior_active_te100bp,benchmark_relative_active,2023-05-01,2023-05-01,2023-05-01,2023-05-01,TIP,0.03247209920988234,0.0,0.03247209920988234,False,,False,optimal
pooled_relative_posterior_active_te100bp,benchmark_relative_active,2023-05-01,2023-05-01,2023-05-01,2023-05-01,HYG,0.1399384102960385,0.1447360271546423,-0.004797616858603776,False,,False,optimal
pooled_relative_posterior_active_te100bp,benchmark_relative_active,2023-05-01,2023-05-01,2023-05-01,2023-05-01,BIL,0.029860528681714807,0.0,0.029860528681714807,False,,False,optimal
pooled_relative_posterior_active_te100bp,benchmark_relative_active,2023-05-01,2023-05-01,2023-05-01,2023-05-01,GLD,0.224743268495016,0.2486979244163588,-0.0239546559213428,False,,False,optimal
pooled_relative_posterior_active_te100bp,benchmark_relative_active,2023-05-01,2023-05-01,2023-05-01,2023-05-01,LQD,0.24874981595142132,0.2529598580990194,-0.00421004214759807,False,,False,optimal
pooled_relative_posterior_active_te100bp,benchmark_relative_active,2023-05-01,2023-05-01,2023-05-01,2023-05-01,AGG,0.0,0.0,0.0,False,,False,optimal
pooled_relative_posterior_active_te100bp,benchmark_relative_active,2023-05-08,2023-05-08,2023-05-08,2023-05-01,SPY,0.3225376014791002,0.3494795084311018,-0.026941906952001604,False,,False,optimal
pooled_relative_posterior_active_te100bp,benchmark_relative_active,2023-05-08,2023-05-08,2023-05-08,2023-05-01,IEF,7.397472511492249e-17,0.0033892210155118,-0.003389221015511726,False,,False,optimal
pooled_relative_posterior_active_te100bp,benchmark_relative_active,2023-05-08,2023-05-08,2023-05-08,2023-05-01,TIP,0.0326522478269595,0.0,0.0326522478269595,False,,False,optimal
pooled_relative_posterior_active_te100bp,benchmark_relative_active,2023-05-08,2023-05-08,2023-05-08,2023-05-01,HYG,0.13984556171467138,0.1446598895538841,-0.0048143278392127065,False,,False,optimal
pooled_relative_posterior_active_te100bp,benchmark_relative_active,2023-05-08,2023-05-08,2023-05-08,2023-05-01,BIL,0.0299183872869869,0.0,0.0299183872869869,False,,False,optimal
pooled_relative_posterior_active_te100bp,benchmark_relative_active,2023-05-08,2023-05-08,2023-05-08,2023-05-01,GLD,0.22681087602106761,0.2499999999999997,-0.02318912397893208,False,,False,optimal
pooled_relative_posterior_active_te100bp,benchmark_relative_active,2023-05-08,2023-05-08,2023-05-08,2023-05-01,LQD,0.24823532567121434,0.2524713809995024,-0.004236055328288052,False,,False,optimal
pooled_relative_posterior_active_te100bp,benchmark_relative_active,2023-05-08,2023-05-08,2023-05-08,2023-05-01,AGG,0.0,0.0,0.0,False,,False,optimal
pooled_relative_posterior_active_te100bp,benchmark_relative_active,2023-05-15,2023-05-15,2023-05-15,2023-05-01,SPY,0.3220756622514189,0.3496009109075096,-0.027525248656090684,False,,False,optimal
pooled_relative_posterior_active_te100bp,benchmark_relative_active,2023-05-15,2023-05-15,2023-05-15,2023-05-01,IEF,7.441569464685603e-17,0.0028722012185617,-0.0028722012185616254,False,,False,optimal
pooled_relative_posterior_active_te100bp,benchmark_relative_active,2023-05-15,2023-05-15,2023-05-15,2023-05-01,TIP,0.032717783523592385,0.0,0.032717783523592385,False,,False,optimal
pooled_relative_posterior_active_te100bp,benchmark_relative_active,2023-05-15,2023-05-15,2023-05-15,2023-05-01,HYG,0.1395882370690786,0.1444284146270874,-0.004840177558008779,False,,False,optimal
pooled_relative_posterior_active_te100bp,benchmark_relative_active,2023-05-15,2023-05-15,2023-05-15,2023-05-01,BIL,0.03000846784020701,0.0,0.03000846784020701,False,,False,optimal
pooled_relative_posterior_active_te100bp,benchmark_relative_active,2023-05-15,2023-05-15,2023-05-15,2023-05-01,GLD,0.22602336782468394,0.2491918616996209,-0.02316849387493697,False,,False,optimal
pooled_relative_posterior_active_te100bp,benchmark_relative_active,2023-05-15,2023-05-15,2023-05-15,2023-05-01,LQD,0.24958648149101903,0.2539066115472203,-0.0043201300562012435,False,,False,optimal
pooled_relative_posterior_active_te100bp,benchmark_relative_active,2023-05-15,2023-05-15,2023-05-15,2023-05-01,AGG,0.0,0.0,0.0,False,,False,optimal
pooled_relative_posterior_active_te100bp,benchmark_relative_active,2023-05-22,2023-05-22,2023-05-22,2023-05-01,SPY,0.32800375294897716,0.35,-0.02199624705102282,False,,False,optimal
pooled_relative_posterior_active_te100bp,benchmark_relative_active,2023-05-22,2023-05-22,2023-05-22,2023-05-01,IEF,7.345307753662563e-17,0.0040898906849678,-0.004089890684967726,False,,False,optimal
pooled_relative_posterior_active_te100bp,benchmark_relative_active,2023-05-22,2023-05-22,2023-05-22,2023-05-01,TIP,0.032492561567620495,0.0,0.032492561567620495,False,,False,optimal
pooled_relative_posterior_active_te100bp,benchmark_relative_active,2023-05-22,2023-05-22,2023-05-22,2023-05-01,HYG,0.139551558043582,0.1443669872772316,-0.00481542923364961,False,,False,optimal
pooled_relative_posterior_active_te100bp,benchmark_relative_active,2023-05-22,2023-05-22,2023-05-22,2023-05-01,BIL,0.030116589919622523,0.0,0.030116589919622523,False,,False,optimal
pooled_relative_posterior_active_te100bp,benchmark_relative_active,2023-05-22,2023-05-22,2023-05-22,2023-05-01,GLD,0.22223519792067897,0.2496979850503678,-0.02746278712968883,False,,False,optimal
pooled_relative_posterior_active_te100bp,benchmark_relative_active,2023-05-22,2023-05-22,2023-05-22,2023-05-01,LQD,0.24760033959951874,0.2518451369874327,-0.004244797387913973,False,,False,optimal
pooled_relative_posterior_active_te100bp,benchmark_relative_active,2023-05-22,2023-05-22,2023-05-22,2023-05-01,AGG,0.0,0.0,0.0,False,,False,optimal
pooled_relative_posterior_active_te100bp,benchmark_relative_active,2023-05-29,2023-05-29,2023-05-30,2023-05-01,SPY,0.32999030652624367,0.3499999999999993,-0.02000969347375564,False,,False,optimal
pooled_relative_posterior_active_te100bp,benchmark_relative_active,2023-05-29,2023-05-29,2023-05-30,2023-05-01,IEF,7.311204924793071e-17,0.0040715233528529,-0.004071523352852827,False,,False,optimal
pooled_relative_posterior_active_te100bp,benchmark_relative_active,2023-05-29,2023-05-29,2023-05-30,2023-05-01,TIP,0.03238356002257778,0.0,0.03238356002257778,False,,False,optimal
pooled_relative_posterior_active_te100bp,benchmark_relative_active,2023-05-29,2023-05-29,2023-05-30,2023-05-01,HYG,0.1395584136463295,0.1443961113399221,-0.004837697693592602,False,,False,optimal
pooled_relative_posterior_active_te100bp,benchmark_relative_active,2023-05-29,2023-05-29,2023-05-30,2023-05-01,BIL,0.030225798072696434,0.0,0.030225798072696434,False,,False,optimal
pooled_relative_posterior_active_te100bp,benchmark_relative_active,2023-05-29,2023-05-29,2023-05-30,2023-05-01,GLD,0.2200491633225067,0.2494530485752073,-0.0294038852527006,False,,False,optimal
pooled_relative_posterior_active_te100bp,benchmark_relative_active,2023-05-29,2023-05-29,2023-05-30,2023-05-01,LQD,0.24779275840964582,0.2520793167320182,-0.004286558322372402,False,,False,optimal
pooled_relative_posterior_active_te100bp,benchmark_relative_active,2023-05-29,2023-05-29,2023-05-30,2023-05-01,AGG,0.0,0.0,0.0,False,,False,optimal
pooled_relative_posterior_active_te100bp,benchmark_relative_active,2023-06-05,2023-06-05,2023-06-05,2023-06-01,SPY,0.3324094785365731,0.3499999999999998,-0.01759052146342671,False,,False,optimal
pooled_relative_posterior_active_te100bp,benchmark_relative_active,2023-06-05,2023-06-05,2023-06-05,2023-06-01,IEF,7.288142503728698e-17,0.004057726126696,-0.004057726126695927,False,,False,optimal
pooled_relative_posterior_active_te100bp,benchmark_relative_active,2023-06-05,2023-06-05,2023-06-05,2023-06-01,TIP,0.03216359182913138,0.0,0.03216359182913138,False,,False,optimal
pooled_relative_posterior_active_te100bp,benchmark_relative_active,2023-06-05,2023-06-05,2023-06-05,2023-06-01,HYG,0.1397410121011976,0.1445510531480876,-0.004810041046890007,False,,False,optimal
pooled_relative_posterior_active_te100bp,benchmark_relative_active,2023-06-05,2023-06-05,2023-06-05,2023-06-01,BIL,0.03005162167103266,0.0,0.03005162167103266,False,,False,optimal
pooled_relative_posterior_active_te100bp,benchmark_relative_active,2023-06-05,2023-06-05,2023-06-05,2023-06-01,GLD,0.21780530688932484,0.2493343093488245,-0.03152900245949966,False,,False,optimal
pooled_relative_posterior_active_te100bp,benchmark_relative_active,2023-06-05,2023-06-05,2023-06-05,2023-06-01,LQD,0.2478289889727403,0.252056911376392,-0.004227922403651718,False,,False,optimal
pooled_relative_posterior_active_te100bp,benchmark_relative_active,2023-06-05,2023-06-05,2023-06-05,2023-06-01,AGG,0.0,0.0,0.0,False,,False,optimal
pooled_relative_posterior_active_te100bp,benchmark_relative_active,2023-06-12,2023-06-12,2023-06-12,2023-06-01,SPY,0.3327735904102702,0.349999999999999,-0.017226409589728764,False,,False,optimal
pooled_relative_posterior_active_te100bp,benchmark_relative_active,2023-06-12,2023-06-12,2023-06-12,2023-06-01,IEF,7.270133162132359e-17,0.0040466592165596,-0.0040466592165595274,False,,False,optimal
pooled_relative_posterior_active_te100bp,benchmark_relative_active,2023-06-12,2023-06-12,2023-06-12,2023-06-01,TIP,0.03208345470657476,0.0,0.03208345470657476,False,,False,optimal
pooled_relative_posterior_active_te100bp,benchmark_relative_active,2023-06-12,2023-06-12,2023-06-12,2023-06-01,HYG,0.13974099271211252,0.1451290817112471,-0.005388088999134594,False,,False,optimal
pooled_relative_posterior_active_te100bp,benchmark_relative_active,2023-06-12,2023-06-12,2023-06-12,2023-06-01,BIL,0.02999739537118991,0.0,0.02999739537118991,False,,False,optimal
pooled_relative_posterior_active_te100bp,benchmark_relative_active,2023-06-12,2023-06-12,2023-06-12,2023-06-01,GLD,0.21872416811864848,0.2499999999999995,-0.031275831881351024,False,,False,optimal
pooled_relative_posterior_active_te100bp,benchmark_relative_active,2023-06-12,2023-06-12,2023-06-12,2023-06-01,LQD,0.24668039868120412,0.2508242590721946,-0.0041438603909904614,False,,False,optimal
pooled_relative_posterior_active_te100bp,benchmark_relative_active,2023-06-12,2023-06-12,2023-06-12,2023-06-01,AGG,0.0,0.0,0.0,False,,False,optimal
pooled_relative_posterior_active_te100bp,benchmark_relative_active,2023-06-19,2023-06-19,2023-06-20,2023-06-01,SPY,0.33739291360678925,0.3500000000000002,-0.012607086393210953,False,,False,optimal
pooled_relative_posterior_active_te100bp,benchmark_relative_active,2023-06-19,2023-06-19,2023-06-20,2023-06-01,IEF,7.184744825278938e-17,0.0039977837960814,-0.003997783796081328,False,,False,optimal
pooled_relative_posterior_active_te100bp,benchmark_relative_active,2023-06-19,2023-06-19,2023-06-20,2023-06-01,TIP,0.031814066555710625,0.0,0.031814066555710625,False,,False,optimal
pooled_relative_posterior_active_te100bp,benchmark_relative_active,2023-06-19,2023-06-19,2023-06-20,2023-06-01,HYG,0.1386724264124516,0.1460196510437893,-0.007347224631337718,False,,False,optimal
pooled_relative_posterior_active_te100bp,benchmark_relative_active,2023-06-19,2023-06-19,2023-06-20,2023-06-01,BIL,0.029741600726300315,0.0,0.029741600726300315,False,,False,optimal
pooled_relative_posterior_active_te100bp,benchmark_relative_active,2023-06-19,2023-06-19,2023-06-20,2023-06-01,GLD,0.21644354179747816,0.2500000000000002,-0.033556458202522066,False,,False,optimal
pooled_relative_posterior_active_te100bp,benchmark_relative_active,2023-06-19,2023-06-19,2023-06-20,2023-06-01,LQD,0.24593545090127014,0.2499825651601289,-0.004047114258858758,False,,False,optimal
pooled_relative_posterior_active_te100bp,benchmark_relative_active,2023-06-19,2023-06-19,2023-06-20,2023-06-01,AGG,0.0,0.0,0.0,False,,False,optimal
pooled_relative_posterior_active_te100bp,benchmark_relative_active,2023-06-26,2023-06-26,2023-06-26,2023-06-01,SPY,0.3364655929143836,0.35,-0.013534407085616373,False,,False,optimal
pooled_relative_posterior_active_te100bp,benchmark_relative_active,2023-06-26,2023-06-26,2023-06-26,2023-06-01,IEF,7.238851284680182e-17,0.0032678108819871,-0.0032678108819870276,False,,False,optimal
pooled_relative_posterior_active_te100bp,benchmark_relative_active,2023-06-26,2023-06-26,2023-06-26,2023-06-01,TIP,0.03205200339468718,0.0,0.03205200339468718,False,,False,optimal
pooled_relative_posterior_active_te100bp,benchmark_relative_active,2023-06-26,2023-06-26,2023-06-26,2023-06-01,HYG,0.13848743416795992,0.1459082437373881,-0.007420809569428172,False,,False,optimal
pooled_relative_posterior_active_te100bp,benchmark_relative_active,2023-06-26,2023-06-26,2023-06-26,2023-06-01,BIL,0.029969755305556,0.0,0.029969755305556,False,,False,optimal
pooled_relative_posterior_active_te100bp,benchmark_relative_active,2023-06-26,2023-06-26,2023-06-26,2023-06-01,GLD,0.21570969987367059,0.2492948580166921,-0.033585158143021515,False,,False,optimal
pooled_relative_posterior_active_te100bp,benchmark_relative_active,2023-06-26,2023-06-26,2023-06-26,2023-06-01,LQD,0.24731551434374263,0.2515290873639325,-0.004213573020189848,False,,False,optimal
pooled_relative_posterior_active_te100bp,benchmark_relative_active,2023-06-26,2023-06-26,2023-06-26,2023-06-01,AGG,0.0,0.0,0.0,False,,False,optimal
pooled_relative_posterior_active_te100bp,benchmark_relative_active,2023-07-03,2023-07-03,2023-07-03,2023-07-01,SPY,0.34160598279793586,0.3499999999999997,-0.008394017202063841,False,,False,optimal
pooled_relative_posterior_active_te100bp,benchmark_relative_active,2023-07-03,2023-07-03,2023-07-03,2023-07-01,IEF,7.117445590416421e-17,0.0032118135876409,-0.003211813587640829,False,,False,optimal
pooled_relative_posterior_active_te100bp,benchmark_relative_active,2023-07-03,2023-07-03,2023-07-03,2023-07-01,TIP,0.031615178770404866,0.0,0.031615178770404866,False,,False,optimal
pooled_relative_posterior_active_te100bp,benchmark_relative_active,2023-07-03,2023-07-03,2023-07-03,2023-07-01,HYG,0.13883089768663986,0.1472808446824203,-0.008449946995780444,False,,False,optimal
pooled_relative_posterior_active_te100bp,benchmark_relative_active,2023-07-03,2023-07-03,2023-07-03,2023-07-01,BIL,0.029721792826663485,0.0,0.029721792826663485,False,,False,optimal
pooled_relative_posterior_active_te100bp,benchmark_relative_active,2023-07-03,2023-07-03,2023-07-03,2023-07-01,GLD,0.21280749949968086,0.2499999999999998,-0.03719250050031894,False,,False,optimal
pooled_relative_posterior_active_te100bp,benchmark_relative_active,2023-07-03,2023-07-03,2023-07-03,2023-07-01,LQD,0.24541864841867483,0.2495073417299392,-0.00408869331126438,False,,False,optimal
pooled_relative_posterior_active_te100bp,benchmark_relative_active,2023-07-03,2023-07-03,2023-07-03,2023-07-01,AGG,0.0,0.0,0.0,False,,False,optimal
pooled_relative_posterior_active_te100bp,benchmark_relative_active,2023-07-10,2023-07-10,2023-07-10,2023-07-01,SPY,0.34185060011147195,0.3499999999999998,-0.008149399888527864,False,,False,optimal
pooled_relative_posterior_active_te100bp,benchmark_relative_active,2023-07-10,2023-07-10,2023-07-10,2023-07-01,IEF,7.064314146511208e-17,0.0031875810631456,-0.0031875810631455293,False,,False,optimal
pooled_relative_posterior_active_te100bp,benchmark_relative_active,2023-07-10,2023-07-10,2023-07-10,2023-07-01,TIP,0.03153303099326805,0.0,0.03153303099326805,False,,False,optimal
pooled_relative_posterior_active_te100bp,benchmark_relative_active,2023-07-10,2023-07-10,2023-07-10,2023-07-01,HYG,0.1387552020567975,0.1500000000000002,-0.011244797943202683,False,,False,optimal
pooled_relative_posterior_active_te100bp,benchmark_relative_active,2023-07-10,2023-07-10,2023-07-10,2023-07-01,BIL,0.030059175074068037,0.0,0.030059175074068037,False,,False,optimal
pooled_relative_posterior_active_te100bp,benchmark_relative_active,2023-07-10,2023-07-10,2023-07-10,2023-07-01,GLD,0.21511810574975512,0.2499999999999996,-0.03488189425024449,False,,False,optimal
pooled_relative_posterior_active_te100bp,benchmark_relative_active,2023-07-10,2023-07-10,2023-07-10,2023-07-01,LQD,0.2426838860146394,0.2468124189368546,-0.004128532922215211,False,,False,optimal
pooled_relative_posterior_active_te100bp,benchmark_relative_active,2023-07-10,2023-07-10,2023-07-10,2023-07-01,AGG,0.0,0.0,0.0,False,,False,optimal
pooled_relative_posterior_active_te100bp,benchmark_relative_active,2023-07-17,2023-07-17,2023-07-17,2023-07-01,SPY,0.3439703175961015,0.3500000000000003,-0.006029682403898784,False,,False,optimal
pooled_relative_posterior_active_te100bp,benchmark_relative_active,2023-07-17,2023-07-17,2023-07-17,2023-07-01,IEF,7.063482994353237e-17,0.003184924493293,-0.0031849244932929295,False,,False,optimal
pooled_relative_posterior_active_te100bp,benchmark_relative_active,2023-07-17,2023-07-17,2023-07-17,2023-07-01,TIP,0.03129225130246255,0.0,0.03129225130246255,False,,False,optimal
pooled_relative_posterior_active_te100bp,benchmark_relative_active,2023-07-17,2023-07-17,2023-07-17,2023-07-01,HYG,0.13833987502618644,0.1500000000000001,-0.011660124973813663,False,,False,optimal
pooled_relative_posterior_active_te100bp,benchmark_relative_active,2023-07-17,2023-07-17,2023-07-17,2023-07-01,BIL,0.029527313996151834,0.0,0.029527313996151834,False,,False,optimal
pooled_relative_posterior_active_te100bp,benchmark_relative_active,2023-07-17,2023-07-17,2023-07-17,2023-07-01,GLD,0.21472583621492639,0.2499999999999988,-0.03527416378507242,False,,False,optimal
pooled_relative_posterior_active_te100bp,benchmark_relative_active,2023-07-17,2023-07-17,2023-07-17,2023-07-01,LQD,0.24214440586417119,0.2468150755067078,-0.004670669642536623,False,,False,optimal
pooled_relative_posterior_active_te100bp,benchmark_relative_active,2023-07-17,2023-07-17,2023-07-17,2023-07-01,AGG,0.0,0.0,0.0,False,,False,optimal
pooled_relative_posterior_active_te100bp,benchmark_relative_active,2023-07-24,2023-07-24,2023-07-24,2023-07-01,SPY,0.34435179048533127,0.3500000000000002,-0.005648209514668934,False,,False,optimal
pooled_relative_posterior_active_te100bp,benchmark_relative_active,2023-07-24,2023-07-24,2023-07-24,2023-07-01,IEF,7.011987146017447e-17,0.0031610766139311,-0.00316107661393103,False,,False,optimal
pooled_relative_posterior_active_te100bp,benchmark_relative_active,2023-07-24,2023-07-24,2023-07-24,2023-07-01,TIP,0.03123175196487735,0.0,0.03123175196487735,False,,False,optimal
pooled_relative_posterior_active_te100bp,benchmark_relative_active,2023-07-24,2023-07-24,2023-07-24,2023-07-01,HYG,0.13812730737590362,0.1500000000000006,-0.011872692624096987,False,,False,optimal
pooled_relative_posterior_active_te100bp,benchmark_relative_active,2023-07-24,2023-07-24,2023-07-24,2023-07-01,BIL,0.029383105678380927,0.0,0.029383105678380927,False,,False,optimal
pooled_relative_posterior_active_te100bp,benchmark_relative_active,2023-07-24,2023-07-24,2023-07-24,2023-07-01,GLD,0.2149178820708824,0.2500000000000002,-0.035082117929117834,False,,False,optimal
pooled_relative_posterior_active_te100bp,benchmark_relative_active,2023-07-24,2023-07-24,2023-07-24,2023-07-01,LQD,0.2419881624246244,0.2468389233860678,-0.004850760961443407,False,,False,optimal
pooled_relative_posterior_active_te100bp,benchmark_relative_active,2023-07-24,2023-07-24,2023-07-24,2023-07-01,AGG,0.0,0.0,0.0,False,,False,optimal
pooled_relative_posterior_active_te100bp,benchmark_relative_active,2023-07-31,2023-07-31,2023-07-31,2023-07-01,SPY,0.3468418673200551,0.3500000000000001,-0.0031581326799449694,False,,False,optimal
pooled_relative_posterior_active_te100bp,benchmark_relative_active,2023-07-31,2023-07-31,2023-07-31,2023-07-01,IEF,6.936006799271357e-17,0.00312679691132,-0.003126796911319931,False,,False,optimal
pooled_relative_posterior_active_te100bp,benchmark_relative_active,2023-07-31,2023-07-31,2023-07-31,2023-07-01,TIP,0.031076846536455083,0.0,0.031076846536455083,False,,False,optimal
pooled_relative_posterior_active_te100bp,benchmark_relative_active,2023-07-31,2023-07-31,2023-07-31,2023-07-01,HYG,0.13784387856663097,0.1500000000000003,-0.012156121433369332,False,,False,optimal
pooled_relative_posterior_active_te100bp,benchmark_relative_active,2023-07-31,2023-07-31,2023-07-31,2023-07-01,BIL,0.029391265737161172,0.0,0.029391265737161172,False,,False,optimal
pooled_relative_posterior_active_te100bp,benchmark_relative_active,2023-07-31,2023-07-31,2023-07-31,2023-07-01,GLD,0.2143657764569441,0.2500000000000007,-0.03563422354305662,False,,False,optimal
pooled_relative_posterior_active_te100bp,benchmark_relative_active,2023-07-31,2023-07-31,2023-07-31,2023-07-01,LQD,0.24048036538275352,0.2468732030886786,-0.006392837705925081,False,,False,optimal
pooled_relative_posterior_active_te100bp,benchmark_relative_active,2023-07-31,2023-07-31,2023-07-31,2023-07-01,AGG,0.0,0.0,0.0,False,,False,optimal
pooled_relative_posterior_active_te100bp,benchmark_relative_active,2023-08-07,2023-08-07,2023-08-07,2023-08-01,SPY,0.34377362465390143,0.3499999999999996,-0.006226375346098156,False,,False,optimal
pooled_relative_posterior_active_te100bp,benchmark_relative_active,2023-08-07,2023-08-07,2023-08-07,2023-08-01,IEF,7.016452343038662e-17,0.0024254442206354,-0.0024254442206353296,False,,False,optimal
pooled_relative_posterior_active_te100bp,benchmark_relative_active,2023-08-07,2023-08-07,2023-08-07,2023-08-01,TIP,0.03141490045627102,0.0,0.03141490045627102,False,,False,optimal
pooled_relative_posterior_active_te100bp,benchmark_relative_active,2023-08-07,2023-08-07,2023-08-07,2023-08-01,HYG,0.13909736544261606,0.1500000000000001,-0.01090263455738405,False,,False,optimal
pooled_relative_posterior_active_te100bp,benchmark_relative_active,2023-08-07,2023-08-07,2023-08-07,2023-08-01,BIL,0.029853025959861373,0.0,0.029853025959861373,False,,False,optimal
pooled_relative_posterior_active_te100bp,benchmark_relative_active,2023-08-07,2023-08-07,2023-08-07,2023-08-01,GLD,0.21483929227529477,0.2499999999999997,-0.03516070772470492,False,,False,optimal
pooled_relative_posterior_active_te100bp,benchmark_relative_active,2023-08-07,2023-08-07,2023-08-07,2023-08-01,LQD,0.24102179121205528,0.247574555779365,-0.006552764567309716,False,,False,optimal
pooled_relative_posterior_active_te100bp,benchmark_relative_active,2023-08-07,2023-08-07,2023-08-07,2023-08-01,AGG,0.0,0.0,0.0,False,,False,optimal
pooled_relative_posterior_active_te100bp,benchmark_relative_active,2023-08-14,2023-08-14,2023-08-14,2023-08-01,SPY,0.3439070482930106,0.3499999999999993,-0.006092951706988703,False,,False,optimal
pooled_relative_posterior_active_te100bp,benchmark_relative_active,2023-08-14,2023-08-14,2023-08-14,2023-08-01,IEF,7.007811146227722e-17,0.002423528830853,-0.0024235288308529297,False,,False,optimal
pooled_relative_posterior_active_te100bp,benchmark_relative_active,2023-08-14,2023-08-14,2023-08-14,2023-08-01,TIP,0.031452602535793996,0.0,0.031452602535793996,False,,False,optimal
pooled_relative_posterior_active_te100bp,benchmark_relative_active,2023-08-14,2023-08-14,2023-08-14,2023-08-01,HYG,0.1401817650810489,0.1500000000000002,-0.009818234918951285,False,,False,optimal
pooled_relative_posterior_active_te100bp,benchmark_relative_active,2023-08-14,2023-08-14,2023-08-14,2023-08-01,BIL,0.030095967039775254,0.0,0.030095967039775254,False,,False,optimal
pooled_relative_posterior_active_te100bp,benchmark_relative_active,2023-08-14,2023-08-14,2023-08-14,2023-08-01,GLD,0.21333534697618053,0.249886758060527,-0.03655141108434645,False,,False,optimal
pooled_relative_posterior_active_te100bp,benchmark_relative_active,2023-08-14,2023-08-14,2023-08-14,2023-08-01,LQD,0.2410272700741907,0.2476897131086204,-0.006662443034429699,False,,False,optimal
pooled_relative_posterior_active_te100bp,benchmark_relative_active,2023-08-14,2023-08-14,2023-08-14,2023-08-01,AGG,0.0,0.0,0.0,False,,False,optimal
pooled_relative_posterior_active_te100bp,benchmark_relative_active,2023-08-21,2023-08-21,2023-08-21,2023-08-01,SPY,0.3415337615684647,0.3500000000000002,-0.008466238431535489,False,,False,optimal
pooled_relative_posterior_active_te100bp,benchmark_relative_active,2023-08-21,2023-08-21,2023-08-21,2023-08-01,IEF,7.061520365160548e-17,0.0014929437502228,-0.0014929437502227293,False,,False,optimal
pooled_relative_posterior_active_te100bp,benchmark_relative_active,2023-08-21,2023-08-21,2023-08-21,2023-08-01,TIP,0.03161473982716792,0.0,0.03161473982716792,False,,False,optimal
pooled_relative_posterior_active_te100bp,benchmark_relative_active,2023-08-21,2023-08-21,2023-08-21,2023-08-01,HYG,0.14067145426694178,0.15,-0.009328545733058219,False,,False,optimal
pooled_relative_posterior_active_te100bp,benchmark_relative_active,2023-08-21,2023-08-21,2023-08-21,2023-08-01,BIL,0.030479673179430795,0.0,0.030479673179430795,False,,False,optimal
pooled_relative_posterior_active_te100bp,benchmark_relative_active,2023-08-21,2023-08-21,2023-08-21,2023-08-01,GLD,0.21397592205806426,0.2500000000000002,-0.03602407794193596,False,,False,optimal
pooled_relative_posterior_active_te100bp,benchmark_relative_active,2023-08-21,2023-08-21,2023-08-21,2023-08-01,LQD,0.2417244490999305,0.2485070562497767,-0.006782607149846215,False,,False,optimal
pooled_relative_posterior_active_te100bp,benchmark_relative_active,2023-08-21,2023-08-21,2023-08-21,2023-08-01,AGG,0.0,0.0,0.0,False,,False,optimal
pooled_relative_posterior_active_te100bp,benchmark_relative_active,2023-08-28,2023-08-28,2023-08-28,2023-08-01,SPY,0.3405932933031525,0.3499999999999996,-0.009406706696847067,False,,False,optimal
pooled_relative_posterior_active_te100bp,benchmark_relative_active,2023-08-28,2023-08-28,2023-08-28,2023-08-01,IEF,7.043181846991689e-17,0.000699468722821,-0.0006994687228209295,False,,False,optimal
pooled_relative_posterior_active_te100bp,benchmark_relative_active,2023-08-28,2023-08-28,2023-08-28,2023-08-01,TIP,0.031566849526346454,0.0,0.031566849526346454,False,,False,optimal
pooled_relative_posterior_active_te100bp,benchmark_relative_active,2023-08-28,2023-08-28,2023-08-28,2023-08-01,HYG,0.140510584555235,0.1497809603545014,-0.0092703757992664,False,,False,optimal
pooled_relative_posterior_active_te100bp,benchmark_relative_active,2023-08-28,2023-08-28,2023-08-28,2023-08-01,BIL,0.030254907867069428,0.0,0.030254907867069428,False,,False,optimal
pooled_relative_posterior_active_te100bp,benchmark_relative_active,2023-08-28,2023-08-28,2023-08-28,2023-08-01,GLD,0.21428806244750337,0.2499999999999997,-0.035711937552496326,False,,False,optimal
pooled_relative_posterior_active_te100bp,benchmark_relative_active,2023-08-28,2023-08-28,2023-08-28,2023-08-01,LQD,0.24278630230069317,0.2495195709226781,-0.0067332686219849225,False,,False,optimal
pooled_relative_posterior_active_te100bp,benchmark_relative_active,2023-08-28,2023-08-28,2023-08-28,2023-08-01,AGG,0.0,0.0,0.0,False,,False,optimal
pooled_relative_posterior_active_te100bp,benchmark_relative_active,2023-09-04,2023-09-04,2023-09-05,2023-09-01,SPY,0.3437855259365028,0.3499999999999996,-0.006214474063496789,False,,False,optimal
pooled_relative_posterior_active_te100bp,benchmark_relative_active,2023-09-04,2023-09-04,2023-09-05,2023-09-01,IEF,6.991214241231393e-17,0.0006937986575825,-0.00069379865758243,False,,False,optimal
pooled_relative_posterior_active_te100bp,benchmark_relative_active,2023-09-04,2023-09-04,2023-09-05,2023-09-01,TIP,0.031207395543589176,0.0,0.031207395543589176,False,,False,optimal
pooled_relative_posterior_active_te100bp,benchmark_relative_active,2023-09-04,2023-09-04,2023-09-05,2023-09-01,HYG,0.13998231727196864,0.150000000000001,-0.010017682728032357,False,,False,optimal
pooled_relative_posterior_active_te100bp,benchmark_relative_active,2023-09-04,2023-09-04,2023-09-05,2023-09-01,BIL,0.029963708888773692,0.0,0.029963708888773692,False,,False,optimal
pooled_relative_posterior_active_te100bp,benchmark_relative_active,2023-09-04,2023-09-04,2023-09-05,2023-09-01,GLD,0.21494166120336794,0.2500000000000005,-0.03505833879663256,False,,False,optimal
pooled_relative_posterior_active_te100bp,benchmark_relative_active,2023-09-04,2023-09-04,2023-09-05,2023-09-01,LQD,0.24011939115579767,0.2493062013424163,-0.009186810186618627,False,,False,optimal
pooled_relative_posterior_active_te100bp,benchmark_relative_active,2023-09-04,2023-09-04,2023-09-05,2023-09-01,AGG,0.0,0.0,0.0,False,,False,optimal
pooled_relative_posterior_active_te100bp,benchmark_relative_active,2023-09-11,2023-09-11,2023-09-11,2023-09-01,SPY,0.3418574644435353,0.3499999999999997,-0.008142535556464381,False,,False,optimal
pooled_relative_posterior_active_te100bp,benchmark_relative_active,2023-09-11,2023-09-11,2023-09-11,2023-09-01,IEF,7.018294799989512e-17,0.0,7.018294799989512e-17,False,,False,optimal
pooled_relative_posterior_active_te100bp,benchmark_relative_active,2023-09-11,2023-09-11,2023-09-11,2023-09-01,TIP,0.03147587148940286,0.0,0.03147587148940286,False,,False,optimal
pooled_relative_posterior_active_te100bp,benchmark_relative_active,2023-09-11,2023-09-11,2023-09-11,2023-09-01,HYG,0.14018629498802135,0.1499999999999999,-0.009813705011978563,False,,False,optimal
pooled_relative_posterior_active_te100bp,benchmark_relative_active,2023-09-11,2023-09-11,2023-09-11,2023-09-01,BIL,0.030163864885492334,0.0,0.030163864885492334,False,,False,optimal
pooled_relative_posterior_active_te100bp,benchmark_relative_active,2023-09-11,2023-09-11,2023-09-11,2023-09-01,GLD,0.21472846007110752,0.2498681592951552,-0.035139699224047694,False,,False,optimal
pooled_relative_posterior_active_te100bp,benchmark_relative_active,2023-09-11,2023-09-11,2023-09-11,2023-09-01,LQD,0.24158804412244048,0.2501318407048452,-0.0085437965824047,False,,False,optimal
pooled_relative_posterior_active_te100bp,benchmark_relative_active,2023-09-11,2023-09-11,2023-09-11,2023-09-01,AGG,0.0,0.0,0.0,False,,False,optimal
pooled_relative_posterior_active_te100bp,benchmark_relative_active,2023-09-18,2023-09-18,2023-09-18,2023-09-01,SPY,0.3406831871012337,0.3499999999999996,-0.009316812898765903,False,,False,optimal
pooled_relative_posterior_active_te100bp,benchmark_relative_active,2023-09-18,2023-09-18,2023-09-18,2023-09-01,IEF,7.029543629442442e-17,0.0,7.029543629442442e-17,False,,False,optimal
pooled_relative_posterior_active_te100bp,benchmark_relative_active,2023-09-18,2023-09-18,2023-09-18,2023-09-01,TIP,0.03155879115784298,0.0,0.03155879115784298,False,,False,optimal
pooled_relative_posterior_active_te100bp,benchmark_relative_active,2023-09-18,2023-09-18,2023-09-18,2023-09-01,HYG,0.14059214745087384,0.1500000000000004,-0.009407852549126572,False,,False,optimal
pooled_relative_posterior_active_te100bp,benchmark_relative_active,2023-09-18,2023-09-18,2023-09-18,2023-09-01,BIL,0.03030677017840512,0.0,0.03030677017840512,False,,False,optimal
pooled_relative_posterior_active_te100bp,benchmark_relative_active,2023-09-18,2023-09-18,2023-09-18,2023-09-01,GLD,0.2148220377993269,0.2499999999999997,-0.03517796220067279,False,,False,optimal
pooled_relative_posterior_active_te100bp,benchmark_relative_active,2023-09-18,2023-09-18,2023-09-18,2023-09-01,LQD,0.24203706631231747,0.2500000000000002,-0.00796293368768275,False,,False,optimal
pooled_relative_posterior_active_te100bp,benchmark_relative_active,2023-09-18,2023-09-18,2023-09-18,2023-09-01,AGG,0.0,0.0,0.0,False,,False,optimal
pooled_relative_posterior_active_te100bp,benchmark_relative_active,2023-09-25,2023-09-25,2023-09-25,2023-09-01,SPY,0.3349475662071756,0.3500000000000005,-0.015052433792824893,False,,False,optimal
pooled_relative_posterior_active_te100bp,benchmark_relative_active,2023-09-25,2023-09-25,2023-09-25,2023-09-01,IEF,7.073438566844731e-17,0.0,7.073438566844731e-17,False,,False,optimal
pooled_relative_posterior_active_te100bp,benchmark_relative_active,2023-09-25,2023-09-25,2023-09-25,2023-09-01,TIP,0.03179812361067573,0.0,0.03179812361067573,False,,False,optimal
pooled_relative_posterior_active_te100bp,benchmark_relative_active,2023-09-25,2023-09-25,2023-09-25,2023-09-01,HYG,0.14123142133180494,0.1500000000000002,-0.008768578668195248,False,,False,optimal
pooled_relative_posterior_active_te100bp,benchmark_relative_active,2023-09-25,2023-09-25,2023-09-25,2023-09-01,BIL,0.03069430174174132,0.0,0.03069430174174132,False,,False,optimal
pooled_relative_posterior_active_te100bp,benchmark_relative_active,2023-09-25,2023-09-25,2023-09-25,2023-09-01,GLD,0.21715967240765965,0.2500000000000004,-0.032840327592340735,False,,False,optimal
pooled_relative_posterior_active_te100bp,benchmark_relative_active,2023-09-25,2023-09-25,2023-09-25,2023-09-01,LQD,0.2441689147009427,0.2499999999999989,-0.005831085299056182,False,,False,optimal
pooled_relative_posterior_active_te100bp,benchmark_relative_active,2023-09-25,2023-09-25,2023-09-25,2023-09-01,AGG,0.0,0.0,0.0,False,,False,optimal
pooled_relative_posterior_active_te100bp,benchmark_relative_active,2023-10-02,2023-10-02,2023-10-02,2023-10-01,SPY,0.33785838976605365,0.3499999999999996,-0.012141610233945943,False,,False,optimal
pooled_relative_posterior_active_te100bp,benchmark_relative_active,2023-10-02,2023-10-02,2023-10-02,2023-10-01,IEF,7.142839747420498e-17,0.0,7.142839747420498e-17,False,,False,optimal
pooled_relative_posterior_active_te100bp,benchmark_relative_active,2023-10-02,2023-10-02,2023-10-02,2023-10-01,TIP,0.03208371370380948,0.0,0.03208371370380948,False,,False,optimal
pooled_relative_posterior_active_te100bp,benchmark_relative_active,2023-10-02,2023-10-02,2023-10-02,2023-10-01,HYG,0.14284756447588798,0.1500000000000008,-0.007152435524112821,False,,False,optimal
pooled_relative_posterior_active_te100bp,benchmark_relative_active,2023-10-02,2023-10-02,2023-10-02,2023-10-01,BIL,0.03110716540856524,0.0,0.03110716540856524,False,,False,optimal
pooled_relative_posterior_active_te100bp,benchmark_relative_active,2023-10-02,2023-10-02,2023-10-02,2023-10-01,GLD,0.21133375237612087,0.2490503941572275,-0.03771664178110662,False,,False,optimal
pooled_relative_posterior_active_te100bp,benchmark_relative_active,2023-10-02,2023-10-02,2023-10-02,2023-10-01,LQD,0.24476941426956278,0.2509496058427721,-0.006180191573209315,False,,False,optimal
pooled_relative_posterior_active_te100bp,benchmark_relative_active,2023-10-02,2023-10-02,2023-10-02,2023-10-01,AGG,0.0,0.0,0.0,False,,False,optimal
pooled_relative_posterior_active_te100bp,benchmark_relative_active,2023-10-09,2023-10-09,2023-10-09,2023-10-01,SPY,0.34093828029592643,0.3499999999999997,-0.009061719704073268,False,,False,optimal
pooled_relative_posterior_active_te100bp,benchmark_relative_active,2023-10-09,2023-10-09,2023-10-09,2023-10-01,IEF,7.094367810360226e-17,0.0,7.094367810360226e-17,False,,False,optimal
pooled_relative_posterior_active_te100bp,benchmark_relative_active,2023-10-09,2023-10-09,2023-10-09,2023-10-01,TIP,0.031807245134075214,0.0,0.031807245134075214,False,,False,optimal
pooled_relative_posterior_active_te100bp,benchmark_relative_active,2023-10-09,2023-10-09,2023-10-09,2023-10-01,HYG,0.14236684720231843,0.1500000000000002,-0.007633152797681758,False,,False,optimal
pooled_relative_posterior_active_te100bp,benchmark_relative_active,2023-10-09,2023-10-09,2023-10-09,2023-10-01,BIL,0.031204613337030326,0.0,0.031204613337030326,False,,False,optimal
pooled_relative_posterior_active_te100bp,benchmark_relative_active,2023-10-09,2023-10-09,2023-10-09,2023-10-01,GLD,0.2111510656917473,0.2499999999999996,-0.038848934308252314,False,,False,optimal
pooled_relative_posterior_active_te100bp,benchmark_relative_active,2023-10-09,2023-10-09,2023-10-09,2023-10-01,LQD,0.2425319483389023,0.2500000000000004,-0.007468051661098096,False,,False,optimal
pooled_relative_posterior_active_te100bp,benchmark_relative_active,2023-10-09,2023-10-09,2023-10-09,2023-10-01,AGG,0.0,0.0,0.0,False,,False,optimal
pooled_relative_posterior_active_te100bp,benchmark_relative_active,2023-10-16,2023-10-16,2023-10-16,2023-10-01,SPY,0.33892480337091374,0.35,-0.011075196629086237,False,,False,optimal
pooled_relative_posterior_active_te100bp,benchmark_relative_active,2023-10-16,2023-10-16,2023-10-16,2023-10-01,IEF,7.026133615409123e-17,0.0,7.026133615409123e-17,False,,False,optimal
pooled_relative_posterior_active_te100bp,benchmark_relative_active,2023-10-16,2023-10-16,2023-10-16,2023-10-01,TIP,0.03163124692421849,0.0,0.03163124692421849,False,,False,optimal
pooled_relative_posterior_active_te100bp,benchmark_relative_active,2023-10-16,2023-10-16,2023-10-16,2023-10-01,HYG,0.14033684866544027,0.1499999999999996,-0.009663151334559333,False,,False,optimal
pooled_relative_posterior_active_te100bp,benchmark_relative_active,2023-10-16,2023-10-16,2023-10-16,2023-10-01,BIL,0.030765371606128362,0.0,0.030765371606128362,False,,False,optimal
pooled_relative_posterior_active_te100bp,benchmark_relative_active,2023-10-16,2023-10-16,2023-10-16,2023-10-01,GLD,0.21729251389735293,0.25,-0.032707486102647065,False,,False,optimal
pooled_relative_posterior_active_te100bp,benchmark_relative_active,2023-10-16,2023-10-16,2023-10-16,2023-10-01,LQD,0.2410492155359462,0.2500000000000002,-0.008950784464054035,False,,False,optimal
pooled_relative_posterior_active_te100bp,benchmark_relative_active,2023-10-16,2023-10-16,2023-10-16,2023-10-01,AGG,0.0,0.0,0.0,False,,False,optimal
pooled_relative_posterior_active_te100bp,benchmark_relative_active,2023-10-23,2023-10-23,2023-10-23,2023-10-01,SPY,0.3322510826827839,0.35,-0.017748917317216062,False,,False,optimal
pooled_relative_posterior_active_te100bp,benchmark_relative_active,2023-10-23,2023-10-23,2023-10-23,2023-10-01,IEF,6.997344595894755e-17,0.0,6.997344595894755e-17,False,,False,optimal
pooled_relative_posterior_active_te100bp,benchmark_relative_active,2023-10-23,2023-10-23,2023-10-23,2023-10-01,TIP,0.0318083220980297,0.0,0.0318083220980297,False,,False,optimal
pooled_relative_posterior_active_te100bp,benchmark_relative_active,2023-10-23,2023-10-23,2023-10-23,2023-10-01,HYG,0.1401594674495011,0.1499999999999993,-0.009840532550498188,False,,False,optimal
pooled_relative_posterior_active_te100bp,benchmark_relative_active,2023-10-23,2023-10-23,2023-10-23,2023-10-01,BIL,0.031087679730861642,0.0,0.031087679730861642,False,,False,optimal
pooled_relative_posterior_active_te100bp,benchmark_relative_active,2023-10-23,2023-10-23,2023-10-23,2023-10-01,GLD,0.2264951170160245,0.25,-0.02350488298397549,False,,False,optimal
pooled_relative_posterior_active_te100bp,benchmark_relative_active,2023-10-23,2023-10-23,2023-10-23,2023-10-01,LQD,0.23819833102279905,0.2500000000000006,-0.011801668977201557,False,,False,optimal
pooled_relative_posterior_active_te100bp,benchmark_relative_active,2023-10-23,2023-10-23,2023-10-23,2023-10-01,AGG,0.0,0.0,0.0,False,,False,optimal
pooled_relative_posterior_active_te100bp,benchmark_relative_active,2023-10-30,2023-10-30,2023-10-30,2023-10-01,SPY,0.32499138628865526,0.3499999999999996,-0.02500861371134433,False,,False,optimal
pooled_relative_posterior_active_te100bp,benchmark_relative_active,2023-10-30,2023-10-30,2023-10-30,2023-10-01,IEF,7.066234136538261e-17,0.0,7.066234136538261e-17,False,,False,optimal
pooled_relative_posterior_active_te100bp,benchmark_relative_active,2023-10-30,2023-10-30,2023-10-30,2023-10-01,TIP,0.032025654712765084,0.0,0.032025654712765084,False,,False,optimal
pooled_relative_posterior_active_te100bp,benchmark_relative_active,2023-10-30,2023-10-30,2023-10-30,2023-10-01,HYG,0.1412296624843585,0.1500000000000002,-0.008770337515641685,False,,False,optimal
pooled_relative_posterior_active_te100bp,benchmark_relative_active,2023-10-30,2023-10-30,2023-10-30,2023-10-01,BIL,0.031096738104616446,0.0,0.031096738104616446,False,,False,optimal
pooled_relative_posterior_active_te100bp,benchmark_relative_active,2023-10-30,2023-10-30,2023-10-30,2023-10-01,GLD,0.2296200904977092,0.2499999999999997,-0.02037990950229049,False,,False,optimal
pooled_relative_posterior_active_te100bp,benchmark_relative_active,2023-10-30,2023-10-30,2023-10-30,2023-10-01,LQD,0.24103646791189548,0.2500000000000003,-0.008963532088104798,False,,False,optimal
pooled_relative_posterior_active_te100bp,benchmark_relative_active,2023-10-30,2023-10-30,2023-10-30,2023-10-01,AGG,0.0,0.0,0.0,False,,False,optimal
pooled_relative_posterior_active_te100bp,benchmark_relative_active,2023-11-06,2023-11-06,2023-11-06,2023-11-01,SPY,0.33221127317865623,0.3499999999999996,-0.01778872682134336,False,,False,optimal
pooled_relative_posterior_active_te100bp,benchmark_relative_active,2023-11-06,2023-11-06,2023-11-06,2023-11-01,IEF,7.044233965611729e-17,0.0,7.044233965611729e-17,False,,False,optimal
pooled_relative_posterior_active_te100bp,benchmark_relative_active,2023-11-06,2023-11-06,2023-11-06,2023-11-01,TIP,0.03170305215641874,0.0,0.03170305215641874,False,,False,optimal
pooled_relative_posterior_active_te100bp,benchmark_relative_active,2023-11-06,2023-11-06,2023-11-06,2023-11-01,HYG,0.14201956864398466,0.1499999999999997,-0.007980431356015033,False,,False,optimal
pooled_relative_posterior_active_te100bp,benchmark_relative_active,2023-11-06,2023-11-06,2023-11-06,2023-11-01,BIL,0.03026819112102931,0.0,0.03026819112102931,False,,False,optimal
pooled_relative_posterior_active_te100bp,benchmark_relative_active,2023-11-06,2023-11-06,2023-11-06,2023-11-01,GLD,0.222408897512804,0.2499166507560891,-0.02750775324328511,False,,False,optimal
pooled_relative_posterior_active_te100bp,benchmark_relative_active,2023-11-06,2023-11-06,2023-11-06,2023-11-01,LQD,0.24138901738710702,0.2500833492439115,-0.008694331856804488,False,,False,optimal
pooled_relative_posterior_active_te100bp,benchmark_relative_active,2023-11-06,2023-11-06,2023-11-06,2023-11-01,AGG,0.0,0.0,0.0,False,,False,optimal
pooled_relative_posterior_active_te100bp,benchmark_relative_active,2023-11-13,2023-11-13,2023-11-13,2023-11-01,SPY,0.33649442493814885,0.3500000000000003,-0.01350557506185146,False,,False,optimal
pooled_relative_posterior_active_te100bp,benchmark_relative_active,2023-11-13,2023-11-13,2023-11-13,2023-11-01,IEF,7.04332647410577e-17,0.0,7.04332647410577e-17,False,,False,optimal
pooled_relative_posterior_active_te100bp,benchmark_relative_active,2023-11-13,2023-11-13,2023-11-13,2023-11-01,TIP,0.03160606572178465,0.0,0.03160606572178465,False,,False,optimal
pooled_relative_posterior_active_te100bp,benchmark_relative_active,2023-11-13,2023-11-13,2023-11-13,2023-11-01,HYG,0.14182785620110555,0.149851355474939,-0.008023499273833445,False,,False,optimal
pooled_relative_posterior_active_te100bp,benchmark_relative_active,2023-11-13,2023-11-13,2023-11-13,2023-11-01,BIL,0.030327285031261145,0.0,0.030327285031261145,False,,False,optimal
pooled_relative_posterior_active_te100bp,benchmark_relative_active,2023-11-13,2023-11-13,2023-11-13,2023-11-01,GLD,0.2170501869626629,0.2486227504496335,-0.0315725634869706,False,,False,optimal
pooled_relative_posterior_active_te100bp,benchmark_relative_active,2023-11-13,2023-11-13,2023-11-13,2023-11-01,LQD,0.2426941811450368,0.251525894075427,-0.008831712930390229,False,,False,optimal
pooled_relative_posterior_active_te100bp,benchmark_relative_active,2023-11-13,2023-11-13,2023-11-13,2023-11-01,AGG,0.0,0.0,0.0,False,,False,optimal
pooled_relative_posterior_active_te100bp,benchmark_relative_active,2023-11-20,2023-11-20,2023-11-20,2023-11-01,SPY,0.3377868455166316,0.3499999999999992,-0.012213154483367628,False,,False,optimal
pooled_relative_posterior_active_te100bp,benchmark_relative_active,2023-11-20,2023-11-20,2023-11-20,2023-11-01,IEF,7.018005554560403e-17,0.0,7.018005554560403e-17,False,,False,optimal
pooled_relative_posterior_active_te100bp,benchmark_relative_active,2023-11-20,2023-11-20,2023-11-20,2023-11-01,TIP,0.031260992140782755,0.0,0.031260992140782755,False,,False,optimal
pooled_relative_posterior_active_te100bp,benchmark_relative_active,2023-11-20,2023-11-20,2023-11-20,2023-11-01,HYG,0.14056397609250623,0.1483634904761224,-0.007799514383616174,False,,False,optimal
pooled_relative_posterior_active_te100bp,benchmark_relative_active,2023-11-20,2023-11-20,2023-11-20,2023-11-01,BIL,0.02969222616675037,0.0,0.02969222616675037,False,,False,optimal
pooled_relative_posterior_active_te100bp,benchmark_relative_active,2023-11-20,2023-11-20,2023-11-20,2023-11-01,GLD,0.21734946872872257,0.2496935086291109,-0.03234403990038834,False,,False,optimal
pooled_relative_posterior_active_te100bp,benchmark_relative_active,2023-11-20,2023-11-20,2023-11-20,2023-11-01,LQD,0.24334649135460637,0.2519430008947673,-0.008596509540160918,False,,False,optimal
pooled_relative_posterior_active_te100bp,benchmark_relative_active,2023-11-20,2023-11-20,2023-11-20,2023-11-01,AGG,0.0,0.0,0.0,False,,False,optimal
pooled_relative_posterior_active_te100bp,benchmark_relative_active,2023-11-27,2023-11-27,2023-11-27,2023-11-01,SPY,0.3382782726506914,0.35,-0.011721727349308597,False,,False,optimal
pooled_relative_posterior_active_te100bp,benchmark_relative_active,2023-11-27,2023-11-27,2023-11-27,2023-11-01,IEF,6.949311052038987e-17,0.0,6.949311052038987e-17,False,,False,optimal
pooled_relative_posterior_active_te100bp,benchmark_relative_active,2023-11-27,2023-11-27,2023-11-27,2023-11-01,TIP,0.03095175481866544,0.0,0.03095175481866544,False,,False,optimal
pooled_relative_posterior_active_te100bp,benchmark_relative_active,2023-11-27,2023-11-27,2023-11-27,2023-11-01,HYG,0.13994676870145462,0.1494250091944588,-0.009478240493004192,False,,False,optimal
pooled_relative_posterior_active_te100bp,benchmark_relative_active,2023-11-27,2023-11-27,2023-11-27,2023-11-01,BIL,0.02944635818617697,0.0,0.02944635818617697,False,,False,optimal
pooled_relative_posterior_active_te100bp,benchmark_relative_active,2023-11-27,2023-11-27,2023-11-27,2023-11-01,GLD,0.2191656212609421,0.25,-0.030834378739057894,False,,False,optimal
pooled_relative_posterior_active_te100bp,benchmark_relative_active,2023-11-27,2023-11-27,2023-11-27,2023-11-01,LQD,0.24221122438206938,0.2505749908055413,-0.008363766423471919,False,,False,optimal
pooled_relative_posterior_active_te100bp,benchmark_relative_active,2023-11-27,2023-11-27,2023-11-27,2023-11-01,AGG,0.0,0.0,0.0,False,,False,optimal
pooled_relative_posterior_active_te100bp,benchmark_relative_active,2023-12-04,2023-12-04,2023-12-04,2023-12-01,SPY,0.33541128340894066,0.3500000000000003,-0.014588716591059647,False,,False,optimal
pooled_relative_posterior_active_te100bp,benchmark_relative_active,2023-12-04,2023-12-04,2023-12-04,2023-12-01,IEF,6.952011993960275e-17,0.0,6.952011993960275e-17,False,,False,optimal
pooled_relative_posterior_active_te100bp,benchmark_relative_active,2023-12-04,2023-12-04,2023-12-04,2023-12-01,TIP,0.030781303627579013,0.0,0.030781303627579013,False,,False,optimal
pooled_relative_posterior_active_te100bp,benchmark_relative_active,2023-12-04,2023-12-04,2023-12-04,2023-12-01,HYG,0.13986505866440604,0.149197251170029,-0.00933219250562295,False,,False,optimal
pooled_relative_posterior_active_te100bp,benchmark_relative_active,2023-12-04,2023-12-04,2023-12-04,2023-12-01,BIL,0.028941853070651287,0.0,0.028941853070651287,False,,False,optimal
pooled_relative_posterior_active_te100bp,benchmark_relative_active,2023-12-04,2023-12-04,2023-12-04,2023-12-01,GLD,0.2214884974688966,0.2500000000000002,-0.028511502531103627,False,,False,optimal
pooled_relative_posterior_active_te100bp,benchmark_relative_active,2023-12-04,2023-12-04,2023-12-04,2023-12-01,LQD,0.24351200375952642,0.2508027488299705,-0.007290745070444082,False,,False,optimal
pooled_relative_posterior_active_te100bp,benchmark_relative_active,2023-12-04,2023-12-04,2023-12-04,2023-12-01,AGG,0.0,0.0,0.0,False,,False,optimal
pooled_relative_posterior_active_te100bp,benchmark_relative_active,2023-12-11,2023-12-11,2023-12-11,2023-12-01,SPY,0.3385553399088538,0.3500000000000001,-0.011444660091146308,False,,False,optimal
pooled_relative_posterior_active_te100bp,benchmark_relative_active,2023-12-11,2023-12-11,2023-12-11,2023-12-01,IEF,6.967057725437365e-17,0.0,6.967057725437365e-17,False,,False,optimal
pooled_relative_posterior_active_te100bp,benchmark_relative_active,2023-12-11,2023-12-11,2023-12-11,2023-12-01,TIP,0.030861668925141087,0.0,0.030861668925141087,False,,False,optimal
pooled_relative_posterior_active_te100bp,benchmark_relative_active,2023-12-11,2023-12-11,2023-12-11,2023-12-01,HYG,0.14033846325060068,0.149777100050675,-0.009438636800074313,False,,False,optimal
pooled_relative_posterior_active_te100bp,benchmark_relative_active,2023-12-11,2023-12-11,2023-12-11,2023-12-01,BIL,0.02894644664650626,0.0,0.02894644664650626,False,,False,optimal
pooled_relative_posterior_active_te100bp,benchmark_relative_active,2023-12-11,2023-12-11,2023-12-11,2023-12-01,GLD,0.2167072877792972,0.2481830949582429,-0.031475807178945686,False,,False,optimal
pooled_relative_posterior_active_te100bp,benchmark_relative_active,2023-12-11,2023-12-11,2023-12-11,2023-12-01,LQD,0.24459079348960105,0.252039804991082,-0.007449011501480918,False,,False,optimal
pooled_relative_posterior_active_te100bp,benchmark_relative_active,2023-12-11,2023-12-11,2023-12-11,2023-12-01,AGG,0.0,0.0,0.0,False,,False,optimal
pooled_relative_posterior_active_te100bp,benchmark_relative_active,2023-12-18,2023-12-18,2023-12-18,2023-12-01,SPY,0.3392427752670073,0.3499999999999999,-0.01075722473299262,False,,False,optimal
pooled_relative_posterior_active_te100bp,benchmark_relative_active,2023-12-18,2023-12-18,2023-12-18,2023-12-01,IEF,6.993556883761084e-17,0.0,6.993556883761084e-17,False,,False,optimal
pooled_relative_posterior_active_te100bp,benchmark_relative_active,2023-12-18,2023-12-18,2023-12-18,2023-12-01,TIP,0.030857789184991852,0.0,0.030857789184991852,False,,False,optimal
pooled_relative_posterior_active_te100bp,benchmark_relative_active,2023-12-18,2023-12-18,2023-12-18,2023-12-01,HYG,0.139911291513982,0.1492605873461988,-0.009349295832216803,False,,False,optimal
pooled_relative_posterior_active_te100bp,benchmark_relative_active,2023-12-18,2023-12-18,2023-12-18,2023-12-01,BIL,0.02831946598856718,0.0,0.02831946598856718,False,,False,optimal
pooled_relative_posterior_active_te100bp,benchmark_relative_active,2023-12-18,2023-12-18,2023-12-18,2023-12-01,GLD,0.21469858707982267,0.2463511494268848,-0.031652562347062124,False,,False,optimal
pooled_relative_posterior_active_te100bp,benchmark_relative_active,2023-12-18,2023-12-18,2023-12-18,2023-12-01,LQD,0.246970090965629,0.2543882632269165,-0.007418172261287492,False,,False,optimal
pooled_relative_posterior_active_te100bp,benchmark_relative_active,2023-12-18,2023-12-18,2023-12-18,2023-12-01,AGG,0.0,0.0,0.0,False,,False,optimal
pooled_relative_posterior_active_te100bp,benchmark_relative_active,2023-12-25,2023-12-25,2023-12-26,2023-12-01,SPY,0.33914665768427993,0.35,-0.01085334231572005,False,,False,optimal
pooled_relative_posterior_active_te100bp,benchmark_relative_active,2023-12-25,2023-12-25,2023-12-26,2023-12-01,IEF,6.979739486537684e-17,0.0,6.979739486537684e-17,False,,False,optimal
pooled_relative_posterior_active_te100bp,benchmark_relative_active,2023-12-25,2023-12-25,2023-12-26,2023-12-01,TIP,0.03066373626630803,0.0,0.03066373626630803,False,,False,optimal
pooled_relative_posterior_active_te100bp,benchmark_relative_active,2023-12-25,2023-12-25,2023-12-26,2023-12-01,HYG,0.13978690176661768,0.1490443997169736,-0.009257497950355936,False,,False,optimal
pooled_relative_posterior_active_te100bp,benchmark_relative_active,2023-12-25,2023-12-25,2023-12-26,2023-12-01,BIL,0.02817963858517643,0.0,0.02817963858517643,False,,False,optimal
pooled_relative_posterior_active_te100bp,benchmark_relative_active,2023-12-25,2023-12-25,2023-12-26,2023-12-01,GLD,0.21658090894368828,0.2483718549564832,-0.03179094601279492,False,,False,optimal
pooled_relative_posterior_active_te100bp,benchmark_relative_active,2023-12-25,2023-12-25,2023-12-26,2023-12-01,LQD,0.24564215675392964,0.2525837453265432,-0.006941588572613566,False,,False,optimal
pooled_relative_posterior_active_te100bp,benchmark_relative_active,2023-12-25,2023-12-25,2023-12-26,2023-12-01,AGG,0.0,0.0,0.0,False,,False,optimal
pooled_relative_posterior_active_te100bp,benchmark_relative_active,2024-01-01,2024-01-01,2024-01-02,2024-01-01,SPY,0.3393184675002303,0.35,-0.010681532499769664,False,,False,optimal
pooled_relative_posterior_active_te100bp,benchmark_relative_active,2024-01-01,2024-01-01,2024-01-02,2024-01-01,IEF,6.982441645359891e-17,0.0,6.982441645359891e-17,False,,False,optimal
pooled_relative_posterior_active_te100bp,benchmark_relative_active,2024-01-01,2024-01-01,2024-01-02,2024-01-01,TIP,0.030613471423812016,0.0,0.030613471423812016,False,,False,optimal
pooled_relative_posterior_active_te100bp,benchmark_relative_active,2024-01-01,2024-01-01,2024-01-02,2024-01-01,HYG,0.13929488013768795,0.1485126002548831,-0.009217720117195155,False,,False,optimal
pooled_relative_posterior_active_te100bp,benchmark_relative_active,2024-01-01,2024-01-01,2024-01-02,2024-01-01,BIL,0.0281388295679477,0.0,0.0281388295679477,False,,False,optimal
pooled_relative_posterior_active_te100bp,benchmark_relative_active,2024-01-01,2024-01-01,2024-01-02,2024-01-01,GLD,0.21635164075103508,0.2482572645555233,-0.03190562380448822,False,,False,optimal
pooled_relative_posterior_active_te100bp,benchmark_relative_active,2024-01-01,2024-01-01,2024-01-02,2024-01-01,LQD,0.24628271061928694,0.2532301351895935,-0.006947424570306532,False,,False,optimal
pooled_relative_posterior_active_te100bp,benchmark_relative_active,2024-01-01,2024-01-01,2024-01-02,2024-01-01,AGG,0.0,0.0,0.0,False,,False,optimal
pooled_relative_posterior_active_te100bp,benchmark_relative_active,2024-01-08,2024-01-08,2024-01-08,2024-01-01,SPY,0.3393866130257084,0.3499999999999995,-0.010613386974291095,False,,False,optimal
pooled_relative_posterior_active_te100bp,benchmark_relative_active,2024-01-08,2024-01-08,2024-01-08,2024-01-01,IEF,7.00231956298628e-17,0.0,7.00231956298628e-17,False,,False,optimal
pooled_relative_posterior_active_te100bp,benchmark_relative_active,2024-01-08,2024-01-08,2024-01-08,2024-01-01,TIP,0.03078462325540325,0.0,0.03078462325540325,False,,False,optimal
pooled_relative_posterior_active_te100bp,benchmark_relative_active,2024-01-08,2024-01-08,2024-01-08,2024-01-01,HYG,0.13976505654986582,0.1490874749172787,-0.009322418367412877,False,,False,optimal
pooled_relative_posterior_active_te100bp,benchmark_relative_active,2024-01-08,2024-01-08,2024-01-08,2024-01-01,BIL,0.02842125721908996,0.0,0.02842125721908996,False,,False,optimal
pooled_relative_posterior_active_te100bp,benchmark_relative_active,2024-01-08,2024-01-08,2024-01-08,2024-01-01,GLD,0.21597208993057584,0.2481872774209268,-0.03221518749035096,False,,False,optimal
pooled_relative_posterior_active_te100bp,benchmark_relative_active,2024-01-08,2024-01-08,2024-01-08,2024-01-01,LQD,0.2456703600193567,0.2527252476617949,-0.007054887642438196,False,,False,optimal
pooled_relative_posterior_active_te100bp,benchmark_relative_active,2024-01-08,2024-01-08,2024-01-08,2024-01-01,AGG,0.0,0.0,0.0,False,,False,optimal
pooled_relative_posterior_active_te100bp,benchmark_relative_active,2024-01-15,2024-01-15,2024-01-16,2024-01-01,SPY,0.34031709977388086,0.3500000000000002,-0.00968290022611934,False,,False,optimal
pooled_relative_posterior_active_te100bp,benchmark_relative_active,2024-01-15,2024-01-15,2024-01-16,2024-01-01,IEF,6.960754865139256e-17,0.0,6.960754865139256e-17,False,,False,optimal
pooled_relative_posterior_active_te100bp,benchmark_relative_active,2024-01-15,2024-01-15,2024-01-16,2024-01-01,TIP,0.030650395432455835,0.0,0.030650395432455835,False,,False,optimal
pooled_relative_posterior_active_te100bp,benchmark_relative_active,2024-01-15,2024-01-15,2024-01-16,2024-01-01,HYG,0.1395182604733604,0.1487514777418175,-0.009233217268457078,False,,False,optimal
pooled_relative_posterior_active_te100bp,benchmark_relative_active,2024-01-15,2024-01-15,2024-01-16,2024-01-01,BIL,0.02803655932759045,0.0,0.02803655932759045,False,,False,optimal
pooled_relative_posterior_active_te100bp,benchmark_relative_active,2024-01-15,2024-01-15,2024-01-16,2024-01-01,GLD,0.21565800929293705,0.2484932686437334,-0.03283525935079634,False,,False,optimal
pooled_relative_posterior_active_te100bp,benchmark_relative_active,2024-01-15,2024-01-15,2024-01-16,2024-01-01,LQD,0.24581967569977542,0.2527552536144488,-0.006935577914673363,False,,False,optimal
pooled_relative_posterior_active_te100bp,benchmark_relative_active,2024-01-15,2024-01-15,2024-01-16,2024-01-01,AGG,0.0,0.0,0.0,False,,False,optimal
pooled_relative_posterior_active_te100bp,benchmark_relative_active,2024-01-22,2024-01-22,2024-01-22,2024-01-01,SPY,0.34509941750141027,0.3499999999999997,-0.004900582498589434,False,,False,optimal
pooled_relative_posterior_active_te100bp,benchmark_relative_active,2024-01-22,2024-01-22,2024-01-22,2024-01-01,IEF,6.888366772799666e-17,0.0,6.888366772799666e-17,False,,False,optimal
pooled_relative_posterior_active_te100bp,benchmark_relative_active,2024-01-22,2024-01-22,2024-01-22,2024-01-01,TIP,0.030482452250073875,0.0,0.030482452250073875,False,,False,optimal
pooled_relative_posterior_active_te100bp,benchmark_relative_active,2024-01-22,2024-01-22,2024-01-22,2024-01-01,HYG,0.13869318392818342,0.1494665303359053,-0.010773346407721873,False,,False,optimal
pooled_relative_posterior_active_te100bp,benchmark_relative_active,2024-01-22,2024-01-22,2024-01-22,2024-01-01,BIL,0.02802941762016272,0.0,0.02802941762016272,False,,False,optimal
pooled_relative_posterior_active_te100bp,benchmark_relative_active,2024-01-22,2024-01-22,2024-01-22,2024-01-01,GLD,0.2140487980317553,0.2500000000000004,-0.03595120196824508,False,,False,optimal
pooled_relative_posterior_active_te100bp,benchmark_relative_active,2024-01-22,2024-01-22,2024-01-22,2024-01-01,LQD,0.24364673066841433,0.2505334696640945,-0.0068867389956801806,False,,False,optimal
pooled_relative_posterior_active_te100bp,benchmark_relative_active,2024-01-22,2024-01-22,2024-01-22,2024-01-01,AGG,0.0,0.0,0.0,False,,False,optimal
pooled_relative_posterior_active_te100bp,benchmark_relative_active,2024-01-29,2024-01-29,2024-01-29,2024-01-01,SPY,0.34681854070735624,0.35,-0.00318145929264374,False,,False,optimal
pooled_relative_posterior_active_te100bp,benchmark_relative_active,2024-01-29,2024-01-29,2024-01-29,2024-01-01,IEF,6.851304258071586e-17,0.0,6.851304258071586e-17,False,,False,optimal
pooled_relative_posterior_active_te100bp,benchmark_relative_active,2024-01-29,2024-01-29,2024-01-29,2024-01-01,TIP,0.030338177264423314,0.0,0.030338177264423314,False,,False,optimal
pooled_relative_posterior_active_te100bp,benchmark_relative_active,2024-01-29,2024-01-29,2024-01-29,2024-01-01,HYG,0.13921876591169163,0.1499999999999998,-0.010781234088308167,False,,False,optimal
pooled_relative_posterior_active_te100bp,benchmark_relative_active,2024-01-29,2024-01-29,2024-01-29,2024-01-01,BIL,0.027996956166560307,0.0,0.027996956166560307,False,,False,optimal
pooled_relative_posterior_active_te100bp,benchmark_relative_active,2024-01-29,2024-01-29,2024-01-29,2024-01-01,GLD,0.21336350904371895,0.25,-0.03663649095628105,False,,False,optimal
pooled_relative_posterior_active_te100bp,benchmark_relative_active,2024-01-29,2024-01-29,2024-01-29,2024-01-01,LQD,0.24226405090624958,0.25,-0.007735949093750416,False,,False,optimal
pooled_relative_posterior_active_te100bp,benchmark_relative_active,2024-01-29,2024-01-29,2024-01-29,2024-01-01,AGG,0.0,0.0,0.0,False,,False,optimal
pooled_relative_posterior_active_te100bp,benchmark_relative_active,2024-02-05,2024-02-05,2024-02-05,2024-02-01,SPY,0.34943679671712913,0.3499999999999996,-0.0005632032828704614,False,,False,optimal
pooled_relative_posterior_active_te100bp,benchmark_relative_active,2024-02-05,2024-02-05,2024-02-05,2024-02-01,IEF,6.849512800958215e-17,0.0,6.849512800958215e-17,False,,False,optimal
pooled_relative_posterior_active_te100bp,benchmark_relative_active,2024-02-05,2024-02-05,2024-02-05,2024-02-01,TIP,0.030157870170811146,0.0,0.030157870170811146,False,,False,optimal
pooled_relative_posterior_active_te100bp,benchmark_relative_active,2024-02-05,2024-02-05,2024-02-05,2024-02-01,HYG,0.13823901182265425,0.1499999999999994,-0.011760988177345166,False,,False,optimal
pooled_relative_posterior_active_te100bp,benchmark_relative_active,2024-02-05,2024-02-05,2024-02-05,2024-02-01,BIL,0.027856740439868525,0.0,0.027856740439868525,False,,False,optimal
pooled_relative_posterior_active_te100bp,benchmark_relative_active,2024-02-05,2024-02-05,2024-02-05,2024-02-01,GLD,0.2124333956356782,0.2499999999999995,-0.0375666043643213,False,,False,optimal
pooled_relative_posterior_active_te100bp,benchmark_relative_active,2024-02-05,2024-02-05,2024-02-05,2024-02-01,LQD,0.24187618521385873,0.2500000000000012,-0.008123814786142491,False,,False,optimal
pooled_relative_posterior_active_te100bp,benchmark_relative_active,2024-02-05,2024-02-05,2024-02-05,2024-02-01,AGG,0.0,0.0,0.0,False,,False,optimal
pooled_relative_posterior_active_te100bp,benchmark_relative_active,2024-02-12,2024-02-12,2024-02-12,2024-02-01,SPY,0.35,0.3499999999999993,6.661338147750939e-16,False,,False,optimal
pooled_relative_posterior_active_te100bp,benchmark_relative_active,2024-02-12,2024-02-12,2024-02-12,2024-02-01,IEF,5.905078606605206e-17,0.0,5.905078606605206e-17,False,,False,optimal
pooled_relative_posterior_active_te100bp,benchmark_relative_active,2024-02-12,2024-02-12,2024-02-12,2024-02-01,TIP,0.02992091146323761,0.0,0.02992091146323761,False,,False,optimal
pooled_relative_posterior_active_te100bp,benchmark_relative_active,2024-02-12,2024-02-12,2024-02-12,2024-02-01,HYG,0.13824674940909512,0.1500000000000002,-0.011753250590905068,False,,False,optimal
pooled_relative_posterior_active_te100bp,benchmark_relative_active,2024-02-12,2024-02-12,2024-02-12,2024-02-01,BIL,0.027731848741238282,0.0,0.027731848741238282,False,,False,optimal
pooled_relative_posterior_active_te100bp,benchmark_relative_active,2024-02-12,2024-02-12,2024-02-12,2024-02-01,GLD,0.2150180738557688,0.249999999999999,-0.03498192614423021,False,,False,optimal
pooled_relative_posterior_active_te100bp,benchmark_relative_active,2024-02-12,2024-02-12,2024-02-12,2024-02-01,LQD,0.23908241653066029,0.2500000000000014,-0.010917583469341102,False,,False,optimal
pooled_relative_posterior_active_te100bp,benchmark_relative_active,2024-02-12,2024-02-12,2024-02-12,2024-02-01,AGG,0.0,0.0,0.0,False,,False,optimal
pooled_relative_posterior_active_te100bp,benchmark_relative_active,2024-02-19,2024-02-19,2024-02-20,2024-02-01,SPY,0.35,0.3499999999999993,6.661338147750939e-16,False,,False,optimal
pooled_relative_posterior_active_te100bp,benchmark_relative_active,2024-02-19,2024-02-19,2024-02-20,2024-02-01,IEF,7.144547539230778e-17,0.0,7.144547539230778e-17,False,,False,optimal
pooled_relative_posterior_active_te100bp,benchmark_relative_active,2024-02-19,2024-02-19,2024-02-20,2024-02-01,TIP,0.02998624670450224,0.0,0.02998624670450224,False,,False,optimal
pooled_relative_posterior_active_te100bp,benchmark_relative_active,2024-02-19,2024-02-19,2024-02-20,2024-02-01,HYG,0.138029792416728,0.1499999999999993,-0.011970207583271303,False,,False,optimal
pooled_relative_posterior_active_te100bp,benchmark_relative_active,2024-02-19,2024-02-19,2024-02-20,2024-02-01,BIL,0.027866899298571845,0.0,0.027866899298571845,False,,False,optimal
pooled_relative_posterior_active_te100bp,benchmark_relative_active,2024-02-19,2024-02-19,2024-02-20,2024-02-01,GLD,0.21574743629984333,0.2499999999999995,-0.03425256370015617,False,,False,optimal
pooled_relative_posterior_active_te100bp,benchmark_relative_active,2024-02-19,2024-02-19,2024-02-20,2024-02-01,LQD,0.23836962528035438,0.2500000000000016,-0.01163037471964723,False,,False,optimal
pooled_relative_posterior_active_te100bp,benchmark_relative_active,2024-02-19,2024-02-19,2024-02-20,2024-02-01,AGG,0.0,0.0,0.0,False,,False,optimal
pooled_relative_posterior_active_te100bp,benchmark_relative_active,2024-02-26,2024-02-26,2024-02-26,2024-02-01,SPY,0.35,0.3499999999999996,3.885780586188048e-16,False,,False,optimal
pooled_relative_posterior_active_te100bp,benchmark_relative_active,2024-02-26,2024-02-26,2024-02-26,2024-02-01,IEF,7.167080289287569e-17,0.0,7.167080289287569e-17,False,,False,optimal
pooled_relative_posterior_active_te100bp,benchmark_relative_active,2024-02-26,2024-02-26,2024-02-26,2024-02-01,TIP,0.029709837145502155,0.0,0.029709837145502155,False,,False,optimal
pooled_relative_posterior_active_te100bp,benchmark_relative_active,2024-02-26,2024-02-26,2024-02-26,2024-02-01,HYG,0.13758848299052423,0.15,-0.012411517009475764,False,,False,optimal
pooled_relative_posterior_active_te100bp,benchmark_relative_active,2024-02-26,2024-02-26,2024-02-26,2024-02-01,BIL,0.027630705817466544,0.0,0.027630705817466544,False,,False,optimal
pooled_relative_posterior_active_te100bp,benchmark_relative_active,2024-02-26,2024-02-26,2024-02-26,2024-02-01,GLD,0.21839442131507894,0.2499999999999997,-0.031605578684920754,False,,False,optimal
pooled_relative_posterior_active_te100bp,benchmark_relative_active,2024-02-26,2024-02-26,2024-02-26,2024-02-01,LQD,0.23667655273142812,0.2500000000000005,-0.013323447268572375,False,,False,optimal
pooled_relative_posterior_active_te100bp,benchmark_relative_active,2024-02-26,2024-02-26,2024-02-26,2024-02-01,AGG,0.0,0.0,0.0,False,,False,optimal
pooled_relative_posterior_active_te100bp,benchmark_relative_active,2024-03-04,2024-03-04,2024-03-04,2024-03-01,SPY,0.34951113824750596,0.3499999999999994,-0.0004888617524934635,False,,False,optimal
pooled_relative_posterior_active_te100bp,benchmark_relative_active,2024-03-04,2024-03-04,2024-03-04,2024-03-01,IEF,7.138835099512862e-17,0.0,7.138835099512862e-17,False,,False,optimal
pooled_relative_posterior_active_te100bp,benchmark_relative_active,2024-03-04,2024-03-04,2024-03-04,2024-03-01,TIP,0.029648686561379787,0.0,0.029648686561379787,False,,False,optimal
pooled_relative_posterior_active_te100bp,benchmark_relative_active,2024-03-04,2024-03-04,2024-03-04,2024-03-01,HYG,0.1367050906378723,0.1500000000000001,-0.013294909362127794,False,,False,optimal
pooled_relative_posterior_active_te100bp,benchmark_relative_active,2024-03-04,2024-03-04,2024-03-04,2024-03-01,BIL,0.027372687168853865,0.0,0.027372687168853865,False,,False,optimal
pooled_relative_posterior_active_te100bp,benchmark_relative_active,2024-03-04,2024-03-04,2024-03-04,2024-03-01,GLD,0.2220248204633221,0.2499999999999996,-0.027975179536677525,False,,False,optimal
pooled_relative_posterior_active_te100bp,benchmark_relative_active,2024-03-04,2024-03-04,2024-03-04,2024-03-01,LQD,0.23473757692106592,0.2500000000000008,-0.015262423078934856,False,,False,optimal
pooled_relative_posterior_active_te100bp,benchmark_relative_active,2024-03-04,2024-03-04,2024-03-04,2024-03-01,AGG,0.0,0.0,0.0,False,,False,optimal
pooled_relative_posterior_active_te100bp,benchmark_relative_active,2024-03-11,2024-03-11,2024-03-11,2024-03-01,SPY,0.34512472502199865,0.35,-0.004875274978001332,False,,False,optimal
pooled_relative_posterior_active_te100bp,benchmark_relative_active,2024-03-11,2024-03-11,2024-03-11,2024-03-01,IEF,7.139734258841026e-17,0.0,7.139734258841026e-17,False,,False,optimal
pooled_relative_posterior_active_te100bp,benchmark_relative_active,2024-03-11,2024-03-11,2024-03-11,2024-03-01,TIP,0.02949720947065617,0.0,0.02949720947065617,False,,False,optimal
pooled_relative_posterior_active_te100bp,benchmark_relative_active,2024-03-11,2024-03-11,2024-03-11,2024-03-01,HYG,0.13556162518754172,0.1500000000000009,-0.014438374812459187,False,,False,optimal
pooled_relative_posterior_active_te100bp,benchmark_relative_active,2024-03-11,2024-03-11,2024-03-11,2024-03-01,BIL,0.027066222072497752,0.0,0.027066222072497752,False,,False,optimal
pooled_relative_posterior_active_te100bp,benchmark_relative_active,2024-03-11,2024-03-11,2024-03-11,2024-03-01,GLD,0.22782290612513323,0.25,-0.02217709387486677,False,,False,optimal
pooled_relative_posterior_active_te100bp,benchmark_relative_active,2024-03-11,2024-03-11,2024-03-11,2024-03-01,LQD,0.23492731212217244,0.2499999999999991,-0.015072687877826674,False,,False,optimal
pooled_relative_posterior_active_te100bp,benchmark_relative_active,2024-03-11,2024-03-11,2024-03-11,2024-03-01,AGG,0.0,0.0,0.0,False,,False,optimal
pooled_relative_posterior_active_te100bp,benchmark_relative_active,2024-03-18,2024-03-18,2024-03-18,2024-03-01,SPY,0.34752373848769114,0.3499999999999994,-0.0024762615123082865,False,,False,optimal
pooled_relative_posterior_active_te100bp,benchmark_relative_active,2024-03-18,2024-03-18,2024-03-18,2024-03-01,IEF,7.054944903229118e-17,0.0,7.054944903229118e-17,False,,False,optimal
pooled_relative_posterior_active_te100bp,benchmark_relative_active,2024-03-18,2024-03-18,2024-03-18,2024-03-01,TIP,0.029287146899319723,0.0,0.029287146899319723,False,,False,optimal
pooled_relative_posterior_active_te100bp,benchmark_relative_active,2024-03-18,2024-03-18,2024-03-18,2024-03-01,HYG,0.13577896831578085,0.1500000000000001,-0.01422103168421926,False,,False,optimal
pooled_relative_posterior_active_te100bp,benchmark_relative_active,2024-03-18,2024-03-18,2024-03-18,2024-03-01,BIL,0.02722835702596034,0.0,0.02722835702596034,False,,False,optimal
pooled_relative_posterior_active_te100bp,benchmark_relative_active,2024-03-18,2024-03-18,2024-03-18,2024-03-01,GLD,0.2267170889080441,0.249999999999999,-0.023282911091954905,False,,False,optimal
pooled_relative_posterior_active_te100bp,benchmark_relative_active,2024-03-18,2024-03-18,2024-03-18,2024-03-01,LQD,0.23346470036320377,0.2500000000000014,-0.016535299636797618,False,,False,optimal
pooled_relative_posterior_active_te100bp,benchmark_relative_active,2024-03-18,2024-03-18,2024-03-18,2024-03-01,AGG,0.0,0.0,0.0,False,,False,optimal
pooled_relative_posterior_active_te100bp,benchmark_relative_active,2024-03-25,2024-03-25,2024-03-25,2024-03-01,SPY,0.3494457068683105,0.35,-0.0005542931316894761,False,,False,optimal
pooled_relative_posterior_active_te100bp,benchmark_relative_active,2024-03-25,2024-03-25,2024-03-25,2024-03-01,IEF,7.06159012844355e-17,0.0,7.06159012844355e-17,False,,False,optimal
pooled_relative_posterior_active_te100bp,benchmark_relative_active,2024-03-25,2024-03-25,2024-03-25,2024-03-01,TIP,0.029323100669038017,0.0,0.029323100669038017,False,,False,optimal
pooled_relative_posterior_active_te100bp,benchmark_relative_active,2024-03-25,2024-03-25,2024-03-25,2024-03-01,HYG,0.1353905379846158,0.1499999999999996,-0.014609462015383795,False,,False,optimal
pooled_relative_posterior_active_te100bp,benchmark_relative_active,2024-03-25,2024-03-25,2024-03-25,2024-03-01,BIL,0.02702083184514183,0.0,0.02702083184514183,False,,False,optimal
pooled_relative_posterior_active_te100bp,benchmark_relative_active,2024-03-25,2024-03-25,2024-03-25,2024-03-01,GLD,0.22559433306680243,0.2499999999999999,-0.024405666933197456,False,,False,optimal
pooled_relative_posterior_active_te100bp,benchmark_relative_active,2024-03-25,2024-03-25,2024-03-25,2024-03-01,LQD,0.2332254895660914,0.2500000000000004,-0.016774510433908985,False,,False,optimal
pooled_relative_posterior_active_te100bp,benchmark_relative_active,2024-03-25,2024-03-25,2024-03-25,2024-03-01,AGG,0.0,0.0,0.0,False,,False,optimal
pooled_relative_posterior_active_te100bp,benchmark_relative_active,2024-04-01,2024-04-01,2024-04-01,2024-04-01,SPY,0.34879260671132445,0.3499999999999998,-0.0012073932886753624,False,,False,optimal
pooled_relative_posterior_active_te100bp,benchmark_relative_active,2024-04-01,2024-04-01,2024-04-01,2024-04-01,IEF,7.022879741910576e-17,0.0,7.022879741910576e-17,False,,False,optimal
pooled_relative_posterior_active_te100bp,benchmark_relative_active,2024-04-01,2024-04-01,2024-04-01,2024-04-01,TIP,0.029109729605373648,0.0,0.029109729605373648,False,,False,optimal
pooled_relative_posterior_active_te100bp,benchmark_relative_active,2024-04-01,2024-04-01,2024-04-01,2024-04-01,HYG,0.13458709776798686,0.1500000000000011,-0.015412902232014247,False,,False,optimal
pooled_relative_posterior_active_te100bp,benchmark_relative_active,2024-04-01,2024-04-01,2024-04-01,2024-04-01,BIL,0.026819257831025185,0.0,0.026819257831025185,False,,False,optimal
pooled_relative_posterior_active_te100bp,benchmark_relative_active,2024-04-01,2024-04-01,2024-04-01,2024-04-01,GLD,0.2288033803521345,0.2499999999999999,-0.0211966196478654,False,,False,optimal
pooled_relative_posterior_active_te100bp,benchmark_relative_active,2024-04-01,2024-04-01,2024-04-01,2024-04-01,LQD,0.23188792773215533,0.2499999999999991,-0.018112072267843782,False,,False,optimal
pooled_relative_posterior_active_te100bp,benchmark_relative_active,2024-04-01,2024-04-01,2024-04-01,2024-04-01,AGG,0.0,0.0,0.0,False,,False,optimal
pooled_relative_posterior_active_te100bp,benchmark_relative_active,2024-04-08,2024-04-08,2024-04-08,2024-04-01,SPY,0.3450736737699411,0.3499999999999994,-0.004926326230058342,False,,False,optimal
pooled_relative_posterior_active_te100bp,benchmark_relative_active,2024-04-08,2024-04-08,2024-04-08,2024-04-01,IEF,6.956881925753494e-17,0.0,6.956881925753494e-17,False,,False,optimal
pooled_relative_posterior_active_te100bp,benchmark_relative_active,2024-04-08,2024-04-08,2024-04-08,2024-04-01,TIP,0.028993290106282342,0.0,0.028993290106282342,False,,False,optimal
pooled_relative_posterior_active_te100bp,benchmark_relative_active,2024-04-08,2024-04-08,2024-04-08,2024-04-01,HYG,0.1336171557679533,0.1500000000000006,-0.016382844232047306,False,,False,optimal
pooled_relative_posterior_active_te100bp,benchmark_relative_active,2024-04-08,2024-04-08,2024-04-08,2024-04-01,BIL,0.02683314290098624,0.0,0.02683314290098624,False,,False,optimal
pooled_relative_posterior_active_te100bp,benchmark_relative_active,2024-04-08,2024-04-08,2024-04-08,2024-04-01,GLD,0.23580211572847426,0.2500000000000002,-0.014197884271525962,False,,False,optimal
pooled_relative_posterior_active_te100bp,benchmark_relative_active,2024-04-08,2024-04-08,2024-04-08,2024-04-01,LQD,0.22968062172636283,0.2499999999999997,-0.020319378273636862,False,,False,optimal
pooled_relative_posterior_active_te100bp,benchmark_relative_active,2024-04-08,2024-04-08,2024-04-08,2024-04-01,AGG,0.0,0.0,0.0,False,,False,optimal
pooled_relative_posterior_active_te100bp,benchmark_relative_active,2024-04-15,2024-04-15,2024-04-15,2024-04-01,SPY,0.34204615613255,0.3500000000000001,-0.007953843867450072,False,,False,optimal
pooled_relative_posterior_active_te100bp,benchmark_relative_active,2024-04-15,2024-04-15,2024-04-15,2024-04-01,IEF,6.962630174379125e-17,0.0,6.962630174379125e-17,False,,False,optimal
pooled_relative_posterior_active_te100bp,benchmark_relative_active,2024-04-15,2024-04-15,2024-04-15,2024-04-01,TIP,0.029101644794575495,0.0,0.029101644794575495,False,,False,optimal
pooled_relative_posterior_active_te100bp,benchmark_relative_active,2024-04-15,2024-04-15,2024-04-15,2024-04-01,HYG,0.1337909025162549,0.1500000000000003,-0.01620909748374541,False,,False,optimal
pooled_relative_posterior_active_te100bp,benchmark_relative_active,2024-04-15,2024-04-15,2024-04-15,2024-04-01,BIL,0.027047589160734454,0.0,0.027047589160734454,False,,False,optimal
pooled_relative_posterior_active_te100bp,benchmark_relative_active,2024-04-15,2024-04-15,2024-04-15,2024-04-01,GLD,0.23853166004788456,0.2500000000000003,-0.011468339952115714,False,,False,optimal
pooled_relative_posterior_active_te100bp,benchmark_relative_active,2024-04-15,2024-04-15,2024-04-15,2024-04-01,LQD,0.22948204734800065,0.2499999999999992,-0.020517952651998544,False,,False,optimal
pooled_relative_posterior_active_te100bp,benchmark_relative_active,2024-04-15,2024-04-15,2024-04-15,2024-04-01,AGG,0.0,0.0,0.0,False,,False,optimal
pooled_relative_posterior_active_te100bp,benchmark_relative_active,2024-04-22,2024-04-22,2024-04-22,2024-04-01,SPY,0.3326799427992927,0.3499999999999998,-0.017320057200707117,False,,False,optimal
pooled_relative_posterior_active_te100bp,benchmark_relative_active,2024-04-22,2024-04-22,2024-04-22,2024-04-01,IEF,7.049700230099931e-17,0.0,7.049700230099931e-17,False,,False,optimal
pooled_relative_posterior_active_te100bp,benchmark_relative_active,2024-04-22,2024-04-22,2024-04-22,2024-04-01,TIP,0.029460222177562532,0.0,0.029460222177562532,False,,False,optimal
pooled_relative_posterior_active_te100bp,benchmark_relative_active,2024-04-22,2024-04-22,2024-04-22,2024-04-01,HYG,0.13454310494571917,0.1499999999999996,-0.01545689505428044,False,,False,optimal
pooled_relative_posterior_active_te100bp,benchmark_relative_active,2024-04-22,2024-04-22,2024-04-22,2024-04-01,BIL,0.02739480967487352,0.0,0.02739480967487352,False,,False,optimal
pooled_relative_posterior_active_te100bp,benchmark_relative_active,2024-04-22,2024-04-22,2024-04-22,2024-04-01,GLD,0.2447786138975909,0.2499999999999999,-0.0052213861024089925,False,,False,optimal
pooled_relative_posterior_active_te100bp,benchmark_relative_active,2024-04-22,2024-04-22,2024-04-22,2024-04-01,LQD,0.23114330650496112,0.2500000000000006,-0.01885669349503949,False,,False,optimal
pooled_relative_posterior_active_te100bp,benchmark_relative_active,2024-04-22,2024-04-22,2024-04-22,2024-04-01,AGG,0.0,0.0,0.0,False,,False,optimal
pooled_relative_posterior_active_te100bp,benchmark_relative_active,2024-04-29,2024-04-29,2024-04-29,2024-04-01,SPY,0.3367715211591065,0.349999999999999,-0.013228478840892455,False,,False,optimal
pooled_relative_posterior_active_te100bp,benchmark_relative_active,2024-04-29,2024-04-29,2024-04-29,2024-04-01,IEF,6.983850404774854e-17,0.0,6.983850404774854e-17,False,,False,optimal
pooled_relative_posterior_active_te100bp,benchmark_relative_active,2024-04-29,2024-04-29,2024-04-29,2024-04-01,TIP,0.0292631255862618,0.0,0.0292631255862618,False,,False,optimal
pooled_relative_posterior_active_te100bp,benchmark_relative_active,2024-04-29,2024-04-29,2024-04-29,2024-04-01,HYG,0.1342439493565402,0.1499999999999997,-0.0157560506434595,False,,False,optimal
pooled_relative_posterior_active_te100bp,benchmark_relative_active,2024-04-29,2024-04-29,2024-04-29,2024-04-01,BIL,0.027180423165223934,0.0,0.027180423165223934,False,,False,optimal
pooled_relative_posterior_active_te100bp,benchmark_relative_active,2024-04-29,2024-04-29,2024-04-29,2024-04-01,GLD,0.2430071308080135,0.2499999999999998,-0.006992869191986301,False,,False,optimal
pooled_relative_posterior_active_te100bp,benchmark_relative_active,2024-04-29,2024-04-29,2024-04-29,2024-04-01,LQD,0.229533849924854,0.2500000000000014,-0.020466150075147377,False,,False,optimal
pooled_relative_posterior_active_te100bp,benchmark_relative_active,2024-04-29,2024-04-29,2024-04-29,2024-04-01,AGG,0.0,0.0,0.0,False,,False,optimal
pooled_relative_posterior_active_te100bp,benchmark_relative_active,2024-05-06,2024-05-06,2024-05-06,2024-05-01,SPY,0.33691063683879685,0.3499999999999998,-0.01308936316120296,False,,False,optimal
pooled_relative_posterior_active_te100bp,benchmark_relative_active,2024-05-06,2024-05-06,2024-05-06,2024-05-01,IEF,7.049001880190388e-17,0.0,7.049001880190388e-17,False,,False,optimal
pooled_relative_posterior_active_te100bp,benchmark_relative_active,2024-05-06,2024-05-06,2024-05-06,2024-05-01,TIP,0.029396795668618424,0.0,0.029396795668618424,False,,False,optimal
pooled_relative_posterior_active_te100bp,benchmark_relative_active,2024-05-06,2024-05-06,2024-05-06,2024-05-01,HYG,0.13532235564717246,0.1499999999999997,-0.01467764435282723,False,,False,optimal
pooled_relative_posterior_active_te100bp,benchmark_relative_active,2024-05-06,2024-05-06,2024-05-06,2024-05-01,BIL,0.02715394030852837,0.0,0.02715394030852837,False,,False,optimal
pooled_relative_posterior_active_te100bp,benchmark_relative_active,2024-05-06,2024-05-06,2024-05-06,2024-05-01,GLD,0.23910131875071688,0.2472248001608963,-0.008123481410179406,False,,False,optimal
pooled_relative_posterior_active_te100bp,benchmark_relative_active,2024-05-06,2024-05-06,2024-05-06,2024-05-01,LQD,0.232114952786167,0.2527751998391042,-0.020660247052937175,False,,False,optimal
pooled_relative_posterior_active_te100bp,benchmark_relative_active,2024-05-06,2024-05-06,2024-05-06,2024-05-01,AGG,0.0,0.0,0.0,False,,False,optimal
pooled_relative_posterior_active_te100bp,benchmark_relative_active,2024-05-13,2024-05-13,2024-05-13,2024-05-01,SPY,0.33893770934810286,0.3499999999999997,-0.011062290651896844,False,,False,optimal
pooled_relative_posterior_active_te100bp,benchmark_relative_active,2024-05-13,2024-05-13,2024-05-13,2024-05-01,IEF,6.994880144143865e-17,0.0,6.994880144143865e-17,False,,False,optimal
pooled_relative_posterior_active_te100bp,benchmark_relative_active,2024-05-13,2024-05-13,2024-05-13,2024-05-01,TIP,0.029201372815603248,0.0,0.029201372815603248,False,,False,optimal
pooled_relative_posterior_active_te100bp,benchmark_relative_active,2024-05-13,2024-05-13,2024-05-13,2024-05-01,HYG,0.13381355337149564,0.1497028859168818,-0.01588933254538616,False,,False,optimal
pooled_relative_posterior_active_te100bp,benchmark_relative_active,2024-05-13,2024-05-13,2024-05-13,2024-05-01,BIL,0.026966077066736,0.0,0.026966077066736,False,,False,optimal
pooled_relative_posterior_active_te100bp,benchmark_relative_active,2024-05-13,2024-05-13,2024-05-13,2024-05-01,GLD,0.24120263656795973,0.2499999999999998,-0.008797363432040073,False,,False,optimal
pooled_relative_posterior_active_te100bp,benchmark_relative_active,2024-05-13,2024-05-13,2024-05-13,2024-05-01,LQD,0.2298786508301025,0.2502971140831185,-0.020418463253015995,False,,False,optimal
pooled_relative_posterior_active_te100bp,benchmark_relative_active,2024-05-13,2024-05-13,2024-05-13,2024-05-01,AGG,0.0,0.0,0.0,False,,False,optimal
pooled_relative_posterior_active_te100bp,benchmark_relative_active,2024-05-20,2024-05-20,2024-05-20,2024-05-01,SPY,0.33877392040046206,0.3499999999999998,-0.011226079599537753,False,,False,optimal
pooled_relative_posterior_active_te100bp,benchmark_relative_active,2024-05-20,2024-05-20,2024-05-20,2024-05-01,IEF,6.928045942285586e-17,0.0,6.928045942285586e-17,False,,False,optimal
pooled_relative_posterior_active_te100bp,benchmark_relative_active,2024-05-20,2024-05-20,2024-05-20,2024-05-01,TIP,0.028913226153913923,0.0,0.028913226153913923,False,,False,optimal
pooled_relative_posterior_active_te100bp,benchmark_relative_active,2024-05-20,2024-05-20,2024-05-20,2024-05-01,HYG,0.1323852477186061,0.1499999999999995,-0.017614752281393392,False,,False,optimal
pooled_relative_posterior_active_te100bp,benchmark_relative_active,2024-05-20,2024-05-20,2024-05-20,2024-05-01,BIL,0.026625525805036413,0.0,0.026625525805036413,False,,False,optimal
pooled_relative_posterior_active_te100bp,benchmark_relative_active,2024-05-20,2024-05-20,2024-05-20,2024-05-01,GLD,0.2451838415227556,0.2499999999999999,-0.004816158477244287,False,,False,optimal
pooled_relative_posterior_active_te100bp,benchmark_relative_active,2024-05-20,2024-05-20,2024-05-20,2024-05-01,LQD,0.22811823839922596,0.2500000000000006,-0.021881761600774652,False,,False,optimal
pooled_relative_posterior_active_te100bp,benchmark_relative_active,2024-05-20,2024-05-20,2024-05-20,2024-05-01,AGG,0.0,0.0,0.0,False,,False,optimal
pooled_relative_posterior_active_te100bp,benchmark_relative_active,2024-05-27,2024-05-27,2024-05-28,2024-05-01,SPY,0.34183716672814785,0.3499999999999998,-0.008162833271851966,False,,False,optimal
pooled_relative_posterior_active_te100bp,benchmark_relative_active,2024-05-27,2024-05-27,2024-05-28,2024-05-01,IEF,6.984885229763933e-17,0.0,6.984885229763933e-17,False,,False,optimal
pooled_relative_posterior_active_te100bp,benchmark_relative_active,2024-05-27,2024-05-27,2024-05-28,2024-05-01,TIP,0.029170864557853594,0.0,0.029170864557853594,False,,False,optimal
pooled_relative_posterior_active_te100bp,benchmark_relative_active,2024-05-27,2024-05-27,2024-05-28,2024-05-01,HYG,0.13337283648134546,0.1500000000000001,-0.016627163518654647,False,,False,optimal
pooled_relative_posterior_active_te100bp,benchmark_relative_active,2024-05-27,2024-05-27,2024-05-28,2024-05-01,BIL,0.026902175406692805,0.0,0.026902175406692805,False,,False,optimal
pooled_relative_posterior_active_te100bp,benchmark_relative_active,2024-05-27,2024-05-27,2024-05-28,2024-05-01,GLD,0.23875906911276876,0.2479205859506894,-0.00916151683792063,False,,False,optimal
pooled_relative_posterior_active_te100bp,benchmark_relative_active,2024-05-27,2024-05-27,2024-05-28,2024-05-01,LQD,0.2299578877131916,0.2520794140493105,-0.022121526336118913,False,,False,optimal
pooled_relative_posterior_active_te100bp,benchmark_relative_active,2024-05-27,2024-05-27,2024-05-28,2024-05-01,AGG,0.0,0.0,0.0,False,,False,optimal
pooled_relative_posterior_active_te100bp,benchmark_relative_active,2024-06-03,2024-06-03,2024-06-03,2024-06-01,SPY,0.34196043901898804,0.35,-0.00803956098101194,False,,False,optimal
pooled_relative_posterior_active_te100bp,benchmark_relative_active,2024-06-03,2024-06-03,2024-06-03,2024-06-01,IEF,7.013734487231257e-17,0.0,7.013734487231257e-17,False,,False,optimal
pooled_relative_posterior_active_te100bp,benchmark_relative_active,2024-06-03,2024-06-03,2024-06-03,2024-06-01,TIP,0.02937212108675251,0.0,0.02937212108675251,False,,False,optimal
pooled_relative_posterior_active_te100bp,benchmark_relative_active,2024-06-03,2024-06-03,2024-06-03,2024-06-01,HYG,0.1340850277304318,0.1500000000000002,-0.015914972269568395,False,,False,optimal
pooled_relative_posterior_active_te100bp,benchmark_relative_active,2024-06-03,2024-06-03,2024-06-03,2024-06-01,BIL,0.02707755006716199,0.0,0.02707755006716199,False,,False,optimal
pooled_relative_posterior_active_te100bp,benchmark_relative_active,2024-06-03,2024-06-03,2024-06-03,2024-06-01,GLD,0.23671721219678293,0.2469392776156473,-0.010222065418864362,False,,False,optimal
pooled_relative_posterior_active_te100bp,benchmark_relative_active,2024-06-03,2024-06-03,2024-06-03,2024-06-01,LQD,0.23078764989988276,0.2530607223843524,-0.022273072484469636,False,,False,optimal
pooled_relative_posterior_active_te100bp,benchmark_relative_active,2024-06-03,2024-06-03,2024-06-03,2024-06-01,AGG,0.0,0.0,0.0,False,,False,optimal
pooled_relative_posterior_active_te100bp,benchmark_relative_active,2024-06-10,2024-06-10,2024-06-10,2024-06-01,SPY,0.3455758549153103,0.3499999999999993,-0.004424145084689024,False,,False,optimal
pooled_relative_posterior_active_te100bp,benchmark_relative_active,2024-06-10,2024-06-10,2024-06-10,2024-06-01,IEF,7.044391962347509e-17,0.0,7.044391962347509e-17,False,,False,optimal
pooled_relative_posterior_active_te100bp,benchmark_relative_active,2024-06-10,2024-06-10,2024-06-10,2024-06-01,TIP,0.029410844769639025,0.0,0.029410844769639025,False,,False,optimal
pooled_relative_posterior_active_te100bp,benchmark_relative_active,2024-06-10,2024-06-10,2024-06-10,2024-06-01,HYG,0.13427139736712948,0.1499999999999995,-0.015728602632870015,False,,False,optimal
pooled_relative_posterior_active_te100bp,benchmark_relative_active,2024-06-10,2024-06-10,2024-06-10,2024-06-01,BIL,0.027125918579773936,0.0,0.027125918579773936,False,,False,optimal
pooled_relative_posterior_active_te100bp,benchmark_relative_active,2024-06-10,2024-06-10,2024-06-10,2024-06-01,GLD,0.23224314426704726,0.2462680013011421,-0.01402485703409484,False,,False,optimal
pooled_relative_posterior_active_te100bp,benchmark_relative_active,2024-06-10,2024-06-10,2024-06-10,2024-06-01,LQD,0.23137284010109996,0.253731998698859,-0.022359158597759027,False,,False,optimal
pooled_relative_posterior_active_te100bp,benchmark_relative_active,2024-06-10,2024-06-10,2024-06-10,2024-06-01,AGG,0.0,0.0,0.0,False,,False,optimal
pooled_relative_posterior_active_te100bp,benchmark_relative_active,2024-06-17,2024-06-17,2024-06-17,2024-06-01,SPY,0.3471176611320721,0.3500000000000001,-0.0028823388679279915,False,,False,optimal
pooled_relative_posterior_active_te100bp,benchmark_relative_active,2024-06-17,2024-06-17,2024-06-17,2024-06-01,IEF,7.087020446587522e-17,0.0,7.087020446587522e-17,False,,False,optimal
pooled_relative_posterior_active_te100bp,benchmark_relative_active,2024-06-17,2024-06-17,2024-06-17,2024-06-01,TIP,0.029271477489417285,0.0,0.029271477489417285,False,,False,optimal
pooled_relative_posterior_active_te100bp,benchmark_relative_active,2024-06-17,2024-06-17,2024-06-17,2024-06-01,HYG,0.13291620416406386,0.1484311172018844,-0.015514913037820544,False,,False,optimal
pooled_relative_posterior_active_te100bp,benchmark_relative_active,2024-06-17,2024-06-17,2024-06-17,2024-06-01,BIL,0.026794279074518305,0.0,0.026794279074518305,False,,False,optimal
pooled_relative_posterior_active_te100bp,benchmark_relative_active,2024-06-17,2024-06-17,2024-06-17,2024-06-01,GLD,0.23194880329126957,0.2472963411364972,-0.015347537845227632,False,,False,optimal
pooled_relative_posterior_active_te100bp,benchmark_relative_active,2024-06-17,2024-06-17,2024-06-17,2024-06-01,LQD,0.23195157484865875,0.2542725416616182,-0.022320966812959475,False,,False,optimal
pooled_relative_posterior_active_te100bp,benchmark_relative_active,2024-06-17,2024-06-17,2024-06-17,2024-06-01,AGG,0.0,0.0,0.0,False,,False,optimal
pooled_relative_posterior_active_te100bp,benchmark_relative_active,2024-06-24,2024-06-24,2024-06-24,2024-06-01,SPY,0.34836965902588424,0.3499999999999998,-0.0016303409741155739,False,,False,optimal
pooled_relative_posterior_active_te100bp,benchmark_relative_active,2024-06-24,2024-06-24,2024-06-24,2024-06-01,IEF,7.073816606607714e-17,0.0,7.073816606607714e-17,False,,False,optimal
pooled_relative_posterior_active_te100bp,benchmark_relative_active,2024-06-24,2024-06-24,2024-06-24,2024-06-01,TIP,0.029258508821622304,0.0,0.029258508821622304,False,,False,optimal
pooled_relative_posterior_active_te100bp,benchmark_relative_active,2024-06-24,2024-06-24,2024-06-24,2024-06-01,HYG,0.13314744156884936,0.1486835684716041,-0.015536126902754743,False,,False,optimal
pooled_relative_posterior_active_te100bp,benchmark_relative_active,2024-06-24,2024-06-24,2024-06-24,2024-06-01,BIL,0.026705222444456073,0.0,0.026705222444456073,False,,False,optimal
pooled_relative_posterior_active_te100bp,benchmark_relative_active,2024-06-24,2024-06-24,2024-06-24,2024-06-01,GLD,0.23087234455815728,0.2473878352721333,-0.01651549071397601,False,,False,optimal
pooled_relative_posterior_active_te100bp,benchmark_relative_active,2024-06-24,2024-06-24,2024-06-24,2024-06-01,LQD,0.23164682358103078,0.2539285962562627,-0.022281772675231903,False,,False,optimal
pooled_relative_posterior_active_te100bp,benchmark_relative_active,2024-06-24,2024-06-24,2024-06-24,2024-06-01,AGG,0.0,0.0,0.0,False,,False,optimal
pooled_relative_posterior_active_te100bp,benchmark_relative_active,2024-07-01,2024-07-01,2024-07-01,2024-07-01,SPY,0.34951022683552546,0.3499999999999999,-0.0004897731644744607,False,,False,optimal
pooled_relative_posterior_active_te100bp,benchmark_relative_active,2024-07-01,2024-07-01,2024-07-01,2024-07-01,IEF,7.044254162363823e-17,0.0,7.044254162363823e-17,False,,False,optimal
pooled_relative_posterior_active_te100bp,benchmark_relative_active,2024-07-01,2024-07-01,2024-07-01,2024-07-01,TIP,0.029280710982486958,0.0,0.029280710982486958,False,,False,optimal
pooled_relative_posterior_active_te100bp,benchmark_relative_active,2024-07-01,2024-07-01,2024-07-01,2024-07-01,HYG,0.13323047869800758,0.1488140188273128,-0.015583540129305212,False,,False,optimal
pooled_relative_posterior_active_te100bp,benchmark_relative_active,2024-07-01,2024-07-01,2024-07-01,2024-07-01,BIL,0.02681561349653955,0.0,0.02681561349653955,False,,False,optimal
pooled_relative_posterior_active_te100bp,benchmark_relative_active,2024-07-01,2024-07-01,2024-07-01,2024-07-01,GLD,0.2310946886478941,0.2489238167332735,-0.017829128085379398,False,,False,optimal
pooled_relative_posterior_active_te100bp,benchmark_relative_active,2024-07-01,2024-07-01,2024-07-01,2024-07-01,LQD,0.2300682813395462,0.2522621644394138,-0.022193883099867584,False,,False,optimal
pooled_relative_posterior_active_te100bp,benchmark_relative_active,2024-07-01,2024-07-01,2024-07-01,2024-07-01,AGG,0.0,0.0,0.0,False,,False,optimal
pooled_relative_posterior_active_te100bp,benchmark_relative_active,2024-07-08,2024-07-08,2024-07-08,2024-07-01,SPY,0.3493292647577488,0.3499999999999997,-0.0006707352422509194,False,,False,optimal
pooled_relative_posterior_active_te100bp,benchmark_relative_active,2024-07-08,2024-07-08,2024-07-08,2024-07-01,IEF,7.024711308987823e-17,0.0,7.024711308987823e-17,False,,False,optimal
pooled_relative_posterior_active_te100bp,benchmark_relative_active,2024-07-08,2024-07-08,2024-07-08,2024-07-01,TIP,0.0290699194593429,0.0,0.0290699194593429,False,,False,optimal
pooled_relative_posterior_active_te100bp,benchmark_relative_active,2024-07-08,2024-07-08,2024-07-08,2024-07-01,HYG,0.13195267086385473,0.1479300426254453,-0.01597737176159056,False,,False,optimal
pooled_relative_posterior_active_te100bp,benchmark_relative_active,2024-07-08,2024-07-08,2024-07-08,2024-07-01,BIL,0.02638653101187671,0.0,0.02638653101187671,False,,False,optimal
pooled_relative_posterior_active_te100bp,benchmark_relative_active,2024-07-08,2024-07-08,2024-07-08,2024-07-01,GLD,0.2332188359945864,0.2499999999999998,-0.016781164005413407,False,,False,optimal
pooled_relative_posterior_active_te100bp,benchmark_relative_active,2024-07-08,2024-07-08,2024-07-08,2024-07-01,LQD,0.2300427779125905,0.252069957374555,-0.022027179461964502,False,,False,optimal
pooled_relative_posterior_active_te100bp,benchmark_relative_active,2024-07-08,2024-07-08,2024-07-08,2024-07-01,AGG,0.0,0.0,0.0,False,,False,optimal
pooled_relative_posterior_active_te100bp,benchmark_relative_active,2024-07-15,2024-07-15,2024-07-15,2024-07-01,SPY,0.34880220999193795,0.3499999999999999,-0.0011977900080619719,False,,False,optimal
pooled_relative_posterior_active_te100bp,benchmark_relative_active,2024-07-15,2024-07-15,2024-07-15,2024-07-01,IEF,7.017728480226639e-17,0.0,7.017728480226639e-17,False,,False,optimal
pooled_relative_posterior_active_te100bp,benchmark_relative_active,2024-07-15,2024-07-15,2024-07-15,2024-07-01,TIP,0.02894366885361484,0.0,0.02894366885361484,False,,False,optimal
pooled_relative_posterior_active_te100bp,benchmark_relative_active,2024-07-15,2024-07-15,2024-07-15,2024-07-01,HYG,0.13164534156170796,0.148264552370612,-0.01661921080890405,False,,False,optimal
pooled_relative_posterior_active_te100bp,benchmark_relative_active,2024-07-15,2024-07-15,2024-07-15,2024-07-01,BIL,0.02615549494728978,0.0,0.02615549494728978,False,,False,optimal
pooled_relative_posterior_active_te100bp,benchmark_relative_active,2024-07-15,2024-07-15,2024-07-15,2024-07-01,GLD,0.2346239526358678,0.2499999999999999,-0.01537604736413209,False,,False,optimal
pooled_relative_posterior_active_te100bp,benchmark_relative_active,2024-07-15,2024-07-15,2024-07-15,2024-07-01,LQD,0.22982933200958164,0.2517354476293882,-0.02190611561980657,False,,False,optimal
pooled_relative_posterior_active_te100bp,benchmark_relative_active,2024-07-15,2024-07-15,2024-07-15,2024-07-01,AGG,0.0,0.0,0.0,False,,False,optimal
pooled_relative_posterior_active_te100bp,benchmark_relative_active,2024-07-22,2024-07-22,2024-07-22,2024-07-01,SPY,0.3444402584455901,0.3499999999999999,-0.005559741554409803,False,,False,optimal
pooled_relative_posterior_active_te100bp,benchmark_relative_active,2024-07-22,2024-07-22,2024-07-22,2024-07-01,IEF,7.084834682554772e-17,0.0,7.084834682554772e-17,False,,False,optimal
pooled_relative_posterior_active_te100bp,benchmark_relative_active,2024-07-22,2024-07-22,2024-07-22,2024-07-01,TIP,0.02923063746900118,0.0,0.02923063746900118,False,,False,optimal
pooled_relative_posterior_active_te100bp,benchmark_relative_active,2024-07-22,2024-07-22,2024-07-22,2024-07-01,HYG,0.13298454035382315,0.1498080413410327,-0.016823500987209555,False,,False,optimal
pooled_relative_posterior_active_te100bp,benchmark_relative_active,2024-07-22,2024-07-22,2024-07-22,2024-07-01,BIL,0.026464996272416174,0.0,0.026464996272416174,False,,False,optimal
pooled_relative_posterior_active_te100bp,benchmark_relative_active,2024-07-22,2024-07-22,2024-07-22,2024-07-01,GLD,0.23543054668580077,0.2500000000000003,-0.01456945331419951,False,,False,optimal
pooled_relative_posterior_active_te100bp,benchmark_relative_active,2024-07-22,2024-07-22,2024-07-22,2024-07-01,LQD,0.23144902077336854,0.2501919586589671,-0.018742937885598554,False,,False,optimal
pooled_relative_posterior_active_te100bp,benchmark_relative_active,2024-07-22,2024-07-22,2024-07-22,2024-07-01,AGG,0.0,0.0,0.0,False,,False,optimal
pooled_relative_posterior_active_te100bp,benchmark_relative_active,2024-07-29,2024-07-29,2024-07-29,2024-07-01,SPY,0.3412637043008729,0.3500000000000001,-0.008736295699127206,False,,False,optimal
pooled_relative_posterior_active_te100bp,benchmark_relative_active,2024-07-29,2024-07-29,2024-07-29,2024-07-01,IEF,7.153955082880953e-17,0.0,7.153955082880953e-17,False,,False,optimal
pooled_relative_posterior_active_te100bp,benchmark_relative_active,2024-07-29,2024-07-29,2024-07-29,2024-07-01,TIP,0.02944656295161851,0.0,0.02944656295161851,False,,False,optimal
pooled_relative_posterior_active_te100bp,benchmark_relative_active,2024-07-29,2024-07-29,2024-07-29,2024-07-01,HYG,0.13403514025107086,0.1499999999999997,-0.015964859748928834,False,,False,optimal
pooled_relative_posterior_active_te100bp,benchmark_relative_active,2024-07-29,2024-07-29,2024-07-29,2024-07-01,BIL,0.026659333455687242,0.0,0.026659333455687242,False,,False,optimal
pooled_relative_posterior_active_te100bp,benchmark_relative_active,2024-07-29,2024-07-29,2024-07-29,2024-07-01,GLD,0.23591094956256675,0.2500000000000001,-0.01408905043743336,False,,False,optimal
pooled_relative_posterior_active_te100bp,benchmark_relative_active,2024-07-29,2024-07-29,2024-07-29,2024-07-01,LQD,0.2326843094781837,0.25,-0.017315690521816307,False,,False,optimal
pooled_relative_posterior_active_te100bp,benchmark_relative_active,2024-07-29,2024-07-29,2024-07-29,2024-07-01,AGG,0.0,0.0,0.0,False,,False,optimal
pooled_relative_posterior_active_te100bp,benchmark_relative_active,2024-08-05,2024-08-05,2024-08-05,2024-08-01,SPY,0.3329190675964408,0.35,-0.01708093240355918,False,,False,optimal
pooled_relative_posterior_active_te100bp,benchmark_relative_active,2024-08-05,2024-08-05,2024-08-05,2024-08-01,IEF,7.355407743713927e-17,0.0,7.355407743713927e-17,False,,False,optimal
pooled_relative_posterior_active_te100bp,benchmark_relative_active,2024-08-05,2024-08-05,2024-08-05,2024-08-01,TIP,0.029776857533240646,0.0,0.029776857533240646,False,,False,optimal
pooled_relative_posterior_active_te100bp,benchmark_relative_active,2024-08-05,2024-08-05,2024-08-05,2024-08-01,HYG,0.13347580727972197,0.1493817021789808,-0.015905894899258838,False,,False,optimal
pooled_relative_posterior_active_te100bp,benchmark_relative_active,2024-08-05,2024-08-05,2024-08-05,2024-08-01,BIL,0.026674555585790138,0.0,0.026674555585790138,False,,False,optimal
pooled_relative_posterior_active_te100bp,benchmark_relative_active,2024-08-05,2024-08-05,2024-08-05,2024-08-01,GLD,0.2401567864851357,0.2499999999999999,-0.009843213514864196,False,,False,optimal
pooled_relative_posterior_active_te100bp,benchmark_relative_active,2024-08-05,2024-08-05,2024-08-05,2024-08-01,LQD,0.23699692551967078,0.2506182978210191,-0.0136213723013483,False,,False,optimal
pooled_relative_posterior_active_te100bp,benchmark_relative_active,2024-08-05,2024-08-05,2024-08-05,2024-08-01,AGG,0.0,0.0,0.0,False,,False,optimal
pooled_relative_posterior_active_te100bp,benchmark_relative_active,2024-08-12,2024-08-12,2024-08-12,2024-08-01,SPY,0.3404717156672935,0.3499999999999993,-0.009528284332705805,False,,False,optimal
pooled_relative_posterior_active_te100bp,benchmark_relative_active,2024-08-12,2024-08-12,2024-08-12,2024-08-01,IEF,7.093987113945783e-17,0.0,7.093987113945783e-17,False,,False,optimal
pooled_relative_posterior_active_te100bp,benchmark_relative_active,2024-08-12,2024-08-12,2024-08-12,2024-08-01,TIP,0.029092728616156516,0.0,0.029092728616156516,False,,False,optimal
pooled_relative_posterior_active_te100bp,benchmark_relative_active,2024-08-12,2024-08-12,2024-08-12,2024-08-01,HYG,0.13330996915988516,0.1499999999999996,-0.016690030840114445,False,,False,optimal
pooled_relative_posterior_active_te100bp,benchmark_relative_active,2024-08-12,2024-08-12,2024-08-12,2024-08-01,BIL,0.026207004568427745,0.0,0.026207004568427745,False,,False,optimal
pooled_relative_posterior_active_te100bp,benchmark_relative_active,2024-08-12,2024-08-12,2024-08-12,2024-08-01,GLD,0.2400426166944834,0.2499999999999992,-0.009957383305515793,False,,False,optimal
pooled_relative_posterior_active_te100bp,benchmark_relative_active,2024-08-12,2024-08-12,2024-08-12,2024-08-01,LQD,0.23087596529375348,0.2500000000000019,-0.019124034706248405,False,,False,optimal
pooled_relative_posterior_active_te100bp,benchmark_relative_active,2024-08-12,2024-08-12,2024-08-12,2024-08-01,AGG,0.0,0.0,0.0,False,,False,optimal
pooled_relative_posterior_active_te100bp,benchmark_relative_active,2024-08-19,2024-08-19,2024-08-19,2024-08-01,SPY,0.34509921688528333,0.3500000000000003,-0.004900783114716978,False,,False,optimal
pooled_relative_posterior_active_te100bp,benchmark_relative_active,2024-08-19,2024-08-19,2024-08-19,2024-08-01,IEF,6.967713470712798e-17,0.0,6.967713470712798e-17,False,,False,optimal
pooled_relative_posterior_active_te100bp,benchmark_relative_active,2024-08-19,2024-08-19,2024-08-19,2024-08-01,TIP,0.028492466910778363,0.0,0.028492466910778363,False,,False,optimal
pooled_relative_posterior_active_te100bp,benchmark_relative_active,2024-08-19,2024-08-19,2024-08-19,2024-08-01,HYG,0.13155709438714874,0.1500000000000001,-0.018442905612851362,False,,False,optimal
pooled_relative_posterior_active_te100bp,benchmark_relative_active,2024-08-19,2024-08-19,2024-08-19,2024-08-01,BIL,0.0256279394411322,0.0,0.0256279394411322,False,,False,optimal
pooled_relative_posterior_active_te100bp,benchmark_relative_active,2024-08-19,2024-08-19,2024-08-19,2024-08-01,GLD,0.24054841442318264,0.2500000000000002,-0.009451585576817578,False,,False,optimal
pooled_relative_posterior_active_te100bp,benchmark_relative_active,2024-08-19,2024-08-19,2024-08-19,2024-08-01,LQD,0.22867486795247474,0.2499999999999992,-0.021325132047524453,False,,False,optimal
pooled_relative_posterior_active_te100bp,benchmark_relative_active,2024-08-19,2024-08-19,2024-08-19,2024-08-01,AGG,0.0,0.0,0.0,False,,False,optimal
pooled_relative_posterior_active_te100bp,benchmark_relative_active,2024-08-26,2024-08-26,2024-08-26,2024-08-01,SPY,0.34628069012272145,0.3499999999999996,-0.003719309877278143,False,,False,optimal
pooled_relative_posterior_active_te100bp,benchmark_relative_active,2024-08-26,2024-08-26,2024-08-26,2024-08-01,IEF,6.95285449669816e-17,0.0,6.95285449669816e-17,False,,False,optimal
pooled_relative_posterior_active_te100bp,benchmark_relative_active,2024-08-26,2024-08-26,2024-08-26,2024-08-01,TIP,0.028473992610152224,0.0,0.028473992610152224,False,,False,optimal
pooled_relative_posterior_active_te100bp,benchmark_relative_active,2024-08-26,2024-08-26,2024-08-26,2024-08-01,HYG,0.1312449894961485,0.15,-0.018755010503851505,False,,False,optimal
pooled_relative_posterior_active_te100bp,benchmark_relative_active,2024-08-26,2024-08-26,2024-08-26,2024-08-01,BIL,0.025396531682262368,0.0,0.025396531682262368,False,,False,optimal
pooled_relative_posterior_active_te100bp,benchmark_relative_active,2024-08-26,2024-08-26,2024-08-26,2024-08-01,GLD,0.24012981863596722,0.2499999999999997,-0.009870181364032476,False,,False,optimal
pooled_relative_posterior_active_te100bp,benchmark_relative_active,2024-08-26,2024-08-26,2024-08-26,2024-08-01,LQD,0.22847397745274825,0.2500000000000006,-0.02152602254725236,False,,False,optimal
pooled_relative_posterior_active_te100bp,benchmark_relative_active,2024-08-26,2024-08-26,2024-08-26,2024-08-01,AGG,0.0,0.0,0.0,False,,False,optimal
pooled_relative_posterior_active_te100bp,benchmark_relative_active,2024-09-02,2024-09-02,2024-09-03,2024-09-01,SPY,0.34818041437797764,0.3499999999999993,-0.0018195856220216688,False,,False,optimal
pooled_relative_posterior_active_te100bp,benchmark_relative_active,2024-09-02,2024-09-02,2024-09-03,2024-09-01,IEF,6.921337582630864e-17,0.0,6.921337582630864e-17,False,,False,optimal
pooled_relative_posterior_active_te100bp,benchmark_relative_active,2024-09-02,2024-09-02,2024-09-03,2024-09-01,TIP,0.02842465023535328,0.0,0.02842465023535328,False,,False,optimal
pooled_relative_posterior_active_te100bp,benchmark_relative_active,2024-09-02,2024-09-02,2024-09-03,2024-09-01,HYG,0.13176485949132496,0.1500000000000001,-0.01823514050867514,False,,False,optimal
pooled_relative_posterior_active_te100bp,benchmark_relative_active,2024-09-02,2024-09-02,2024-09-03,2024-09-01,BIL,0.02553545296589521,0.0,0.02553545296589521,False,,False,optimal
pooled_relative_posterior_active_te100bp,benchmark_relative_active,2024-09-02,2024-09-02,2024-09-03,2024-09-01,GLD,0.23900100351673453,0.2499999999999996,-0.010998996483265078,False,,False,optimal
pooled_relative_posterior_active_te100bp,benchmark_relative_active,2024-09-02,2024-09-02,2024-09-03,2024-09-01,LQD,0.2270936194127143,0.2500000000000008,-0.022906380587286473,False,,False,optimal
pooled_relative_posterior_active_te100bp,benchmark_relative_active,2024-09-02,2024-09-02,2024-09-03,2024-09-01,AGG,0.0,0.0,0.0,False,,False,optimal
pooled_relative_posterior_active_te100bp,benchmark_relative_active,2024-09-09,2024-09-09,2024-09-09,2024-09-01,SPY,0.33892703616093506,0.3499999999999997,-0.011072963839064642,False,,False,optimal
pooled_relative_posterior_active_te100bp,benchmark_relative_active,2024-09-09,2024-09-09,2024-09-09,2024-09-01,IEF,7.063537305535808e-17,0.0,7.063537305535808e-17,False,,False,optimal
pooled_relative_posterior_active_te100bp,benchmark_relative_active,2024-09-09,2024-09-09,2024-09-09,2024-09-01,TIP,0.028796271897765367,0.0,0.028796271897765367,False,,False,optimal
pooled_relative_posterior_active_te100bp,benchmark_relative_active,2024-09-09,2024-09-09,2024-09-09,2024-09-01,HYG,0.13347494740361038,0.1500000000000001,-0.016525052596389728,False,,False,optimal
pooled_relative_posterior_active_te100bp,benchmark_relative_active,2024-09-09,2024-09-09,2024-09-09,2024-09-01,BIL,0.025804437161934386,0.0,0.025804437161934386,False,,False,optimal
pooled_relative_posterior_active_te100bp,benchmark_relative_active,2024-09-09,2024-09-09,2024-09-09,2024-09-01,GLD,0.24156937515277674,0.2499999999999998,-0.008430624847223067,False,,False,optimal
pooled_relative_posterior_active_te100bp,benchmark_relative_active,2024-09-09,2024-09-09,2024-09-09,2024-09-01,LQD,0.23142793222297806,0.2500000000000003,-0.018572067777022222,False,,False,optimal
pooled_relative_posterior_active_te100bp,benchmark_relative_active,2024-09-09,2024-09-09,2024-09-09,2024-09-01,AGG,0.0,0.0,0.0,False,,False,optimal
pooled_relative_posterior_active_te100bp,benchmark_relative_active,2024-09-16,2024-09-16,2024-09-16,2024-09-01,SPY,0.3424466965325235,0.3500000000000006,-0.007553303467477068,False,,False,optimal
pooled_relative_posterior_active_te100bp,benchmark_relative_active,2024-09-16,2024-09-16,2024-09-16,2024-09-01,IEF,6.957245552946876e-17,0.0,6.957245552946876e-17,False,,False,optimal
pooled_relative_posterior_active_te100bp,benchmark_relative_active,2024-09-16,2024-09-16,2024-09-16,2024-09-01,TIP,0.028423057814943833,0.0,0.028423057814943833,False,,False,optimal
pooled_relative_posterior_active_te100bp,benchmark_relative_active,2024-09-16,2024-09-16,2024-09-16,2024-09-01,HYG,0.13128885711271238,0.1500000000000005,-0.018711142887288118,False,,False,optimal
pooled_relative_posterior_active_te100bp,benchmark_relative_active,2024-09-16,2024-09-16,2024-09-16,2024-09-01,BIL,0.02528913775163589,0.0,0.02528913775163589,False,,False,optimal
pooled_relative_posterior_active_te100bp,benchmark_relative_active,2024-09-16,2024-09-16,2024-09-16,2024-09-01,GLD,0.2441279680335613,0.2499999999999995,-0.005872031966438207,False,,False,optimal
pooled_relative_posterior_active_te100bp,benchmark_relative_active,2024-09-16,2024-09-16,2024-09-16,2024-09-01,LQD,0.22842428275462306,0.2499999999999994,-0.021575717245376325,False,,False,optimal
pooled_relative_posterior_active_te100bp,benchmark_relative_active,2024-09-16,2024-09-16,2024-09-16,2024-09-01,AGG,0.0,0.0,0.0,False,,False,optimal
pooled_relative_posterior_active_te100bp,benchmark_relative_active,2024-09-23,2024-09-23,2024-09-23,2024-09-01,SPY,0.34411251538915877,0.3499999999999995,-0.00588748461084071,False,,False,optimal
pooled_relative_posterior_active_te100bp,benchmark_relative_active,2024-09-23,2024-09-23,2024-09-23,2024-09-01,IEF,6.850193779686224e-17,0.0,6.850193779686224e-17,False,,False,optimal
pooled_relative_posterior_active_te100bp,benchmark_relative_active,2024-09-23,2024-09-23,2024-09-23,2024-09-01,TIP,0.028119811810317034,0.0,0.028119811810317034,False,,False,optimal
pooled_relative_posterior_active_te100bp,benchmark_relative_active,2024-09-23,2024-09-23,2024-09-23,2024-09-01,HYG,0.1309966461286921,0.1499999999999999,-0.019003353871307804,False,,False,optimal
pooled_relative_posterior_active_te100bp,benchmark_relative_active,2024-09-23,2024-09-23,2024-09-23,2024-09-01,BIL,0.025071558963079593,0.0,0.025071558963079593,False,,False,optimal
pooled_relative_posterior_active_te100bp,benchmark_relative_active,2024-09-23,2024-09-23,2024-09-23,2024-09-01,GLD,0.24528787615249742,0.2499999999999996,-0.004712123847502192,False,,False,optimal
pooled_relative_posterior_active_te100bp,benchmark_relative_active,2024-09-23,2024-09-23,2024-09-23,2024-09-01,LQD,0.22641159155625498,0.2500000000000008,-0.023588408443745795,False,,False,optimal
pooled_relative_posterior_active_te100bp,benchmark_relative_active,2024-09-23,2024-09-23,2024-09-23,2024-09-01,AGG,0.0,0.0,0.0,False,,False,optimal
pooled_relative_posterior_active_te100bp,benchmark_relative_active,2024-09-30,2024-09-30,2024-09-30,2024-09-01,SPY,0.3440178808187464,0.35,-0.005982119181253576,False,,False,optimal
pooled_relative_posterior_active_te100bp,benchmark_relative_active,2024-09-30,2024-09-30,2024-09-30,2024-09-01,IEF,6.834594846786085e-17,0.0,6.834594846786085e-17,False,,False,optimal
pooled_relative_posterior_active_te100bp,benchmark_relative_active,2024-09-30,2024-09-30,2024-09-30,2024-09-01,TIP,0.02805298061266954,0.0,0.02805298061266954,False,,False,optimal
pooled_relative_posterior_active_te100bp,benchmark_relative_active,2024-09-30,2024-09-30,2024-09-30,2024-09-01,HYG,0.1307491061887459,0.1499999999999992,-0.019250893811253278,False,,False,optimal
pooled_relative_posterior_active_te100bp,benchmark_relative_active,2024-09-30,2024-09-30,2024-09-30,2024-09-01,BIL,0.024987577787113514,0.0,0.024987577787113514,False,,False,optimal
pooled_relative_posterior_active_te100bp,benchmark_relative_active,2024-09-30,2024-09-30,2024-09-30,2024-09-01,GLD,0.24636773929406686,0.25,-0.0036322607059331435,False,,False,optimal
pooled_relative_posterior_active_te100bp,benchmark_relative_active,2024-09-30,2024-09-30,2024-09-30,2024-09-01,LQD,0.22582471529865783,0.2500000000000006,-0.02417528470134278,False,,False,optimal
pooled_relative_posterior_active_te100bp,benchmark_relative_active,2024-09-30,2024-09-30,2024-09-30,2024-09-01,AGG,0.0,0.0,0.0,False,,False,optimal
pooled_relative_posterior_active_te100bp,benchmark_relative_active,2024-10-07,2024-10-07,2024-10-07,2024-10-01,SPY,0.3458229964700137,0.3499999999999998,-0.004177003529986123,False,,False,optimal
pooled_relative_posterior_active_te100bp,benchmark_relative_active,2024-10-07,2024-10-07,2024-10-07,2024-10-01,IEF,6.730679888494663e-17,0.0,6.730679888494663e-17,False,,False,optimal
pooled_relative_posterior_active_te100bp,benchmark_relative_active,2024-10-07,2024-10-07,2024-10-07,2024-10-01,TIP,0.027810313817290454,0.0,0.027810313817290454,False,,False,optimal
pooled_relative_posterior_active_te100bp,benchmark_relative_active,2024-10-07,2024-10-07,2024-10-07,2024-10-01,HYG,0.1302916101936075,0.1500000000000005,-0.019708389806393,False,,False,optimal
pooled_relative_posterior_active_te100bp,benchmark_relative_active,2024-10-07,2024-10-07,2024-10-07,2024-10-01,BIL,0.025025881285321294,0.0,0.025025881285321294,False,,False,optimal
pooled_relative_posterior_active_te100bp,benchmark_relative_active,2024-10-07,2024-10-07,2024-10-07,2024-10-01,GLD,0.24759487042797448,0.2499999999999999,-0.002405129572025405,False,,False,optimal
pooled_relative_posterior_active_te100bp,benchmark_relative_active,2024-10-07,2024-10-07,2024-10-07,2024-10-01,LQD,0.2234543278057925,0.2499999999999998,-0.02654567219420731,False,,False,optimal
pooled_relative_posterior_active_te100bp,benchmark_relative_active,2024-10-07,2024-10-07,2024-10-07,2024-10-01,AGG,0.0,0.0,0.0,False,,False,optimal
pooled_relative_posterior_active_te100bp,benchmark_relative_active,2024-10-14,2024-10-14,2024-10-14,2024-10-01,SPY,0.3489405673403408,0.3499999999999995,-0.0010594326596586878,False,,False,optimal
pooled_relative_posterior_active_te100bp,benchmark_relative_active,2024-10-14,2024-10-14,2024-10-14,2024-10-01,IEF,6.676919800092648e-17,0.0,6.676919800092648e-17,False,,False,optimal
pooled_relative_posterior_active_te100bp,benchmark_relative_active,2024-10-14,2024-10-14,2024-10-14,2024-10-01,TIP,0.027728513069195566,0.0,0.027728513069195566,False,,False,optimal
pooled_relative_posterior_active_te100bp,benchmark_relative_active,2024-10-14,2024-10-14,2024-10-14,2024-10-01,HYG,0.1296368867840896,0.1500000000000001,-0.0203631132159105,False,,False,optimal
pooled_relative_posterior_active_te100bp,benchmark_relative_active,2024-10-14,2024-10-14,2024-10-14,2024-10-01,BIL,0.02491249834687065,0.0,0.02491249834687065,False,,False,optimal
pooled_relative_posterior_active_te100bp,benchmark_relative_active,2024-10-14,2024-10-14,2024-10-14,2024-10-01,GLD,0.24715393171796896,0.2499999999999989,-0.0028460682820299343,False,,False,optimal
pooled_relative_posterior_active_te100bp,benchmark_relative_active,2024-10-14,2024-10-14,2024-10-14,2024-10-01,LQD,0.2216276027415346,0.2500000000000015,-0.028372397258466908,False,,False,optimal
pooled_relative_posterior_active_te100bp,benchmark_relative_active,2024-10-14,2024-10-14,2024-10-14,2024-10-01,AGG,0.0,0.0,0.0,False,,False,optimal
pooled_relative_posterior_active_te100bp,benchmark_relative_active,2024-10-21,2024-10-21,2024-10-21,2024-10-01,SPY,0.3478117101038336,0.3499999999999995,-0.0021882898961658737,False,,False,optimal
pooled_relative_posterior_active_te100bp,benchmark_relative_active,2024-10-21,2024-10-21,2024-10-21,2024-10-01,IEF,8.199068525536955e-17,0.0,8.199068525536955e-17,False,,False,optimal
pooled_relative_posterior_active_te100bp,benchmark_relative_active,2024-10-21,2024-10-21,2024-10-21,2024-10-01,TIP,0.027544965954925768,0.0,0.027544965954925768,False,,False,optimal
pooled_relative_posterior_active_te100bp,benchmark_relative_active,2024-10-21,2024-10-21,2024-10-21,2024-10-01,HYG,0.12876304115921106,0.1500000000000001,-0.02123695884078905,False,,False,optimal
pooled_relative_posterior_active_te100bp,benchmark_relative_active,2024-10-21,2024-10-21,2024-10-21,2024-10-01,BIL,0.025746195009834466,0.0,0.025746195009834466,False,,False,optimal
pooled_relative_posterior_active_te100bp,benchmark_relative_active,2024-10-21,2024-10-21,2024-10-21,2024-10-01,GLD,0.25,0.2499999999999995,4.996003610813204e-16,False,,False,optimal
pooled_relative_posterior_active_te100bp,benchmark_relative_active,2024-10-21,2024-10-21,2024-10-21,2024-10-01,LQD,0.220134087772195,0.2500000000000008,-0.02986591222780577,False,,False,optimal
pooled_relative_posterior_active_te100bp,benchmark_relative_active,2024-10-21,2024-10-21,2024-10-21,2024-10-01,AGG,0.0,0.0,0.0,False,,False,optimal
pooled_relative_posterior_active_te100bp,benchmark_relative_active,2024-10-28,2024-10-28,2024-10-28,2024-10-01,SPY,0.34663910936518166,0.3499999999999995,-0.0033608906348178147,False,,False,optimal
pooled_relative_posterior_active_te100bp,benchmark_relative_active,2024-10-28,2024-10-28,2024-10-28,2024-10-01,IEF,6.360943187133244e-17,0.0,6.360943187133244e-17,False,,False,optimal
pooled_relative_posterior_active_te100bp,benchmark_relative_active,2024-10-28,2024-10-28,2024-10-28,2024-10-01,TIP,0.02747963286979465,0.0,0.02747963286979465,False,,False,optimal
pooled_relative_posterior_active_te100bp,benchmark_relative_active,2024-10-28,2024-10-28,2024-10-28,2024-10-01,HYG,0.12877765400136457,0.1499999999999997,-0.021222345998635123,False,,False,optimal
pooled_relative_posterior_active_te100bp,benchmark_relative_active,2024-10-28,2024-10-28,2024-10-28,2024-10-01,BIL,0.02769569051069926,0.0,0.02769569051069926,False,,False,optimal
pooled_relative_posterior_active_te100bp,benchmark_relative_active,2024-10-28,2024-10-28,2024-10-28,2024-10-01,GLD,0.24999999999999994,0.2499999999999995,4.440892098500626e-16,False,,False,optimal
pooled_relative_posterior_active_te100bp,benchmark_relative_active,2024-10-28,2024-10-28,2024-10-28,2024-10-01,LQD,0.2194079132529597,0.2500000000000012,-0.03059208674704153,False,,False,optimal
pooled_relative_posterior_active_te100bp,benchmark_relative_active,2024-10-28,2024-10-28,2024-10-28,2024-10-01,AGG,0.0,0.0,0.0,False,,False,optimal
pooled_relative_posterior_active_te100bp,benchmark_relative_active,2024-11-04,2024-11-04,2024-11-04,2024-11-01,SPY,0.3432023802056483,0.3499999999999995,-0.006797619794351173,False,,False,optimal
pooled_relative_posterior_active_te100bp,benchmark_relative_active,2024-11-04,2024-11-04,2024-11-04,2024-11-01,IEF,6.303573127400345e-17,0.0,6.303573127400345e-17,False,,False,optimal
pooled_relative_posterior_active_te100bp,benchmark_relative_active,2024-11-04,2024-11-04,2024-11-04,2024-11-01,TIP,0.027664321279527827,0.0,0.027664321279527827,False,,False,optimal
pooled_relative_posterior_active_te100bp,benchmark_relative_active,2024-11-04,2024-11-04,2024-11-04,2024-11-01,HYG,0.129627140350584,0.1499999999999994,-0.020372859649415404,False,,False,optimal
pooled_relative_posterior_active_te100bp,benchmark_relative_active,2024-11-04,2024-11-04,2024-11-04,2024-11-01,BIL,0.029983959230647273,0.0,0.029983959230647273,False,,False,optimal
pooled_relative_posterior_active_te100bp,benchmark_relative_active,2024-11-04,2024-11-04,2024-11-04,2024-11-01,GLD,0.25,0.2499999999999996,3.885780586188048e-16,False,,False,optimal
pooled_relative_posterior_active_te100bp,benchmark_relative_active,2024-11-04,2024-11-04,2024-11-04,2024-11-01,LQD,0.21952219893359257,0.2500000000000015,-0.030477801066408933,False,,False,optimal
pooled_relative_posterior_active_te100bp,benchmark_relative_active,2024-11-04,2024-11-04,2024-11-04,2024-11-01,AGG,0.0,0.0,0.0,False,,False,optimal
pooled_relative_posterior_active_te100bp,benchmark_relative_active,2024-11-11,2024-11-11,2024-11-11,2024-11-01,SPY,0.35,0.3500000000000005,-4.996003610813204e-16,False,,False,optimal
pooled_relative_posterior_active_te100bp,benchmark_relative_active,2024-11-11,2024-11-11,2024-11-11,2024-11-01,IEF,6.383329215184279e-17,0.0,6.383329215184279e-17,False,,False,optimal
pooled_relative_posterior_active_te100bp,benchmark_relative_active,2024-11-11,2024-11-11,2024-11-11,2024-11-01,TIP,0.027362745294611718,0.0,0.027362745294611718,False,,False,optimal
pooled_relative_posterior_active_te100bp,benchmark_relative_active,2024-11-11,2024-11-11,2024-11-11,2024-11-01,HYG,0.12902513404399252,0.1500000000000002,-0.02097486595600767,False,,False,optimal
pooled_relative_posterior_active_te100bp,benchmark_relative_active,2024-11-11,2024-11-11,2024-11-11,2024-11-01,BIL,0.029590072591344437,0.0,0.029590072591344437,False,,False,optimal
pooled_relative_posterior_active_te100bp,benchmark_relative_active,2024-11-11,2024-11-11,2024-11-11,2024-11-01,GLD,0.24568470299369163,0.2500000000000004,-0.004315297006308755,False,,False,optimal
pooled_relative_posterior_active_te100bp,benchmark_relative_active,2024-11-11,2024-11-11,2024-11-11,2024-11-01,LQD,0.21833734507635968,0.2499999999999989,-0.031662654923639205,False,,False,optimal
pooled_relative_posterior_active_te100bp,benchmark_relative_active,2024-11-11,2024-11-11,2024-11-11,2024-11-01,AGG,0.0,0.0,0.0,False,,False,optimal
pooled_relative_posterior_active_te100bp,benchmark_relative_active,2024-11-18,2024-11-18,2024-11-18,2024-11-01,SPY,0.3481610688983293,0.35,-0.00183893110167066,False,,False,optimal
pooled_relative_posterior_active_te100bp,benchmark_relative_active,2024-11-18,2024-11-18,2024-11-18,2024-11-01,IEF,6.460668813682608e-17,0.0,6.460668813682608e-17,False,,False,optimal
pooled_relative_posterior_active_te100bp,benchmark_relative_active,2024-11-18,2024-11-18,2024-11-18,2024-11-01,TIP,0.027658680901547054,0.0,0.027658680901547054,False,,False,optimal
pooled_relative_posterior_active_te100bp,benchmark_relative_active,2024-11-18,2024-11-18,2024-11-18,2024-11-01,HYG,0.1305055560811992,0.1500000000000005,-0.019494443918801285,False,,False,optimal
pooled_relative_posterior_active_te100bp,benchmark_relative_active,2024-11-18,2024-11-18,2024-11-18,2024-11-01,BIL,0.030160888565189434,0.0,0.030160888565189434,False,,False,optimal
pooled_relative_posterior_active_te100bp,benchmark_relative_active,2024-11-18,2024-11-18,2024-11-18,2024-11-01,GLD,0.24392968008719096,0.2484526510560488,-0.004522970968857842,False,,False,optimal
pooled_relative_posterior_active_te100bp,benchmark_relative_active,2024-11-18,2024-11-18,2024-11-18,2024-11-01,LQD,0.2195841254665439,0.2515473489439506,-0.03196322347740668,False,,False,optimal
pooled_relative_posterior_active_te100bp,benchmark_relative_active,2024-11-18,2024-11-18,2024-11-18,2024-11-01,AGG,0.0,0.0,0.0,False,,False,optimal
pooled_relative_posterior_active_te100bp,benchmark_relative_active,2024-11-25,2024-11-25,2024-11-25,2024-11-01,SPY,0.3480902758121465,0.3500000000000001,-0.0019097241878535676,False,,False,optimal
pooled_relative_posterior_active_te100bp,benchmark_relative_active,2024-11-25,2024-11-25,2024-11-25,2024-11-01,IEF,6.380403916998637e-17,0.0,6.380403916998637e-17,False,,False,optimal
pooled_relative_posterior_active_te100bp,benchmark_relative_active,2024-11-25,2024-11-25,2024-11-25,2024-11-01,TIP,0.027307824330968095,0.0,0.027307824330968095,False,,False,optimal
pooled_relative_posterior_active_te100bp,benchmark_relative_active,2024-11-25,2024-11-25,2024-11-25,2024-11-01,HYG,0.12880001451915446,0.1499999999999999,-0.02119998548084545,False,,False,optimal
pooled_relative_posterior_active_te100bp,benchmark_relative_active,2024-11-25,2024-11-25,2024-11-25,2024-11-01,BIL,0.02970702113232638,0.0,0.02970702113232638,False,,False,optimal
pooled_relative_posterior_active_te100bp,benchmark_relative_active,2024-11-25,2024-11-25,2024-11-25,2024-11-01,GLD,0.2494405522474591,0.2500000000000001,-0.0005594477525410202,False,,False,optimal
pooled_relative_posterior_active_te100bp,benchmark_relative_active,2024-11-25,2024-11-25,2024-11-25,2024-11-01,LQD,0.21665431195794532,0.2499999999999998,-0.03334568804205448,False,,False,optimal
pooled_relative_posterior_active_te100bp,benchmark_relative_active,2024-11-25,2024-11-25,2024-11-25,2024-11-01,AGG,0.0,0.0,0.0,False,,False,optimal
pooled_relative_posterior_active_te100bp,benchmark_relative_active,2024-12-02,2024-12-02,2024-12-02,2024-12-01,SPY,0.3478588685610431,0.35,-0.002141131438956889,False,,False,optimal
pooled_relative_posterior_active_te100bp,benchmark_relative_active,2024-12-02,2024-12-02,2024-12-02,2024-12-01,IEF,6.393129571652236e-17,0.0,6.393129571652236e-17,False,,False,optimal
pooled_relative_posterior_active_te100bp,benchmark_relative_active,2024-12-02,2024-12-02,2024-12-02,2024-12-01,TIP,0.0272728194935614,0.0,0.0272728194935614,False,,False,optimal
pooled_relative_posterior_active_te100bp,benchmark_relative_active,2024-12-02,2024-12-02,2024-12-02,2024-12-01,HYG,0.12858127084180399,0.1497067576830648,-0.02112548684126081,False,,False,optimal
pooled_relative_posterior_active_te100bp,benchmark_relative_active,2024-12-02,2024-12-02,2024-12-02,2024-12-01,BIL,0.02955731857253689,0.0,0.02955731857253689,False,,False,optimal
pooled_relative_posterior_active_te100bp,benchmark_relative_active,2024-12-02,2024-12-02,2024-12-02,2024-12-01,GLD,0.24936152876128231,0.2498565533705219,-0.000495024609239586,False,,False,optimal
pooled_relative_posterior_active_te100bp,benchmark_relative_active,2024-12-02,2024-12-02,2024-12-02,2024-12-01,LQD,0.21736819376977234,0.2504366889464133,-0.033068495176640955,False,,False,optimal
pooled_relative_posterior_active_te100bp,benchmark_relative_active,2024-12-02,2024-12-02,2024-12-02,2024-12-01,AGG,0.0,0.0,0.0,False,,False,optimal
pooled_relative_posterior_active_te100bp,benchmark_relative_active,2024-12-09,2024-12-09,2024-12-09,2024-12-01,SPY,0.34992847050959036,0.3499999999999998,-7.152949040944989e-05,False,,False,optimal
pooled_relative_posterior_active_te100bp,benchmark_relative_active,2024-12-09,2024-12-09,2024-12-09,2024-12-01,IEF,6.424460946181622e-17,0.0,6.424460946181622e-17,False,,False,optimal
pooled_relative_posterior_active_te100bp,benchmark_relative_active,2024-12-09,2024-12-09,2024-12-09,2024-12-01,TIP,0.027362440373493363,0.0,0.027362440373493363,False,,False,optimal
pooled_relative_posterior_active_te100bp,benchmark_relative_active,2024-12-09,2024-12-09,2024-12-09,2024-12-01,HYG,0.12826813396070558,0.149351249598093,-0.021083115637387434,False,,False,optimal
pooled_relative_posterior_active_te100bp,benchmark_relative_active,2024-12-09,2024-12-09,2024-12-09,2024-12-01,BIL,0.029522205018609388,0.0,0.029522205018609388,False,,False,optimal
pooled_relative_posterior_active_te100bp,benchmark_relative_active,2024-12-09,2024-12-09,2024-12-09,2024-12-01,GLD,0.2473105209419974,0.2499202722072224,-0.002609751265225002,False,,False,optimal
pooled_relative_posterior_active_te100bp,benchmark_relative_active,2024-12-09,2024-12-09,2024-12-09,2024-12-01,LQD,0.21760822919560396,0.2507284781946847,-0.033120248999080726,False,,False,optimal
pooled_relative_posterior_active_te100bp,benchmark_relative_active,2024-12-09,2024-12-09,2024-12-09,2024-12-01,AGG,0.0,0.0,0.0,False,,False,optimal
pooled_relative_posterior_active_te100bp,benchmark_relative_active,2024-12-16,2024-12-16,2024-12-16,2024-12-01,SPY,0.35,0.3499999999999992,7.771561172376096e-16,False,,False,optimal
pooled_relative_posterior_active_te100bp,benchmark_relative_active,2024-12-16,2024-12-16,2024-12-16,2024-12-01,IEF,6.241434149579875e-17,0.0,6.241434149579875e-17,False,,False,optimal
pooled_relative_posterior_active_te100bp,benchmark_relative_active,2024-12-16,2024-12-16,2024-12-16,2024-12-01,TIP,0.027363129782387627,0.0,0.027363129782387627,False,,False,optimal
pooled_relative_posterior_active_te100bp,benchmark_relative_active,2024-12-16,2024-12-16,2024-12-16,2024-12-01,HYG,0.1285847728553805,0.15,-0.021415227144619492,False,,False,optimal
pooled_relative_posterior_active_te100bp,benchmark_relative_active,2024-12-16,2024-12-16,2024-12-16,2024-12-01,BIL,0.029803697475805357,0.0,0.029803697475805357,False,,False,optimal
pooled_relative_posterior_active_te100bp,benchmark_relative_active,2024-12-16,2024-12-16,2024-12-16,2024-12-01,GLD,0.2483708114892746,0.2499999999999994,-0.0016291885107247994,False,,False,optimal
pooled_relative_posterior_active_te100bp,benchmark_relative_active,2024-12-16,2024-12-16,2024-12-16,2024-12-01,LQD,0.21587758839715188,0.2500000000000011,-0.034122411602849234,False,,False,optimal
pooled_relative_posterior_active_te100bp,benchmark_relative_active,2024-12-16,2024-12-16,2024-12-16,2024-12-01,AGG,0.0,0.0,0.0,False,,False,optimal
pooled_relative_posterior_active_te100bp,benchmark_relative_active,2024-12-23,2024-12-23,2024-12-23,2024-12-01,SPY,0.3478833897662677,0.3499999999999996,-0.002116610233731886,False,,False,optimal
pooled_relative_posterior_active_te100bp,benchmark_relative_active,2024-12-23,2024-12-23,2024-12-23,2024-12-01,IEF,6.274406437098117e-17,0.0,6.274406437098117e-17,False,,False,optimal
pooled_relative_posterior_active_te100bp,benchmark_relative_active,2024-12-23,2024-12-23,2024-12-23,2024-12-01,TIP,0.027490701799239944,0.0,0.027490701799239944,False,,False,optimal
pooled_relative_posterior_active_te100bp,benchmark_relative_active,2024-12-23,2024-12-23,2024-12-23,2024-12-01,HYG,0.1296539785857318,0.1500000000000001,-0.020346021414268306,False,,False,optimal
pooled_relative_posterior_active_te100bp,benchmark_relative_active,2024-12-23,2024-12-23,2024-12-23,2024-12-01,BIL,0.030286629356712145,0.0,0.030286629356712145,False,,False,optimal
pooled_relative_posterior_active_te100bp,benchmark_relative_active,2024-12-23,2024-12-23,2024-12-23,2024-12-01,GLD,0.24881947237488336,0.2500000000000002,-0.0011805276251168617,False,,False,optimal
pooled_relative_posterior_active_te100bp,benchmark_relative_active,2024-12-23,2024-12-23,2024-12-23,2024-12-01,LQD,0.21586582811716498,0.25,-0.03413417188283502,False,,False,optimal
pooled_relative_posterior_active_te100bp,benchmark_relative_active,2024-12-23,2024-12-23,2024-12-23,2024-12-01,AGG,0.0,0.0,0.0,False,,False,optimal
pooled_relative_posterior_active_te100bp,benchmark_relative_active,2024-12-30,2024-12-30,2024-12-30,2024-12-01,SPY,0.34984667388496477,0.3500000000000002,-0.0001533261150354348,False,,False,optimal
pooled_relative_posterior_active_te100bp,benchmark_relative_active,2024-12-30,2024-12-30,2024-12-30,2024-12-01,IEF,6.234977354903767e-17,0.0,6.234977354903767e-17,False,,False,optimal
pooled_relative_posterior_active_te100bp,benchmark_relative_active,2024-12-30,2024-12-30,2024-12-30,2024-12-01,TIP,0.027420913796627342,0.0,0.027420913796627342,False,,False,optimal
pooled_relative_posterior_active_te100bp,benchmark_relative_active,2024-12-30,2024-12-30,2024-12-30,2024-12-01,HYG,0.12931821151122608,0.1500000000000005,-0.020681788488774416,False,,False,optimal
pooled_relative_posterior_active_te100bp,benchmark_relative_active,2024-12-30,2024-12-30,2024-12-30,2024-12-01,BIL,0.030273148756333978,0.0,0.030273148756333978,False,,False,optimal
pooled_relative_posterior_active_te100bp,benchmark_relative_active,2024-12-30,2024-12-30,2024-12-30,2024-12-01,GLD,0.2482853544028558,0.2499999999999998,-0.0017146455971440155,False,,False,optimal
pooled_relative_posterior_active_te100bp,benchmark_relative_active,2024-12-30,2024-12-30,2024-12-30,2024-12-01,LQD,0.21485569764799192,0.2499999999999994,-0.03514430235200747,False,,False,optimal
pooled_relative_posterior_active_te100bp,benchmark_relative_active,2024-12-30,2024-12-30,2024-12-30,2024-12-01,AGG,0.0,0.0,0.0,False,,False,optimal
pooled_relative_posterior_active_te100bp,benchmark_relative_active,2025-01-06,2025-01-06,2025-01-06,2025-01-01,SPY,0.3499999999999999,0.3499999999999985,1.4432899320127035e-15,False,,False,optimal
pooled_relative_posterior_active_te100bp,benchmark_relative_active,2025-01-06,2025-01-06,2025-01-06,2025-01-01,IEF,4.444892358759605e-17,0.0,4.444892358759605e-17,False,,False,optimal
pooled_relative_posterior_active_te100bp,benchmark_relative_active,2025-01-06,2025-01-06,2025-01-06,2025-01-01,TIP,0.02723108620533319,0.0,0.02723108620533319,False,,False,optimal
pooled_relative_posterior_active_te100bp,benchmark_relative_active,2025-01-06,2025-01-06,2025-01-06,2025-01-01,HYG,0.12934696001285675,0.150000000000001,-0.02065303998714424,False,,False,optimal
pooled_relative_posterior_active_te100bp,benchmark_relative_active,2025-01-06,2025-01-06,2025-01-06,2025-01-01,BIL,0.030411957148642383,0.0,0.030411957148642383,False,,False,optimal
pooled_relative_posterior_active_te100bp,benchmark_relative_active,2025-01-06,2025-01-06,2025-01-06,2025-01-01,GLD,0.24999999999999994,0.2499999999999993,6.38378239159465e-16,False,,False,optimal
pooled_relative_posterior_active_te100bp,benchmark_relative_active,2025-01-06,2025-01-06,2025-01-06,2025-01-01,LQD,0.21300999663316764,0.250000000000001,-0.03699000336683336,False,,False,optimal
pooled_relative_posterior_active_te100bp,benchmark_relative_active,2025-01-06,2025-01-06,2025-01-06,2025-01-01,AGG,0.0,0.0,0.0,False,,False,optimal
pooled_relative_posterior_active_te100bp,benchmark_relative_active,2025-01-13,2025-01-13,2025-01-13,2025-01-01,SPY,0.34295711064073614,0.3499999999999997,-0.00704288935926356,False,,False,optimal
pooled_relative_posterior_active_te100bp,benchmark_relative_active,2025-01-13,2025-01-13,2025-01-13,2025-01-01,IEF,1.1067625286988525e-17,0.0,1.1067625286988525e-17,False,,False,optimal
pooled_relative_posterior_active_te100bp,benchmark_relative_active,2025-01-13,2025-01-13,2025-01-13,2025-01-01,TIP,0.027362105346377914,0.0,0.027362105346377914,False,,False,optimal
pooled_relative_posterior_active_te100bp,benchmark_relative_active,2025-01-13,2025-01-13,2025-01-13,2025-01-01,HYG,0.12916975709352008,0.1499999999999998,-0.020830242906479723,False,,False,optimal
pooled_relative_posterior_active_te100bp,benchmark_relative_active,2025-01-13,2025-01-13,2025-01-13,2025-01-01,BIL,0.03836769881408457,0.0,0.03836769881408457,False,,False,optimal
pooled_relative_posterior_active_te100bp,benchmark_relative_active,2025-01-13,2025-01-13,2025-01-13,2025-01-01,GLD,0.25,0.2499999999999997,3.0531133177191805e-16,False,,False,optimal
pooled_relative_posterior_active_te100bp,benchmark_relative_active,2025-01-13,2025-01-13,2025-01-13,2025-01-01,LQD,0.21214332810528133,0.2500000000000005,-0.03785667189471917,False,,False,optimal
pooled_relative_posterior_active_te100bp,benchmark_relative_active,2025-01-13,2025-01-13,2025-01-13,2025-01-01,AGG,0.0,0.0,0.0,False,,False,optimal
pooled_relative_posterior_active_te100bp,benchmark_relative_active,2025-01-20,2025-01-20,2025-01-21,2025-01-01,SPY,0.3487328213784556,0.3500000000000003,-0.0012671786215446845,False,,False,optimal
pooled_relative_posterior_active_te100bp,benchmark_relative_active,2025-01-20,2025-01-20,2025-01-21,2025-01-01,IEF,1.0982263802432635e-17,0.0,1.0982263802432635e-17,False,,False,optimal
pooled_relative_posterior_active_te100bp,benchmark_relative_active,2025-01-20,2025-01-20,2025-01-21,2025-01-01,TIP,0.027019215843686138,0.0,0.027019215843686138,False,,False,optimal
pooled_relative_posterior_active_te100bp,benchmark_relative_active,2025-01-20,2025-01-20,2025-01-21,2025-01-01,HYG,0.12811535806112284,0.1499999999999993,-0.02188464193887646,False,,False,optimal
pooled_relative_posterior_active_te100bp,benchmark_relative_active,2025-01-20,2025-01-20,2025-01-21,2025-01-01,BIL,0.03762280102644452,0.0,0.03762280102644452,False,,False,optimal
pooled_relative_posterior_active_te100bp,benchmark_relative_active,2025-01-20,2025-01-20,2025-01-21,2025-01-01,GLD,0.24784559022453795,0.2500000000000003,-0.0021544097754623293,False,,False,optimal
pooled_relative_posterior_active_te100bp,benchmark_relative_active,2025-01-20,2025-01-20,2025-01-21,2025-01-01,LQD,0.21066421346575293,0.2499999999999999,-0.039335786534246964,False,,False,optimal
pooled_relative_posterior_active_te100bp,benchmark_relative_active,2025-01-20,2025-01-20,2025-01-21,2025-01-01,AGG,0.0,0.0,0.0,False,,False,optimal
pooled_relative_posterior_active_te100bp,benchmark_relative_active,2025-01-27,2025-01-27,2025-01-27,2025-01-01,SPY,0.35,0.3499999999999996,3.885780586188048e-16,False,,False,optimal
pooled_relative_posterior_active_te100bp,benchmark_relative_active,2025-01-27,2025-01-27,2025-01-27,2025-01-01,IEF,1.249085149912819e-17,0.0,1.249085149912819e-17,False,,False,optimal
pooled_relative_posterior_active_te100bp,benchmark_relative_active,2025-01-27,2025-01-27,2025-01-27,2025-01-01,TIP,0.026846032130545826,0.0,0.026846032130545826,False,,False,optimal
pooled_relative_posterior_active_te100bp,benchmark_relative_active,2025-01-27,2025-01-27,2025-01-27,2025-01-01,HYG,0.12732812113733266,0.1499999999999998,-0.02267187886266714,False,,False,optimal
pooled_relative_posterior_active_te100bp,benchmark_relative_active,2025-01-27,2025-01-27,2025-01-27,2025-01-01,BIL,0.03735042402010126,0.0,0.03735042402010126,False,,False,optimal
pooled_relative_posterior_active_te100bp,benchmark_relative_active,2025-01-27,2025-01-27,2025-01-27,2025-01-01,GLD,0.2496875823620366,0.2499999999999997,-0.0003124176379631083,False,,False,optimal
pooled_relative_posterior_active_te100bp,benchmark_relative_active,2025-01-27,2025-01-27,2025-01-27,2025-01-01,LQD,0.20878784034998374,0.2500000000000006,-0.04121215965001687,False,,False,optimal
pooled_relative_posterior_active_te100bp,benchmark_relative_active,2025-01-27,2025-01-27,2025-01-27,2025-01-01,AGG,0.0,0.0,0.0,False,,False,optimal
pooled_relative_posterior_active_te100bp,benchmark_relative_active,2025-02-03,2025-02-03,2025-02-03,2025-02-01,SPY,0.35,0.3499999999999998,1.6653345369377348e-16,False,,False,optimal
pooled_relative_posterior_active_te100bp,benchmark_relative_active,2025-02-03,2025-02-03,2025-02-03,2025-02-01,IEF,1.3241958312663636e-17,0.0,1.3241958312663636e-17,False,,False,optimal
pooled_relative_posterior_active_te100bp,benchmark_relative_active,2025-02-03,2025-02-03,2025-02-03,2025-02-01,TIP,0.02664901916320014,0.0,0.02664901916320014,False,,False,optimal
pooled_relative_posterior_active_te100bp,benchmark_relative_active,2025-02-03,2025-02-03,2025-02-03,2025-02-01,HYG,0.12633254468827546,0.1500000000000014,-0.023667455311725955,False,,False,optimal
pooled_relative_posterior_active_te100bp,benchmark_relative_active,2025-02-03,2025-02-03,2025-02-03,2025-02-01,BIL,0.04035847725283453,0.0,0.04035847725283453,False,,False,optimal
pooled_relative_posterior_active_te100bp,benchmark_relative_active,2025-02-03,2025-02-03,2025-02-03,2025-02-01,GLD,0.25,0.2499999999999999,1.1102230246251565e-16,False,,False,optimal
pooled_relative_posterior_active_te100bp,benchmark_relative_active,2025-02-03,2025-02-03,2025-02-03,2025-02-01,LQD,0.20665995889568997,0.2499999999999988,-0.043340041104308835,False,,False,optimal
pooled_relative_posterior_active_te100bp,benchmark_relative_active,2025-02-03,2025-02-03,2025-02-03,2025-02-01,AGG,0.0,0.0,0.0,False,,False,optimal
pooled_relative_posterior_active_te100bp,benchmark_relative_active,2025-02-10,2025-02-10,2025-02-10,2025-02-01,SPY,0.35,0.3499999999999988,1.1657341758564144e-15,False,,False,optimal
pooled_relative_posterior_active_te100bp,benchmark_relative_active,2025-02-10,2025-02-10,2025-02-10,2025-02-01,IEF,0.0,0.0,0.0,False,,False,optimal
pooled_relative_posterior_active_te100bp,benchmark_relative_active,2025-02-10,2025-02-10,2025-02-10,2025-02-01,TIP,0.02635079653441715,0.0,0.02635079653441715,False,,False,optimal
pooled_relative_posterior_active_te100bp,benchmark_relative_active,2025-02-10,2025-02-10,2025-02-10,2025-02-01,HYG,0.12544526466000006,0.1500000000000027,-0.02455473534000263,False,,False,optimal
pooled_relative_posterior_active_te100bp,benchmark_relative_active,2025-02-10,2025-02-10,2025-02-10,2025-02-01,BIL,0.0431367049383778,0.0,0.0431367049383778,False,,False,optimal
pooled_relative_posterior_active_te100bp,benchmark_relative_active,2025-02-10,2025-02-10,2025-02-10,2025-02-01,GLD,0.25,0.249999999999999,9.992007221626409e-16,False,,False,optimal
pooled_relative_posterior_active_te100bp,benchmark_relative_active,2025-02-10,2025-02-10,2025-02-10,2025-02-01,LQD,0.20506723386720505,0.2499999999999995,-0.044932766132794455,False,,False,optimal
pooled_relative_posterior_active_te100bp,benchmark_relative_active,2025-02-10,2025-02-10,2025-02-10,2025-02-01,AGG,0.0,0.0,0.0,False,,False,optimal
pooled_relative_posterior_active_te100bp,benchmark_relative_active,2025-02-17,2025-02-17,2025-02-18,2025-02-01,SPY,0.35000000000000003,0.3500000000000001,-5.551115123125783e-17,False,,False,optimal
pooled_relative_posterior_active_te100bp,benchmark_relative_active,2025-02-17,2025-02-17,2025-02-18,2025-02-01,IEF,5.288209656607404e-19,0.0,5.288209656607404e-19,False,,False,optimal
pooled_relative_posterior_active_te100bp,benchmark_relative_active,2025-02-17,2025-02-17,2025-02-18,2025-02-01,TIP,0.026278491185728947,0.0,0.026278491185728947,False,,False,optimal
pooled_relative_posterior_active_te100bp,benchmark_relative_active,2025-02-17,2025-02-17,2025-02-18,2025-02-01,HYG,0.12544708865913815,0.1499737756578432,-0.024526686998705055,False,,False,optimal
pooled_relative_posterior_active_te100bp,benchmark_relative_active,2025-02-17,2025-02-17,2025-02-18,2025-02-01,BIL,0.043085830070487316,0.0,0.043085830070487316,False,,False,optimal
pooled_relative_posterior_active_te100bp,benchmark_relative_active,2025-02-17,2025-02-17,2025-02-18,2025-02-01,GLD,0.25000000000000006,0.2499256470917231,7.43529082769534e-05,False,,False,optimal
pooled_relative_posterior_active_te100bp,benchmark_relative_active,2025-02-17,2025-02-17,2025-02-18,2025-02-01,LQD,0.20518859008464563,0.2501005772504334,-0.04491198716578776,False,,False,optimal
pooled_relative_posterior_active_te100bp,benchmark_relative_active,2025-02-17,2025-02-17,2025-02-18,2025-02-01,AGG,0.0,0.0,0.0,False,,False,optimal
pooled_relative_posterior_active_te100bp,benchmark_relative_active,2025-02-24,2025-02-24,2025-02-24,2025-02-01,SPY,0.3452944825205996,0.3499999999999999,-0.004705517479400345,False,,False,optimal
pooled_relative_posterior_active_te100bp,benchmark_relative_active,2025-02-24,2025-02-24,2025-02-24,2025-02-01,IEF,0.0,0.0,0.0,False,,False,optimal
pooled_relative_posterior_active_te100bp,benchmark_relative_active,2025-02-24,2025-02-24,2025-02-24,2025-02-01,TIP,0.02652213263244182,0.0,0.02652213263244182,False,,False,optimal
pooled_relative_posterior_active_te100bp,benchmark_relative_active,2025-02-24,2025-02-24,2025-02-24,2025-02-01,HYG,0.12585933172722352,0.1499999999999999,-0.02414066827277639,False,,False,optimal
pooled_relative_posterior_active_te100bp,benchmark_relative_active,2025-02-24,2025-02-24,2025-02-24,2025-02-01,BIL,0.045438296793719794,0.0,0.045438296793719794,False,,False,optimal
pooled_relative_posterior_active_te100bp,benchmark_relative_active,2025-02-24,2025-02-24,2025-02-24,2025-02-01,GLD,0.24999999999999994,0.25,-5.551115123125783e-17,False,,False,optimal
pooled_relative_posterior_active_te100bp,benchmark_relative_active,2025-02-24,2025-02-24,2025-02-24,2025-02-01,LQD,0.20688575632601522,0.2500000000000002,-0.043114243673985,False,,False,optimal
pooled_relative_posterior_active_te100bp,benchmark_relative_active,2025-02-24,2025-02-24,2025-02-24,2025-02-01,AGG,0.0,0.0,0.0,False,,False,optimal
pooled_relative_posterior_active_te100bp,benchmark_relative_active,2025-03-03,2025-03-03,2025-03-03,2025-03-01,SPY,0.3436977361595532,0.35,-0.006302263840446798,False,,False,optimal
pooled_relative_posterior_active_te100bp,benchmark_relative_active,2025-03-03,2025-03-03,2025-03-03,2025-03-01,IEF,0.0,0.0,0.0,False,,False,optimal
pooled_relative_posterior_active_te100bp,benchmark_relative_active,2025-03-03,2025-03-03,2025-03-03,2025-03-01,TIP,0.027108982860054358,0.0,0.027108982860054358,False,,False,optimal
pooled_relative_posterior_active_te100bp,benchmark_relative_active,2025-03-03,2025-03-03,2025-03-03,2025-03-01,HYG,0.12766318822317493,0.1500000000000003,-0.022336811776825366,False,,False,optimal
pooled_relative_posterior_active_te100bp,benchmark_relative_active,2025-03-03,2025-03-03,2025-03-03,2025-03-01,BIL,0.045849945735902876,0.0,0.045849945735902876,False,,False,optimal
pooled_relative_posterior_active_te100bp,benchmark_relative_active,2025-03-03,2025-03-03,2025-03-03,2025-03-01,GLD,0.244529616818179,0.2449011804396941,-0.0003715636215151086,False,,False,optimal
pooled_relative_posterior_active_te100bp,benchmark_relative_active,2025-03-03,2025-03-03,2025-03-03,2025-03-01,LQD,0.2111505302031357,0.2550988195603054,-0.043948289357169684,False,,False,optimal
pooled_relative_posterior_active_te100bp,benchmark_relative_active,2025-03-03,2025-03-03,2025-03-03,2025-03-01,AGG,0.0,0.0,0.0,False,,False,optimal
pooled_relative_posterior_active_te100bp,benchmark_relative_active,2025-03-10,2025-03-10,2025-03-10,2025-03-01,SPY,0.335505196916394,0.3499999999999995,-0.014494803083605456,False,,False,optimal
pooled_relative_posterior_active_te100bp,benchmark_relative_active,2025-03-10,2025-03-10,2025-03-10,2025-03-01,IEF,0.0,0.0,0.0,False,,False,optimal
pooled_relative_posterior_active_te100bp,benchmark_relative_active,2025-03-10,2025-03-10,2025-03-10,2025-03-01,TIP,0.027170321147506026,0.0,0.027170321147506026,False,,False,optimal
pooled_relative_posterior_active_te100bp,benchmark_relative_active,2025-03-10,2025-03-10,2025-03-10,2025-03-01,HYG,0.128615563847999,0.1499999999999999,-0.02138443615200092,False,,False,optimal
pooled_relative_posterior_active_te100bp,benchmark_relative_active,2025-03-10,2025-03-10,2025-03-10,2025-03-01,BIL,0.04655487699645948,0.0,0.04655487699645948,False,,False,optimal
pooled_relative_posterior_active_te100bp,benchmark_relative_active,2025-03-10,2025-03-10,2025-03-10,2025-03-01,GLD,0.25,0.2499999999999995,4.996003610813204e-16,False,,False,optimal
pooled_relative_posterior_active_te100bp,benchmark_relative_active,2025-03-10,2025-03-10,2025-03-10,2025-03-01,LQD,0.2121540410916416,0.250000000000001,-0.0378459589083594,False,,False,optimal
pooled_relative_posterior_active_te100bp,benchmark_relative_active,2025-03-10,2025-03-10,2025-03-10,2025-03-01,AGG,0.0,0.0,0.0,False,,False,optimal
pooled_relative_posterior_active_te100bp,benchmark_relative_active,2025-03-17,2025-03-17,2025-03-17,2025-03-01,SPY,0.33207688245472555,0.3500000000000004,-0.01792311754527487,False,,False,optimal
pooled_relative_posterior_active_te100bp,benchmark_relative_active,2025-03-17,2025-03-17,2025-03-17,2025-03-01,IEF,3.992526166596038e-18,0.0,3.992526166596038e-18,False,,False,optimal
pooled_relative_posterior_active_te100bp,benchmark_relative_active,2025-03-17,2025-03-17,2025-03-17,2025-03-01,TIP,0.030143953574846234,0.0,0.030143953574846234,False,,False,optimal
pooled_relative_posterior_active_te100bp,benchmark_relative_active,2025-03-17,2025-03-17,2025-03-17,2025-03-01,HYG,0.127702561194504,0.1499999999999996,-0.022297438805495617,False,,False,optimal
pooled_relative_posterior_active_te100bp,benchmark_relative_active,2025-03-17,2025-03-17,2025-03-17,2025-03-01,BIL,0.05,0.0,0.05,False,,False,optimal
pooled_relative_posterior_active_te100bp,benchmark_relative_active,2025-03-17,2025-03-17,2025-03-17,2025-03-01,GLD,0.25,0.2499999999999995,4.996003610813204e-16,False,,False,optimal
pooled_relative_posterior_active_te100bp,benchmark_relative_active,2025-03-17,2025-03-17,2025-03-17,2025-03-01,LQD,0.21007660277592416,0.2500000000000003,-0.03992339722407612,False,,False,optimal
pooled_relative_posterior_active_te100bp,benchmark_relative_active,2025-03-17,2025-03-17,2025-03-17,2025-03-01,AGG,0.0,0.0,0.0,False,,False,optimal
pooled_relative_posterior_active_te100bp,benchmark_relative_active,2025-03-24,2025-03-24,2025-03-24,2025-03-01,SPY,0.3318246742380961,0.3500000000000001,-0.018175325761904004,False,,False,optimal
pooled_relative_posterior_active_te100bp,benchmark_relative_active,2025-03-24,2025-03-24,2025-03-24,2025-03-01,IEF,8.805942463074723e-18,0.0,8.805942463074723e-18,False,,False,optimal
pooled_relative_posterior_active_te100bp,benchmark_relative_active,2025-03-24,2025-03-24,2025-03-24,2025-03-01,TIP,0.031053688228359834,0.0,0.031053688228359834,False,,False,optimal
pooled_relative_posterior_active_te100bp,benchmark_relative_active,2025-03-24,2025-03-24,2025-03-24,2025-03-01,HYG,0.1274854882179972,0.1500000000000003,-0.022514511782003088,False,,False,optimal
pooled_relative_posterior_active_te100bp,benchmark_relative_active,2025-03-24,2025-03-24,2025-03-24,2025-03-01,BIL,0.04999999999999995,0.0,0.04999999999999995,False,,False,optimal
pooled_relative_posterior_active_te100bp,benchmark_relative_active,2025-03-24,2025-03-24,2025-03-24,2025-03-01,GLD,0.25,0.2499999999999996,3.885780586188048e-16,False,,False,optimal
pooled_relative_posterior_active_te100bp,benchmark_relative_active,2025-03-24,2025-03-24,2025-03-24,2025-03-01,LQD,0.20963614931554692,0.2499999999999998,-0.04036385068445289,False,,False,optimal
pooled_relative_posterior_active_te100bp,benchmark_relative_active,2025-03-24,2025-03-24,2025-03-24,2025-03-01,AGG,0.0,0.0,0.0,False,,False,optimal
pooled_relative_posterior_active_te100bp,benchmark_relative_active,2025-03-31,2025-03-31,2025-03-31,2025-03-01,SPY,0.32473563035133585,0.35,-0.02526436964866413,False,,False,optimal
pooled_relative_posterior_active_te100bp,benchmark_relative_active,2025-03-31,2025-03-31,2025-03-31,2025-03-01,IEF,1.0494571699387006e-16,0.0,1.0494571699387006e-16,False,,False,optimal
pooled_relative_posterior_active_te100bp,benchmark_relative_active,2025-03-31,2025-03-31,2025-03-31,2025-03-01,TIP,0.037666583151359796,0.0,0.037666583151359796,False,,False,optimal
pooled_relative_posterior_active_te100bp,benchmark_relative_active,2025-03-31,2025-03-31,2025-03-31,2025-03-01,HYG,0.1271607754194033,0.1497584846003193,-0.022597709180915998,False,,False,optimal
pooled_relative_posterior_active_te100bp,benchmark_relative_active,2025-03-31,2025-03-31,2025-03-31,2025-03-01,BIL,0.05000000000000001,0.0,0.05000000000000001,False,,False,optimal
pooled_relative_posterior_active_te100bp,benchmark_relative_active,2025-03-31,2025-03-31,2025-03-31,2025-03-01,GLD,0.25000000000000006,0.2500000000000005,-4.440892098500626e-16,False,,False,optimal
pooled_relative_posterior_active_te100bp,benchmark_relative_active,2025-03-31,2025-03-31,2025-03-31,2025-03-01,LQD,0.21043701107790097,0.2502415153996802,-0.03980450432177923,False,,False,optimal
pooled_relative_posterior_active_te100bp,benchmark_relative_active,2025-03-31,2025-03-31,2025-03-31,2025-03-01,AGG,0.0,0.0,0.0,False,,False,optimal
pooled_relative_posterior_active_te100bp,benchmark_relative_active,2025-04-07,2025-04-07,2025-04-07,2025-04-01,SPY,0.30904217273907103,0.3500000000000002,-0.04095782726092917,False,,False,optimal
pooled_relative_posterior_active_te100bp,benchmark_relative_active,2025-04-07,2025-04-07,2025-04-07,2025-04-01,IEF,1.035402603824217e-16,0.0,1.035402603824217e-16,False,,False,optimal
pooled_relative_posterior_active_te100bp,benchmark_relative_active,2025-04-07,2025-04-07,2025-04-07,2025-04-01,TIP,0.04277355415777077,0.0,0.04277355415777077,False,,False,optimal
pooled_relative_posterior_active_te100bp,benchmark_relative_active,2025-04-07,2025-04-07,2025-04-07,2025-04-01,HYG,0.12936001482387627,0.1499999999999998,-0.020639985176123532,False,,False,optimal
pooled_relative_posterior_active_te100bp,benchmark_relative_active,2025-04-07,2025-04-07,2025-04-07,2025-04-01,BIL,0.049999999999999975,0.0,0.049999999999999975,False,,False,optimal
pooled_relative_posterior_active_te100bp,benchmark_relative_active,2025-04-07,2025-04-07,2025-04-07,2025-04-01,GLD,0.25,0.2500000000000001,-1.1102230246251565e-16,False,,False,optimal
pooled_relative_posterior_active_te100bp,benchmark_relative_active,2025-04-07,2025-04-07,2025-04-07,2025-04-01,LQD,0.2188242582792819,0.2499999999999998,-0.03117574172071791,False,,False,optimal
pooled_relative_posterior_active_te100bp,benchmark_relative_active,2025-04-07,2025-04-07,2025-04-07,2025-04-01,AGG,0.0,0.0,0.0,False,,False,optimal
pooled_relative_posterior_active_te100bp,benchmark_relative_active,2025-04-14,2025-04-14,2025-04-14,2025-04-01,SPY,0.32408293800589855,0.3500000000000002,-0.025917061994101653,False,,False,optimal
pooled_relative_posterior_active_te100bp,benchmark_relative_active,2025-04-14,2025-04-14,2025-04-14,2025-04-01,IEF,3.8972553866963905e-17,0.0,3.8972553866963905e-17,False,,False,optimal
pooled_relative_posterior_active_te100bp,benchmark_relative_active,2025-04-14,2025-04-14,2025-04-14,2025-04-01,TIP,0.04022780791334085,0.0,0.04022780791334085,False,,False,optimal
pooled_relative_posterior_active_te100bp,benchmark_relative_active,2025-04-14,2025-04-14,2025-04-14,2025-04-01,HYG,0.13040261405774448,0.1499999999999991,-0.01959738594225463,False,,False,optimal
pooled_relative_posterior_active_te100bp,benchmark_relative_active,2025-04-14,2025-04-14,2025-04-14,2025-04-01,BIL,0.05,0.0,0.05,False,,False,optimal
pooled_relative_posterior_active_te100bp,benchmark_relative_active,2025-04-14,2025-04-14,2025-04-14,2025-04-01,GLD,0.25,0.2499999999999997,3.0531133177191805e-16,False,,False,optimal
pooled_relative_posterior_active_te100bp,benchmark_relative_active,2025-04-14,2025-04-14,2025-04-14,2025-04-01,LQD,0.205286640023016,0.2500000000000008,-0.04471335997698478,False,,False,optimal
pooled_relative_posterior_active_te100bp,benchmark_relative_active,2025-04-14,2025-04-14,2025-04-14,2025-04-01,AGG,0.0,0.0,0.0,False,,False,optimal
pooled_relative_posterior_active_te100bp,benchmark_relative_active,2025-04-21,2025-04-21,2025-04-21,2025-04-01,SPY,0.3132846046617052,0.3500000000000001,-0.036715395338294876,False,,False,optimal
pooled_relative_posterior_active_te100bp,benchmark_relative_active,2025-04-21,2025-04-21,2025-04-21,2025-04-01,IEF,3.683830990903677e-17,0.0,3.683830990903677e-17,False,,False,optimal
pooled_relative_posterior_active_te100bp,benchmark_relative_active,2025-04-21,2025-04-21,2025-04-21,2025-04-01,TIP,0.04033853695330497,0.0,0.04033853695330497,False,,False,optimal
pooled_relative_posterior_active_te100bp,benchmark_relative_active,2025-04-21,2025-04-21,2025-04-21,2025-04-01,HYG,0.1311079247931311,0.1500000000000004,-0.018892075206869308,False,,False,optimal
pooled_relative_posterior_active_te100bp,benchmark_relative_active,2025-04-21,2025-04-21,2025-04-21,2025-04-01,BIL,0.04999999999999999,0.0,0.04999999999999999,False,,False,optimal
pooled_relative_posterior_active_te100bp,benchmark_relative_active,2025-04-21,2025-04-21,2025-04-21,2025-04-01,GLD,0.24999999999999994,0.2500000000000001,-1.6653345369377348e-16,False,,False,optimal
pooled_relative_posterior_active_te100bp,benchmark_relative_active,2025-04-21,2025-04-21,2025-04-21,2025-04-01,LQD,0.21526893359185859,0.2499999999999993,-0.03473106640814072,False,,False,optimal
pooled_relative_posterior_active_te100bp,benchmark_relative_active,2025-04-21,2025-04-21,2025-04-21,2025-04-01,AGG,0.0,0.0,0.0,False,,False,optimal
pooled_relative_posterior_active_te100bp,benchmark_relative_active,2025-04-28,2025-04-28,2025-04-28,2025-04-01,SPY,0.3258762499613966,0.3499999999999999,-0.024123750038603342,False,,False,optimal
pooled_relative_posterior_active_te100bp,benchmark_relative_active,2025-04-28,2025-04-28,2025-04-28,2025-04-01,IEF,3.6578604781579434e-17,0.0,3.6578604781579434e-17,False,,False,optimal
pooled_relative_posterior_active_te100bp,benchmark_relative_active,2025-04-28,2025-04-28,2025-04-28,2025-04-01,TIP,0.04008202492072473,0.0,0.04008202492072473,False,,False,optimal
pooled_relative_posterior_active_te100bp,benchmark_relative_active,2025-04-28,2025-04-28,2025-04-28,2025-04-01,HYG,0.13120821072998945,0.1499999999999998,-0.01879178927001035,False,,False,optimal
pooled_relative_posterior_active_te100bp,benchmark_relative_active,2025-04-28,2025-04-28,2025-04-28,2025-04-01,BIL,0.049262739698989096,0.0,0.049262739698989096,False,,False,optimal
pooled_relative_posterior_active_te100bp,benchmark_relative_active,2025-04-28,2025-04-28,2025-04-28,2025-04-01,GLD,0.23808609756845478,0.2499999999999995,-0.01191390243154472,False,,False,optimal
pooled_relative_posterior_active_te100bp,benchmark_relative_active,2025-04-28,2025-04-28,2025-04-28,2025-04-01,LQD,0.2154846771204454,0.2500000000000005,-0.03451532287955511,False,,False,optimal
pooled_relative_posterior_active_te100bp,benchmark_relative_active,2025-04-28,2025-04-28,2025-04-28,2025-04-01,AGG,0.0,0.0,0.0,False,,False,optimal
pooled_relative_posterior_active_te100bp,benchmark_relative_active,2025-05-05,2025-05-05,2025-05-05,2025-05-01,SPY,0.333841250686649,0.3500000000000002,-0.016158749313351206,False,,False,optimal
pooled_relative_posterior_active_te100bp,benchmark_relative_active,2025-05-05,2025-05-05,2025-05-05,2025-05-01,IEF,3.642175546991402e-17,0.0,3.642175546991402e-17,False,,False,optimal
pooled_relative_posterior_active_te100bp,benchmark_relative_active,2025-05-05,2025-05-05,2025-05-05,2025-05-01,TIP,0.03983558630125986,0.0,0.03983558630125986,False,,False,optimal
pooled_relative_posterior_active_te100bp,benchmark_relative_active,2025-05-05,2025-05-05,2025-05-05,2025-05-01,HYG,0.1310401241470915,0.1500000000000006,-0.01895987585290909,False,,False,optimal
pooled_relative_posterior_active_te100bp,benchmark_relative_active,2025-05-05,2025-05-05,2025-05-05,2025-05-01,BIL,0.049136849050530874,0.0,0.049136849050530874,False,,False,optimal
pooled_relative_posterior_active_te100bp,benchmark_relative_active,2025-05-05,2025-05-05,2025-05-05,2025-05-01,GLD,0.23247719830146316,0.2500000000000002,-0.017522801698537066,False,,False,optimal
pooled_relative_posterior_active_te100bp,benchmark_relative_active,2025-05-05,2025-05-05,2025-05-05,2025-05-01,LQD,0.21366899151300564,0.2499999999999989,-0.03633100848699325,False,,False,optimal
pooled_relative_posterior_active_te100bp,benchmark_relative_active,2025-05-05,2025-05-05,2025-05-05,2025-05-01,AGG,0.0,0.0,0.0,False,,False,optimal
pooled_relative_posterior_active_te100bp,benchmark_relative_active,2025-05-12,2025-05-12,2025-05-12,2025-05-01,SPY,0.3342544427109429,0.3499999999999996,-0.01574555728905669,False,,False,optimal
pooled_relative_posterior_active_te100bp,benchmark_relative_active,2025-05-12,2025-05-12,2025-05-12,2025-05-01,IEF,3.6229572880565965e-17,0.0,3.6229572880565965e-17,False,,False,optimal
pooled_relative_posterior_active_te100bp,benchmark_relative_active,2025-05-12,2025-05-12,2025-05-12,2025-05-01,TIP,0.03981087603107556,0.0,0.03981087603107556,False,,False,optimal
pooled_relative_posterior_active_te100bp,benchmark_relative_active,2025-05-12,2025-05-12,2025-05-12,2025-05-01,HYG,0.13092410553991007,0.1500000000000017,-0.019075894460091614,False,,False,optimal
pooled_relative_posterior_active_te100bp,benchmark_relative_active,2025-05-12,2025-05-12,2025-05-12,2025-05-01,BIL,0.049075514743092664,0.0,0.049075514743092664,False,,False,optimal
pooled_relative_posterior_active_te100bp,benchmark_relative_active,2025-05-12,2025-05-12,2025-05-12,2025-05-01,GLD,0.23273262730524727,0.2499999999999997,-0.017267372694752425,False,,False,optimal
pooled_relative_posterior_active_te100bp,benchmark_relative_active,2025-05-12,2025-05-12,2025-05-12,2025-05-01,LQD,0.21320243366973146,0.249999999999999,-0.03679756633026754,False,,False,optimal
pooled_relative_posterior_active_te100bp,benchmark_relative_active,2025-05-12,2025-05-12,2025-05-12,2025-05-01,AGG,0.0,0.0,0.0,False,,False,optimal
pooled_relative_posterior_active_te100bp,benchmark_relative_active,2025-05-19,2025-05-19,2025-05-19,2025-05-01,SPY,0.33966151130893196,0.3500000000000003,-0.010338488691068348,False,,False,optimal
pooled_relative_posterior_active_te100bp,benchmark_relative_active,2025-05-19,2025-05-19,2025-05-19,2025-05-01,IEF,3.611915390558936e-17,0.0,3.611915390558936e-17,False,,False,optimal
pooled_relative_posterior_active_te100bp,benchmark_relative_active,2025-05-19,2025-05-19,2025-05-19,2025-05-01,TIP,0.039730499322398534,0.0,0.039730499322398534,False,,False,optimal
pooled_relative_posterior_active_te100bp,benchmark_relative_active,2025-05-19,2025-05-19,2025-05-19,2025-05-01,HYG,0.13048747760438817,0.1500000000000003,-0.01951252239561213,False,,False,optimal
pooled_relative_posterior_active_te100bp,benchmark_relative_active,2025-05-19,2025-05-19,2025-05-19,2025-05-01,BIL,0.04883831713102376,0.0,0.04883831713102376,False,,False,optimal
pooled_relative_posterior_active_te100bp,benchmark_relative_active,2025-05-19,2025-05-19,2025-05-19,2025-05-01,GLD,0.228257934006864,0.2500000000000005,-0.021742065993136495,False,,False,optimal
pooled_relative_posterior_active_te100bp,benchmark_relative_active,2025-05-19,2025-05-19,2025-05-19,2025-05-01,LQD,0.21302426062639357,0.2499999999999987,-0.036975739373605127,False,,False,optimal
pooled_relative_posterior_active_te100bp,benchmark_relative_active,2025-05-19,2025-05-19,2025-05-19,2025-05-01,AGG,0.0,0.0,0.0,False,,False,optimal
pooled_relative_posterior_active_te100bp,benchmark_relative_active,2025-05-26,2025-05-26,2025-05-27,2025-05-01,SPY,0.33311192798764205,0.3499999999999991,-0.016888072012357036,False,,False,optimal
pooled_relative_posterior_active_te100bp,benchmark_relative_active,2025-05-26,2025-05-26,2025-05-27,2025-05-01,IEF,3.6103478621983067e-17,0.0,3.6103478621983067e-17,False,,False,optimal
pooled_relative_posterior_active_te100bp,benchmark_relative_active,2025-05-26,2025-05-26,2025-05-27,2025-05-01,TIP,0.03960939569776289,0.0,0.03960939569776289,False,,False,optimal
pooled_relative_posterior_active_te100bp,benchmark_relative_active,2025-05-26,2025-05-26,2025-05-27,2025-05-01,HYG,0.12977708800815635,0.1499999999999997,-0.02022291199184334,False,,False,optimal
pooled_relative_posterior_active_te100bp,benchmark_relative_active,2025-05-26,2025-05-26,2025-05-27,2025-05-01,BIL,0.048687907898032116,0.0,0.048687907898032116,False,,False,optimal
pooled_relative_posterior_active_te100bp,benchmark_relative_active,2025-05-26,2025-05-26,2025-05-27,2025-05-01,GLD,0.23641416117804304,0.2499999999999994,-0.013585838821956353,False,,False,optimal
pooled_relative_posterior_active_te100bp,benchmark_relative_active,2025-05-26,2025-05-26,2025-05-27,2025-05-01,LQD,0.21239951923036354,0.2500000000000018,-0.037600480769638234,False,,False,optimal
pooled_relative_posterior_active_te100bp,benchmark_relative_active,2025-05-26,2025-05-26,2025-05-27,2025-05-01,AGG,0.0,0.0,0.0,False,,False,optimal
pooled_relative_posterior_active_te100bp,benchmark_relative_active,2025-06-02,2025-06-02,2025-06-02,2025-06-01,SPY,0.33362771844951344,0.35,-0.016372281550486534,False,,False,optimal
pooled_relative_posterior_active_te100bp,benchmark_relative_active,2025-06-02,2025-06-02,2025-06-02,2025-06-01,IEF,3.618142291221052e-17,0.0,3.618142291221052e-17,False,,False,optimal
pooled_relative_posterior_active_te100bp,benchmark_relative_active,2025-06-02,2025-06-02,2025-06-02,2025-06-01,TIP,0.039643139102868624,0.0,0.039643139102868624,False,,False,optimal
pooled_relative_posterior_active_te100bp,benchmark_relative_active,2025-06-02,2025-06-02,2025-06-02,2025-06-01,HYG,0.12971865498041193,0.1498972381738199,-0.020178583193407956,False,,False,optimal
pooled_relative_posterior_active_te100bp,benchmark_relative_active,2025-06-02,2025-06-02,2025-06-02,2025-06-01,BIL,0.048515048265422515,0.0,0.048515048265422515,False,,False,optimal
pooled_relative_posterior_active_te100bp,benchmark_relative_active,2025-06-02,2025-06-02,2025-06-02,2025-06-01,GLD,0.2352836906093127,0.2492057023454365,-0.013922011736123785,False,,False,optimal
pooled_relative_posterior_active_te100bp,benchmark_relative_active,2025-06-02,2025-06-02,2025-06-02,2025-06-01,LQD,0.2132117485924707,0.2508970594807435,-0.03768531088827279,False,,False,optimal
pooled_relative_posterior_active_te100bp,benchmark_relative_active,2025-06-02,2025-06-02,2025-06-02,2025-06-01,AGG,0.0,0.0,0.0,False,,False,optimal
pooled_relative_posterior_active_te100bp,benchmark_relative_active,2025-06-09,2025-06-09,2025-06-09,2025-06-01,SPY,0.3389515354281446,0.3499999999999998,-0.01104846457185521,False,,False,optimal
pooled_relative_posterior_active_te100bp,benchmark_relative_active,2025-06-09,2025-06-09,2025-06-09,2025-06-01,IEF,3.587261794281952e-17,0.0,3.587261794281952e-17,False,,False,optimal
pooled_relative_posterior_active_te100bp,benchmark_relative_active,2025-06-09,2025-06-09,2025-06-09,2025-06-01,TIP,0.039303449298828216,0.0,0.039303449298828216,False,,False,optimal
pooled_relative_posterior_active_te100bp,benchmark_relative_active,2025-06-09,2025-06-09,2025-06-09,2025-06-01,HYG,0.12956318811979378,0.1499999999999999,-0.02043681188020613,False,,False,optimal
pooled_relative_posterior_active_te100bp,benchmark_relative_active,2025-06-09,2025-06-09,2025-06-09,2025-06-01,BIL,0.048379467663007665,0.0,0.048379467663007665,False,,False,optimal
pooled_relative_posterior_active_te100bp,benchmark_relative_active,2025-06-09,2025-06-09,2025-06-09,2025-06-01,GLD,0.23144167783836717,0.2499999999999995,-0.018558322161632335,False,,False,optimal
pooled_relative_posterior_active_te100bp,benchmark_relative_active,2025-06-09,2025-06-09,2025-06-09,2025-06-01,LQD,0.21236068165185853,0.2500000000000006,-0.037639318348142076,False,,False,optimal
pooled_relative_posterior_active_te100bp,benchmark_relative_active,2025-06-09,2025-06-09,2025-06-09,2025-06-01,AGG,0.0,0.0,0.0,False,,False,optimal
pooled_relative_posterior_active_te100bp,benchmark_relative_active,2025-06-16,2025-06-16,2025-06-16,2025-06-01,SPY,0.3345218742952736,0.3499999999999997,-0.01547812570472612,False,,False,optimal
pooled_relative_posterior_active_te100bp,benchmark_relative_active,2025-06-16,2025-06-16,2025-06-16,2025-06-01,IEF,3.585794976012478e-17,0.0,3.585794976012478e-17,False,,False,optimal
pooled_relative_posterior_active_te100bp,benchmark_relative_active,2025-06-16,2025-06-16,2025-06-16,2025-06-01,TIP,0.03913229162138068,0.0,0.03913229162138068,False,,False,optimal
pooled_relative_posterior_active_te100bp,benchmark_relative_active,2025-06-16,2025-06-16,2025-06-16,2025-06-01,HYG,0.12858219567913795,0.1499999999999998,-0.02141780432086185,False,,False,optimal
pooled_relative_posterior_active_te100bp,benchmark_relative_active,2025-06-16,2025-06-16,2025-06-16,2025-06-01,BIL,0.048001451448456474,0.0,0.048001451448456474,False,,False,optimal
pooled_relative_posterior_active_te100bp,benchmark_relative_active,2025-06-16,2025-06-16,2025-06-16,2025-06-01,GLD,0.2376475596155695,0.2499999999999998,-0.012352440384430313,False,,False,optimal
pooled_relative_posterior_active_te100bp,benchmark_relative_active,2025-06-16,2025-06-16,2025-06-16,2025-06-01,LQD,0.21211462734018166,0.2500000000000005,-0.03788537265981884,False,,False,optimal
pooled_relative_posterior_active_te100bp,benchmark_relative_active,2025-06-16,2025-06-16,2025-06-16,2025-06-01,AGG,0.0,0.0,0.0,False,,False,optimal
pooled_relative_posterior_active_te100bp,benchmark_relative_active,2025-06-23,2025-06-23,2025-06-23,2025-06-01,SPY,0.33359992888689843,0.35,-0.016400071113101544,False,,False,optimal
pooled_relative_posterior_active_te100bp,benchmark_relative_active,2025-06-23,2025-06-23,2025-06-23,2025-06-01,IEF,3.6181534824674787e-17,0.0,3.6181534824674787e-17,False,,False,optimal
pooled_relative_posterior_active_te100bp,benchmark_relative_active,2025-06-23,2025-06-23,2025-06-23,2025-06-01,TIP,0.03959633656784971,0.0,0.03959633656784971,False,,False,optimal
pooled_relative_posterior_active_te100bp,benchmark_relative_active,2025-06-23,2025-06-23,2025-06-23,2025-06-01,HYG,0.1296213001198341,0.1499999999999995,-0.020378699880165385,False,,False,optimal
pooled_relative_posterior_active_te100bp,benchmark_relative_active,2025-06-23,2025-06-23,2025-06-23,2025-06-01,BIL,0.04824589346883133,0.0,0.04824589346883133,False,,False,optimal
pooled_relative_posterior_active_te100bp,benchmark_relative_active,2025-06-23,2025-06-23,2025-06-23,2025-06-01,GLD,0.23518599062746498,0.2479675918263816,-0.012781601198916609,False,,False,optimal
pooled_relative_posterior_active_te100bp,benchmark_relative_active,2025-06-23,2025-06-23,2025-06-23,2025-06-01,LQD,0.21375055032912135,0.2520324081736188,-0.038281857844497474,False,,False,optimal
pooled_relative_posterior_active_te100bp,benchmark_relative_active,2025-06-23,2025-06-23,2025-06-23,2025-06-01,AGG,0.0,0.0,0.0,False,,False,optimal
pooled_relative_posterior_active_te100bp,benchmark_relative_active,2025-06-30,2025-06-30,2025-06-30,2025-06-01,SPY,0.34251066951536396,0.3499999999999991,-0.007489330484635126,False,,False,optimal
pooled_relative_posterior_active_te100bp,benchmark_relative_active,2025-06-30,2025-06-30,2025-06-30,2025-06-01,IEF,3.614461245641378e-17,0.0,3.614461245641378e-17,False,,False,optimal
pooled_relative_posterior_active_te100bp,benchmark_relative_active,2025-06-30,2025-06-30,2025-06-30,2025-06-01,TIP,0.0394337160907906,0.0,0.0394337160907906,False,,False,optimal
pooled_relative_posterior_active_te100bp,benchmark_relative_active,2025-06-30,2025-06-30,2025-06-30,2025-06-01,HYG,0.12970341811791133,0.1500000000000019,-0.020296581882090575,False,,False,optimal
pooled_relative_posterior_active_te100bp,benchmark_relative_active,2025-06-30,2025-06-30,2025-06-30,2025-06-01,BIL,0.04797054033902918,0.0,0.04797054033902918,False,,False,optimal
pooled_relative_posterior_active_te100bp,benchmark_relative_active,2025-06-30,2025-06-30,2025-06-30,2025-06-01,GLD,0.2267984971194229,0.2482664442189185,-0.021467947099495593,False,,False,optimal
pooled_relative_posterior_active_te100bp,benchmark_relative_active,2025-06-30,2025-06-30,2025-06-30,2025-06-01,LQD,0.213583158817482,0.2517335557810803,-0.038150396963598315,False,,False,optimal
pooled_relative_posterior_active_te100bp,benchmark_relative_active,2025-06-30,2025-06-30,2025-06-30,2025-06-01,AGG,0.0,0.0,0.0,False,,False,optimal
pooled_relative_posterior_active_te100bp,benchmark_relative_active,2025-07-07,2025-07-07,2025-07-07,2025-07-01,SPY,0.3440191251206212,0.3499999999999999,-0.005980874879378706,False,,False,optimal
pooled_relative_posterior_active_te100bp,benchmark_relative_active,2025-07-07,2025-07-07,2025-07-07,2025-07-01,IEF,3.5639519379559713e-17,0.0,3.5639519379559713e-17,False,,False,optimal
pooled_relative_posterior_active_te100bp,benchmark_relative_active,2025-07-07,2025-07-07,2025-07-07,2025-07-01,TIP,0.039010433381290406,0.0,0.039010433381290406,False,,False,optimal
pooled_relative_posterior_active_te100bp,benchmark_relative_active,2025-07-07,2025-07-07,2025-07-07,2025-07-01,HYG,0.1289669281821919,0.15,-0.021033071817808086,False,,False,optimal
pooled_relative_posterior_active_te100bp,benchmark_relative_active,2025-07-07,2025-07-07,2025-07-07,2025-07-01,BIL,0.04760284654767605,0.0,0.04760284654767605,False,,False,optimal
pooled_relative_posterior_active_te100bp,benchmark_relative_active,2025-07-07,2025-07-07,2025-07-07,2025-07-01,GLD,0.22843044802454912,0.2500000000000001,-0.02156955197545099,False,,False,optimal
pooled_relative_posterior_active_te100bp,benchmark_relative_active,2025-07-07,2025-07-07,2025-07-07,2025-07-01,LQD,0.21197021874367128,0.2499999999999998,-0.038029781256328526,False,,False,optimal
pooled_relative_posterior_active_te100bp,benchmark_relative_active,2025-07-07,2025-07-07,2025-07-07,2025-07-01,AGG,0.0,0.0,0.0,False,,False,optimal
pooled_relative_posterior_active_te100bp,benchmark_relative_active,2025-07-14,2025-07-14,2025-07-14,2025-07-01,SPY,0.3437278899436359,0.35,-0.0062721100563640775,False,,False,optimal
pooled_relative_posterior_active_te100bp,benchmark_relative_active,2025-07-14,2025-07-14,2025-07-14,2025-07-01,IEF,3.548539634723115e-17,0.0,3.548539634723115e-17,False,,False,optimal
pooled_relative_posterior_active_te100bp,benchmark_relative_active,2025-07-14,2025-07-14,2025-07-14,2025-07-01,TIP,0.0390039728190646,0.0,0.0390039728190646,False,,False,optimal
pooled_relative_posterior_active_te100bp,benchmark_relative_active,2025-07-14,2025-07-14,2025-07-14,2025-07-01,HYG,0.12832302932108736,0.149999999999999,-0.02167697067891164,False,,False,optimal
pooled_relative_posterior_active_te100bp,benchmark_relative_active,2025-07-14,2025-07-14,2025-07-14,2025-07-01,BIL,0.04757389272166851,0.0,0.04757389272166851,False,,False,optimal
pooled_relative_posterior_active_te100bp,benchmark_relative_active,2025-07-14,2025-07-14,2025-07-14,2025-07-01,GLD,0.2311856240531774,0.25,-0.018814375946822587,False,,False,optimal
pooled_relative_posterior_active_te100bp,benchmark_relative_active,2025-07-14,2025-07-14,2025-07-14,2025-07-01,LQD,0.21018559114136626,0.2500000000000009,-0.03981440885863463,False,,False,optimal
pooled_relative_posterior_active_te100bp,benchmark_relative_active,2025-07-14,2025-07-14,2025-07-14,2025-07-01,AGG,0.0,0.0,0.0,False,,False,optimal
pooled_relative_posterior_active_te100bp,benchmark_relative_active,2025-07-21,2025-07-21,2025-07-21,2025-07-01,SPY,0.3451258801192534,0.349999999999999,-0.004874119880745598,False,,False,optimal
pooled_relative_posterior_active_te100bp,benchmark_relative_active,2025-07-21,2025-07-21,2025-07-21,2025-07-01,IEF,3.540878292306028e-17,0.0,3.540878292306028e-17,False,,False,optimal
pooled_relative_posterior_active_te100bp,benchmark_relative_active,2025-07-21,2025-07-21,2025-07-21,2025-07-01,TIP,0.03902908771755651,0.0,0.03902908771755651,False,,False,optimal
pooled_relative_posterior_active_te100bp,benchmark_relative_active,2025-07-21,2025-07-21,2025-07-21,2025-07-01,HYG,0.12832123916452123,0.1500000000000004,-0.021678760835479177,False,,False,optimal
pooled_relative_posterior_active_te100bp,benchmark_relative_active,2025-07-21,2025-07-21,2025-07-21,2025-07-01,BIL,0.04746203319267634,0.0,0.04746203319267634,False,,False,optimal
pooled_relative_posterior_active_te100bp,benchmark_relative_active,2025-07-21,2025-07-21,2025-07-21,2025-07-01,GLD,0.22998388717568233,0.2499999999999993,-0.02001611282431698,False,,False,optimal
pooled_relative_posterior_active_te100bp,benchmark_relative_active,2025-07-21,2025-07-21,2025-07-21,2025-07-01,LQD,0.2100778726303101,0.250000000000001,-0.03992212736969089,False,,False,optimal
pooled_relative_posterior_active_te100bp,benchmark_relative_active,2025-07-21,2025-07-21,2025-07-21,2025-07-01,AGG,0.0,0.0,0.0,False,,False,optimal
pooled_relative_posterior_active_te100bp,benchmark_relative_active,2025-07-28,2025-07-28,2025-07-28,2025-07-01,SPY,0.3490824100558824,0.3499999999999999,-0.0009175899441175028,False,,False,optimal
pooled_relative_posterior_active_te100bp,benchmark_relative_active,2025-07-28,2025-07-28,2025-07-28,2025-07-01,IEF,3.5324062734966987e-17,0.0,3.5324062734966987e-17,False,,False,optimal
pooled_relative_posterior_active_te100bp,benchmark_relative_active,2025-07-28,2025-07-28,2025-07-28,2025-07-01,TIP,0.03890723342608998,0.0,0.03890723342608998,False,,False,optimal
pooled_relative_posterior_active_te100bp,benchmark_relative_active,2025-07-28,2025-07-28,2025-07-28,2025-07-01,HYG,0.1283664431660474,0.1500000000000005,-0.0216335568339531,False,,False,optimal
pooled_relative_posterior_active_te100bp,benchmark_relative_active,2025-07-28,2025-07-28,2025-07-28,2025-07-01,BIL,0.04740432057434682,0.0,0.04740432057434682,False,,False,optimal
pooled_relative_posterior_active_te100bp,benchmark_relative_active,2025-07-28,2025-07-28,2025-07-28,2025-07-01,GLD,0.2262811741743747,0.2499999999999995,-0.02371882582562479,False,,False,optimal
pooled_relative_posterior_active_te100bp,benchmark_relative_active,2025-07-28,2025-07-28,2025-07-28,2025-07-01,LQD,0.20995841860325856,0.2499999999999999,-0.04004158139674133,False,,False,optimal
pooled_relative_posterior_active_te100bp,benchmark_relative_active,2025-07-28,2025-07-28,2025-07-28,2025-07-01,AGG,0.0,0.0,0.0,False,,False,optimal
pooled_relative_posterior_active_te100bp,benchmark_relative_active,2025-08-04,2025-08-04,2025-08-04,2025-08-01,SPY,0.3419013475056822,0.3500000000000001,-0.008098652494317904,False,,False,optimal
pooled_relative_posterior_active_te100bp,benchmark_relative_active,2025-08-04,2025-08-04,2025-08-04,2025-08-01,IEF,3.600804088121077e-17,0.0,3.600804088121077e-17,False,,False,optimal
pooled_relative_posterior_active_te100bp,benchmark_relative_active,2025-08-04,2025-08-04,2025-08-04,2025-08-01,TIP,0.03933133797045284,0.0,0.03933133797045284,False,,False,optimal
pooled_relative_posterior_active_te100bp,benchmark_relative_active,2025-08-04,2025-08-04,2025-08-04,2025-08-01,HYG,0.1286951605100175,0.1499999999999999,-0.021304839489982408,False,,False,optimal
pooled_relative_posterior_active_te100bp,benchmark_relative_active,2025-08-04,2025-08-04,2025-08-04,2025-08-01,BIL,0.04763678240952146,0.0,0.04763678240952146,False,,False,optimal
pooled_relative_posterior_active_te100bp,benchmark_relative_active,2025-08-04,2025-08-04,2025-08-04,2025-08-01,GLD,0.2292242776253769,0.2499999999999998,-0.020775722374622912,False,,False,optimal
pooled_relative_posterior_active_te100bp,benchmark_relative_active,2025-08-04,2025-08-04,2025-08-04,2025-08-01,LQD,0.21321109397894902,0.2500000000000001,-0.03678890602105109,False,,False,optimal
pooled_relative_posterior_active_te100bp,benchmark_relative_active,2025-08-04,2025-08-04,2025-08-04,2025-08-01,AGG,0.0,0.0,0.0,False,,False,optimal
pooled_relative_posterior_active_te100bp,benchmark_relative_active,2025-08-11,2025-08-11,2025-08-11,2025-08-01,SPY,0.3455968889870293,0.35,-0.004403111012970695,False,,False,optimal
pooled_relative_posterior_active_te100bp,benchmark_relative_active,2025-08-11,2025-08-11,2025-08-11,2025-08-01,IEF,3.559422324382255e-17,0.0,3.559422324382255e-17,False,,False,optimal
pooled_relative_posterior_active_te100bp,benchmark_relative_active,2025-08-11,2025-08-11,2025-08-11,2025-08-01,TIP,0.03907371232074443,0.0,0.03907371232074443,False,,False,optimal
pooled_relative_posterior_active_te100bp,benchmark_relative_active,2025-08-11,2025-08-11,2025-08-11,2025-08-01,HYG,0.12794369673002196,0.149999999999999,-0.02205630326997704,False,,False,optimal
pooled_relative_posterior_active_te100bp,benchmark_relative_active,2025-08-11,2025-08-11,2025-08-11,2025-08-01,BIL,0.0473128751683574,0.0,0.0473128751683574,False,,False,optimal
pooled_relative_posterior_active_te100bp,benchmark_relative_active,2025-08-11,2025-08-11,2025-08-11,2025-08-01,GLD,0.22916351008923133,0.25,-0.02083648991076867,False,,False,optimal
pooled_relative_posterior_active_te100bp,benchmark_relative_active,2025-08-11,2025-08-11,2025-08-11,2025-08-01,LQD,0.21090931670461543,0.2500000000000011,-0.039090683295385675,False,,False,optimal
pooled_relative_posterior_active_te100bp,benchmark_relative_active,2025-08-11,2025-08-11,2025-08-11,2025-08-01,AGG,0.0,0.0,0.0,False,,False,optimal
pooled_relative_posterior_active_te100bp,benchmark_relative_active,2025-08-18,2025-08-18,2025-08-18,2025-08-01,SPY,0.34780716604243467,0.35,-0.00219283395756531,False,,False,optimal
pooled_relative_posterior_active_te100bp,benchmark_relative_active,2025-08-18,2025-08-18,2025-08-18,2025-08-01,IEF,3.5407150064599955e-17,0.0,3.5407150064599955e-17,False,,False,optimal
pooled_relative_posterior_active_te100bp,benchmark_relative_active,2025-08-18,2025-08-18,2025-08-18,2025-08-01,TIP,0.03882054850725643,0.0,0.03882054850725643,False,,False,optimal
pooled_relative_posterior_active_te100bp,benchmark_relative_active,2025-08-18,2025-08-18,2025-08-18,2025-08-01,HYG,0.12794686475790185,0.1500000000000003,-0.022053135242098454,False,,False,optimal
pooled_relative_posterior_active_te100bp,benchmark_relative_active,2025-08-18,2025-08-18,2025-08-18,2025-08-01,BIL,0.0472089996821811,0.0,0.0472089996821811,False,,False,optimal
pooled_relative_posterior_active_te100bp,benchmark_relative_active,2025-08-18,2025-08-18,2025-08-18,2025-08-01,GLD,0.2276046794742731,0.2500000000000001,-0.022395320525727014,False,,False,optimal
pooled_relative_posterior_active_te100bp,benchmark_relative_active,2025-08-18,2025-08-18,2025-08-18,2025-08-01,LQD,0.21061174153595288,0.2499999999999996,-0.03938825846404673,False,,False,optimal
pooled_relative_posterior_active_te100bp,benchmark_relative_active,2025-08-18,2025-08-18,2025-08-18,2025-08-01,AGG,0.0,0.0,0.0,False,,False,optimal
pooled_relative_posterior_active_te100bp,benchmark_relative_active,2025-08-25,2025-08-25,2025-08-25,2025-08-01,SPY,0.3473580484331661,0.3500000000000001,-0.002641951566834,False,,False,optimal
pooled_relative_posterior_active_te100bp,benchmark_relative_active,2025-08-25,2025-08-25,2025-08-25,2025-08-01,IEF,3.540090167060492e-17,0.0,3.540090167060492e-17,False,,False,optimal
pooled_relative_posterior_active_te100bp,benchmark_relative_active,2025-08-25,2025-08-25,2025-08-25,2025-08-01,TIP,0.038925024284172556,0.0,0.038925024284172556,False,,False,optimal
pooled_relative_posterior_active_te100bp,benchmark_relative_active,2025-08-25,2025-08-25,2025-08-25,2025-08-01,HYG,0.12794536815477306,0.1500000000000004,-0.02205463184522735,False,,False,optimal
pooled_relative_posterior_active_te100bp,benchmark_relative_active,2025-08-25,2025-08-25,2025-08-25,2025-08-01,BIL,0.047004922250020835,0.0,0.047004922250020835,False,,False,optimal
pooled_relative_posterior_active_te100bp,benchmark_relative_active,2025-08-25,2025-08-25,2025-08-25,2025-08-01,GLD,0.2285004087332174,0.2500000000000001,-0.02149959126678272,False,,False,optimal
pooled_relative_posterior_active_te100bp,benchmark_relative_active,2025-08-25,2025-08-25,2025-08-25,2025-08-01,LQD,0.21026622814465004,0.2499999999999992,-0.039733771855349154,False,,False,optimal
pooled_relative_posterior_active_te100bp,benchmark_relative_active,2025-08-25,2025-08-25,2025-08-25,2025-08-01,AGG,0.0,0.0,0.0,False,,False,optimal
pooled_relative_posterior_active_te100bp,benchmark_relative_active,2025-09-01,2025-09-01,2025-09-02,2025-09-01,SPY,0.34557648964737797,0.3500000000000003,-0.00442351035262234,False,,False,optimal
pooled_relative_posterior_active_te100bp,benchmark_relative_active,2025-09-01,2025-09-01,2025-09-02,2025-09-01,IEF,3.536649489609971e-17,0.0,3.536649489609971e-17,False,,False,optimal
pooled_relative_posterior_active_te100bp,benchmark_relative_active,2025-09-01,2025-09-01,2025-09-02,2025-09-01,TIP,0.03881487937281203,0.0,0.03881487937281203,False,,False,optimal
pooled_relative_posterior_active_te100bp,benchmark_relative_active,2025-09-01,2025-09-01,2025-09-02,2025-09-01,HYG,0.12721569778784,0.1500000000000006,-0.0227843022121606,False,,False,optimal
pooled_relative_posterior_active_te100bp,benchmark_relative_active,2025-09-01,2025-09-01,2025-09-02,2025-09-01,BIL,0.04672626306996363,0.0,0.04672626306996363,False,,False,optimal
pooled_relative_posterior_active_te100bp,benchmark_relative_active,2025-09-01,2025-09-01,2025-09-02,2025-09-01,GLD,0.23312927598659416,0.2500000000000004,-0.016870724013406224,False,,False,optimal
pooled_relative_posterior_active_te100bp,benchmark_relative_active,2025-09-01,2025-09-01,2025-09-02,2025-09-01,LQD,0.20853739413541217,0.2499999999999986,-0.041462605864586444,False,,False,optimal
pooled_relative_posterior_active_te100bp,benchmark_relative_active,2025-09-01,2025-09-01,2025-09-02,2025-09-01,AGG,0.0,0.0,0.0,False,,False,optimal
pooled_relative_posterior_active_te100bp,benchmark_relative_active,2025-09-08,2025-09-08,2025-09-08,2025-09-01,SPY,0.34450858041263566,0.3500000000000002,-0.005491419587364543,False,,False,optimal
pooled_relative_posterior_active_te100bp,benchmark_relative_active,2025-09-08,2025-09-08,2025-09-08,2025-09-01,IEF,3.520682651853593e-17,0.0,3.520682651853593e-17,False,,False,optimal
pooled_relative_posterior_active_te100bp,benchmark_relative_active,2025-09-08,2025-09-08,2025-09-08,2025-09-01,TIP,0.03845070552085995,0.0,0.03845070552085995,False,,False,optimal
pooled_relative_posterior_active_te100bp,benchmark_relative_active,2025-09-08,2025-09-08,2025-09-08,2025-09-01,HYG,0.12584779432166232,0.1496729738459252,-0.023825179524262885,False,,False,optimal
pooled_relative_posterior_active_te100bp,benchmark_relative_active,2025-09-08,2025-09-08,2025-09-08,2025-09-01,BIL,0.045910985642862535,0.0,0.045910985642862535,False,,False,optimal
pooled_relative_posterior_active_te100bp,benchmark_relative_active,2025-09-08,2025-09-08,2025-09-08,2025-09-01,GLD,0.23621075604610217,0.2500000000000001,-0.01378924395389794,False,,False,optimal
pooled_relative_posterior_active_te100bp,benchmark_relative_active,2025-09-08,2025-09-08,2025-09-08,2025-09-01,LQD,0.20907117805587733,0.2503270261540744,-0.041255848098197045,False,,False,optimal
pooled_relative_posterior_active_te100bp,benchmark_relative_active,2025-09-08,2025-09-08,2025-09-08,2025-09-01,AGG,0.0,0.0,0.0,False,,False,optimal
pooled_relative_posterior_active_te100bp,benchmark_relative_active,2025-09-15,2025-09-15,2025-09-15,2025-09-01,SPY,0.3467817366175131,0.35,-0.0032182633824868745,False,,False,optimal
pooled_relative_posterior_active_te100bp,benchmark_relative_active,2025-09-15,2025-09-15,2025-09-15,2025-09-01,IEF,3.4950864409770965e-17,0.0,3.4950864409770965e-17,False,,False,optimal
pooled_relative_posterior_active_te100bp,benchmark_relative_active,2025-09-15,2025-09-15,2025-09-15,2025-09-01,TIP,0.03819716300881239,0.0,0.03819716300881239,False,,False,optimal
pooled_relative_posterior_active_te100bp,benchmark_relative_active,2025-09-15,2025-09-15,2025-09-15,2025-09-01,HYG,0.12499981286085717,0.1500000000000011,-0.02500018713914394,False,,False,optimal
pooled_relative_posterior_active_te100bp,benchmark_relative_active,2025-09-15,2025-09-15,2025-09-15,2025-09-01,BIL,0.04562588300810592,0.0,0.04562588300810592,False,,False,optimal
pooled_relative_posterior_active_te100bp,benchmark_relative_active,2025-09-15,2025-09-15,2025-09-15,2025-09-01,GLD,0.23582758622329947,0.25,-0.014172413776700532,False,,False,optimal
pooled_relative_posterior_active_te100bp,benchmark_relative_active,2025-09-15,2025-09-15,2025-09-15,2025-09-01,LQD,0.20856781828141188,0.2499999999999988,-0.041432181718586925,False,,False,optimal
pooled_relative_posterior_active_te100bp,benchmark_relative_active,2025-09-15,2025-09-15,2025-09-15,2025-09-01,AGG,0.0,0.0,0.0,False,,False,optimal
pooled_relative_posterior_active_te100bp,benchmark_relative_active,2025-09-22,2025-09-22,2025-09-22,2025-09-01,SPY,0.34834434718689705,0.3500000000000001,-0.0016556528131030368,False,,False,optimal
pooled_relative_posterior_active_te100bp,benchmark_relative_active,2025-09-22,2025-09-22,2025-09-22,2025-09-01,IEF,3.461086199494826e-17,0.0,3.461086199494826e-17,False,,False,optimal
pooled_relative_posterior_active_te100bp,benchmark_relative_active,2025-09-22,2025-09-22,2025-09-22,2025-09-01,TIP,0.037927028713888124,0.0,0.037927028713888124,False,,False,optimal
pooled_relative_posterior_active_te100bp,benchmark_relative_active,2025-09-22,2025-09-22,2025-09-22,2025-09-01,HYG,0.1247262373164272,0.1499999999999993,-0.025273762683572107,False,,False,optimal
pooled_relative_posterior_active_te100bp,benchmark_relative_active,2025-09-22,2025-09-22,2025-09-22,2025-09-01,BIL,0.045464842393082294,0.0,0.045464842393082294,False,,False,optimal
pooled_relative_posterior_active_te100bp,benchmark_relative_active,2025-09-22,2025-09-22,2025-09-22,2025-09-01,GLD,0.23679381566645208,0.2500000000000001,-0.013206184333548032,False,,False,optimal
pooled_relative_posterior_active_te100bp,benchmark_relative_active,2025-09-22,2025-09-22,2025-09-22,2025-09-01,LQD,0.2067437287232533,0.2500000000000004,-0.04325627127674708,False,,False,optimal
pooled_relative_posterior_active_te100bp,benchmark_relative_active,2025-09-22,2025-09-22,2025-09-22,2025-09-01,AGG,0.0,0.0,0.0,False,,False,optimal
pooled_relative_posterior_active_te100bp,benchmark_relative_active,2025-09-29,2025-09-29,2025-09-29,2025-09-01,SPY,0.34760699768532344,0.3499999999999999,-0.0023930023146764845,False,,False,optimal
pooled_relative_posterior_active_te100bp,benchmark_relative_active,2025-09-29,2025-09-29,2025-09-29,2025-09-01,IEF,3.4410805722427863e-17,0.0,3.4410805722427863e-17,False,,False,optimal
pooled_relative_posterior_active_te100bp,benchmark_relative_active,2025-09-29,2025-09-29,2025-09-29,2025-09-01,TIP,0.037793648135329795,0.0,0.037793648135329795,False,,False,optimal
pooled_relative_posterior_active_te100bp,benchmark_relative_active,2025-09-29,2025-09-29,2025-09-29,2025-09-01,HYG,0.12436495478069888,0.1500000000000001,-0.025635045219301225,False,,False,optimal
pooled_relative_posterior_active_te100bp,benchmark_relative_active,2025-09-29,2025-09-29,2025-09-29,2025-09-01,BIL,0.04542437717655866,0.0,0.04542437717655866,False,,False,optimal
pooled_relative_posterior_active_te100bp,benchmark_relative_active,2025-09-29,2025-09-29,2025-09-29,2025-09-01,GLD,0.2391805683317969,0.2500000000000001,-0.010819431668203205,False,,False,optimal
pooled_relative_posterior_active_te100bp,benchmark_relative_active,2025-09-29,2025-09-29,2025-09-29,2025-09-01,LQD,0.20562945389029216,0.2499999999999998,-0.04437054610970764,False,,False,optimal
pooled_relative_posterior_active_te100bp,benchmark_relative_active,2025-09-29,2025-09-29,2025-09-29,2025-09-01,AGG,0.0,0.0,0.0,False,,False,optimal
pooled_relative_posterior_active_te100bp,benchmark_relative_active,2025-10-06,2025-10-06,2025-10-06,2025-10-01,SPY,0.34751386474125934,0.3499999999999998,-0.002486135258740474,False,,False,optimal
pooled_relative_posterior_active_te100bp,benchmark_relative_active,2025-10-06,2025-10-06,2025-10-06,2025-10-01,IEF,3.4278007488538536e-17,0.0,3.4278007488538536e-17,False,,False,optimal
pooled_relative_posterior_active_te100bp,benchmark_relative_active,2025-10-06,2025-10-06,2025-10-06,2025-10-01,TIP,0.037522522781544644,0.0,0.037522522781544644,False,,False,optimal
pooled_relative_posterior_active_te100bp,benchmark_relative_active,2025-10-06,2025-10-06,2025-10-06,2025-10-01,HYG,0.12352351089056268,0.1499999999999986,-0.026476489109435924,False,,False,optimal
pooled_relative_posterior_active_te100bp,benchmark_relative_active,2025-10-06,2025-10-06,2025-10-06,2025-10-01,BIL,0.0451131475566639,0.0,0.0451131475566639,False,,False,optimal
pooled_relative_posterior_active_te100bp,benchmark_relative_active,2025-10-06,2025-10-06,2025-10-06,2025-10-01,GLD,0.24133101212241367,0.2499999999999999,-0.008668987877586215,False,,False,optimal
pooled_relative_posterior_active_te100bp,benchmark_relative_active,2025-10-06,2025-10-06,2025-10-06,2025-10-01,LQD,0.20499594190755577,0.2500000000000016,-0.04500405809244584,False,,False,optimal
pooled_relative_posterior_active_te100bp,benchmark_relative_active,2025-10-06,2025-10-06,2025-10-06,2025-10-01,AGG,0.0,0.0,0.0,False,,False,optimal
pooled_relative_posterior_active_te100bp,benchmark_relative_active,2025-10-13,2025-10-13,2025-10-13,2025-10-01,SPY,0.3399258001319862,0.3500000000000002,-0.010074199868014,False,,False,optimal
pooled_relative_posterior_active_te100bp,benchmark_relative_active,2025-10-13,2025-10-13,2025-10-13,2025-10-01,IEF,3.4749910381832617e-17,0.0,3.4749910381832617e-17,False,,False,optimal
pooled_relative_posterior_active_te100bp,benchmark_relative_active,2025-10-13,2025-10-13,2025-10-13,2025-10-01,TIP,0.03794942619718084,0.0,0.03794942619718084,False,,False,optimal
pooled_relative_posterior_active_te100bp,benchmark_relative_active,2025-10-13,2025-10-13,2025-10-13,2025-10-01,HYG,0.12282377313707944,0.1492095102191308,-0.026385737082051344,False,,False,optimal
pooled_relative_posterior_active_te100bp,benchmark_relative_active,2025-10-13,2025-10-13,2025-10-13,2025-10-01,BIL,0.04541475279863468,0.0,0.04541475279863468,False,,False,optimal
pooled_relative_posterior_active_te100bp,benchmark_relative_active,2025-10-13,2025-10-13,2025-10-13,2025-10-01,GLD,0.2474510840207769,0.2500000000000001,-0.0025489159792232152,False,,False,optimal
pooled_relative_posterior_active_te100bp,benchmark_relative_active,2025-10-13,2025-10-13,2025-10-13,2025-10-01,LQD,0.20643516371434187,0.2507904897808687,-0.04435532606652684,False,,False,optimal
pooled_relative_posterior_active_te100bp,benchmark_relative_active,2025-10-13,2025-10-13,2025-10-13,2025-10-01,AGG,0.0,0.0,0.0,False,,False,optimal
pooled_relative_posterior_active_te100bp,benchmark_relative_active,2025-10-20,2025-10-20,2025-10-20,2025-10-01,SPY,0.33765262037694727,0.3500000000000011,-0.012347379623053822,False,,False,optimal
pooled_relative_posterior_active_te100bp,benchmark_relative_active,2025-10-20,2025-10-20,2025-10-20,2025-10-01,IEF,2.23363683634818e-17,0.0,2.23363683634818e-17,False,,False,optimal
pooled_relative_posterior_active_te100bp,benchmark_relative_active,2025-10-20,2025-10-20,2025-10-20,2025-10-01,TIP,0.03752377287883422,0.0,0.03752377287883422,False,,False,optimal
pooled_relative_posterior_active_te100bp,benchmark_relative_active,2025-10-20,2025-10-20,2025-10-20,2025-10-01,HYG,0.12205655368764151,0.1499999999999988,-0.02794344631235729,False,,False,optimal
pooled_relative_posterior_active_te100bp,benchmark_relative_active,2025-10-20,2025-10-20,2025-10-20,2025-10-01,BIL,0.04740241369903149,0.0,0.04740241369903149,False,,False,optimal
pooled_relative_posterior_active_te100bp,benchmark_relative_active,2025-10-20,2025-10-20,2025-10-20,2025-10-01,GLD,0.25,0.2500000000000008,-7.771561172376096e-16,False,,False,optimal
pooled_relative_posterior_active_te100bp,benchmark_relative_active,2025-10-20,2025-10-20,2025-10-20,2025-10-01,LQD,0.2053646393575455,0.2499999999999992,-0.044635360642453686,False,,False,optimal
pooled_relative_posterior_active_te100bp,benchmark_relative_active,2025-10-20,2025-10-20,2025-10-20,2025-10-01,AGG,0.0,0.0,0.0,False,,False,optimal
pooled_relative_posterior_active_te100bp,benchmark_relative_active,2025-10-27,2025-10-27,2025-10-27,2025-10-01,SPY,0.34490870731672907,0.3499999999999992,-0.005091292683270132,False,,False,optimal
pooled_relative_posterior_active_te100bp,benchmark_relative_active,2025-10-27,2025-10-27,2025-10-27,2025-10-01,IEF,2.2491062819562212e-17,0.0,2.2491062819562212e-17,False,,False,optimal
pooled_relative_posterior_active_te100bp,benchmark_relative_active,2025-10-27,2025-10-27,2025-10-27,2025-10-01,TIP,0.03783572662055701,0.0,0.03783572662055701,False,,False,optimal
pooled_relative_posterior_active_te100bp,benchmark_relative_active,2025-10-27,2025-10-27,2025-10-27,2025-10-01,HYG,0.12332295578330932,0.1500000000000003,-0.02667704421669098,False,,False,optimal
pooled_relative_posterior_active_te100bp,benchmark_relative_active,2025-10-27,2025-10-27,2025-10-27,2025-10-01,BIL,0.047742358058343475,0.0,0.047742358058343475,False,,False,optimal
pooled_relative_posterior_active_te100bp,benchmark_relative_active,2025-10-27,2025-10-27,2025-10-27,2025-10-01,GLD,0.2390102968459478,0.2478652482514341,-0.008854951405486311,False,,False,optimal
pooled_relative_posterior_active_te100bp,benchmark_relative_active,2025-10-27,2025-10-27,2025-10-27,2025-10-01,LQD,0.2071799553751134,0.2521347517485663,-0.0449547963734529,False,,False,optimal
pooled_relative_posterior_active_te100bp,benchmark_relative_active,2025-10-27,2025-10-27,2025-10-27,2025-10-01,AGG,0.0,0.0,0.0,False,,False,optimal
pooled_relative_posterior_active_te100bp,benchmark_relative_active,2025-11-03,2025-11-03,2025-11-03,2025-11-01,SPY,0.34654935337195003,0.3499999999999996,-0.0034506466280495585,False,,False,optimal
pooled_relative_posterior_active_te100bp,benchmark_relative_active,2025-11-03,2025-11-03,2025-11-03,2025-11-01,IEF,2.2506377630678307e-17,0.0,2.2506377630678307e-17,False,,False,optimal
pooled_relative_posterior_active_te100bp,benchmark_relative_active,2025-11-03,2025-11-03,2025-11-03,2025-11-01,TIP,0.0378694392282349,0.0,0.0378694392282349,False,,False,optimal
pooled_relative_posterior_active_te100bp,benchmark_relative_active,2025-11-03,2025-11-03,2025-11-03,2025-11-01,HYG,0.12346588899578781,0.1500000000000002,-0.02653411100421238,False,,False,optimal
pooled_relative_posterior_active_te100bp,benchmark_relative_active,2025-11-03,2025-11-03,2025-11-03,2025-11-01,BIL,0.04804799749167342,0.0,0.04804799749167342,False,,False,optimal
pooled_relative_posterior_active_te100bp,benchmark_relative_active,2025-11-03,2025-11-03,2025-11-03,2025-11-01,GLD,0.23843348466162212,0.2495863186331404,-0.011152833971518283,False,,False,optimal
pooled_relative_posterior_active_te100bp,benchmark_relative_active,2025-11-03,2025-11-03,2025-11-03,2025-11-01,LQD,0.20563383625073178,0.2504136813668597,-0.044779845116127925,False,,False,optimal
pooled_relative_posterior_active_te100bp,benchmark_relative_active,2025-11-03,2025-11-03,2025-11-03,2025-11-01,AGG,0.0,0.0,0.0,False,,False,optimal
pooled_relative_posterior_active_te100bp,benchmark_relative_active,2025-11-10,2025-11-10,2025-11-10,2025-11-01,SPY,0.3417403740393831,0.3500000000000004,-0.0082596259606173,False,,False,optimal
pooled_relative_posterior_active_te100bp,benchmark_relative_active,2025-11-10,2025-11-10,2025-11-10,2025-11-01,IEF,2.274381108204327e-17,0.0,2.274381108204327e-17,False,,False,optimal
pooled_relative_posterior_active_te100bp,benchmark_relative_active,2025-11-10,2025-11-10,2025-11-10,2025-11-01,TIP,0.038148329724793775,0.0,0.038148329724793775,False,,False,optimal
pooled_relative_posterior_active_te100bp,benchmark_relative_active,2025-11-10,2025-11-10,2025-11-10,2025-11-01,HYG,0.12432713569631244,0.1499999999999999,-0.025672864303687468,False,,False,optimal
pooled_relative_posterior_active_te100bp,benchmark_relative_active,2025-11-10,2025-11-10,2025-11-10,2025-11-01,BIL,0.048451067720596326,0.0,0.048451067720596326,False,,False,optimal
pooled_relative_posterior_active_te100bp,benchmark_relative_active,2025-11-10,2025-11-10,2025-11-10,2025-11-01,GLD,0.23988527216719097,0.2500000000000003,-0.010114727832809312,False,,False,optimal
pooled_relative_posterior_active_te100bp,benchmark_relative_active,2025-11-10,2025-11-10,2025-11-10,2025-11-01,LQD,0.20744782065172337,0.2499999999999991,-0.04255217934827574,False,,False,optimal
pooled_relative_posterior_active_te100bp,benchmark_relative_active,2025-11-10,2025-11-10,2025-11-10,2025-11-01,AGG,0.0,0.0,0.0,False,,False,optimal
pooled_relative_posterior_active_te100bp,benchmark_relative_active,2025-11-17,2025-11-17,2025-11-17,2025-11-01,SPY,0.34042527524468347,0.3500000000000002,-0.009574724755316733,False,,False,optimal
pooled_relative_posterior_active_te100bp,benchmark_relative_active,2025-11-17,2025-11-17,2025-11-17,2025-11-01,IEF,2.2804594414957204e-17,0.0,2.2804594414957204e-17,False,,False,optimal
pooled_relative_posterior_active_te100bp,benchmark_relative_active,2025-11-17,2025-11-17,2025-11-17,2025-11-01,TIP,0.03825693094984325,0.0,0.03825693094984325,False,,False,optimal
pooled_relative_posterior_active_te100bp,benchmark_relative_active,2025-11-17,2025-11-17,2025-11-17,2025-11-01,HYG,0.12447057940592239,0.1499999999999991,-0.025529420594076715,False,,False,optimal
pooled_relative_posterior_active_te100bp,benchmark_relative_active,2025-11-17,2025-11-17,2025-11-17,2025-11-01,BIL,0.048672591363569474,0.0,0.048672591363569474,False,,False,optimal
pooled_relative_posterior_active_te100bp,benchmark_relative_active,2025-11-17,2025-11-17,2025-11-17,2025-11-01,GLD,0.24086978558886038,0.25,-0.00913021441113962,False,,False,optimal
pooled_relative_posterior_active_te100bp,benchmark_relative_active,2025-11-17,2025-11-17,2025-11-17,2025-11-01,LQD,0.20730483744712097,0.2500000000000005,-0.04269516255287953,False,,False,optimal
pooled_relative_posterior_active_te100bp,benchmark_relative_active,2025-11-17,2025-11-17,2025-11-17,2025-11-01,AGG,0.0,0.0,0.0,False,,False,optimal
pooled_relative_posterior_active_te100bp,benchmark_relative_active,2025-11-24,2025-11-24,2025-11-24,2025-11-01,SPY,0.3362655947091918,0.3499999999999998,-0.013734405290807994,False,,False,optimal
pooled_relative_posterior_active_te100bp,benchmark_relative_active,2025-11-24,2025-11-24,2025-11-24,2025-11-01,IEF,2.3044771159785973e-17,0.0,2.3044771159785973e-17,False,,False,optimal
pooled_relative_posterior_active_te100bp,benchmark_relative_active,2025-11-24,2025-11-24,2025-11-24,2025-11-01,TIP,0.03846018397969699,0.0,0.03846018397969699,False,,False,optimal
pooled_relative_posterior_active_te100bp,benchmark_relative_active,2025-11-24,2025-11-24,2025-11-24,2025-11-01,HYG,0.12522071323806128,0.1500000000000002,-0.024779286761938912,False,,False,optimal
pooled_relative_posterior_active_te100bp,benchmark_relative_active,2025-11-24,2025-11-24,2025-11-24,2025-11-01,BIL,0.04888827476742406,0.0,0.04888827476742406,False,,False,optimal
pooled_relative_posterior_active_te100bp,benchmark_relative_active,2025-11-24,2025-11-24,2025-11-24,2025-11-01,GLD,0.24192739464122037,0.2499999999999997,-0.008072605358779322,False,,False,optimal
pooled_relative_posterior_active_te100bp,benchmark_relative_active,2025-11-24,2025-11-24,2025-11-24,2025-11-01,LQD,0.20923783866440548,0.2500000000000002,-0.04076216133559474,False,,False,optimal
pooled_relative_posterior_active_te100bp,benchmark_relative_active,2025-11-24,2025-11-24,2025-11-24,2025-11-01,AGG,0.0,0.0,0.0,False,,False,optimal
pooled_relative_posterior_active_te100bp,benchmark_relative_active,2025-12-01,2025-12-01,2025-12-01,2025-12-01,SPY,0.3395923544827599,0.3500000000000002,-0.010407645517240327,False,,False,optimal
pooled_relative_posterior_active_te100bp,benchmark_relative_active,2025-12-01,2025-12-01,2025-12-01,2025-12-01,IEF,2.261653457576934e-17,0.0,2.261653457576934e-17,False,,False,optimal
pooled_relative_posterior_active_te100bp,benchmark_relative_active,2025-12-01,2025-12-01,2025-12-01,2025-12-01,TIP,0.03770486006046832,0.0,0.03770486006046832,False,,False,optimal
pooled_relative_posterior_active_te100bp,benchmark_relative_active,2025-12-01,2025-12-01,2025-12-01,2025-12-01,HYG,0.12349822739285887,0.1500000000000002,-0.026501772607141316,False,,False,optimal
pooled_relative_posterior_active_te100bp,benchmark_relative_active,2025-12-01,2025-12-01,2025-12-01,2025-12-01,BIL,0.04790779210956666,0.0,0.04790779210956666,False,,False,optimal
pooled_relative_posterior_active_te100bp,benchmark_relative_active,2025-12-01,2025-12-01,2025-12-01,2025-12-01,GLD,0.24513619436210798,0.2500000000000005,-0.004863805637892515,False,,False,optimal
pooled_relative_posterior_active_te100bp,benchmark_relative_active,2025-12-01,2025-12-01,2025-12-01,2025-12-01,LQD,0.20616057159223827,0.2499999999999991,-0.04383942840776084,False,,False,optimal
pooled_relative_posterior_active_te100bp,benchmark_relative_active,2025-12-01,2025-12-01,2025-12-01,2025-12-01,AGG,0.0,0.0,0.0,False,,False,optimal
pooled_relative_posterior_active_te100bp,benchmark_relative_active,2025-12-08,2025-12-08,2025-12-08,2025-12-01,SPY,0.3425192587859828,0.3500000000000006,-0.007480741214017761,False,,False,optimal
pooled_relative_posterior_active_te100bp,benchmark_relative_active,2025-12-08,2025-12-08,2025-12-08,2025-12-01,IEF,2.2512576843271447e-17,0.0,2.2512576843271447e-17,False,,False,optimal
pooled_relative_posterior_active_te100bp,benchmark_relative_active,2025-12-08,2025-12-08,2025-12-08,2025-12-01,TIP,0.037590395442477983,0.0,0.037590395442477983,False,,False,optimal
pooled_relative_posterior_active_te100bp,benchmark_relative_active,2025-12-08,2025-12-08,2025-12-08,2025-12-01,HYG,0.12384964421759671,0.1499999999999998,-0.026150355782403087,False,,False,optimal
pooled_relative_posterior_active_te100bp,benchmark_relative_active,2025-12-08,2025-12-08,2025-12-08,2025-12-01,BIL,0.04786724482889868,0.0,0.04786724482889868,False,,False,optimal
pooled_relative_posterior_active_te100bp,benchmark_relative_active,2025-12-08,2025-12-08,2025-12-08,2025-12-01,GLD,0.24215513997569751,0.2500000000000002,-0.007844860024302708,False,,False,optimal
pooled_relative_posterior_active_te100bp,benchmark_relative_active,2025-12-08,2025-12-08,2025-12-08,2025-12-01,LQD,0.20601831674934634,0.2499999999999993,-0.043981683250652964,False,,False,optimal
pooled_relative_posterior_active_te100bp,benchmark_relative_active,2025-12-08,2025-12-08,2025-12-08,2025-12-01,AGG,0.0,0.0,0.0,False,,False,optimal
pooled_relative_posterior_active_te100bp,benchmark_relative_active,2025-12-15,2025-12-15,2025-12-15,2025-12-01,SPY,0.33967678170814647,0.35,-0.010323218291853509,False,,False,optimal
pooled_relative_posterior_active_te100bp,benchmark_relative_active,2025-12-15,2025-12-15,2025-12-15,2025-12-01,IEF,2.243261348083477e-17,0.0,2.243261348083477e-17,False,,False,optimal
pooled_relative_posterior_active_te100bp,benchmark_relative_active,2025-12-15,2025-12-15,2025-12-15,2025-12-01,TIP,0.03747115949578712,0.0,0.03747115949578712,False,,False,optimal
pooled_relative_posterior_active_te100bp,benchmark_relative_active,2025-12-15,2025-12-15,2025-12-15,2025-12-01,HYG,0.12346211875623277,0.1499999999999996,-0.02653788124376684,False,,False,optimal
pooled_relative_posterior_active_te100bp,benchmark_relative_active,2025-12-15,2025-12-15,2025-12-15,2025-12-01,BIL,0.047842877609820075,0.0,0.047842877609820075,False,,False,optimal
pooled_relative_posterior_active_te100bp,benchmark_relative_active,2025-12-15,2025-12-15,2025-12-15,2025-12-01,GLD,0.24710852015579257,0.25,-0.0028914798442074285,False,,False,optimal
pooled_relative_posterior_active_te100bp,benchmark_relative_active,2025-12-15,2025-12-15,2025-12-15,2025-12-01,LQD,0.20443854227422106,0.2500000000000004,-0.045561457725779325,False,,False,optimal
pooled_relative_posterior_active_te100bp,benchmark_relative_active,2025-12-15,2025-12-15,2025-12-15,2025-12-01,AGG,0.0,0.0,0.0,False,,False,optimal
pooled_relative_posterior_active_te100bp,benchmark_relative_active,2025-12-22,2025-12-22,2025-12-22,2025-12-01,SPY,0.3383210238301118,0.3499999999999996,-0.011678976169887778,False,,False,optimal
pooled_relative_posterior_active_te100bp,benchmark_relative_active,2025-12-22,2025-12-22,2025-12-22,2025-12-01,IEF,2.247894857484838e-17,0.0,2.247894857484838e-17,False,,False,optimal
pooled_relative_posterior_active_te100bp,benchmark_relative_active,2025-12-22,2025-12-22,2025-12-22,2025-12-01,TIP,0.037469892599120196,0.0,0.037469892599120196,False,,False,optimal
pooled_relative_posterior_active_te100bp,benchmark_relative_active,2025-12-22,2025-12-22,2025-12-22,2025-12-01,HYG,0.12364325721407532,0.1499999999999995,-0.026356742785924175,False,,False,optimal
pooled_relative_posterior_active_te100bp,benchmark_relative_active,2025-12-22,2025-12-22,2025-12-22,2025-12-01,BIL,0.04790511596778011,0.0,0.04790511596778011,False,,False,optimal
pooled_relative_posterior_active_te100bp,benchmark_relative_active,2025-12-22,2025-12-22,2025-12-22,2025-12-01,GLD,0.24803724138212646,0.2499999999999997,-0.0019627586178732337,False,,False,optimal
pooled_relative_posterior_active_te100bp,benchmark_relative_active,2025-12-22,2025-12-22,2025-12-22,2025-12-01,LQD,0.20462346900678613,0.250000000000001,-0.04537653099321487,False,,False,optimal
pooled_relative_posterior_active_te100bp,benchmark_relative_active,2025-12-22,2025-12-22,2025-12-22,2025-12-01,AGG,0.0,0.0,0.0,False,,False,optimal
pooled_relative_posterior_active_te100bp,benchmark_relative_active,2025-12-29,2025-12-29,2025-12-29,2025-12-01,SPY,0.3394093179942613,0.3500000000000003,-0.010590682005739038,False,,False,optimal
pooled_relative_posterior_active_te100bp,benchmark_relative_active,2025-12-29,2025-12-29,2025-12-29,2025-12-01,IEF,3.367352573767237e-17,0.0,3.367352573767237e-17,False,,False,optimal
pooled_relative_posterior_active_te100bp,benchmark_relative_active,2025-12-29,2025-12-29,2025-12-29,2025-12-01,TIP,0.03715006132574168,0.0,0.03715006132574168,False,,False,optimal
pooled_relative_posterior_active_te100bp,benchmark_relative_active,2025-12-29,2025-12-29,2025-12-29,2025-12-01,HYG,0.12260030044537001,0.1499999999999985,-0.02739969955462848,False,,False,optimal
pooled_relative_posterior_active_te100bp,benchmark_relative_active,2025-12-29,2025-12-29,2025-12-29,2025-12-01,BIL,0.04744968867990245,0.0,0.04744968867990245,False,,False,optimal
pooled_relative_posterior_active_te100bp,benchmark_relative_active,2025-12-29,2025-12-29,2025-12-29,2025-12-01,GLD,0.24999999999999994,0.2500000000000003,-3.3306690738754696e-16,False,,False,optimal
pooled_relative_posterior_active_te100bp,benchmark_relative_active,2025-12-29,2025-12-29,2025-12-29,2025-12-01,LQD,0.20339063155472445,0.2500000000000008,-0.04660936844527633,False,,False,optimal
pooled_relative_posterior_active_te100bp,benchmark_relative_active,2025-12-29,2025-12-29,2025-12-29,2025-12-01,AGG,0.0,0.0,0.0,False,,False,optimal
pooled_relative_posterior_active_te100bp,benchmark_relative_active,2026-01-05,2026-01-05,2026-01-05,2026-01-01,SPY,0.33941035081184573,0.3500000000000004,-0.010589649188154693,False,,False,optimal
pooled_relative_posterior_active_te100bp,benchmark_relative_active,2026-01-05,2026-01-05,2026-01-05,2026-01-01,IEF,3.372405397157725e-17,0.0,3.372405397157725e-17,False,,False,optimal
pooled_relative_posterior_active_te100bp,benchmark_relative_active,2026-01-05,2026-01-05,2026-01-05,2026-01-01,TIP,0.037292766413102446,0.0,0.037292766413102446,False,,False,optimal
pooled_relative_posterior_active_te100bp,benchmark_relative_active,2026-01-05,2026-01-05,2026-01-05,2026-01-01,HYG,0.1235533980953011,0.1499999999999991,-0.02644660190469801,False,,False,optimal
pooled_relative_posterior_active_te100bp,benchmark_relative_active,2026-01-05,2026-01-05,2026-01-05,2026-01-01,BIL,0.047784707606276004,0.0,0.047784707606276004,False,,False,optimal
pooled_relative_posterior_active_te100bp,benchmark_relative_active,2026-01-05,2026-01-05,2026-01-05,2026-01-01,GLD,0.2482465948958672,0.2495569279373775,-0.001310333041510292,False,,False,optimal
pooled_relative_posterior_active_te100bp,benchmark_relative_active,2026-01-05,2026-01-05,2026-01-05,2026-01-01,LQD,0.20371218217760761,0.2504430720626228,-0.04673088988501517,False,,False,optimal
pooled_relative_posterior_active_te100bp,benchmark_relative_active,2026-01-05,2026-01-05,2026-01-05,2026-01-01,AGG,0.0,0.0,0.0,False,,False,optimal
pooled_relative_posterior_active_te100bp,benchmark_relative_active,2026-01-12,2026-01-12,2026-01-12,2026-01-01,SPY,0.34053894875903534,0.3499999999999991,-0.009461051240963747,False,,False,optimal
pooled_relative_posterior_active_te100bp,benchmark_relative_active,2026-01-12,2026-01-12,2026-01-12,2026-01-01,IEF,3.284847131374788e-17,0.0,3.284847131374788e-17,False,,False,optimal
pooled_relative_posterior_active_te100bp,benchmark_relative_active,2026-01-12,2026-01-12,2026-01-12,2026-01-01,TIP,0.03700204189628795,0.0,0.03700204189628795,False,,False,optimal
pooled_relative_posterior_active_te100bp,benchmark_relative_active,2026-01-12,2026-01-12,2026-01-12,2026-01-01,HYG,0.12275058224119861,0.1500000000000009,-0.027249417758802297,False,,False,optimal
pooled_relative_posterior_active_te100bp,benchmark_relative_active,2026-01-12,2026-01-12,2026-01-12,2026-01-01,BIL,0.04734771409481476,0.0,0.04734771409481476,False,,False,optimal
pooled_relative_posterior_active_te100bp,benchmark_relative_active,2026-01-12,2026-01-12,2026-01-12,2026-01-01,GLD,0.25,0.2499999999999994,6.106226635438361e-16,False,,False,optimal
pooled_relative_posterior_active_te100bp,benchmark_relative_active,2026-01-12,2026-01-12,2026-01-12,2026-01-01,LQD,0.20236071300866332,0.2500000000000006,-0.04763928699133729,False,,False,optimal
pooled_relative_posterior_active_te100bp,benchmark_relative_active,2026-01-12,2026-01-12,2026-01-12,2026-01-01,AGG,0.0,0.0,0.0,False,,False,optimal
pooled_relative_posterior_active_te100bp,benchmark_relative_active,2026-01-19,2026-01-19,2026-01-20,2026-01-01,SPY,0.34069031348936907,0.3499999999999994,-0.009309686510630355,False,,False,optimal
pooled_relative_posterior_active_te100bp,benchmark_relative_active,2026-01-19,2026-01-19,2026-01-20,2026-01-01,IEF,3.274142243802994e-17,0.0,3.274142243802994e-17,False,,False,optimal
pooled_relative_posterior_active_te100bp,benchmark_relative_active,2026-01-19,2026-01-19,2026-01-20,2026-01-01,TIP,0.03692241100592201,0.0,0.03692241100592201,False,,False,optimal
pooled_relative_posterior_active_te100bp,benchmark_relative_active,2026-01-19,2026-01-19,2026-01-20,2026-01-01,HYG,0.12290395636480667,0.1499999999999992,-0.027096043635192524,False,,False,optimal
pooled_relative_posterior_active_te100bp,benchmark_relative_active,2026-01-19,2026-01-19,2026-01-20,2026-01-01,BIL,0.047332673635901136,0.0,0.047332673635901136,False,,False,optimal
pooled_relative_posterior_active_te100bp,benchmark_relative_active,2026-01-19,2026-01-19,2026-01-20,2026-01-01,GLD,0.2496204868748513,0.2498338962636579,-0.00021340938880659577,False,,False,optimal
pooled_relative_posterior_active_te100bp,benchmark_relative_active,2026-01-19,2026-01-19,2026-01-20,2026-01-01,LQD,0.2025301586291499,0.2501661037363434,-0.04763594510719352,False,,False,optimal
pooled_relative_posterior_active_te100bp,benchmark_relative_active,2026-01-19,2026-01-19,2026-01-20,2026-01-01,AGG,0.0,0.0,0.0,False,,False,optimal
pooled_relative_posterior_active_te100bp,benchmark_relative_active,2026-01-26,2026-01-26,2026-01-26,2026-01-01,SPY,0.3417366276450045,0.3499999999999996,-0.00826337235499508,False,,False,optimal
pooled_relative_posterior_active_te100bp,benchmark_relative_active,2026-01-26,2026-01-26,2026-01-26,2026-01-01,IEF,2.743710894260133e-17,0.0,2.743710894260133e-17,False,,False,optimal
pooled_relative_posterior_active_te100bp,benchmark_relative_active,2026-01-26,2026-01-26,2026-01-26,2026-01-01,TIP,0.03641767595596108,0.0,0.03641767595596108,False,,False,optimal
pooled_relative_posterior_active_te100bp,benchmark_relative_active,2026-01-26,2026-01-26,2026-01-26,2026-01-01,HYG,0.12123470414210921,0.1499999999999998,-0.028765295857890588,False,,False,optimal
pooled_relative_posterior_active_te100bp,benchmark_relative_active,2026-01-26,2026-01-26,2026-01-26,2026-01-01,BIL,0.04999999999999994,0.0,0.04999999999999994,False,,False,optimal
pooled_relative_posterior_active_te100bp,benchmark_relative_active,2026-01-26,2026-01-26,2026-01-26,2026-01-01,GLD,0.25,0.2499999999999997,3.0531133177191805e-16,False,,False,optimal
pooled_relative_posterior_active_te100bp,benchmark_relative_active,2026-01-26,2026-01-26,2026-01-26,2026-01-01,LQD,0.20061099225692533,0.2500000000000006,-0.04938900774307528,False,,False,optimal
pooled_relative_posterior_active_te100bp,benchmark_relative_active,2026-01-26,2026-01-26,2026-01-26,2026-01-01,AGG,0.0,0.0,0.0,False,,False,optimal
pooled_relative_posterior_active_te100bp,benchmark_relative_active,2026-02-02,2026-02-02,2026-02-02,2026-02-01,SPY,0.34657863371876324,0.3499999999999994,-0.0034213662812361822,False,,False,optimal
pooled_relative_posterior_active_te100bp,benchmark_relative_active,2026-02-02,2026-02-02,2026-02-02,2026-02-01,IEF,6.521739427576692e-18,0.0,6.521739427576692e-18,False,,False,optimal
pooled_relative_posterior_active_te100bp,benchmark_relative_active,2026-02-02,2026-02-02,2026-02-02,2026-02-01,TIP,0.03690143982867232,0.0,0.03690143982867232,False,,False,optimal
pooled_relative_posterior_active_te100bp,benchmark_relative_active,2026-02-02,2026-02-02,2026-02-02,2026-02-01,HYG,0.12258371201616183,0.1499999999999998,-0.027416287983837967,False,,False,optimal
pooled_relative_posterior_active_te100bp,benchmark_relative_active,2026-02-02,2026-02-02,2026-02-02,2026-02-01,BIL,0.05,0.0,0.05,False,,False,optimal
pooled_relative_posterior_active_te100bp,benchmark_relative_active,2026-02-02,2026-02-02,2026-02-02,2026-02-01,GLD,0.24179544617522414,0.2480186152891157,-0.0062231691138915635,False,,False,optimal
pooled_relative_posterior_active_te100bp,benchmark_relative_active,2026-02-02,2026-02-02,2026-02-02,2026-02-01,LQD,0.20214076826117847,0.251981384710885,-0.049840616449706526,False,,False,optimal
pooled_relative_posterior_active_te100bp,benchmark_relative_active,2026-02-02,2026-02-02,2026-02-02,2026-02-01,AGG,0.0,0.0,0.0,False,,False,optimal
pooled_relative_posterior_active_te100bp,benchmark_relative_active,2026-02-09,2026-02-09,2026-02-09,2026-02-01,SPY,0.34246246548953435,0.3500000000000005,-0.007537534510466126,False,,False,optimal
pooled_relative_posterior_active_te100bp,benchmark_relative_active,2026-02-09,2026-02-09,2026-02-09,2026-02-01,IEF,0.0,0.0,0.0,False,,False,optimal
pooled_relative_posterior_active_te100bp,benchmark_relative_active,2026-02-09,2026-02-09,2026-02-09,2026-02-01,TIP,0.036487391633869354,0.0,0.036487391633869354,False,,False,optimal
pooled_relative_posterior_active_te100bp,benchmark_relative_active,2026-02-09,2026-02-09,2026-02-09,2026-02-01,HYG,0.12115531601397261,0.15,-0.02884468398602738,False,,False,optimal
pooled_relative_posterior_active_te100bp,benchmark_relative_active,2026-02-09,2026-02-09,2026-02-09,2026-02-01,BIL,0.04971321347734912,0.0,0.04971321347734912,False,,False,optimal
pooled_relative_posterior_active_te100bp,benchmark_relative_active,2026-02-09,2026-02-09,2026-02-09,2026-02-01,GLD,0.25,0.2500000000000001,-1.1102230246251565e-16,False,,False,optimal
pooled_relative_posterior_active_te100bp,benchmark_relative_active,2026-02-09,2026-02-09,2026-02-09,2026-02-01,LQD,0.20018161338527463,0.2499999999999993,-0.04981838661472468,False,,False,optimal
pooled_relative_posterior_active_te100bp,benchmark_relative_active,2026-02-09,2026-02-09,2026-02-09,2026-02-01,AGG,0.0,0.0,0.0,False,,False,optimal
pooled_relative_posterior_active_te100bp,benchmark_relative_active,2026-02-16,2026-02-16,2026-02-17,2026-02-01,SPY,0.33938805515533843,0.3500000000000003,-0.01061194484466188,False,,False,optimal
pooled_relative_posterior_active_te100bp,benchmark_relative_active,2026-02-16,2026-02-16,2026-02-17,2026-02-01,IEF,0.0,0.0,0.0,False,,False,optimal
pooled_relative_posterior_active_te100bp,benchmark_relative_active,2026-02-16,2026-02-16,2026-02-17,2026-02-01,TIP,0.036766291839327836,0.0,0.036766291839327836,False,,False,optimal
pooled_relative_posterior_active_te100bp,benchmark_relative_active,2026-02-16,2026-02-16,2026-02-17,2026-02-01,HYG,0.12135063111191577,0.1499999999999998,-0.02864936888808403,False,,False,optimal
pooled_relative_posterior_active_te100bp,benchmark_relative_active,2026-02-16,2026-02-16,2026-02-17,2026-02-01,BIL,0.05000000000000001,0.0,0.05000000000000001,False,,False,optimal
pooled_relative_posterior_active_te100bp,benchmark_relative_active,2026-02-16,2026-02-16,2026-02-17,2026-02-01,GLD,0.25000000000000006,0.2500000000000003,-2.220446049250313e-16,False,,False,optimal
pooled_relative_posterior_active_te100bp,benchmark_relative_active,2026-02-16,2026-02-16,2026-02-17,2026-02-01,LQD,0.20249502189341795,0.2499999999999994,-0.04750497810658144,False,,False,optimal
pooled_relative_posterior_active_te100bp,benchmark_relative_active,2026-02-16,2026-02-16,2026-02-17,2026-02-01,AGG,0.0,0.0,0.0,False,,False,optimal
pooled_relative_posterior_active_te100bp,benchmark_relative_active,2026-02-23,2026-02-23,2026-02-23,2026-02-01,SPY,0.33890116394863207,0.3500000000000001,-0.011098836051368022,False,,False,optimal
pooled_relative_posterior_active_te100bp,benchmark_relative_active,2026-02-23,2026-02-23,2026-02-23,2026-02-01,IEF,3.189755988937111e-16,0.0,3.189755988937111e-16,False,,False,optimal
pooled_relative_posterior_active_te100bp,benchmark_relative_active,2026-02-23,2026-02-23,2026-02-23,2026-02-01,TIP,0.0412888953197304,0.0,0.0412888953197304,False,,False,optimal
pooled_relative_posterior_active_te100bp,benchmark_relative_active,2026-02-23,2026-02-23,2026-02-23,2026-02-01,HYG,0.11980994073163923,0.1500000000000005,-0.03019005926836127,False,,False,optimal
pooled_relative_posterior_active_te100bp,benchmark_relative_active,2026-02-23,2026-02-23,2026-02-23,2026-02-01,BIL,0.04999999999999877,0.0,0.04999999999999877,False,,False,optimal
pooled_relative_posterior_active_te100bp,benchmark_relative_active,2026-02-23,2026-02-23,2026-02-23,2026-02-01,GLD,0.25,0.2500000000000001,-1.1102230246251565e-16,False,,False,optimal
pooled_relative_posterior_active_te100bp,benchmark_relative_active,2026-02-23,2026-02-23,2026-02-23,2026-02-01,LQD,0.19999999999999923,0.2499999999999992,-0.04999999999999996,False,,False,optimal
pooled_relative_posterior_active_te100bp,benchmark_relative_active,2026-02-23,2026-02-23,2026-02-23,2026-02-01,AGG,0.0,0.0,0.0,False,,False,optimal
pooled_relative_posterior_active_te100bp,benchmark_relative_active,2026-03-02,2026-03-02,2026-03-02,2026-03-01,SPY,0.339660343349655,0.3500000000000001,-0.010339656650345086,False,,False,optimal
pooled_relative_posterior_active_te100bp,benchmark_relative_active,2026-03-02,2026-03-02,2026-03-02,2026-03-01,IEF,1.234303968585374e-16,0.0,1.234303968585374e-16,False,,False,optimal
pooled_relative_posterior_active_te100bp,benchmark_relative_active,2026-03-02,2026-03-02,2026-03-02,2026-03-01,TIP,0.04134715282653969,0.0,0.04134715282653969,False,,False,optimal
pooled_relative_posterior_active_te100bp,benchmark_relative_active,2026-03-02,2026-03-02,2026-03-02,2026-03-01,HYG,0.11899250382380508,0.1499999999999996,-0.031007496176194527,False,,False,optimal
pooled_relative_posterior_active_te100bp,benchmark_relative_active,2026-03-02,2026-03-02,2026-03-02,2026-03-01,BIL,0.05000000000000001,0.0,0.05000000000000001,False,,False,optimal
pooled_relative_posterior_active_te100bp,benchmark_relative_active,2026-03-02,2026-03-02,2026-03-02,2026-03-01,GLD,0.24999999999999992,0.2500000000000001,-1.942890293094024e-16,False,,False,optimal
pooled_relative_posterior_active_te100bp,benchmark_relative_active,2026-03-02,2026-03-02,2026-03-02,2026-03-01,LQD,0.2000000000000002,0.2500000000000001,-0.049999999999999906,False,,False,optimal
pooled_relative_posterior_active_te100bp,benchmark_relative_active,2026-03-02,2026-03-02,2026-03-02,2026-03-01,AGG,0.0,0.0,0.0,False,,False,optimal
pooled_relative_posterior_active_te100bp,benchmark_relative_active,2026-03-09,2026-03-09,2026-03-09,2026-03-01,SPY,0.3411102291763324,0.350000000000002,-0.008889770823669596,False,,False,optimal
pooled_relative_posterior_active_te100bp,benchmark_relative_active,2026-03-09,2026-03-09,2026-03-09,2026-03-01,IEF,8.604076530159942e-17,0.0,8.604076530159942e-17,False,,False,optimal
pooled_relative_posterior_active_te100bp,benchmark_relative_active,2026-03-09,2026-03-09,2026-03-09,2026-03-01,TIP,0.04176403096050548,0.0,0.04176403096050548,False,,False,optimal
pooled_relative_posterior_active_te100bp,benchmark_relative_active,2026-03-09,2026-03-09,2026-03-09,2026-03-01,HYG,0.12006622822631355,0.1500000000000003,-0.02993377177368675,False,,False,optimal
pooled_relative_posterior_active_te100bp,benchmark_relative_active,2026-03-09,2026-03-09,2026-03-09,2026-03-01,BIL,0.05000000000000001,0.0,0.05000000000000001,False,,False,optimal
pooled_relative_posterior_active_te100bp,benchmark_relative_active,2026-03-09,2026-03-09,2026-03-09,2026-03-01,GLD,0.24556164436306394,0.2500000000000014,-0.004438355636937452,False,,False,optimal
pooled_relative_posterior_active_te100bp,benchmark_relative_active,2026-03-09,2026-03-09,2026-03-09,2026-03-01,LQD,0.20149786727378455,0.2499999999999962,-0.04850213272621165,False,,False,optimal
pooled_relative_posterior_active_te100bp,benchmark_relative_active,2026-03-09,2026-03-09,2026-03-09,2026-03-01,AGG,0.0,0.0,0.0,False,,False,optimal
pooled_relative_posterior_active_te100bp,benchmark_relative_active,2026-03-16,2026-03-16,2026-03-16,2026-03-01,SPY,0.3423770990222834,0.3500000000000001,-0.007622900977716673,False,,False,optimal
pooled_relative_posterior_active_te100bp,benchmark_relative_active,2026-03-16,2026-03-16,2026-03-16,2026-03-01,IEF,5.017887462477835e-17,0.0,5.017887462477835e-17,False,,False,optimal
pooled_relative_posterior_active_te100bp,benchmark_relative_active,2026-03-16,2026-03-16,2026-03-16,2026-03-01,TIP,0.041872292530770745,0.0,0.041872292530770745,False,,False,optimal
pooled_relative_posterior_active_te100bp,benchmark_relative_active,2026-03-16,2026-03-16,2026-03-16,2026-03-01,HYG,0.12066401455666766,0.1499999999999996,-0.02933598544333195,False,,False,optimal
pooled_relative_posterior_active_te100bp,benchmark_relative_active,2026-03-16,2026-03-16,2026-03-16,2026-03-01,BIL,0.05,0.0,0.05,False,,False,optimal
pooled_relative_posterior_active_te100bp,benchmark_relative_active,2026-03-16,2026-03-16,2026-03-16,2026-03-01,GLD,0.24468232177130972,0.25,-0.005317678228690281,False,,False,optimal
pooled_relative_posterior_active_te100bp,benchmark_relative_active,2026-03-16,2026-03-16,2026-03-16,2026-03-01,LQD,0.20040427211896839,0.2500000000000004,-0.049595727881032003,False,,False,optimal
pooled_relative_posterior_active_te100bp,benchmark_relative_active,2026-03-16,2026-03-16,2026-03-16,2026-03-01,AGG,0.0,0.0,0.0,False,,False,optimal
pooled_relative_posterior_active_te100bp,benchmark_relative_active,2026-03-23,2026-03-23,2026-03-23,2026-03-01,SPY,0.34620453588442324,0.3499999999999993,-0.003795464115576075,False,,False,optimal
pooled_relative_posterior_active_te100bp,benchmark_relative_active,2026-03-23,2026-03-23,2026-03-23,2026-03-01,IEF,6.07987544044928e-17,0.0,6.07987544044928e-17,False,,False,optimal
pooled_relative_posterior_active_te100bp,benchmark_relative_active,2026-03-23,2026-03-23,2026-03-23,2026-03-01,TIP,0.04320123240446502,0.0,0.04320123240446502,False,,False,optimal
pooled_relative_posterior_active_te100bp,benchmark_relative_active,2026-03-23,2026-03-23,2026-03-23,2026-03-01,HYG,0.12446671425749484,0.1500000000000005,-0.025533285742505657,False,,False,optimal
pooled_relative_posterior_active_te100bp,benchmark_relative_active,2026-03-23,2026-03-23,2026-03-23,2026-03-01,BIL,0.05,0.0,0.05,False,,False,optimal
pooled_relative_posterior_active_te100bp,benchmark_relative_active,2026-03-23,2026-03-23,2026-03-23,2026-03-01,GLD,0.22987015170383002,0.2499999999999999,-0.020129848296169872,False,,False,optimal
pooled_relative_posterior_active_te100bp,benchmark_relative_active,2026-03-23,2026-03-23,2026-03-23,2026-03-01,LQD,0.20625736574978676,0.2500000000000001,-0.04374263425021335,False,,False,optimal
pooled_relative_posterior_active_te100bp,benchmark_relative_active,2026-03-23,2026-03-23,2026-03-23,2026-03-01,AGG,0.0,0.0,0.0,False,,False,optimal
pooled_relative_posterior_active_te100bp,benchmark_relative_active,2026-03-30,2026-03-30,2026-03-30,2026-03-01,SPY,0.3367317024666791,0.3499999999999996,-0.013268297533320483,False,,False,optimal
pooled_relative_posterior_active_te100bp,benchmark_relative_active,2026-03-30,2026-03-30,2026-03-30,2026-03-01,IEF,4.134039676671096e-17,0.0,4.134039676671096e-17,False,,False,optimal
pooled_relative_posterior_active_te100bp,benchmark_relative_active,2026-03-30,2026-03-30,2026-03-30,2026-03-01,TIP,0.04344187392410884,0.0,0.04344187392410884,False,,False,optimal
pooled_relative_posterior_active_te100bp,benchmark_relative_active,2026-03-30,2026-03-30,2026-03-30,2026-03-01,HYG,0.12472043225894015,0.1500000000000002,-0.025279567741060036,False,,False,optimal
pooled_relative_posterior_active_te100bp,benchmark_relative_active,2026-03-30,2026-03-30,2026-03-30,2026-03-01,BIL,0.05000000000000001,0.0,0.05000000000000001,False,,False,optimal
pooled_relative_posterior_active_te100bp,benchmark_relative_active,2026-03-30,2026-03-30,2026-03-30,2026-03-01,GLD,0.2380214650204269,0.2499999999999997,-0.011978534979572797,False,,False,optimal
pooled_relative_posterior_active_te100bp,benchmark_relative_active,2026-03-30,2026-03-30,2026-03-30,2026-03-01,LQD,0.20708452632984503,0.2500000000000002,-0.04291547367015519,False,,False,optimal
pooled_relative_posterior_active_te100bp,benchmark_relative_active,2026-03-30,2026-03-30,2026-03-30,2026-03-01,AGG,0.0,0.0,0.0,False,,False,optimal
pooled_relative_posterior_active_te100bp,benchmark_relative_active,2026-04-06,2026-04-06,2026-04-06,2026-04-01,SPY,0.33900360826463904,0.3499999999999995,-0.010996391735360433,False,,False,optimal
pooled_relative_posterior_active_te100bp,benchmark_relative_active,2026-04-06,2026-04-06,2026-04-06,2026-04-01,IEF,4.078278183363272e-17,0.0,4.078278183363272e-17,False,,False,optimal
pooled_relative_posterior_active_te100bp,benchmark_relative_active,2026-04-06,2026-04-06,2026-04-06,2026-04-01,TIP,0.042860721380283635,0.0,0.042860721380283635,False,,False,optimal
pooled_relative_posterior_active_te100bp,benchmark_relative_active,2026-04-06,2026-04-06,2026-04-06,2026-04-01,HYG,0.12398815535930392,0.1500000000000005,-0.02601184464069657,False,,False,optimal
pooled_relative_posterior_active_te100bp,benchmark_relative_active,2026-04-06,2026-04-06,2026-04-06,2026-04-01,BIL,0.049159800213533694,0.0,0.049159800213533694,False,,False,optimal
pooled_relative_posterior_active_te100bp,benchmark_relative_active,2026-04-06,2026-04-06,2026-04-06,2026-04-01,GLD,0.23938588821671786,0.2499999999999997,-0.010614111783281838,False,,False,optimal
pooled_relative_posterior_active_te100bp,benchmark_relative_active,2026-04-06,2026-04-06,2026-04-06,2026-04-01,LQD,0.2056018265655217,0.2500000000000001,-0.04439817343447841,False,,False,optimal
pooled_relative_posterior_active_te100bp,benchmark_relative_active,2026-04-06,2026-04-06,2026-04-06,2026-04-01,AGG,0.0,0.0,0.0,False,,False,optimal
pooled_relative_posterior_active_te100bp,benchmark_relative_active,2026-04-13,2026-04-13,2026-04-13,2026-04-01,SPY,0.3448860306884767,0.3499999999999993,-0.005113969311522637,False,,False,optimal
pooled_relative_posterior_active_te100bp,benchmark_relative_active,2026-04-13,2026-04-13,2026-04-13,2026-04-01,IEF,4.016316160457821e-17,0.0,4.016316160457821e-17,False,,False,optimal
pooled_relative_posterior_active_te100bp,benchmark_relative_active,2026-04-13,2026-04-13,2026-04-13,2026-04-01,TIP,0.04223447105059006,0.0,0.04223447105059006,False,,False,optimal
pooled_relative_posterior_active_te100bp,benchmark_relative_active,2026-04-13,2026-04-13,2026-04-13,2026-04-01,HYG,0.1224474505626748,0.15,-0.0275525494373252,False,,False,optimal
pooled_relative_posterior_active_te100bp,benchmark_relative_active,2026-04-13,2026-04-13,2026-04-13,2026-04-01,BIL,0.04830738861404882,0.0,0.04830738861404882,False,,False,optimal
pooled_relative_posterior_active_te100bp,benchmark_relative_active,2026-04-13,2026-04-13,2026-04-13,2026-04-01,GLD,0.23960839840414208,0.2499999999999995,-0.01039160159585742,False,,False,optimal
pooled_relative_posterior_active_te100bp,benchmark_relative_active,2026-04-13,2026-04-13,2026-04-13,2026-04-01,LQD,0.2025162606800675,0.2500000000000011,-0.047483739319933604,False,,False,optimal
pooled_relative_posterior_active_te100bp,benchmark_relative_active,2026-04-13,2026-04-13,2026-04-13,2026-04-01,AGG,0.0,0.0,0.0,False,,False,optimal
pooled_relative_posterior_active_te100bp,benchmark_relative_active,2026-04-20,2026-04-20,2026-04-20,2026-04-01,SPY,0.34999999999999987,0.3499999999999996,2.7755575615628914e-16,False,,False,optimal
pooled_relative_posterior_active_te100bp,benchmark_relative_active,2026-04-20,2026-04-20,2026-04-20,2026-04-01,IEF,4.3746329925194123e-17,0.0,4.3746329925194123e-17,False,,False,optimal
pooled_relative_posterior_active_te100bp,benchmark_relative_active,2026-04-20,2026-04-20,2026-04-20,2026-04-01,TIP,0.04131542552985464,0.0,0.04131542552985464,False,,False,optimal
pooled_relative_posterior_active_te100bp,benchmark_relative_active,2026-04-20,2026-04-20,2026-04-20,2026-04-01,HYG,0.1205144843994194,0.1500000000000017,-0.029485515600582282,False,,False,optimal
pooled_relative_posterior_active_te100bp,benchmark_relative_active,2026-04-20,2026-04-20,2026-04-20,2026-04-01,BIL,0.04711660138028401,0.0,0.04711660138028401,False,,False,optimal
pooled_relative_posterior_active_te100bp,benchmark_relative_active,2026-04-20,2026-04-20,2026-04-20,2026-04-01,GLD,0.24105348869044305,0.2499999999999997,-0.008946511309556648,False,,False,optimal
pooled_relative_posterior_active_te100bp,benchmark_relative_active,2026-04-20,2026-04-20,2026-04-20,2026-04-01,LQD,0.19999999999999885,0.2499999999999989,-0.050000000000000044,False,,False,optimal
pooled_relative_posterior_active_te100bp,benchmark_relative_active,2026-04-20,2026-04-20,2026-04-20,2026-04-01,AGG,0.0,0.0,0.0,False,,False,optimal
pooled_relative_posterior_active_te100bp,benchmark_relative_active,2026-04-27,2026-04-27,2026-04-27,2026-04-01,SPY,0.35000000000000003,0.3500000000000004,-3.885780586188048e-16,False,,False,optimal
pooled_relative_posterior_active_te100bp,benchmark_relative_active,2026-04-27,2026-04-27,2026-04-27,2026-04-01,IEF,4.103802595459261e-17,0.0,4.103802595459261e-17,False,,False,optimal
pooled_relative_posterior_active_te100bp,benchmark_relative_active,2026-04-27,2026-04-27,2026-04-27,2026-04-01,TIP,0.04158814674152834,0.0,0.04158814674152834,False,,False,optimal
pooled_relative_posterior_active_te100bp,benchmark_relative_active,2026-04-27,2026-04-27,2026-04-27,2026-04-01,HYG,0.12073774771582303,0.1500000000000004,-0.02926225228417738,False,,False,optimal
pooled_relative_posterior_active_te100bp,benchmark_relative_active,2026-04-27,2026-04-27,2026-04-27,2026-04-01,BIL,0.047317696716410694,0.0,0.047317696716410694,False,,False,optimal
pooled_relative_posterior_active_te100bp,benchmark_relative_active,2026-04-27,2026-04-27,2026-04-27,2026-04-01,GLD,0.24035640882623904,0.2500000000000003,-0.009643591173761235,False,,False,optimal
pooled_relative_posterior_active_te100bp,benchmark_relative_active,2026-04-27,2026-04-27,2026-04-27,2026-04-01,LQD,0.1999999999999988,0.2499999999999987,-0.049999999999999906,False,,False,optimal
pooled_relative_posterior_active_te100bp,benchmark_relative_active,2026-04-27,2026-04-27,2026-04-27,2026-04-01,AGG,0.0,0.0,0.0,False,,False,optimal
pooled_relative_posterior_active_te100bp,benchmark_relative_active,2026-05-04,2026-05-04,2026-05-04,2026-05-01,SPY,0.35000000000000003,0.3500000000000005,-4.440892098500626e-16,False,,False,optimal
pooled_relative_posterior_active_te100bp,benchmark_relative_active,2026-05-04,2026-05-04,2026-05-04,2026-05-01,IEF,7.406295461036574e-17,0.0,7.406295461036574e-17,False,,False,optimal
pooled_relative_posterior_active_te100bp,benchmark_relative_active,2026-05-04,2026-05-04,2026-05-04,2026-05-01,TIP,0.04173131097713701,0.0,0.04173131097713701,False,,False,optimal
pooled_relative_posterior_active_te100bp,benchmark_relative_active,2026-05-04,2026-05-04,2026-05-04,2026-05-01,HYG,0.12101493102378005,0.1499999999999995,-0.02898506897621944,False,,False,optimal
pooled_relative_posterior_active_te100bp,benchmark_relative_active,2026-05-04,2026-05-04,2026-05-04,2026-05-01,BIL,0.04742895931575221,0.0,0.04742895931575221,False,,False,optimal
pooled_relative_posterior_active_te100bp,benchmark_relative_active,2026-05-04,2026-05-04,2026-05-04,2026-05-01,GLD,0.23982479868333118,0.2500000000000004,-0.010175201316669213,False,,False,optimal
pooled_relative_posterior_active_te100bp,benchmark_relative_active,2026-05-04,2026-05-04,2026-05-04,2026-05-01,LQD,0.19999999999999957,0.2499999999999994,-0.04999999999999982,False,,False,optimal
pooled_relative_posterior_active_te100bp,benchmark_relative_active,2026-05-04,2026-05-04,2026-05-04,2026-05-01,AGG,0.0,0.0,0.0,False,,False,optimal
pooled_relative_posterior_active_te100bp,benchmark_relative_active,2026-05-11,2026-05-11,2026-05-11,2026-05-01,SPY,0.3499999999999999,0.3499999999999999,0.0,False,,False,optimal
pooled_relative_posterior_active_te100bp,benchmark_relative_active,2026-05-11,2026-05-11,2026-05-11,2026-05-01,IEF,0.0,0.0,0.0,False,,False,optimal
pooled_relative_posterior_active_te100bp,benchmark_relative_active,2026-05-11,2026-05-11,2026-05-11,2026-05-01,TIP,0.04063028999475311,0.0,0.04063028999475311,False,,False,optimal
pooled_relative_posterior_active_te100bp,benchmark_relative_active,2026-05-11,2026-05-11,2026-05-11,2026-05-01,HYG,0.11897163947334795,0.1499999999999993,-0.031028360526651352,False,,False,optimal
pooled_relative_posterior_active_te100bp,benchmark_relative_active,2026-05-11,2026-05-11,2026-05-11,2026-05-01,BIL,0.046583786709935994,0.0,0.046583786709935994,False,,False,optimal
pooled_relative_posterior_active_te100bp,benchmark_relative_active,2026-05-11,2026-05-11,2026-05-11,2026-05-01,GLD,0.24381428382196207,0.2499999999999999,-0.0061857161780378145,False,,False,optimal
pooled_relative_posterior_active_te100bp,benchmark_relative_active,2026-05-11,2026-05-11,2026-05-11,2026-05-01,LQD,0.20000000000000095,0.2500000000000009,-0.04999999999999993,False,,False,optimal
pooled_relative_posterior_active_te100bp,benchmark_relative_active,2026-05-11,2026-05-11,2026-05-11,2026-05-01,AGG,0.0,0.0,0.0,False,,False,optimal
pooled_relative_posterior_active_te100bp,benchmark_relative_active,2026-05-18,2026-05-18,2026-05-18,2026-05-01,SPY,0.35,0.3500000000000006,-6.106226635438361e-16,False,,False,optimal
pooled_relative_posterior_active_te100bp,benchmark_relative_active,2026-05-18,2026-05-18,2026-05-18,2026-05-01,IEF,0.0,0.0,0.0,False,,False,optimal
pooled_relative_posterior_active_te100bp,benchmark_relative_active,2026-05-18,2026-05-18,2026-05-18,2026-05-01,TIP,0.04083072155692132,0.0,0.04083072155692132,False,,False,optimal
pooled_relative_posterior_active_te100bp,benchmark_relative_active,2026-05-18,2026-05-18,2026-05-18,2026-05-01,HYG,0.11942655049355161,0.1500000000000005,-0.030573449506448885,False,,False,optimal
pooled_relative_posterior_active_te100bp,benchmark_relative_active,2026-05-18,2026-05-18,2026-05-18,2026-05-01,BIL,0.04715253504927817,0.0,0.04715253504927817,False,,False,optimal
pooled_relative_posterior_active_te100bp,benchmark_relative_active,2026-05-18,2026-05-18,2026-05-18,2026-05-01,GLD,0.2424485325546313,0.2500000000000009,-0.007551467445369581,False,,False,optimal
pooled_relative_posterior_active_te100bp,benchmark_relative_active,2026-05-18,2026-05-18,2026-05-18,2026-05-01,LQD,0.20014166034561764,0.2499999999999979,-0.049858339654380246,False,,False,optimal
pooled_relative_posterior_active_te100bp,benchmark_relative_active,2026-05-18,2026-05-18,2026-05-18,2026-05-01,AGG,0.0,0.0,0.0,False,,False,optimal
pooled_relative_posterior_active_te100bp,benchmark_relative_active,2026-05-25,2026-05-25,2026-05-26,2026-05-01,SPY,0.35,0.3499999999999994,5.551115123125783e-16,False,,False,optimal
pooled_relative_posterior_active_te100bp,benchmark_relative_active,2026-05-25,2026-05-25,2026-05-26,2026-05-01,IEF,0.0,0.0,0.0,False,,False,optimal
pooled_relative_posterior_active_te100bp,benchmark_relative_active,2026-05-25,2026-05-25,2026-05-26,2026-05-01,TIP,0.040739946376362,0.0,0.040739946376362,False,,False,optimal
pooled_relative_posterior_active_te100bp,benchmark_relative_active,2026-05-25,2026-05-25,2026-05-26,2026-05-01,HYG,0.11979672430469418,0.1500000000000001,-0.030203275695305926,False,,False,optimal
pooled_relative_posterior_active_te100bp,benchmark_relative_active,2026-05-25,2026-05-25,2026-05-26,2026-05-01,BIL,0.04715869243315853,0.0,0.04715869243315853,False,,False,optimal
pooled_relative_posterior_active_te100bp,benchmark_relative_active,2026-05-25,2026-05-25,2026-05-26,2026-05-01,GLD,0.2414863333599757,0.2499999999999995,-0.008513666640023787,False,,False,optimal
pooled_relative_posterior_active_te100bp,benchmark_relative_active,2026-05-25,2026-05-25,2026-05-26,2026-05-01,LQD,0.20081830352580962,0.2500000000000009,-0.04918169647419127,False,,False,optimal
pooled_relative_posterior_active_te100bp,benchmark_relative_active,2026-05-25,2026-05-25,2026-05-26,2026-05-01,AGG,0.0,0.0,0.0,False,,False,optimal
pooled_relative_posterior_active_te100bp,benchmark_relative_active,2026-06-01,2026-06-01,2026-06-01,2026-06-01,SPY,0.35,0.3499999999999996,3.885780586188048e-16,False,,False,optimal
pooled_relative_posterior_active_te100bp,benchmark_relative_active,2026-06-01,2026-06-01,2026-06-01,2026-06-01,IEF,6.612260939792027e-18,0.0,6.612260939792027e-18,False,,False,optimal
pooled_relative_posterior_active_te100bp,benchmark_relative_active,2026-06-01,2026-06-01,2026-06-01,2026-06-01,TIP,0.0407098092651079,0.0,0.0407098092651079,False,,False,optimal
pooled_relative_posterior_active_te100bp,benchmark_relative_active,2026-06-01,2026-06-01,2026-06-01,2026-06-01,HYG,0.11941189981654031,0.1499999999999997,-0.03058810018345938,False,,False,optimal
pooled_relative_posterior_active_te100bp,benchmark_relative_active,2026-06-01,2026-06-01,2026-06-01,2026-06-01,BIL,0.04693842991884629,0.0,0.04693842991884629,False,,False,optimal
pooled_relative_posterior_active_te100bp,benchmark_relative_active,2026-06-01,2026-06-01,2026-06-01,2026-06-01,GLD,0.24247548377478403,0.2499999999999999,-0.007524516225215855,False,,False,optimal
pooled_relative_posterior_active_te100bp,benchmark_relative_active,2026-06-01,2026-06-01,2026-06-01,2026-06-01,LQD,0.20046437722472138,0.2500000000000006,-0.04953562277527923,False,,False,optimal
pooled_relative_posterior_active_te100bp,benchmark_relative_active,2026-06-01,2026-06-01,2026-06-01,2026-06-01,AGG,0.0,0.0,0.0,False,,False,optimal
pooled_relative_posterior_active_te100bp,benchmark_relative_active,2026-06-08,2026-06-08,2026-06-08,2026-06-01,SPY,0.3479314385727026,0.3500000000000006,-0.002068561427297999,False,,False,optimal
pooled_relative_posterior_active_te100bp,benchmark_relative_active,2026-06-08,2026-06-08,2026-06-08,2026-06-01,IEF,6.7111184657929596e-18,0.0,6.7111184657929596e-18,False,,False,optimal
pooled_relative_posterior_active_te100bp,benchmark_relative_active,2026-06-08,2026-06-08,2026-06-08,2026-06-01,TIP,0.0412125518734414,0.0,0.0412125518734414,False,,False,optimal
pooled_relative_posterior_active_te100bp,benchmark_relative_active,2026-06-08,2026-06-08,2026-06-08,2026-06-01,HYG,0.12102409265732408,0.15,-0.02897590734267591,False,,False,optimal
pooled_relative_posterior_active_te100bp,benchmark_relative_active,2026-06-08,2026-06-08,2026-06-08,2026-06-01,BIL,0.047813898151927214,0.0,0.047813898151927214,False,,False,optimal
pooled_relative_posterior_active_te100bp,benchmark_relative_active,2026-06-08,2026-06-08,2026-06-08,2026-06-01,GLD,0.23865951307335487,0.2500000000000006,-0.011340486926645743,False,,False,optimal
pooled_relative_posterior_active_te100bp,benchmark_relative_active,2026-06-08,2026-06-08,2026-06-08,2026-06-01,LQD,0.20335850567124988,0.2499999999999986,-0.04664149432874873,False,,False,optimal
pooled_relative_posterior_active_te100bp,benchmark_relative_active,2026-06-08,2026-06-08,2026-06-08,2026-06-01,AGG,0.0,0.0,0.0,False,,False,optimal
pooled_relative_posterior_active_te100bp,benchmark_relative_active,2026-06-15,2026-06-15,2026-06-15,2026-06-01,SPY,0.34915879322743226,0.3500000000000006,-0.0008412067725683259,False,,False,optimal
pooled_relative_posterior_active_te100bp,benchmark_relative_active,2026-06-15,2026-06-15,2026-06-15,2026-06-01,IEF,6.7767532778065805e-18,0.0,6.7767532778065805e-18,False,,False,optimal
pooled_relative_posterior_active_te100bp,benchmark_relative_active,2026-06-15,2026-06-15,2026-06-15,2026-06-01,TIP,0.041489336892751146,0.0,0.041489336892751146,False,,False,optimal
pooled_relative_posterior_active_te100bp,benchmark_relative_active,2026-06-15,2026-06-15,2026-06-15,2026-06-01,HYG,0.1222345248212378,0.149999999999999,-0.027765475178761198,False,,False,optimal
pooled_relative_posterior_active_te100bp,benchmark_relative_active,2026-06-15,2026-06-15,2026-06-15,2026-06-01,BIL,0.04811299715986889,0.0,0.04811299715986889,False,,False,optimal
pooled_relative_posterior_active_te100bp,benchmark_relative_active,2026-06-15,2026-06-15,2026-06-15,2026-06-01,GLD,0.23339156033661937,0.2500000000000004,-0.01660843966338102,False,,False,optimal
pooled_relative_posterior_active_te100bp,benchmark_relative_active,2026-06-15,2026-06-15,2026-06-15,2026-06-01,LQD,0.20561278756209062,0.2499999999999999,-0.044387212437909274,False,,False,optimal
pooled_relative_posterior_active_te100bp,benchmark_relative_active,2026-06-15,2026-06-15,2026-06-15,2026-06-01,AGG,0.0,0.0,0.0,False,,False,optimal
pooled_relative_posterior_active_te100bp,benchmark_relative_active,2026-06-22,2026-06-22,2026-06-22,2026-06-01,SPY,0.35,0.3499999999999999,5.551115123125783e-17,False,,False,optimal
pooled_relative_posterior_active_te100bp,benchmark_relative_active,2026-06-22,2026-06-22,2026-06-22,2026-06-01,IEF,5.0392489962718026e-18,0.0,5.0392489962718026e-18,False,,False,optimal
pooled_relative_posterior_active_te100bp,benchmark_relative_active,2026-06-22,2026-06-22,2026-06-22,2026-06-01,TIP,0.04176064845834383,0.0,0.04176064845834383,False,,False,optimal
pooled_relative_posterior_active_te100bp,benchmark_relative_active,2026-06-22,2026-06-22,2026-06-22,2026-06-01,HYG,0.12319360327230525,0.1500000000000005,-0.026806396727695248,False,,False,optimal
pooled_relative_posterior_active_te100bp,benchmark_relative_active,2026-06-22,2026-06-22,2026-06-22,2026-06-01,BIL,0.04859582474550265,0.0,0.04859582474550265,False,,False,optimal
pooled_relative_posterior_active_te100bp,benchmark_relative_active,2026-06-22,2026-06-22,2026-06-22,2026-06-01,GLD,0.22928602687473595,0.2499999999999999,-0.020713973125263935,False,,False,optimal
pooled_relative_posterior_active_te100bp,benchmark_relative_active,2026-06-22,2026-06-22,2026-06-22,2026-06-01,LQD,0.2071638966491124,0.2499999999999997,-0.042836103350887306,False,,False,optimal
pooled_relative_posterior_active_te100bp,benchmark_relative_active,2026-06-22,2026-06-22,2026-06-22,2026-06-01,AGG,0.0,0.0,0.0,False,,False,optimal
pooled_relative_posterior_active_te100bp,benchmark_relative_active,2026-06-29,2026-06-29,2026-06-29,2026-06-01,SPY,0.3459463794134782,0.35,-0.004053620586521756,False,,False,optimal
pooled_relative_posterior_active_te100bp,benchmark_relative_active,2026-06-29,2026-06-29,2026-06-29,2026-06-01,IEF,5.158665077770327e-18,0.0,5.158665077770327e-18,False,,False,optimal
pooled_relative_posterior_active_te100bp,benchmark_relative_active,2026-06-29,2026-06-29,2026-06-29,2026-06-01,TIP,0.04251077027683588,0.0,0.04251077027683588,False,,False,optimal
pooled_relative_posterior_active_te100bp,benchmark_relative_active,2026-06-29,2026-06-29,2026-06-29,2026-06-01,HYG,0.124720167710238,0.15,-0.025279832289761994,False,,False,optimal
pooled_relative_posterior_active_te100bp,benchmark_relative_active,2026-06-29,2026-06-29,2026-06-29,2026-06-01,BIL,0.04929269360624436,0.0,0.04929269360624436,False,,False,optimal
pooled_relative_posterior_active_te100bp,benchmark_relative_active,2026-06-29,2026-06-29,2026-06-29,2026-06-01,GLD,0.22602268322337662,0.25,-0.023977316776623375,False,,False,optimal
pooled_relative_posterior_active_te100bp,benchmark_relative_active,2026-06-29,2026-06-29,2026-06-29,2026-06-01,LQD,0.21150730576982701,0.2499999999999999,-0.038492694230172875,False,,False,optimal
pooled_relative_posterior_active_te100bp,benchmark_relative_active,2026-06-29,2026-06-29,2026-06-29,2026-06-01,AGG,0.0,0.0,0.0,False,,False,optimal
pooled_relative_posterior_active_te100bp,benchmark_relative_active,2026-07-06,2026-07-06,2026-07-06,2026-07-01,SPY,0.34724741788012825,0.3500000000000004,-0.002752582119872171,False,,False,optimal
pooled_relative_posterior_active_te100bp,benchmark_relative_active,2026-07-06,2026-07-06,2026-07-06,2026-07-01,IEF,5.091084775706591e-18,0.0,5.091084775706591e-18,False,,False,optimal
pooled_relative_posterior_active_te100bp,benchmark_relative_active,2026-07-06,2026-07-06,2026-07-06,2026-07-01,TIP,0.04204714295079944,0.0,0.04204714295079944,False,,False,optimal
pooled_relative_posterior_active_te100bp,benchmark_relative_active,2026-07-06,2026-07-06,2026-07-06,2026-07-01,HYG,0.12400302844099595,0.15,-0.025996971559004045,False,,False,optimal
pooled_relative_posterior_active_te100bp,benchmark_relative_active,2026-07-06,2026-07-06,2026-07-06,2026-07-01,BIL,0.04896641529971208,0.0,0.04896641529971208,False,,False,optimal
pooled_relative_posterior_active_te100bp,benchmark_relative_active,2026-07-06,2026-07-06,2026-07-06,2026-07-01,GLD,0.22893061559591818,0.2500000000000005,-0.02106938440408232,False,,False,optimal
pooled_relative_posterior_active_te100bp,benchmark_relative_active,2026-07-06,2026-07-06,2026-07-06,2026-07-01,LQD,0.20880537983244607,0.249999999999999,-0.04119462016755293,False,,False,optimal
pooled_relative_posterior_active_te100bp,benchmark_relative_active,2026-07-06,2026-07-06,2026-07-06,2026-07-01,AGG,0.0,0.0,0.0,False,,False,optimal
pooled_relative_posterior_active_te100bp,benchmark_relative_active,2026-07-13,2026-07-13,2026-07-13,2026-07-01,SPY,0.35,0.3499999999999993,6.661338147750939e-16,True,,False,optimal
pooled_relative_posterior_active_te100bp,benchmark_relative_active,2026-07-13,2026-07-13,2026-07-13,2026-07-01,IEF,7.102143711579497e-18,0.0,7.102143711579497e-18,True,,False,optimal
pooled_relative_posterior_active_te100bp,benchmark_relative_active,2026-07-13,2026-07-13,2026-07-13,2026-07-01,TIP,0.0419886796671495,0.0,0.0419886796671495,True,,False,optimal
pooled_relative_posterior_active_te100bp,benchmark_relative_active,2026-07-13,2026-07-13,2026-07-13,2026-07-01,HYG,0.124143020355541,0.1500000000000005,-0.025856979644459488,True,,False,optimal
pooled_relative_posterior_active_te100bp,benchmark_relative_active,2026-07-13,2026-07-13,2026-07-13,2026-07-01,BIL,0.049060808883459844,0.0,0.049060808883459844,True,,False,optimal
pooled_relative_posterior_active_te100bp,benchmark_relative_active,2026-07-13,2026-07-13,2026-07-13,2026-07-01,GLD,0.22792787843290235,0.2499999999999984,-0.022072121567096037,True,,False,optimal
pooled_relative_posterior_active_te100bp,benchmark_relative_active,2026-07-13,2026-07-13,2026-07-13,2026-07-01,LQD,0.2068796126609474,0.2500000000000015,-0.0431203873390541,True,,False,optimal
pooled_relative_posterior_active_te100bp,benchmark_relative_active,2026-07-13,2026-07-13,2026-07-13,2026-07-01,AGG,0.0,0.0,0.0,True,,False,optimal
