method,specification_type,reference_week,signal_date,execution_date,regime_reference_month,ticker,target_weight,pooled_benchmark_weight,active_weight,is_live_only,oracle_regime_id,future_regime_information_used,optimization_outcome
oracle_regime_pooled_relative_active_te100bp,oracle_infeasible_diagnostic,2018-01-01,2018-01-01,2018-01-02,2018-01-01,SPY,0.3037279771806513,0.3500000000000002,-0.04627202281934889,False,growth_down_inflation_up,True,optimal
oracle_regime_pooled_relative_active_te100bp,oracle_infeasible_diagnostic,2018-01-01,2018-01-01,2018-01-02,2018-01-01,IEF,0.0,0.0,0.0,False,growth_down_inflation_up,True,optimal
oracle_regime_pooled_relative_active_te100bp,oracle_infeasible_diagnostic,2018-01-01,2018-01-01,2018-01-02,2018-01-01,TIP,0.04166775617876418,0.0,0.04166775617876418,False,growth_down_inflation_up,True,optimal
oracle_regime_pooled_relative_active_te100bp,oracle_infeasible_diagnostic,2018-01-01,2018-01-01,2018-01-02,2018-01-01,HYG,0.16259495417697248,0.1500000000000002,0.01259495417697229,False,growth_down_inflation_up,True,optimal
oracle_regime_pooled_relative_active_te100bp,oracle_infeasible_diagnostic,2018-01-01,2018-01-01,2018-01-02,2018-01-01,BIL,0.016091175483677025,0.0,0.016091175483677025,False,growth_down_inflation_up,True,optimal
oracle_regime_pooled_relative_active_te100bp,oracle_infeasible_diagnostic,2018-01-01,2018-01-01,2018-01-02,2018-01-01,GLD,0.17591813697993453,0.1499999999999991,0.02591813697993542,False,growth_down_inflation_up,True,optimal
oracle_regime_pooled_relative_active_te100bp,oracle_infeasible_diagnostic,2018-01-01,2018-01-01,2018-01-02,2018-01-01,LQD,0.3000000000000005,0.3500000000000005,-0.04999999999999999,False,growth_down_inflation_up,True,optimal
oracle_regime_pooled_relative_active_te100bp,oracle_infeasible_diagnostic,2018-01-01,2018-01-01,2018-01-02,2018-01-01,AGG,0.0,0.0,0.0,False,growth_down_inflation_up,True,optimal
oracle_regime_pooled_relative_active_te100bp,oracle_infeasible_diagnostic,2018-01-08,2018-01-08,2018-01-08,2018-01-01,SPY,0.30386283702773337,0.3499999999999998,-0.04613716297226644,False,growth_down_inflation_up,True,optimal
oracle_regime_pooled_relative_active_te100bp,oracle_infeasible_diagnostic,2018-01-08,2018-01-08,2018-01-08,2018-01-01,IEF,6.5333789698204795e-18,0.0,6.5333789698204795e-18,False,growth_down_inflation_up,True,optimal
oracle_regime_pooled_relative_active_te100bp,oracle_infeasible_diagnostic,2018-01-08,2018-01-08,2018-01-08,2018-01-01,TIP,0.04133823545508482,0.0,0.04133823545508482,False,growth_down_inflation_up,True,optimal
oracle_regime_pooled_relative_active_te100bp,oracle_infeasible_diagnostic,2018-01-08,2018-01-08,2018-01-08,2018-01-01,HYG,0.16263260365123666,0.1500000000000001,0.012632603651236557,False,growth_down_inflation_up,True,optimal
oracle_regime_pooled_relative_active_te100bp,oracle_infeasible_diagnostic,2018-01-08,2018-01-08,2018-01-08,2018-01-01,BIL,0.01597755434460499,0.0,0.01597755434460499,False,growth_down_inflation_up,True,optimal
oracle_regime_pooled_relative_active_te100bp,oracle_infeasible_diagnostic,2018-01-08,2018-01-08,2018-01-08,2018-01-01,GLD,0.17618876952133955,0.1499999999999995,0.026188769521340055,False,growth_down_inflation_up,True,optimal
oracle_regime_pooled_relative_active_te100bp,oracle_infeasible_diagnostic,2018-01-08,2018-01-08,2018-01-08,2018-01-01,LQD,0.30000000000000066,0.3500000000000006,-0.04999999999999993,False,growth_down_inflation_up,True,optimal
oracle_regime_pooled_relative_active_te100bp,oracle_infeasible_diagnostic,2018-01-08,2018-01-08,2018-01-08,2018-01-01,AGG,0.0,0.0,0.0,False,growth_down_inflation_up,True,optimal
oracle_regime_pooled_relative_active_te100bp,oracle_infeasible_diagnostic,2018-01-15,2018-01-15,2018-01-16,2018-01-01,SPY,0.3051770476427887,0.35,-0.04482295235721129,False,growth_down_inflation_up,True,optimal
oracle_regime_pooled_relative_active_te100bp,oracle_infeasible_diagnostic,2018-01-15,2018-01-15,2018-01-16,2018-01-01,IEF,5.713957360244537e-18,0.0,5.713957360244537e-18,False,growth_down_inflation_up,True,optimal
oracle_regime_pooled_relative_active_te100bp,oracle_infeasible_diagnostic,2018-01-15,2018-01-15,2018-01-16,2018-01-01,TIP,0.04085965080220363,0.0,0.04085965080220363,False,growth_down_inflation_up,True,optimal
oracle_regime_pooled_relative_active_te100bp,oracle_infeasible_diagnostic,2018-01-15,2018-01-15,2018-01-16,2018-01-01,HYG,0.1609305069048734,0.1499999999999999,0.010930506904873488,False,growth_down_inflation_up,True,optimal
oracle_regime_pooled_relative_active_te100bp,oracle_infeasible_diagnostic,2018-01-15,2018-01-15,2018-01-16,2018-01-01,BIL,0.015885884952380774,0.0,0.015885884952380774,False,growth_down_inflation_up,True,optimal
oracle_regime_pooled_relative_active_te100bp,oracle_infeasible_diagnostic,2018-01-15,2018-01-15,2018-01-16,2018-01-01,GLD,0.1782259555045775,0.1510790458068243,0.027146909697753213,False,growth_down_inflation_up,True,optimal
oracle_regime_pooled_relative_active_te100bp,oracle_infeasible_diagnostic,2018-01-15,2018-01-15,2018-01-16,2018-01-01,LQD,0.29892095419317594,0.3489209541931759,-0.04999999999999999,False,growth_down_inflation_up,True,optimal
oracle_regime_pooled_relative_active_te100bp,oracle_infeasible_diagnostic,2018-01-15,2018-01-15,2018-01-16,2018-01-01,AGG,0.0,0.0,0.0,False,growth_down_inflation_up,True,optimal
oracle_regime_pooled_relative_active_te100bp,oracle_infeasible_diagnostic,2018-01-22,2018-01-22,2018-01-22,2018-01-01,SPY,0.30498553201572004,0.3500000000000002,-0.04501446798428016,False,growth_down_inflation_up,True,optimal
oracle_regime_pooled_relative_active_te100bp,oracle_infeasible_diagnostic,2018-01-22,2018-01-22,2018-01-22,2018-01-01,IEF,0.0,0.0,0.0,False,growth_down_inflation_up,True,optimal
oracle_regime_pooled_relative_active_te100bp,oracle_infeasible_diagnostic,2018-01-22,2018-01-22,2018-01-22,2018-01-01,TIP,0.04080646723020551,0.0,0.04080646723020551,False,growth_down_inflation_up,True,optimal
oracle_regime_pooled_relative_active_te100bp,oracle_infeasible_diagnostic,2018-01-22,2018-01-22,2018-01-22,2018-01-01,HYG,0.16121828064164787,0.1499999999999998,0.011218280641648065,False,growth_down_inflation_up,True,optimal
oracle_regime_pooled_relative_active_te100bp,oracle_infeasible_diagnostic,2018-01-22,2018-01-22,2018-01-22,2018-01-01,BIL,0.01593770717198155,0.0,0.01593770717198155,False,growth_down_inflation_up,True,optimal
oracle_regime_pooled_relative_active_te100bp,oracle_infeasible_diagnostic,2018-01-22,2018-01-22,2018-01-22,2018-01-01,GLD,0.17838806748647956,0.1513360545460344,0.027052012940445153,False,growth_down_inflation_up,True,optimal
oracle_regime_pooled_relative_active_te100bp,oracle_infeasible_diagnostic,2018-01-22,2018-01-22,2018-01-22,2018-01-01,LQD,0.29866394545396546,0.3486639454539654,-0.04999999999999993,False,growth_down_inflation_up,True,optimal
oracle_regime_pooled_relative_active_te100bp,oracle_infeasible_diagnostic,2018-01-22,2018-01-22,2018-01-22,2018-01-01,AGG,0.0,0.0,0.0,False,growth_down_inflation_up,True,optimal
oracle_regime_pooled_relative_active_te100bp,oracle_infeasible_diagnostic,2018-01-29,2018-01-29,2018-01-29,2018-01-01,SPY,0.3061242066470067,0.3499999999999995,-0.0438757933529928,False,growth_down_inflation_up,True,optimal
oracle_regime_pooled_relative_active_te100bp,oracle_infeasible_diagnostic,2018-01-29,2018-01-29,2018-01-29,2018-01-01,IEF,0.0,0.0,0.0,False,growth_down_inflation_up,True,optimal
oracle_regime_pooled_relative_active_te100bp,oracle_infeasible_diagnostic,2018-01-29,2018-01-29,2018-01-29,2018-01-01,TIP,0.04035461058447085,0.0,0.04035461058447085,False,growth_down_inflation_up,True,optimal
oracle_regime_pooled_relative_active_te100bp,oracle_infeasible_diagnostic,2018-01-29,2018-01-29,2018-01-29,2018-01-01,HYG,0.1598545668476869,0.1500000000000017,0.009854566847685209,False,growth_down_inflation_up,True,optimal
oracle_regime_pooled_relative_active_te100bp,oracle_infeasible_diagnostic,2018-01-29,2018-01-29,2018-01-29,2018-01-01,BIL,0.015759445259182967,0.0,0.015759445259182967,False,growth_down_inflation_up,True,optimal
oracle_regime_pooled_relative_active_te100bp,oracle_infeasible_diagnostic,2018-01-29,2018-01-29,2018-01-29,2018-01-01,GLD,0.17920192153128817,0.1512947508696344,0.02790717066165377,False,growth_down_inflation_up,True,optimal
oracle_regime_pooled_relative_active_te100bp,oracle_infeasible_diagnostic,2018-01-29,2018-01-29,2018-01-29,2018-01-01,LQD,0.29870524913036456,0.3487052491303644,-0.04999999999999982,False,growth_down_inflation_up,True,optimal
oracle_regime_pooled_relative_active_te100bp,oracle_infeasible_diagnostic,2018-01-29,2018-01-29,2018-01-29,2018-01-01,AGG,0.0,0.0,0.0,False,growth_down_inflation_up,True,optimal
oracle_regime_pooled_relative_active_te100bp,oracle_infeasible_diagnostic,2018-02-05,2018-02-05,2018-02-05,2018-02-01,SPY,0.3018287652453238,0.3471009618650933,-0.0452721966197695,False,growth_up_inflation_up,True,optimal
oracle_regime_pooled_relative_active_te100bp,oracle_infeasible_diagnostic,2018-02-05,2018-02-05,2018-02-05,2018-02-01,IEF,0.0,0.0,0.0,False,growth_up_inflation_up,True,optimal
oracle_regime_pooled_relative_active_te100bp,oracle_infeasible_diagnostic,2018-02-05,2018-02-05,2018-02-05,2018-02-01,TIP,0.04079022537762152,0.0,0.04079022537762152,False,growth_up_inflation_up,True,optimal
oracle_regime_pooled_relative_active_te100bp,oracle_infeasible_diagnostic,2018-02-05,2018-02-05,2018-02-05,2018-02-01,HYG,0.16088428789653172,0.1511896426445231,0.009694645252008638,False,growth_up_inflation_up,True,optimal
oracle_regime_pooled_relative_active_te100bp,oracle_infeasible_diagnostic,2018-02-05,2018-02-05,2018-02-05,2018-02-01,BIL,0.01605380473162269,0.0,0.01605380473162269,False,growth_up_inflation_up,True,optimal
oracle_regime_pooled_relative_active_te100bp,oracle_infeasible_diagnostic,2018-02-05,2018-02-05,2018-02-05,2018-02-01,GLD,0.17939843649528175,0.1528990381349067,0.026499398360375043,False,growth_up_inflation_up,True,optimal
oracle_regime_pooled_relative_active_te100bp,oracle_infeasible_diagnostic,2018-02-05,2018-02-05,2018-02-05,2018-02-01,LQD,0.3010444802536186,0.3488103573554768,-0.0477658771018582,False,growth_up_inflation_up,True,optimal
oracle_regime_pooled_relative_active_te100bp,oracle_infeasible_diagnostic,2018-02-05,2018-02-05,2018-02-05,2018-02-01,AGG,0.0,0.0,0.0,False,growth_up_inflation_up,True,optimal
oracle_regime_pooled_relative_active_te100bp,oracle_infeasible_diagnostic,2018-02-12,2018-02-12,2018-02-12,2018-02-01,SPY,0.2981773809392538,0.3460752930326515,-0.04789791209339772,False,growth_up_inflation_up,True,optimal
oracle_regime_pooled_relative_active_te100bp,oracle_infeasible_diagnostic,2018-02-12,2018-02-12,2018-02-12,2018-02-01,IEF,3.5653680805305286e-18,0.0,3.5653680805305286e-18,False,growth_up_inflation_up,True,optimal
oracle_regime_pooled_relative_active_te100bp,oracle_infeasible_diagnostic,2018-02-12,2018-02-12,2018-02-12,2018-02-01,TIP,0.041404256759117575,0.0,0.041404256759117575,False,growth_up_inflation_up,True,optimal
oracle_regime_pooled_relative_active_te100bp,oracle_infeasible_diagnostic,2018-02-12,2018-02-12,2018-02-12,2018-02-01,HYG,0.16210898736130283,0.1525851778202535,0.009523809541049338,False,growth_up_inflation_up,True,optimal
oracle_regime_pooled_relative_active_te100bp,oracle_infeasible_diagnostic,2018-02-12,2018-02-12,2018-02-12,2018-02-01,BIL,0.01640248736033692,0.0,0.01640248736033692,False,growth_up_inflation_up,True,optimal
oracle_regime_pooled_relative_active_te100bp,oracle_infeasible_diagnostic,2018-02-12,2018-02-12,2018-02-12,2018-02-01,GLD,0.17701049388185158,0.1539247069673486,0.02308578691450297,False,growth_up_inflation_up,True,optimal
oracle_regime_pooled_relative_active_te100bp,oracle_infeasible_diagnostic,2018-02-12,2018-02-12,2018-02-12,2018-02-01,LQD,0.3048963936981374,0.3474148221797464,-0.04251842848160897,False,growth_up_inflation_up,True,optimal
oracle_regime_pooled_relative_active_te100bp,oracle_infeasible_diagnostic,2018-02-12,2018-02-12,2018-02-12,2018-02-01,AGG,0.0,0.0,0.0,False,growth_up_inflation_up,True,optimal
oracle_regime_pooled_relative_active_te100bp,oracle_infeasible_diagnostic,2018-02-19,2018-02-19,2018-02-20,2018-02-01,SPY,0.30328720341408977,0.3499999999999992,-0.04671279658590943,False,growth_up_inflation_up,True,optimal
oracle_regime_pooled_relative_active_te100bp,oracle_infeasible_diagnostic,2018-02-19,2018-02-19,2018-02-20,2018-02-01,IEF,3.496046030108463e-18,0.0,3.496046030108463e-18,False,growth_up_inflation_up,True,optimal
oracle_regime_pooled_relative_active_te100bp,oracle_infeasible_diagnostic,2018-02-19,2018-02-19,2018-02-20,2018-02-01,TIP,0.04069374144955128,0.0,0.04069374144955128,False,growth_up_inflation_up,True,optimal
oracle_regime_pooled_relative_active_te100bp,oracle_infeasible_diagnostic,2018-02-19,2018-02-19,2018-02-20,2018-02-01,HYG,0.1616211390421238,0.1500000000000002,0.011621139042123613,False,growth_up_inflation_up,True,optimal
oracle_regime_pooled_relative_active_te100bp,oracle_infeasible_diagnostic,2018-02-19,2018-02-19,2018-02-20,2018-02-01,BIL,0.01612020636805476,0.0,0.01612020636805476,False,growth_up_inflation_up,True,optimal
oracle_regime_pooled_relative_active_te100bp,oracle_infeasible_diagnostic,2018-02-19,2018-02-19,2018-02-20,2018-02-01,GLD,0.1777745402063274,0.1544146197854101,0.023359920420917307,False,growth_up_inflation_up,True,optimal
oracle_regime_pooled_relative_active_te100bp,oracle_infeasible_diagnostic,2018-02-19,2018-02-19,2018-02-20,2018-02-01,LQD,0.300503169519853,0.3455853802145902,-0.04508221069473717,False,growth_up_inflation_up,True,optimal
oracle_regime_pooled_relative_active_te100bp,oracle_infeasible_diagnostic,2018-02-19,2018-02-19,2018-02-20,2018-02-01,AGG,0.0,0.0,0.0,False,growth_up_inflation_up,True,optimal
oracle_regime_pooled_relative_active_te100bp,oracle_infeasible_diagnostic,2018-02-26,2018-02-26,2018-02-26,2018-02-01,SPY,0.30581734650122977,0.3499999999999991,-0.04418265349876932,False,growth_up_inflation_up,True,optimal
oracle_regime_pooled_relative_active_te100bp,oracle_infeasible_diagnostic,2018-02-26,2018-02-26,2018-02-26,2018-02-01,IEF,3.501793831101746e-18,0.0,3.501793831101746e-18,False,growth_up_inflation_up,True,optimal
oracle_regime_pooled_relative_active_te100bp,oracle_infeasible_diagnostic,2018-02-26,2018-02-26,2018-02-26,2018-02-01,TIP,0.040731203813446595,0.0,0.040731203813446595,False,growth_up_inflation_up,True,optimal
oracle_regime_pooled_relative_active_te100bp,oracle_infeasible_diagnostic,2018-02-26,2018-02-26,2018-02-26,2018-02-01,HYG,0.16173518934340317,0.1499999999999997,0.01173518934340348,False,growth_up_inflation_up,True,optimal
oracle_regime_pooled_relative_active_te100bp,oracle_infeasible_diagnostic,2018-02-26,2018-02-26,2018-02-26,2018-02-01,BIL,0.016101398391909844,0.0,0.016101398391909844,False,growth_up_inflation_up,True,optimal
oracle_regime_pooled_relative_active_te100bp,oracle_infeasible_diagnostic,2018-02-26,2018-02-26,2018-02-26,2018-02-01,GLD,0.17591891169501986,0.1527286633988434,0.02319024829617647,False,growth_up_inflation_up,True,optimal
oracle_regime_pooled_relative_active_te100bp,oracle_infeasible_diagnostic,2018-02-26,2018-02-26,2018-02-26,2018-02-01,LQD,0.29969595025499085,0.3472713366011576,-0.04757538634616676,False,growth_up_inflation_up,True,optimal
oracle_regime_pooled_relative_active_te100bp,oracle_infeasible_diagnostic,2018-02-26,2018-02-26,2018-02-26,2018-02-01,AGG,0.0,0.0,0.0,False,growth_up_inflation_up,True,optimal
oracle_regime_pooled_relative_active_te100bp,oracle_infeasible_diagnostic,2018-03-05,2018-03-05,2018-03-05,2018-03-01,SPY,0.3019311114504502,0.3464667211888468,-0.0445356097383966,False,growth_up_inflation_up,True,optimal
oracle_regime_pooled_relative_active_te100bp,oracle_infeasible_diagnostic,2018-03-05,2018-03-05,2018-03-05,2018-03-01,IEF,3.540770492465045e-18,0.0,3.540770492465045e-18,False,growth_up_inflation_up,True,optimal
oracle_regime_pooled_relative_active_te100bp,oracle_infeasible_diagnostic,2018-03-05,2018-03-05,2018-03-05,2018-03-01,TIP,0.04127413904796019,0.0,0.04127413904796019,False,growth_up_inflation_up,True,optimal
oracle_regime_pooled_relative_active_te100bp,oracle_infeasible_diagnostic,2018-03-05,2018-03-05,2018-03-05,2018-03-01,HYG,0.16306410434256335,0.1514327281194457,0.011631376223117662,False,growth_up_inflation_up,True,optimal
oracle_regime_pooled_relative_active_te100bp,oracle_infeasible_diagnostic,2018-03-05,2018-03-05,2018-03-05,2018-03-01,BIL,0.016308421862452478,0.0,0.016308421862452478,False,growth_up_inflation_up,True,optimal
oracle_regime_pooled_relative_active_te100bp,oracle_infeasible_diagnostic,2018-03-05,2018-03-05,2018-03-05,2018-03-01,GLD,0.1766118598508453,0.1535332788111532,0.023078581039692098,False,growth_up_inflation_up,True,optimal
oracle_regime_pooled_relative_active_te100bp,oracle_infeasible_diagnostic,2018-03-05,2018-03-05,2018-03-05,2018-03-01,LQD,0.3008103634457284,0.3485672718805541,-0.04775690843482566,False,growth_up_inflation_up,True,optimal
oracle_regime_pooled_relative_active_te100bp,oracle_infeasible_diagnostic,2018-03-05,2018-03-05,2018-03-05,2018-03-01,AGG,0.0,0.0,0.0,False,growth_up_inflation_up,True,optimal
oracle_regime_pooled_relative_active_te100bp,oracle_infeasible_diagnostic,2018-03-12,2018-03-12,2018-03-12,2018-03-01,SPY,0.3105915159859652,0.3499999999999992,-0.03940848401403402,False,growth_up_inflation_up,True,optimal
oracle_regime_pooled_relative_active_te100bp,oracle_infeasible_diagnostic,2018-03-12,2018-03-12,2018-03-12,2018-03-01,IEF,3.482140882788864e-18,0.0,3.482140882788864e-18,False,growth_up_inflation_up,True,optimal
oracle_regime_pooled_relative_active_te100bp,oracle_infeasible_diagnostic,2018-03-12,2018-03-12,2018-03-12,2018-03-01,TIP,0.04062775728566958,0.0,0.04062775728566958,False,growth_up_inflation_up,True,optimal
oracle_regime_pooled_relative_active_te100bp,oracle_infeasible_diagnostic,2018-03-12,2018-03-12,2018-03-12,2018-03-01,HYG,0.16198158089142406,0.1500000000000024,0.01198158089142165,False,growth_up_inflation_up,True,optimal
oracle_regime_pooled_relative_active_te100bp,oracle_infeasible_diagnostic,2018-03-12,2018-03-12,2018-03-12,2018-03-01,BIL,0.01610780984635798,0.0,0.01610780984635798,False,growth_up_inflation_up,True,optimal
oracle_regime_pooled_relative_active_te100bp,oracle_infeasible_diagnostic,2018-03-12,2018-03-12,2018-03-12,2018-03-01,GLD,0.17468458783752278,0.1575779573158237,0.017106630521699084,False,growth_up_inflation_up,True,optimal
oracle_regime_pooled_relative_active_te100bp,oracle_infeasible_diagnostic,2018-03-12,2018-03-12,2018-03-12,2018-03-01,LQD,0.2960067481530604,0.3424220426841746,-0.046415294531114204,False,growth_up_inflation_up,True,optimal
oracle_regime_pooled_relative_active_te100bp,oracle_infeasible_diagnostic,2018-03-12,2018-03-12,2018-03-12,2018-03-01,AGG,0.0,0.0,0.0,False,growth_up_inflation_up,True,optimal
oracle_regime_pooled_relative_active_te100bp,oracle_infeasible_diagnostic,2018-03-19,2018-03-19,2018-03-19,2018-03-01,SPY,0.3074354826514569,0.346534693170861,-0.03909921051940407,False,growth_up_inflation_up,True,optimal
oracle_regime_pooled_relative_active_te100bp,oracle_infeasible_diagnostic,2018-03-19,2018-03-19,2018-03-19,2018-03-01,IEF,3.5082886163687805e-18,0.0,3.5082886163687805e-18,False,growth_up_inflation_up,True,optimal
oracle_regime_pooled_relative_active_te100bp,oracle_infeasible_diagnostic,2018-03-19,2018-03-19,2018-03-19,2018-03-01,TIP,0.04081032673966822,0.0,0.04081032673966822,False,growth_up_inflation_up,True,optimal
oracle_regime_pooled_relative_active_te100bp,oracle_infeasible_diagnostic,2018-03-19,2018-03-19,2018-03-19,2018-03-01,HYG,0.16222992200624708,0.1502695063012804,0.011960415704966698,False,growth_up_inflation_up,True,optimal
oracle_regime_pooled_relative_active_te100bp,oracle_infeasible_diagnostic,2018-03-19,2018-03-19,2018-03-19,2018-03-01,BIL,0.016171875811192504,0.0,0.016171875811192504,False,growth_up_inflation_up,True,optimal
oracle_regime_pooled_relative_active_te100bp,oracle_infeasible_diagnostic,2018-03-19,2018-03-19,2018-03-19,2018-03-01,GLD,0.17474311797816253,0.1576722379525852,0.01707088002557733,False,growth_up_inflation_up,True,optimal
oracle_regime_pooled_relative_active_te100bp,oracle_infeasible_diagnostic,2018-03-19,2018-03-19,2018-03-19,2018-03-01,LQD,0.29860927481327276,0.3455235625752734,-0.04691428776200063,False,growth_up_inflation_up,True,optimal
oracle_regime_pooled_relative_active_te100bp,oracle_infeasible_diagnostic,2018-03-19,2018-03-19,2018-03-19,2018-03-01,AGG,0.0,0.0,0.0,False,growth_up_inflation_up,True,optimal
oracle_regime_pooled_relative_active_te100bp,oracle_infeasible_diagnostic,2018-03-26,2018-03-26,2018-03-26,2018-03-01,SPY,0.2949911461380853,0.3353247271810746,-0.040333581042989286,False,growth_up_inflation_up,True,optimal
oracle_regime_pooled_relative_active_te100bp,oracle_infeasible_diagnostic,2018-03-26,2018-03-26,2018-03-26,2018-03-01,IEF,3.585069961570354e-18,0.0,3.585069961570354e-18,False,growth_up_inflation_up,True,optimal
oracle_regime_pooled_relative_active_te100bp,oracle_infeasible_diagnostic,2018-03-26,2018-03-26,2018-03-26,2018-03-01,TIP,0.041672632736362514,0.0,0.041672632736362514,False,growth_up_inflation_up,True,optimal
oracle_regime_pooled_relative_active_te100bp,oracle_infeasible_diagnostic,2018-03-26,2018-03-26,2018-03-26,2018-03-01,HYG,0.16346813693084114,0.1518814611204372,0.011586675810403929,False,growth_up_inflation_up,True,optimal
oracle_regime_pooled_relative_active_te100bp,oracle_infeasible_diagnostic,2018-03-26,2018-03-26,2018-03-26,2018-03-01,BIL,0.016444496869134174,0.0,0.016444496869134174,False,growth_up_inflation_up,True,optimal
oracle_regime_pooled_relative_active_te100bp,oracle_infeasible_diagnostic,2018-03-26,2018-03-26,2018-03-26,2018-03-01,GLD,0.1819455704753252,0.164675272818926,0.017270297656399203,False,growth_up_inflation_up,True,optimal
oracle_regime_pooled_relative_active_te100bp,oracle_infeasible_diagnostic,2018-03-26,2018-03-26,2018-03-26,2018-03-01,LQD,0.3014780168502517,0.3481185388795619,-0.04664052202931018,False,growth_up_inflation_up,True,optimal
oracle_regime_pooled_relative_active_te100bp,oracle_infeasible_diagnostic,2018-03-26,2018-03-26,2018-03-26,2018-03-01,AGG,0.0,0.0,0.0,False,growth_up_inflation_up,True,optimal
oracle_regime_pooled_relative_active_te100bp,oracle_infeasible_diagnostic,2018-04-02,2018-04-02,2018-04-02,2018-04-01,SPY,0.2954975367710173,0.3386995342514476,-0.0432019974804303,False,growth_up_inflation_up,True,optimal
oracle_regime_pooled_relative_active_te100bp,oracle_infeasible_diagnostic,2018-04-02,2018-04-02,2018-04-02,2018-04-01,IEF,3.600683305437107e-18,0.0,3.600683305437107e-18,False,growth_up_inflation_up,True,optimal
oracle_regime_pooled_relative_active_te100bp,oracle_infeasible_diagnostic,2018-04-02,2018-04-02,2018-04-02,2018-04-01,TIP,0.041796788076868784,0.0,0.041796788076868784,False,growth_up_inflation_up,True,optimal
oracle_regime_pooled_relative_active_te100bp,oracle_infeasible_diagnostic,2018-04-02,2018-04-02,2018-04-02,2018-04-01,HYG,0.1636682178526209,0.1519562148559955,0.011712002996625392,False,growth_up_inflation_up,True,optimal
oracle_regime_pooled_relative_active_te100bp,oracle_infeasible_diagnostic,2018-04-02,2018-04-02,2018-04-02,2018-04-01,BIL,0.016417840085387714,0.0,0.016417840085387714,False,growth_up_inflation_up,True,optimal
oracle_regime_pooled_relative_active_te100bp,oracle_infeasible_diagnostic,2018-04-02,2018-04-02,2018-04-02,2018-04-01,GLD,0.1783471841508232,0.1613004657485522,0.01704671840227101,False,growth_up_inflation_up,True,optimal
oracle_regime_pooled_relative_active_te100bp,oracle_infeasible_diagnostic,2018-04-02,2018-04-02,2018-04-02,2018-04-01,LQD,0.30427243306328217,0.3480437851440047,-0.043771352080722525,False,growth_up_inflation_up,True,optimal
oracle_regime_pooled_relative_active_te100bp,oracle_infeasible_diagnostic,2018-04-02,2018-04-02,2018-04-02,2018-04-01,AGG,0.0,0.0,0.0,False,growth_up_inflation_up,True,optimal
oracle_regime_pooled_relative_active_te100bp,oracle_infeasible_diagnostic,2018-04-09,2018-04-09,2018-04-09,2018-04-01,SPY,0.2931304795911843,0.3385126165947155,-0.045382137003531164,False,growth_up_inflation_up,True,optimal
oracle_regime_pooled_relative_active_te100bp,oracle_infeasible_diagnostic,2018-04-09,2018-04-09,2018-04-09,2018-04-01,IEF,3.610059716801345e-18,0.0,3.610059716801345e-18,False,growth_up_inflation_up,True,optimal
oracle_regime_pooled_relative_active_te100bp,oracle_infeasible_diagnostic,2018-04-09,2018-04-09,2018-04-09,2018-04-01,TIP,0.04193977277052544,0.0,0.04193977277052544,False,growth_up_inflation_up,True,optimal
oracle_regime_pooled_relative_active_te100bp,oracle_infeasible_diagnostic,2018-04-09,2018-04-09,2018-04-09,2018-04-01,HYG,0.16441549473480027,0.1527139045296807,0.011701590205119572,False,growth_up_inflation_up,True,optimal
oracle_regime_pooled_relative_active_te100bp,oracle_infeasible_diagnostic,2018-04-09,2018-04-09,2018-04-09,2018-04-01,BIL,0.016467381667577784,0.0,0.016467381667577784,False,growth_up_inflation_up,True,optimal
oracle_regime_pooled_relative_active_te100bp,oracle_infeasible_diagnostic,2018-04-09,2018-04-09,2018-04-09,2018-04-01,GLD,0.17847915825363403,0.1614873834052846,0.016991774848349434,False,growth_up_inflation_up,True,optimal
oracle_regime_pooled_relative_active_te100bp,oracle_infeasible_diagnostic,2018-04-09,2018-04-09,2018-04-09,2018-04-01,LQD,0.3055677129822782,0.347286095470319,-0.04171838248804083,False,growth_up_inflation_up,True,optimal
oracle_regime_pooled_relative_active_te100bp,oracle_infeasible_diagnostic,2018-04-09,2018-04-09,2018-04-09,2018-04-01,AGG,0.0,0.0,0.0,False,growth_up_inflation_up,True,optimal
oracle_regime_pooled_relative_active_te100bp,oracle_infeasible_diagnostic,2018-04-16,2018-04-16,2018-04-16,2018-04-01,SPY,0.2951002973686296,0.3406824316899341,-0.045582134321304535,False,growth_up_inflation_up,True,optimal
oracle_regime_pooled_relative_active_te100bp,oracle_infeasible_diagnostic,2018-04-16,2018-04-16,2018-04-16,2018-04-01,IEF,3.576929897304286e-18,0.0,3.576929897304286e-18,False,growth_up_inflation_up,True,optimal
oracle_regime_pooled_relative_active_te100bp,oracle_infeasible_diagnostic,2018-04-16,2018-04-16,2018-04-16,2018-04-01,TIP,0.04175258775034544,0.0,0.04175258775034544,False,growth_up_inflation_up,True,optimal
oracle_regime_pooled_relative_active_te100bp,oracle_infeasible_diagnostic,2018-04-16,2018-04-16,2018-04-16,2018-04-01,HYG,0.16476468639067582,0.1529911058160415,0.011773580574634318,False,growth_up_inflation_up,True,optimal
oracle_regime_pooled_relative_active_te100bp,oracle_infeasible_diagnostic,2018-04-16,2018-04-16,2018-04-16,2018-04-01,BIL,0.016343494776792852,0.0,0.016343494776792852,False,growth_up_inflation_up,True,optimal
oracle_regime_pooled_relative_active_te100bp,oracle_infeasible_diagnostic,2018-04-16,2018-04-16,2018-04-16,2018-04-01,GLD,0.1785177201294104,0.1614725227563792,0.0170451973730312,False,growth_up_inflation_up,True,optimal
oracle_regime_pooled_relative_active_te100bp,oracle_infeasible_diagnostic,2018-04-16,2018-04-16,2018-04-16,2018-04-01,LQD,0.3035212135841458,0.3448539397376451,-0.04133272615349931,False,growth_up_inflation_up,True,optimal
oracle_regime_pooled_relative_active_te100bp,oracle_infeasible_diagnostic,2018-04-16,2018-04-16,2018-04-16,2018-04-01,AGG,0.0,0.0,0.0,False,growth_up_inflation_up,True,optimal
oracle_regime_pooled_relative_active_te100bp,oracle_infeasible_diagnostic,2018-04-23,2018-04-23,2018-04-23,2018-04-01,SPY,0.29657581014474443,0.3424336691747819,-0.04585785903003747,False,growth_up_inflation_up,True,optimal
oracle_regime_pooled_relative_active_te100bp,oracle_infeasible_diagnostic,2018-04-23,2018-04-23,2018-04-23,2018-04-01,IEF,3.573335616686335e-18,0.0,3.573335616686335e-18,False,growth_up_inflation_up,True,optimal
oracle_regime_pooled_relative_active_te100bp,oracle_infeasible_diagnostic,2018-04-23,2018-04-23,2018-04-23,2018-04-01,TIP,0.041855128081650726,0.0,0.041855128081650726,False,growth_up_inflation_up,True,optimal
oracle_regime_pooled_relative_active_te100bp,oracle_infeasible_diagnostic,2018-04-23,2018-04-23,2018-04-23,2018-04-01,HYG,0.16487082947673867,0.153111042367645,0.011759787109093672,False,growth_up_inflation_up,True,optimal
oracle_regime_pooled_relative_active_te100bp,oracle_infeasible_diagnostic,2018-04-23,2018-04-23,2018-04-23,2018-04-01,BIL,0.01645103159228833,0.0,0.01645103159228833,False,growth_up_inflation_up,True,optimal
oracle_regime_pooled_relative_active_te100bp,oracle_infeasible_diagnostic,2018-04-23,2018-04-23,2018-04-23,2018-04-01,GLD,0.17811144258347814,0.1611275347596292,0.016983907823848926,False,growth_up_inflation_up,True,optimal
oracle_regime_pooled_relative_active_te100bp,oracle_infeasible_diagnostic,2018-04-23,2018-04-23,2018-04-23,2018-04-01,LQD,0.30213575812109966,0.3433277536979437,-0.041191995576844054,False,growth_up_inflation_up,True,optimal
oracle_regime_pooled_relative_active_te100bp,oracle_infeasible_diagnostic,2018-04-23,2018-04-23,2018-04-23,2018-04-01,AGG,0.0,0.0,0.0,False,growth_up_inflation_up,True,optimal
oracle_regime_pooled_relative_active_te100bp,oracle_infeasible_diagnostic,2018-04-30,2018-04-30,2018-04-30,2018-04-01,SPY,0.2961980831523842,0.3420609982919458,-0.04586291513956159,False,growth_up_inflation_up,True,optimal
oracle_regime_pooled_relative_active_te100bp,oracle_infeasible_diagnostic,2018-04-30,2018-04-30,2018-04-30,2018-04-01,IEF,3.5820359503862705e-18,0.0,3.5820359503862705e-18,False,growth_up_inflation_up,True,optimal
oracle_regime_pooled_relative_active_te100bp,oracle_infeasible_diagnostic,2018-04-30,2018-04-30,2018-04-30,2018-04-01,TIP,0.04195260498796646,0.0,0.04195260498796646,False,growth_up_inflation_up,True,optimal
oracle_regime_pooled_relative_active_te100bp,oracle_infeasible_diagnostic,2018-04-30,2018-04-30,2018-04-30,2018-04-01,HYG,0.1649587177492662,0.1532210886243194,0.011737629124946802,False,growth_up_inflation_up,True,optimal
oracle_regime_pooled_relative_active_te100bp,oracle_infeasible_diagnostic,2018-04-30,2018-04-30,2018-04-30,2018-04-01,BIL,0.016480425047653992,0.0,0.016480425047653992,False,growth_up_inflation_up,True,optimal
oracle_regime_pooled_relative_active_te100bp,oracle_infeasible_diagnostic,2018-04-30,2018-04-30,2018-04-30,2018-04-01,GLD,0.1781813697832212,0.1612207049841272,0.016960664799094,False,growth_up_inflation_up,True,optimal
oracle_regime_pooled_relative_active_te100bp,oracle_infeasible_diagnostic,2018-04-30,2018-04-30,2018-04-30,2018-04-01,LQD,0.30222879927950796,0.3434972080996074,-0.04126840882009941,False,growth_up_inflation_up,True,optimal
oracle_regime_pooled_relative_active_te100bp,oracle_infeasible_diagnostic,2018-04-30,2018-04-30,2018-04-30,2018-04-01,AGG,0.0,0.0,0.0,False,growth_up_inflation_up,True,optimal
oracle_regime_pooled_relative_active_te100bp,oracle_infeasible_diagnostic,2018-05-07,2018-05-07,2018-05-07,2018-05-01,SPY,0.2954081024440382,0.3412847929540603,-0.04587669051002208,False,growth_up_inflation_up,True,optimal
oracle_regime_pooled_relative_active_te100bp,oracle_infeasible_diagnostic,2018-05-07,2018-05-07,2018-05-07,2018-05-01,IEF,3.595887879781232e-18,0.0,3.595887879781232e-18,False,growth_up_inflation_up,True,optimal
oracle_regime_pooled_relative_active_te100bp,oracle_infeasible_diagnostic,2018-05-07,2018-05-07,2018-05-07,2018-05-01,TIP,0.042054037424473535,0.0,0.042054037424473535,False,growth_up_inflation_up,True,optimal
oracle_regime_pooled_relative_active_te100bp,oracle_infeasible_diagnostic,2018-05-07,2018-05-07,2018-05-07,2018-05-01,HYG,0.16544649816938084,0.1537354665014942,0.011711031667886646,False,growth_up_inflation_up,True,optimal
oracle_regime_pooled_relative_active_te100bp,oracle_infeasible_diagnostic,2018-05-07,2018-05-07,2018-05-07,2018-05-01,BIL,0.016517960579215833,0.0,0.016517960579215833,False,growth_up_inflation_up,True,optimal
oracle_regime_pooled_relative_active_te100bp,oracle_infeasible_diagnostic,2018-05-07,2018-05-07,2018-05-07,2018-05-01,GLD,0.17872106343820068,0.161773537279594,0.016947526158606674,False,growth_up_inflation_up,True,optimal
oracle_regime_pooled_relative_active_te100bp,oracle_infeasible_diagnostic,2018-05-07,2018-05-07,2018-05-07,2018-05-01,LQD,0.3018523379446909,0.3432062032648513,-0.04135386532016039,False,growth_up_inflation_up,True,optimal
oracle_regime_pooled_relative_active_te100bp,oracle_infeasible_diagnostic,2018-05-07,2018-05-07,2018-05-07,2018-05-01,AGG,0.0,0.0,0.0,False,growth_up_inflation_up,True,optimal
oracle_regime_pooled_relative_active_te100bp,oracle_infeasible_diagnostic,2018-05-14,2018-05-14,2018-05-14,2018-05-01,SPY,0.29921498664117596,0.3452954791898536,-0.04608049254867763,False,growth_up_inflation_up,True,optimal
oracle_regime_pooled_relative_active_te100bp,oracle_infeasible_diagnostic,2018-05-14,2018-05-14,2018-05-14,2018-05-01,IEF,3.554957861749963e-18,0.0,3.554957861749963e-18,False,growth_up_inflation_up,True,optimal
oracle_regime_pooled_relative_active_te100bp,oracle_infeasible_diagnostic,2018-05-14,2018-05-14,2018-05-14,2018-05-01,TIP,0.04164326536581175,0.0,0.04164326536581175,False,growth_up_inflation_up,True,optimal
oracle_regime_pooled_relative_active_te100bp,oracle_infeasible_diagnostic,2018-05-14,2018-05-14,2018-05-14,2018-05-01,HYG,0.16449394154068125,0.1526790376049484,0.011814903935732868,False,growth_up_inflation_up,True,optimal
oracle_regime_pooled_relative_active_te100bp,oracle_infeasible_diagnostic,2018-05-14,2018-05-14,2018-05-14,2018-05-01,BIL,0.016368952247761148,0.0,0.016368952247761148,False,growth_up_inflation_up,True,optimal
oracle_regime_pooled_relative_active_te100bp,oracle_infeasible_diagnostic,2018-05-14,2018-05-14,2018-05-14,2018-05-01,GLD,0.17778117469350938,0.1607424299170169,0.017038744776492476,False,growth_up_inflation_up,True,optimal
oracle_regime_pooled_relative_active_te100bp,oracle_infeasible_diagnostic,2018-05-14,2018-05-14,2018-05-14,2018-05-01,LQD,0.30049767951106054,0.341283053288181,-0.04078537377712044,False,growth_up_inflation_up,True,optimal
oracle_regime_pooled_relative_active_te100bp,oracle_infeasible_diagnostic,2018-05-14,2018-05-14,2018-05-14,2018-05-01,AGG,0.0,0.0,0.0,False,growth_up_inflation_up,True,optimal
oracle_regime_pooled_relative_active_te100bp,oracle_infeasible_diagnostic,2018-05-21,2018-05-21,2018-05-21,2018-05-01,SPY,0.29975669932126586,0.3459251175883786,-0.04616841826711271,False,growth_up_inflation_up,True,optimal
oracle_regime_pooled_relative_active_te100bp,oracle_infeasible_diagnostic,2018-05-21,2018-05-21,2018-05-21,2018-05-01,IEF,3.57006054973995e-18,0.0,3.57006054973995e-18,False,growth_up_inflation_up,True,optimal
oracle_regime_pooled_relative_active_te100bp,oracle_infeasible_diagnostic,2018-05-21,2018-05-21,2018-05-21,2018-05-01,TIP,0.041809976371489664,0.0,0.041809976371489664,False,growth_up_inflation_up,True,optimal
oracle_regime_pooled_relative_active_te100bp,oracle_infeasible_diagnostic,2018-05-21,2018-05-21,2018-05-21,2018-05-01,HYG,0.16539273579346264,0.1535152720468655,0.01187746374659715,False,growth_up_inflation_up,True,optimal
oracle_regime_pooled_relative_active_te100bp,oracle_infeasible_diagnostic,2018-05-21,2018-05-21,2018-05-21,2018-05-01,BIL,0.016527295763062704,0.0,0.016527295763062704,False,growth_up_inflation_up,True,optimal
oracle_regime_pooled_relative_active_te100bp,oracle_infeasible_diagnostic,2018-05-21,2018-05-21,2018-05-21,2018-05-01,GLD,0.17548028502391072,0.158664123812175,0.01681616121173571,False,growth_up_inflation_up,True,optimal
oracle_regime_pooled_relative_active_te100bp,oracle_infeasible_diagnostic,2018-05-21,2018-05-21,2018-05-21,2018-05-01,LQD,0.30103300772680835,0.3418954865525808,-0.04086247882577243,False,growth_up_inflation_up,True,optimal
oracle_regime_pooled_relative_active_te100bp,oracle_infeasible_diagnostic,2018-05-21,2018-05-21,2018-05-21,2018-05-01,AGG,0.0,0.0,0.0,False,growth_up_inflation_up,True,optimal
oracle_regime_pooled_relative_active_te100bp,oracle_infeasible_diagnostic,2018-05-28,2018-05-28,2018-05-29,2018-05-01,SPY,0.2975067987561835,0.3433713171669849,-0.04586451841080136,False,growth_up_inflation_up,True,optimal
oracle_regime_pooled_relative_active_te100bp,oracle_infeasible_diagnostic,2018-05-28,2018-05-28,2018-05-29,2018-05-01,IEF,3.596818271574805e-18,0.0,3.596818271574805e-18,False,growth_up_inflation_up,True,optimal
oracle_regime_pooled_relative_active_te100bp,oracle_infeasible_diagnostic,2018-05-28,2018-05-28,2018-05-29,2018-05-01,TIP,0.04187038683350511,0.0,0.04187038683350511,False,growth_up_inflation_up,True,optimal
oracle_regime_pooled_relative_active_te100bp,oracle_infeasible_diagnostic,2018-05-28,2018-05-28,2018-05-29,2018-05-01,HYG,0.16499793308650584,0.1531678371299862,0.011830095956519654,False,growth_up_inflation_up,True,optimal
oracle_regime_pooled_relative_active_te100bp,oracle_infeasible_diagnostic,2018-05-28,2018-05-28,2018-05-29,2018-05-01,BIL,0.016462278659394376,0.0,0.016462278659394376,False,growth_up_inflation_up,True,optimal
oracle_regime_pooled_relative_active_te100bp,oracle_infeasible_diagnostic,2018-05-28,2018-05-28,2018-05-29,2018-05-01,GLD,0.17621525891938963,0.1593484485003617,0.016866810419027933,False,growth_up_inflation_up,True,optimal
oracle_regime_pooled_relative_active_te100bp,oracle_infeasible_diagnostic,2018-05-28,2018-05-28,2018-05-29,2018-05-01,LQD,0.30294734374502147,0.3441123972026673,-0.04116505345764582,False,growth_up_inflation_up,True,optimal
oracle_regime_pooled_relative_active_te100bp,oracle_infeasible_diagnostic,2018-05-28,2018-05-28,2018-05-29,2018-05-01,AGG,0.0,0.0,0.0,False,growth_up_inflation_up,True,optimal
oracle_regime_pooled_relative_active_te100bp,oracle_infeasible_diagnostic,2018-06-04,2018-06-04,2018-06-04,2018-06-01,SPY,0.35,0.3463000678943185,0.0036999321056814805,False,growth_up_inflation_down,True,optimal
oracle_regime_pooled_relative_active_te100bp,oracle_infeasible_diagnostic,2018-06-04,2018-06-04,2018-06-04,2018-06-01,IEF,7.89894617461099e-18,0.0,7.89894617461099e-18,False,growth_up_inflation_down,True,optimal
oracle_regime_pooled_relative_active_te100bp,oracle_infeasible_diagnostic,2018-06-04,2018-06-04,2018-06-04,2018-06-01,TIP,0.04176809743338633,0.0,0.04176809743338633,False,growth_up_inflation_down,True,optimal
oracle_regime_pooled_relative_active_te100bp,oracle_infeasible_diagnostic,2018-06-04,2018-06-04,2018-06-04,2018-06-01,HYG,0.1500000000000001,0.1529830259501639,-0.0029830259501637812,False,growth_up_inflation_down,True,optimal
oracle_regime_pooled_relative_active_te100bp,oracle_infeasible_diagnostic,2018-06-04,2018-06-04,2018-06-04,2018-06-01,BIL,0.016415673834386846,0.0,0.016415673834386846,False,growth_up_inflation_down,True,optimal
oracle_regime_pooled_relative_active_te100bp,oracle_infeasible_diagnostic,2018-06-04,2018-06-04,2018-06-04,2018-06-01,GLD,0.14023507455242432,0.1583227046858412,-0.018087630133416882,False,growth_up_inflation_down,True,optimal
oracle_regime_pooled_relative_active_te100bp,oracle_infeasible_diagnostic,2018-06-04,2018-06-04,2018-06-04,2018-06-01,LQD,0.3015811541798026,0.3423942014696762,-0.040813047289873616,False,growth_up_inflation_down,True,optimal
oracle_regime_pooled_relative_active_te100bp,oracle_infeasible_diagnostic,2018-06-04,2018-06-04,2018-06-04,2018-06-01,AGG,0.0,0.0,0.0,False,growth_up_inflation_down,True,optimal
oracle_regime_pooled_relative_active_te100bp,oracle_infeasible_diagnostic,2018-06-11,2018-06-11,2018-06-11,2018-06-01,SPY,0.35000000000000003,0.3494037474658162,0.0005962525341838276,False,growth_up_inflation_down,True,optimal
oracle_regime_pooled_relative_active_te100bp,oracle_infeasible_diagnostic,2018-06-11,2018-06-11,2018-06-11,2018-06-01,IEF,0.0,0.0,0.0,False,growth_up_inflation_down,True,optimal
oracle_regime_pooled_relative_active_te100bp,oracle_infeasible_diagnostic,2018-06-11,2018-06-11,2018-06-11,2018-06-01,TIP,0.04160276250354245,0.0,0.04160276250354245,False,growth_up_inflation_down,True,optimal
oracle_regime_pooled_relative_active_te100bp,oracle_infeasible_diagnostic,2018-06-11,2018-06-11,2018-06-11,2018-06-01,HYG,0.15000000000000008,0.1505962525341835,-0.0005962525341834113,False,growth_up_inflation_down,True,optimal
oracle_regime_pooled_relative_active_te100bp,oracle_infeasible_diagnostic,2018-06-11,2018-06-11,2018-06-11,2018-06-01,BIL,0.016347291983049284,0.0,0.016347291983049284,False,growth_up_inflation_down,True,optimal
oracle_regime_pooled_relative_active_te100bp,oracle_infeasible_diagnostic,2018-06-11,2018-06-11,2018-06-11,2018-06-01,GLD,0.1397869115824168,0.1602690944036972,-0.020482182821280392,False,growth_up_inflation_down,True,optimal
oracle_regime_pooled_relative_active_te100bp,oracle_infeasible_diagnostic,2018-06-11,2018-06-11,2018-06-11,2018-06-01,LQD,0.30226303393099146,0.3397309055963031,-0.037467871665311625,False,growth_up_inflation_down,True,optimal
oracle_regime_pooled_relative_active_te100bp,oracle_infeasible_diagnostic,2018-06-11,2018-06-11,2018-06-11,2018-06-01,AGG,0.0,0.0,0.0,False,growth_up_inflation_down,True,optimal
oracle_regime_pooled_relative_active_te100bp,oracle_infeasible_diagnostic,2018-06-18,2018-06-18,2018-06-18,2018-06-01,SPY,0.35,0.3495295589141121,0.000470441085887896,False,growth_up_inflation_down,True,optimal
oracle_regime_pooled_relative_active_te100bp,oracle_infeasible_diagnostic,2018-06-18,2018-06-18,2018-06-18,2018-06-01,IEF,0.0,0.0,0.0,False,growth_up_inflation_down,True,optimal
oracle_regime_pooled_relative_active_te100bp,oracle_infeasible_diagnostic,2018-06-18,2018-06-18,2018-06-18,2018-06-01,TIP,0.04174499680967503,0.0,0.04174499680967503,False,growth_up_inflation_down,True,optimal
oracle_regime_pooled_relative_active_te100bp,oracle_infeasible_diagnostic,2018-06-18,2018-06-18,2018-06-18,2018-06-01,HYG,0.15000000000000002,0.1504704410858877,-0.00047044108588767397,False,growth_up_inflation_down,True,optimal
oracle_regime_pooled_relative_active_te100bp,oracle_infeasible_diagnostic,2018-06-18,2018-06-18,2018-06-18,2018-06-01,BIL,0.016357313916654126,0.0,0.016357313916654126,False,growth_up_inflation_down,True,optimal
oracle_regime_pooled_relative_active_te100bp,oracle_infeasible_diagnostic,2018-06-18,2018-06-18,2018-06-18,2018-06-01,GLD,0.13782758004499632,0.1590257592827653,-0.021198179237768983,False,growth_up_inflation_down,True,optimal
oracle_regime_pooled_relative_active_te100bp,oracle_infeasible_diagnostic,2018-06-18,2018-06-18,2018-06-18,2018-06-01,LQD,0.30407010922867456,0.3409742407172347,-0.036904131488560143,False,growth_up_inflation_down,True,optimal
oracle_regime_pooled_relative_active_te100bp,oracle_infeasible_diagnostic,2018-06-18,2018-06-18,2018-06-18,2018-06-01,AGG,0.0,0.0,0.0,False,growth_up_inflation_down,True,optimal
oracle_regime_pooled_relative_active_te100bp,oracle_infeasible_diagnostic,2018-06-25,2018-06-25,2018-06-25,2018-06-01,SPY,0.3499999999999999,0.3499999999999992,7.216449660063518e-16,False,growth_up_inflation_down,True,optimal
oracle_regime_pooled_relative_active_te100bp,oracle_infeasible_diagnostic,2018-06-25,2018-06-25,2018-06-25,2018-06-01,IEF,0.0,0.0,0.0,False,growth_up_inflation_down,True,optimal
oracle_regime_pooled_relative_active_te100bp,oracle_infeasible_diagnostic,2018-06-25,2018-06-25,2018-06-25,2018-06-01,TIP,0.041996642871760984,0.0,0.041996642871760984,False,growth_up_inflation_down,True,optimal
oracle_regime_pooled_relative_active_te100bp,oracle_infeasible_diagnostic,2018-06-25,2018-06-25,2018-06-25,2018-06-01,HYG,0.15000000000000002,0.1500000000000003,-2.7755575615628914e-16,False,growth_up_inflation_down,True,optimal
oracle_regime_pooled_relative_active_te100bp,oracle_infeasible_diagnostic,2018-06-25,2018-06-25,2018-06-25,2018-06-01,BIL,0.016424050686999432,0.0,0.016424050686999432,False,growth_up_inflation_down,True,optimal
oracle_regime_pooled_relative_active_te100bp,oracle_infeasible_diagnostic,2018-06-25,2018-06-25,2018-06-25,2018-06-01,GLD,0.13722304734715157,0.1594226887219406,-0.022199641374789025,False,growth_up_inflation_down,True,optimal
oracle_regime_pooled_relative_active_te100bp,oracle_infeasible_diagnostic,2018-06-25,2018-06-25,2018-06-25,2018-06-01,LQD,0.30435625909408803,0.3405773112780598,-0.03622105218397176,False,growth_up_inflation_down,True,optimal
oracle_regime_pooled_relative_active_te100bp,oracle_infeasible_diagnostic,2018-06-25,2018-06-25,2018-06-25,2018-06-01,AGG,0.0,0.0,0.0,False,growth_up_inflation_down,True,optimal
oracle_regime_pooled_relative_active_te100bp,oracle_infeasible_diagnostic,2018-07-02,2018-07-02,2018-07-02,2018-07-01,SPY,0.34860554267595967,0.348693456591237,-8.791391527734893e-05,False,growth_up_inflation_up,True,optimal
oracle_regime_pooled_relative_active_te100bp,oracle_infeasible_diagnostic,2018-07-02,2018-07-02,2018-07-02,2018-07-01,IEF,0.0,0.0,0.0,False,growth_up_inflation_up,True,optimal
oracle_regime_pooled_relative_active_te100bp,oracle_infeasible_diagnostic,2018-07-02,2018-07-02,2018-07-02,2018-07-01,TIP,0.04232737725667995,0.0,0.04232737725667995,False,growth_up_inflation_up,True,optimal
oracle_regime_pooled_relative_active_te100bp,oracle_infeasible_diagnostic,2018-07-02,2018-07-02,2018-07-02,2018-07-01,HYG,0.14938053017909733,0.1494182020622627,-3.7671883165363296e-05,False,growth_up_inflation_up,True,optimal
oracle_regime_pooled_relative_active_te100bp,oracle_infeasible_diagnostic,2018-07-02,2018-07-02,2018-07-02,2018-07-01,BIL,0.016494274174239706,0.0,0.016494274174239706,False,growth_up_inflation_up,True,optimal
oracle_regime_pooled_relative_active_te100bp,oracle_infeasible_diagnostic,2018-07-02,2018-07-02,2018-07-02,2018-07-01,GLD,0.13621476370822544,0.158291196159989,-0.02207643245176355,False,growth_up_inflation_up,True,optimal
oracle_regime_pooled_relative_active_te100bp,oracle_infeasible_diagnostic,2018-07-02,2018-07-02,2018-07-02,2018-07-01,LQD,0.3069775120057979,0.3435971451865111,-0.03661963318071315,False,growth_up_inflation_up,True,optimal
oracle_regime_pooled_relative_active_te100bp,oracle_infeasible_diagnostic,2018-07-02,2018-07-02,2018-07-02,2018-07-01,AGG,0.0,0.0,0.0,False,growth_up_inflation_up,True,optimal
oracle_regime_pooled_relative_active_te100bp,oracle_infeasible_diagnostic,2018-07-09,2018-07-09,2018-07-09,2018-07-01,SPY,0.35000000000000003,0.35,5.551115123125783e-17,False,growth_up_inflation_up,True,optimal
oracle_regime_pooled_relative_active_te100bp,oracle_infeasible_diagnostic,2018-07-09,2018-07-09,2018-07-09,2018-07-01,IEF,6.806756764135559e-18,0.0,6.806756764135559e-18,False,growth_up_inflation_up,True,optimal
oracle_regime_pooled_relative_active_te100bp,oracle_infeasible_diagnostic,2018-07-09,2018-07-09,2018-07-09,2018-07-01,TIP,0.044060298365284606,0.0,0.044060298365284606,False,growth_up_inflation_up,True,optimal
oracle_regime_pooled_relative_active_te100bp,oracle_infeasible_diagnostic,2018-07-09,2018-07-09,2018-07-09,2018-07-01,HYG,0.1488297205940213,0.1500000000000002,-0.0011702794059788857,False,growth_up_inflation_up,True,optimal
oracle_regime_pooled_relative_active_te100bp,oracle_infeasible_diagnostic,2018-07-09,2018-07-09,2018-07-09,2018-07-01,BIL,0.016305929877852232,0.0,0.016305929877852232,False,growth_up_inflation_up,True,optimal
oracle_regime_pooled_relative_active_te100bp,oracle_infeasible_diagnostic,2018-07-09,2018-07-09,2018-07-09,2018-07-01,GLD,0.13538971986869172,0.1582217041020807,-0.022831984233388974,False,growth_up_inflation_up,True,optimal
oracle_regime_pooled_relative_active_te100bp,oracle_infeasible_diagnostic,2018-07-09,2018-07-09,2018-07-09,2018-07-01,LQD,0.30541433129415024,0.3417782958979189,-0.03636396460376867,False,growth_up_inflation_up,True,optimal
oracle_regime_pooled_relative_active_te100bp,oracle_infeasible_diagnostic,2018-07-09,2018-07-09,2018-07-09,2018-07-01,AGG,0.0,0.0,0.0,False,growth_up_inflation_up,True,optimal
oracle_regime_pooled_relative_active_te100bp,oracle_infeasible_diagnostic,2018-07-16,2018-07-16,2018-07-16,2018-07-01,SPY,0.35000000000000003,0.3499999999999997,3.3306690738754696e-16,False,growth_up_inflation_up,True,optimal
oracle_regime_pooled_relative_active_te100bp,oracle_infeasible_diagnostic,2018-07-16,2018-07-16,2018-07-16,2018-07-01,IEF,0.0,0.0,0.0,False,growth_up_inflation_up,True,optimal
oracle_regime_pooled_relative_active_te100bp,oracle_infeasible_diagnostic,2018-07-16,2018-07-16,2018-07-16,2018-07-01,TIP,0.04650409323246274,0.0,0.04650409323246274,False,growth_up_inflation_up,True,optimal
oracle_regime_pooled_relative_active_te100bp,oracle_infeasible_diagnostic,2018-07-16,2018-07-16,2018-07-16,2018-07-01,HYG,0.14871137936247794,0.1500000000000005,-0.0012886206375225528,False,growth_up_inflation_up,True,optimal
oracle_regime_pooled_relative_active_te100bp,oracle_infeasible_diagnostic,2018-07-16,2018-07-16,2018-07-16,2018-07-01,BIL,0.016252617941260372,0.0,0.016252617941260372,False,growth_up_inflation_up,True,optimal
oracle_regime_pooled_relative_active_te100bp,oracle_infeasible_diagnostic,2018-07-16,2018-07-16,2018-07-16,2018-07-01,GLD,0.13260279587369275,0.1575685437714586,-0.024965747897765844,False,growth_up_inflation_up,True,optimal
oracle_regime_pooled_relative_active_te100bp,oracle_infeasible_diagnostic,2018-07-16,2018-07-16,2018-07-16,2018-07-01,LQD,0.30592911359010627,0.342431456228541,-0.036502342638434715,False,growth_up_inflation_up,True,optimal
oracle_regime_pooled_relative_active_te100bp,oracle_infeasible_diagnostic,2018-07-16,2018-07-16,2018-07-16,2018-07-01,AGG,0.0,0.0,0.0,False,growth_up_inflation_up,True,optimal
oracle_regime_pooled_relative_active_te100bp,oracle_infeasible_diagnostic,2018-07-23,2018-07-23,2018-07-23,2018-07-01,SPY,0.35,0.3499999999999996,3.885780586188048e-16,False,growth_up_inflation_up,True,optimal
oracle_regime_pooled_relative_active_te100bp,oracle_infeasible_diagnostic,2018-07-23,2018-07-23,2018-07-23,2018-07-01,IEF,3.3406979439709605e-18,0.0,3.3406979439709605e-18,False,growth_up_inflation_up,True,optimal
oracle_regime_pooled_relative_active_te100bp,oracle_infeasible_diagnostic,2018-07-23,2018-07-23,2018-07-23,2018-07-01,TIP,0.04710875474577121,0.0,0.04710875474577121,False,growth_up_inflation_up,True,optimal
oracle_regime_pooled_relative_active_te100bp,oracle_infeasible_diagnostic,2018-07-23,2018-07-23,2018-07-23,2018-07-01,HYG,0.14898927919678256,0.1499999999999997,-0.0010107208032171244,False,growth_up_inflation_up,True,optimal
oracle_regime_pooled_relative_active_te100bp,oracle_infeasible_diagnostic,2018-07-23,2018-07-23,2018-07-23,2018-07-01,BIL,0.016288314521447304,0.0,0.016288314521447304,False,growth_up_inflation_up,True,optimal
oracle_regime_pooled_relative_active_te100bp,oracle_infeasible_diagnostic,2018-07-23,2018-07-23,2018-07-23,2018-07-01,GLD,0.1317764886155587,0.1576370795693828,-0.025860590953824092,False,growth_up_inflation_up,True,optimal
oracle_regime_pooled_relative_active_te100bp,oracle_infeasible_diagnostic,2018-07-23,2018-07-23,2018-07-23,2018-07-01,LQD,0.3058371629204403,0.3423629204306178,-0.0365257575101775,False,growth_up_inflation_up,True,optimal
oracle_regime_pooled_relative_active_te100bp,oracle_infeasible_diagnostic,2018-07-23,2018-07-23,2018-07-23,2018-07-01,AGG,0.0,0.0,0.0,False,growth_up_inflation_up,True,optimal
oracle_regime_pooled_relative_active_te100bp,oracle_infeasible_diagnostic,2018-07-30,2018-07-30,2018-07-30,2018-07-01,SPY,0.35,0.3499999999999998,1.6653345369377348e-16,False,growth_up_inflation_up,True,optimal
oracle_regime_pooled_relative_active_te100bp,oracle_infeasible_diagnostic,2018-07-30,2018-07-30,2018-07-30,2018-07-01,IEF,1.5246593050577406e-18,0.0,1.5246593050577406e-18,False,growth_up_inflation_up,True,optimal
oracle_regime_pooled_relative_active_te100bp,oracle_infeasible_diagnostic,2018-07-30,2018-07-30,2018-07-30,2018-07-01,TIP,0.04800548576948404,0.0,0.04800548576948404,False,growth_up_inflation_up,True,optimal
oracle_regime_pooled_relative_active_te100bp,oracle_infeasible_diagnostic,2018-07-30,2018-07-30,2018-07-30,2018-07-01,HYG,0.1488632869242244,0.1499999999999982,-0.0011367130757737876,False,growth_up_inflation_up,True,optimal
oracle_regime_pooled_relative_active_te100bp,oracle_infeasible_diagnostic,2018-07-30,2018-07-30,2018-07-30,2018-07-01,BIL,0.016232620557865826,0.0,0.016232620557865826,False,growth_up_inflation_up,True,optimal
oracle_regime_pooled_relative_active_te100bp,oracle_infeasible_diagnostic,2018-07-30,2018-07-30,2018-07-30,2018-07-01,GLD,0.13082288828617797,0.1574333503248058,-0.026610462038627825,False,growth_up_inflation_up,True,optimal
oracle_regime_pooled_relative_active_te100bp,oracle_infeasible_diagnostic,2018-07-30,2018-07-30,2018-07-30,2018-07-01,LQD,0.30607571846224774,0.342566649675196,-0.036490931212948274,False,growth_up_inflation_up,True,optimal
oracle_regime_pooled_relative_active_te100bp,oracle_infeasible_diagnostic,2018-07-30,2018-07-30,2018-07-30,2018-07-01,AGG,0.0,0.0,0.0,False,growth_up_inflation_up,True,optimal
oracle_regime_pooled_relative_active_te100bp,oracle_infeasible_diagnostic,2018-08-06,2018-08-06,2018-08-06,2018-08-01,SPY,0.3499999999999999,0.3499999999999996,3.3306690738754696e-16,False,growth_up_inflation_down,True,optimal
oracle_regime_pooled_relative_active_te100bp,oracle_infeasible_diagnostic,2018-08-06,2018-08-06,2018-08-06,2018-08-01,IEF,0.0,0.0,0.0,False,growth_up_inflation_down,True,optimal
oracle_regime_pooled_relative_active_te100bp,oracle_infeasible_diagnostic,2018-08-06,2018-08-06,2018-08-06,2018-08-01,TIP,0.04791856334416286,0.0,0.04791856334416286,False,growth_up_inflation_down,True,optimal
oracle_regime_pooled_relative_active_te100bp,oracle_infeasible_diagnostic,2018-08-06,2018-08-06,2018-08-06,2018-08-01,HYG,0.15000000000000002,0.150000000000001,-9.71445146547012e-16,False,growth_up_inflation_down,True,optimal
oracle_regime_pooled_relative_active_te100bp,oracle_infeasible_diagnostic,2018-08-06,2018-08-06,2018-08-06,2018-08-01,BIL,0.016174294122065353,0.0,0.016174294122065353,False,growth_up_inflation_down,True,optimal
oracle_regime_pooled_relative_active_te100bp,oracle_infeasible_diagnostic,2018-08-06,2018-08-06,2018-08-06,2018-08-01,GLD,0.12934101957536626,0.1556694258046591,-0.026328406229292833,False,growth_up_inflation_down,True,optimal
oracle_regime_pooled_relative_active_te100bp,oracle_infeasible_diagnostic,2018-08-06,2018-08-06,2018-08-06,2018-08-01,LQD,0.3065661229584056,0.3443305741953403,-0.037764451236934726,False,growth_up_inflation_down,True,optimal
oracle_regime_pooled_relative_active_te100bp,oracle_infeasible_diagnostic,2018-08-06,2018-08-06,2018-08-06,2018-08-01,AGG,0.0,0.0,0.0,False,growth_up_inflation_down,True,optimal
oracle_regime_pooled_relative_active_te100bp,oracle_infeasible_diagnostic,2018-08-13,2018-08-13,2018-08-13,2018-08-01,SPY,0.3498362382984314,0.3497805096382572,5.572866017422573e-05,False,growth_up_inflation_down,True,optimal
oracle_regime_pooled_relative_active_te100bp,oracle_infeasible_diagnostic,2018-08-13,2018-08-13,2018-08-13,2018-08-01,IEF,0.0,0.0,0.0,False,growth_up_inflation_down,True,optimal
oracle_regime_pooled_relative_active_te100bp,oracle_infeasible_diagnostic,2018-08-13,2018-08-13,2018-08-13,2018-08-01,TIP,0.04811883984428621,0.0,0.04811883984428621,False,growth_up_inflation_down,True,optimal
oracle_regime_pooled_relative_active_te100bp,oracle_infeasible_diagnostic,2018-08-13,2018-08-13,2018-08-13,2018-08-01,HYG,0.15016376170156862,0.1501949974073242,-3.123570575558343e-05,False,growth_up_inflation_down,True,optimal
oracle_regime_pooled_relative_active_te100bp,oracle_infeasible_diagnostic,2018-08-13,2018-08-13,2018-08-13,2018-08-01,BIL,0.01619172729601822,0.0,0.01619172729601822,False,growth_up_inflation_down,True,optimal
oracle_regime_pooled_relative_active_te100bp,oracle_infeasible_diagnostic,2018-08-13,2018-08-13,2018-08-13,2018-08-01,GLD,0.12947053093678773,0.1560123689302328,-0.02654183799344506,False,growth_up_inflation_down,True,optimal
oracle_regime_pooled_relative_active_te100bp,oracle_infeasible_diagnostic,2018-08-13,2018-08-13,2018-08-13,2018-08-01,LQD,0.3062189019229079,0.3440121240241857,-0.03779322210127778,False,growth_up_inflation_down,True,optimal
oracle_regime_pooled_relative_active_te100bp,oracle_infeasible_diagnostic,2018-08-13,2018-08-13,2018-08-13,2018-08-01,AGG,0.0,0.0,0.0,False,growth_up_inflation_down,True,optimal
oracle_regime_pooled_relative_active_te100bp,oracle_infeasible_diagnostic,2018-08-20,2018-08-20,2018-08-20,2018-08-01,SPY,0.35,0.3500000000000002,-2.220446049250313e-16,False,growth_up_inflation_down,True,optimal
oracle_regime_pooled_relative_active_te100bp,oracle_infeasible_diagnostic,2018-08-20,2018-08-20,2018-08-20,2018-08-01,IEF,5.89534931288993e-19,0.0,5.89534931288993e-19,False,growth_up_inflation_down,True,optimal
oracle_regime_pooled_relative_active_te100bp,oracle_infeasible_diagnostic,2018-08-20,2018-08-20,2018-08-20,2018-08-01,TIP,0.04805172697709978,0.0,0.04805172697709978,False,growth_up_inflation_down,True,optimal
oracle_regime_pooled_relative_active_te100bp,oracle_infeasible_diagnostic,2018-08-20,2018-08-20,2018-08-20,2018-08-01,HYG,0.15000000000000002,0.1500000000000003,-2.7755575615628914e-16,False,growth_up_inflation_down,True,optimal
oracle_regime_pooled_relative_active_te100bp,oracle_infeasible_diagnostic,2018-08-20,2018-08-20,2018-08-20,2018-08-01,BIL,0.016159344488416175,0.0,0.016159344488416175,False,growth_up_inflation_down,True,optimal
oracle_regime_pooled_relative_active_te100bp,oracle_infeasible_diagnostic,2018-08-20,2018-08-20,2018-08-20,2018-08-01,GLD,0.12729034648032947,0.1534151668429734,-0.026124820362643936,False,growth_up_inflation_down,True,optimal
oracle_regime_pooled_relative_active_te100bp,oracle_infeasible_diagnostic,2018-08-20,2018-08-20,2018-08-20,2018-08-01,LQD,0.30849858205415465,0.3465848331570261,-0.03808625110287145,False,growth_up_inflation_down,True,optimal
oracle_regime_pooled_relative_active_te100bp,oracle_infeasible_diagnostic,2018-08-20,2018-08-20,2018-08-20,2018-08-01,AGG,0.0,0.0,0.0,False,growth_up_inflation_down,True,optimal
oracle_regime_pooled_relative_active_te100bp,oracle_infeasible_diagnostic,2018-08-27,2018-08-27,2018-08-27,2018-08-01,SPY,0.35,0.3499999999999996,3.885780586188048e-16,False,growth_up_inflation_down,True,optimal
oracle_regime_pooled_relative_active_te100bp,oracle_infeasible_diagnostic,2018-08-27,2018-08-27,2018-08-27,2018-08-01,IEF,0.0,0.0,0.0,False,growth_up_inflation_down,True,optimal
oracle_regime_pooled_relative_active_te100bp,oracle_infeasible_diagnostic,2018-08-27,2018-08-27,2018-08-27,2018-08-01,TIP,0.047993025408934714,0.0,0.047993025408934714,False,growth_up_inflation_down,True,optimal
oracle_regime_pooled_relative_active_te100bp,oracle_infeasible_diagnostic,2018-08-27,2018-08-27,2018-08-27,2018-08-01,HYG,0.15000000000000002,0.1499999999999995,5.273559366969494e-16,False,growth_up_inflation_down,True,optimal
oracle_regime_pooled_relative_active_te100bp,oracle_infeasible_diagnostic,2018-08-27,2018-08-27,2018-08-27,2018-08-01,BIL,0.01608495430283353,0.0,0.01608495430283353,False,growth_up_inflation_down,True,optimal
oracle_regime_pooled_relative_active_te100bp,oracle_infeasible_diagnostic,2018-08-27,2018-08-27,2018-08-27,2018-08-01,GLD,0.12865501674585733,0.1550261218380939,-0.026371105092236558,False,growth_up_inflation_down,True,optimal
oracle_regime_pooled_relative_active_te100bp,oracle_infeasible_diagnostic,2018-08-27,2018-08-27,2018-08-27,2018-08-01,LQD,0.3072670035423744,0.3449738781619068,-0.03770687461953237,False,growth_up_inflation_down,True,optimal
oracle_regime_pooled_relative_active_te100bp,oracle_infeasible_diagnostic,2018-08-27,2018-08-27,2018-08-27,2018-08-01,AGG,0.0,0.0,0.0,False,growth_up_inflation_down,True,optimal
oracle_regime_pooled_relative_active_te100bp,oracle_infeasible_diagnostic,2018-09-03,2018-09-03,2018-09-04,2018-09-01,SPY,0.35,0.3500000000000005,-4.996003610813204e-16,False,growth_up_inflation_up,True,optimal
oracle_regime_pooled_relative_active_te100bp,oracle_infeasible_diagnostic,2018-09-03,2018-09-03,2018-09-04,2018-09-01,IEF,0.0,0.0,0.0,False,growth_up_inflation_up,True,optimal
oracle_regime_pooled_relative_active_te100bp,oracle_infeasible_diagnostic,2018-09-03,2018-09-03,2018-09-04,2018-09-01,TIP,0.049914979672861785,0.0,0.049914979672861785,False,growth_up_inflation_up,True,optimal
oracle_regime_pooled_relative_active_te100bp,oracle_infeasible_diagnostic,2018-09-03,2018-09-03,2018-09-04,2018-09-01,HYG,0.15000000000000005,0.1500000000000005,-4.440892098500626e-16,False,growth_up_inflation_up,True,optimal
oracle_regime_pooled_relative_active_te100bp,oracle_infeasible_diagnostic,2018-09-03,2018-09-03,2018-09-04,2018-09-01,BIL,0.01610084163722922,0.0,0.01610084163722922,False,growth_up_inflation_up,True,optimal
oracle_regime_pooled_relative_active_te100bp,oracle_infeasible_diagnostic,2018-09-03,2018-09-03,2018-09-04,2018-09-01,GLD,0.1280517292591824,0.1543310883873078,-0.0262793591281254,False,growth_up_inflation_up,True,optimal
oracle_regime_pooled_relative_active_te100bp,oracle_infeasible_diagnostic,2018-09-03,2018-09-03,2018-09-04,2018-09-01,LQD,0.3059324494307266,0.3456689116126911,-0.03973646218196447,False,growth_up_inflation_up,True,optimal
oracle_regime_pooled_relative_active_te100bp,oracle_infeasible_diagnostic,2018-09-03,2018-09-03,2018-09-04,2018-09-01,AGG,0.0,0.0,0.0,False,growth_up_inflation_up,True,optimal
oracle_regime_pooled_relative_active_te100bp,oracle_infeasible_diagnostic,2018-09-10,2018-09-10,2018-09-10,2018-09-01,SPY,0.3484117260301679,0.3498797404644946,-0.0014680144343267032,False,growth_up_inflation_up,True,optimal
oracle_regime_pooled_relative_active_te100bp,oracle_infeasible_diagnostic,2018-09-10,2018-09-10,2018-09-10,2018-09-01,IEF,0.0,0.0,0.0,False,growth_up_inflation_up,True,optimal
oracle_regime_pooled_relative_active_te100bp,oracle_infeasible_diagnostic,2018-09-10,2018-09-10,2018-09-10,2018-09-01,TIP,0.04991390390229816,0.0,0.04991390390229816,False,growth_up_inflation_up,True,optimal
oracle_regime_pooled_relative_active_te100bp,oracle_infeasible_diagnostic,2018-09-10,2018-09-10,2018-09-10,2018-09-01,HYG,0.15014936288539665,0.1501202595355053,2.910334989134067e-05,False,growth_up_inflation_up,True,optimal
oracle_regime_pooled_relative_active_te100bp,oracle_infeasible_diagnostic,2018-09-10,2018-09-10,2018-09-10,2018-09-01,BIL,0.016159664197946857,0.0,0.016159664197946857,False,growth_up_inflation_up,True,optimal
oracle_regime_pooled_relative_active_te100bp,oracle_infeasible_diagnostic,2018-09-10,2018-09-10,2018-09-10,2018-09-01,GLD,0.1290103303718751,0.1539207333143435,-0.024910402942468407,False,growth_up_inflation_up,True,optimal
oracle_regime_pooled_relative_active_te100bp,oracle_infeasible_diagnostic,2018-09-10,2018-09-10,2018-09-10,2018-09-01,LQD,0.3063550126123153,0.3460792666856565,-0.03972425407334118,False,growth_up_inflation_up,True,optimal
oracle_regime_pooled_relative_active_te100bp,oracle_infeasible_diagnostic,2018-09-10,2018-09-10,2018-09-10,2018-09-01,AGG,0.0,0.0,0.0,False,growth_up_inflation_up,True,optimal
oracle_regime_pooled_relative_active_te100bp,oracle_infeasible_diagnostic,2018-09-17,2018-09-17,2018-09-17,2018-09-01,SPY,0.34960004729166533,0.3499999999999991,-0.00039995270833376173,False,growth_up_inflation_up,True,optimal
oracle_regime_pooled_relative_active_te100bp,oracle_infeasible_diagnostic,2018-09-17,2018-09-17,2018-09-17,2018-09-01,IEF,1.2050538378631435e-17,0.0,1.2050538378631435e-17,False,growth_up_inflation_up,True,optimal
oracle_regime_pooled_relative_active_te100bp,oracle_infeasible_diagnostic,2018-09-17,2018-09-17,2018-09-17,2018-09-01,TIP,0.049577902259302406,0.0,0.049577902259302406,False,growth_up_inflation_up,True,optimal
oracle_regime_pooled_relative_active_te100bp,oracle_infeasible_diagnostic,2018-09-17,2018-09-17,2018-09-17,2018-09-01,HYG,0.15039995270833473,0.1499999999999992,0.0003999527083355381,False,growth_up_inflation_up,True,optimal
oracle_regime_pooled_relative_active_te100bp,oracle_infeasible_diagnostic,2018-09-17,2018-09-17,2018-09-17,2018-09-01,BIL,0.016100762879047992,0.0,0.016100762879047992,False,growth_up_inflation_up,True,optimal
oracle_regime_pooled_relative_active_te100bp,oracle_infeasible_diagnostic,2018-09-17,2018-09-17,2018-09-17,2018-09-01,GLD,0.12822563922929608,0.1529399463159771,-0.024714307086681014,False,growth_up_inflation_up,True,optimal
oracle_regime_pooled_relative_active_te100bp,oracle_infeasible_diagnostic,2018-09-17,2018-09-17,2018-09-17,2018-09-01,LQD,0.3060956956323534,0.3470600536840243,-0.040964358051670924,False,growth_up_inflation_up,True,optimal
oracle_regime_pooled_relative_active_te100bp,oracle_infeasible_diagnostic,2018-09-17,2018-09-17,2018-09-17,2018-09-01,AGG,0.0,0.0,0.0,False,growth_up_inflation_up,True,optimal
oracle_regime_pooled_relative_active_te100bp,oracle_infeasible_diagnostic,2018-09-24,2018-09-24,2018-09-24,2018-09-01,SPY,0.35000000000000003,0.3500000000000001,-5.551115123125783e-17,False,growth_up_inflation_up,True,optimal
oracle_regime_pooled_relative_active_te100bp,oracle_infeasible_diagnostic,2018-09-24,2018-09-24,2018-09-24,2018-09-01,IEF,0.0012015813656010702,0.0,0.0012015813656010702,False,growth_up_inflation_up,True,optimal
oracle_regime_pooled_relative_active_te100bp,oracle_infeasible_diagnostic,2018-09-24,2018-09-24,2018-09-24,2018-09-01,TIP,0.05000000000000001,0.0,0.05000000000000001,False,growth_up_inflation_up,True,optimal
oracle_regime_pooled_relative_active_te100bp,oracle_infeasible_diagnostic,2018-09-24,2018-09-24,2018-09-24,2018-09-01,HYG,0.15000000000000005,0.15,5.551115123125783e-17,False,growth_up_inflation_up,True,optimal
oracle_regime_pooled_relative_active_te100bp,oracle_infeasible_diagnostic,2018-09-24,2018-09-24,2018-09-24,2018-09-01,BIL,0.016072923694418827,0.0,0.016072923694418827,False,growth_up_inflation_up,True,optimal
oracle_regime_pooled_relative_active_te100bp,oracle_infeasible_diagnostic,2018-09-24,2018-09-24,2018-09-24,2018-09-01,GLD,0.12782411283190248,0.1524678379268116,-0.024643725094909114,False,growth_up_inflation_up,True,optimal
oracle_regime_pooled_relative_active_te100bp,oracle_infeasible_diagnostic,2018-09-24,2018-09-24,2018-09-24,2018-09-01,LQD,0.30490138210807766,0.3475321620731881,-0.042630779965110444,False,growth_up_inflation_up,True,optimal
oracle_regime_pooled_relative_active_te100bp,oracle_infeasible_diagnostic,2018-09-24,2018-09-24,2018-09-24,2018-09-01,AGG,0.0,0.0,0.0,False,growth_up_inflation_up,True,optimal
oracle_regime_pooled_relative_active_te100bp,oracle_infeasible_diagnostic,2018-10-01,2018-10-01,2018-10-01,2018-10-01,SPY,0.34934393108581613,0.3495530187697436,-0.0002090876839274669,False,growth_up_inflation_up,True,optimal
oracle_regime_pooled_relative_active_te100bp,oracle_infeasible_diagnostic,2018-10-01,2018-10-01,2018-10-01,2018-10-01,IEF,0.001205525201089269,0.0,0.001205525201089269,False,growth_up_inflation_up,True,optimal
oracle_regime_pooled_relative_active_te100bp,oracle_infeasible_diagnostic,2018-10-01,2018-10-01,2018-10-01,2018-10-01,TIP,0.05,0.0,0.05,False,growth_up_inflation_up,True,optimal
oracle_regime_pooled_relative_active_te100bp,oracle_infeasible_diagnostic,2018-10-01,2018-10-01,2018-10-01,2018-10-01,HYG,0.15043400878962165,0.1504469812302563,-1.297244063463987e-05,False,growth_up_inflation_up,True,optimal
oracle_regime_pooled_relative_active_te100bp,oracle_infeasible_diagnostic,2018-10-01,2018-10-01,2018-10-01,2018-10-01,BIL,0.016079941682521547,0.0,0.016079941682521547,False,growth_up_inflation_up,True,optimal
oracle_regime_pooled_relative_active_te100bp,oracle_infeasible_diagnostic,2018-10-01,2018-10-01,2018-10-01,2018-10-01,GLD,0.1268034514302101,0.1510337657680953,-0.024230314337885195,False,growth_up_inflation_up,True,optimal
oracle_regime_pooled_relative_active_te100bp,oracle_infeasible_diagnostic,2018-10-01,2018-10-01,2018-10-01,2018-10-01,LQD,0.30613314181074136,0.3489662342319047,-0.042833092421163343,False,growth_up_inflation_up,True,optimal
oracle_regime_pooled_relative_active_te100bp,oracle_infeasible_diagnostic,2018-10-01,2018-10-01,2018-10-01,2018-10-01,AGG,0.0,0.0,0.0,False,growth_up_inflation_up,True,optimal
oracle_regime_pooled_relative_active_te100bp,oracle_infeasible_diagnostic,2018-10-08,2018-10-08,2018-10-08,2018-10-01,SPY,0.3476011155843703,0.3496248296130568,-0.0020237140286865074,False,growth_up_inflation_up,True,optimal
oracle_regime_pooled_relative_active_te100bp,oracle_infeasible_diagnostic,2018-10-08,2018-10-08,2018-10-08,2018-10-01,IEF,0.0012039881372659532,0.0,0.0012039881372659532,False,growth_up_inflation_up,True,optimal
oracle_regime_pooled_relative_active_te100bp,oracle_infeasible_diagnostic,2018-10-08,2018-10-08,2018-10-08,2018-10-01,TIP,0.04997075666194359,0.0,0.04997075666194359,False,growth_up_inflation_up,True,optimal
oracle_regime_pooled_relative_active_te100bp,oracle_infeasible_diagnostic,2018-10-08,2018-10-08,2018-10-08,2018-10-01,HYG,0.15039827061084482,0.1503751703869432,2.310022390161759e-05,False,growth_up_inflation_up,True,optimal
oracle_regime_pooled_relative_active_te100bp,oracle_infeasible_diagnostic,2018-10-08,2018-10-08,2018-10-08,2018-10-01,BIL,0.01624530189196054,0.0,0.01624530189196054,False,growth_up_inflation_up,True,optimal
oracle_regime_pooled_relative_active_te100bp,oracle_infeasible_diagnostic,2018-10-08,2018-10-08,2018-10-08,2018-10-01,GLD,0.12964639598238964,0.1524838488837323,-0.022837452901342647,False,growth_up_inflation_up,True,optimal
oracle_regime_pooled_relative_active_te100bp,oracle_infeasible_diagnostic,2018-10-08,2018-10-08,2018-10-08,2018-10-01,LQD,0.3049341711312253,0.3475161511162677,-0.04258197998504243,False,growth_up_inflation_up,True,optimal
oracle_regime_pooled_relative_active_te100bp,oracle_infeasible_diagnostic,2018-10-08,2018-10-08,2018-10-08,2018-10-01,AGG,0.0,0.0,0.0,False,growth_up_inflation_up,True,optimal
oracle_regime_pooled_relative_active_te100bp,oracle_infeasible_diagnostic,2018-10-15,2018-10-15,2018-10-15,2018-10-01,SPY,0.3378461203783507,0.3486391707606537,-0.010793050382302993,False,growth_up_inflation_up,True,optimal
oracle_regime_pooled_relative_active_te100bp,oracle_infeasible_diagnostic,2018-10-15,2018-10-15,2018-10-15,2018-10-01,IEF,0.001221154697704811,0.0,0.001221154697704811,False,growth_up_inflation_up,True,optimal
oracle_regime_pooled_relative_active_te100bp,oracle_infeasible_diagnostic,2018-10-15,2018-10-15,2018-10-15,2018-10-01,TIP,0.04999999999999992,0.0,0.04999999999999992,False,growth_up_inflation_up,True,optimal
oracle_regime_pooled_relative_active_te100bp,oracle_infeasible_diagnostic,2018-10-15,2018-10-15,2018-10-15,2018-10-01,HYG,0.15147201969041932,0.1513608292393459,0.00011119045107341186,False,growth_up_inflation_up,True,optimal
oracle_regime_pooled_relative_active_te100bp,oracle_infeasible_diagnostic,2018-10-15,2018-10-15,2018-10-15,2018-10-01,BIL,0.016403298257690883,0.0,0.016403298257690883,False,growth_up_inflation_up,True,optimal
oracle_regime_pooled_relative_active_te100bp,oracle_infeasible_diagnostic,2018-10-15,2018-10-15,2018-10-15,2018-10-01,GLD,0.1343532143609402,0.1513608292393463,-0.017007614878406102,False,growth_up_inflation_up,True,optimal
oracle_regime_pooled_relative_active_te100bp,oracle_infeasible_diagnostic,2018-10-15,2018-10-15,2018-10-15,2018-10-01,LQD,0.3087041926148942,0.348639170760654,-0.0399349781457598,False,growth_up_inflation_up,True,optimal
oracle_regime_pooled_relative_active_te100bp,oracle_infeasible_diagnostic,2018-10-15,2018-10-15,2018-10-15,2018-10-01,AGG,0.0,0.0,0.0,False,growth_up_inflation_up,True,optimal
oracle_regime_pooled_relative_active_te100bp,oracle_infeasible_diagnostic,2018-10-22,2018-10-22,2018-10-22,2018-10-01,SPY,0.3391540508046657,0.3499805145175858,-0.010826463712920065,False,growth_up_inflation_up,True,optimal
oracle_regime_pooled_relative_active_te100bp,oracle_infeasible_diagnostic,2018-10-22,2018-10-22,2018-10-22,2018-10-01,IEF,0.0012193653768025694,0.0,0.0012193653768025694,False,growth_up_inflation_up,True,optimal
oracle_regime_pooled_relative_active_te100bp,oracle_infeasible_diagnostic,2018-10-22,2018-10-22,2018-10-22,2018-10-01,TIP,0.04985611684057129,0.0,0.04985611684057129,False,growth_up_inflation_up,True,optimal
oracle_regime_pooled_relative_active_te100bp,oracle_infeasible_diagnostic,2018-10-22,2018-10-22,2018-10-22,2018-10-01,HYG,0.15135210062046378,0.1500194854824145,0.0013326151380492757,False,growth_up_inflation_up,True,optimal
oracle_regime_pooled_relative_active_te100bp,oracle_infeasible_diagnostic,2018-10-22,2018-10-22,2018-10-22,2018-10-01,BIL,0.01642866243266817,0.0,0.01642866243266817,False,growth_up_inflation_up,True,optimal
oracle_regime_pooled_relative_active_te100bp,oracle_infeasible_diagnostic,2018-10-22,2018-10-22,2018-10-22,2018-10-01,GLD,0.13440413787242847,0.1514145776396297,-0.017010439767201235,False,growth_up_inflation_up,True,optimal
oracle_regime_pooled_relative_active_te100bp,oracle_infeasible_diagnostic,2018-10-22,2018-10-22,2018-10-22,2018-10-01,LQD,0.30758556605240006,0.3485854223603699,-0.04099985630796982,False,growth_up_inflation_up,True,optimal
oracle_regime_pooled_relative_active_te100bp,oracle_infeasible_diagnostic,2018-10-22,2018-10-22,2018-10-22,2018-10-01,AGG,0.0,0.0,0.0,False,growth_up_inflation_up,True,optimal
oracle_regime_pooled_relative_active_te100bp,oracle_infeasible_diagnostic,2018-10-29,2018-10-29,2018-10-29,2018-10-01,SPY,0.3302083504611865,0.349345382830715,-0.01913703236952846,False,growth_up_inflation_up,True,optimal
oracle_regime_pooled_relative_active_te100bp,oracle_infeasible_diagnostic,2018-10-29,2018-10-29,2018-10-29,2018-10-01,IEF,0.001247997851425117,0.0,0.001247997851425117,False,growth_up_inflation_up,True,optimal
oracle_regime_pooled_relative_active_te100bp,oracle_infeasible_diagnostic,2018-10-29,2018-10-29,2018-10-29,2018-10-01,TIP,0.05000000000000001,0.0,0.05000000000000001,False,growth_up_inflation_up,True,optimal
oracle_regime_pooled_relative_active_te100bp,oracle_infeasible_diagnostic,2018-10-29,2018-10-29,2018-10-29,2018-10-01,HYG,0.15192762313932215,0.1506546171692851,0.0012730059700370444,False,growth_up_inflation_up,True,optimal
oracle_regime_pooled_relative_active_te100bp,oracle_infeasible_diagnostic,2018-10-29,2018-10-29,2018-10-29,2018-10-01,BIL,0.01667059757386707,0.0,0.01667059757386707,False,growth_up_inflation_up,True,optimal
oracle_regime_pooled_relative_active_te100bp,oracle_infeasible_diagnostic,2018-10-29,2018-10-29,2018-10-29,2018-10-01,GLD,0.13772423458400324,0.1506546171692859,-0.012930382585282674,False,growth_up_inflation_up,True,optimal
oracle_regime_pooled_relative_active_te100bp,oracle_infeasible_diagnostic,2018-10-29,2018-10-29,2018-10-29,2018-10-01,LQD,0.312221196390196,0.3493453828307138,-0.03712418644051779,False,growth_up_inflation_up,True,optimal
oracle_regime_pooled_relative_active_te100bp,oracle_infeasible_diagnostic,2018-10-29,2018-10-29,2018-10-29,2018-10-01,AGG,0.0,0.0,0.0,False,growth_up_inflation_up,True,optimal
oracle_regime_pooled_relative_active_te100bp,oracle_infeasible_diagnostic,2018-11-05,2018-11-05,2018-11-05,2018-11-01,SPY,0.33331585136858355,0.350000000000001,-0.016684148631417428,False,growth_up_inflation_up,True,optimal
oracle_regime_pooled_relative_active_te100bp,oracle_infeasible_diagnostic,2018-11-05,2018-11-05,2018-11-05,2018-11-01,IEF,0.001235253860134005,0.0,0.001235253860134005,False,growth_up_inflation_up,True,optimal
oracle_regime_pooled_relative_active_te100bp,oracle_infeasible_diagnostic,2018-11-05,2018-11-05,2018-11-05,2018-11-01,TIP,0.04942292248862097,0.0,0.04942292248862097,False,growth_up_inflation_up,True,optimal
oracle_regime_pooled_relative_active_te100bp,oracle_infeasible_diagnostic,2018-11-05,2018-11-05,2018-11-05,2018-11-01,HYG,0.1521294257600593,0.1500000000000004,0.002129425760058895,False,growth_up_inflation_up,True,optimal
oracle_regime_pooled_relative_active_te100bp,oracle_infeasible_diagnostic,2018-11-05,2018-11-05,2018-11-05,2018-11-01,BIL,0.016641686674520567,0.0,0.016641686674520567,False,growth_up_inflation_up,True,optimal
oracle_regime_pooled_relative_active_te100bp,oracle_infeasible_diagnostic,2018-11-05,2018-11-05,2018-11-05,2018-11-01,GLD,0.1377237703739861,0.1505822472754457,-0.012858476901459609,False,growth_up_inflation_up,True,optimal
oracle_regime_pooled_relative_active_te100bp,oracle_infeasible_diagnostic,2018-11-05,2018-11-05,2018-11-05,2018-11-01,LQD,0.3095310894740955,0.3494177527245529,-0.039886663250457366,False,growth_up_inflation_up,True,optimal
oracle_regime_pooled_relative_active_te100bp,oracle_infeasible_diagnostic,2018-11-05,2018-11-05,2018-11-05,2018-11-01,AGG,0.0,0.0,0.0,False,growth_up_inflation_up,True,optimal
oracle_regime_pooled_relative_active_te100bp,oracle_infeasible_diagnostic,2018-11-12,2018-11-12,2018-11-12,2018-11-01,SPY,0.33795248087941293,0.3499999999999996,-0.012047519120586658,False,growth_up_inflation_up,True,optimal
oracle_regime_pooled_relative_active_te100bp,oracle_infeasible_diagnostic,2018-11-12,2018-11-12,2018-11-12,2018-11-01,IEF,0.001228571570552535,0.0,0.001228571570552535,False,growth_up_inflation_up,True,optimal
oracle_regime_pooled_relative_active_te100bp,oracle_infeasible_diagnostic,2018-11-12,2018-11-12,2018-11-12,2018-11-01,TIP,0.04922768345834852,0.0,0.04922768345834852,False,growth_up_inflation_up,True,optimal
oracle_regime_pooled_relative_active_te100bp,oracle_infeasible_diagnostic,2018-11-12,2018-11-12,2018-11-12,2018-11-01,HYG,0.15145301582089893,0.1499999999999997,0.0014530158208992394,False,growth_up_inflation_up,True,optimal
oracle_regime_pooled_relative_active_te100bp,oracle_infeasible_diagnostic,2018-11-12,2018-11-12,2018-11-12,2018-11-01,BIL,0.016559061286634924,0.0,0.016559061286634924,False,growth_up_inflation_up,True,optimal
oracle_regime_pooled_relative_active_te100bp,oracle_infeasible_diagnostic,2018-11-12,2018-11-12,2018-11-12,2018-11-01,GLD,0.13484487046622115,0.1500000000000009,-0.01515512953377976,False,growth_up_inflation_up,True,optimal
oracle_regime_pooled_relative_active_te100bp,oracle_infeasible_diagnostic,2018-11-12,2018-11-12,2018-11-12,2018-11-01,LQD,0.30873431651793104,0.3499999999999995,-0.04126568348206844,False,growth_up_inflation_up,True,optimal
oracle_regime_pooled_relative_active_te100bp,oracle_infeasible_diagnostic,2018-11-12,2018-11-12,2018-11-12,2018-11-01,AGG,0.0,0.0,0.0,False,growth_up_inflation_up,True,optimal
oracle_regime_pooled_relative_active_te100bp,oracle_infeasible_diagnostic,2018-11-19,2018-11-19,2018-11-19,2018-11-01,SPY,0.3356991196337868,0.35,-0.014300880366213187,False,growth_up_inflation_up,True,optimal
oracle_regime_pooled_relative_active_te100bp,oracle_infeasible_diagnostic,2018-11-19,2018-11-19,2018-11-19,2018-11-01,IEF,0.0012451624397860673,0.0,0.0012451624397860673,False,growth_up_inflation_up,True,optimal
oracle_regime_pooled_relative_active_te100bp,oracle_infeasible_diagnostic,2018-11-19,2018-11-19,2018-11-19,2018-11-01,TIP,0.049735936273236664,0.0,0.049735936273236664,False,growth_up_inflation_up,True,optimal
oracle_regime_pooled_relative_active_te100bp,oracle_infeasible_diagnostic,2018-11-19,2018-11-19,2018-11-19,2018-11-01,HYG,0.15042989608573012,0.1490466037773539,0.0013832923083762216,False,growth_up_inflation_up,True,optimal
oracle_regime_pooled_relative_active_te100bp,oracle_infeasible_diagnostic,2018-11-19,2018-11-19,2018-11-19,2018-11-01,BIL,0.016662033114268792,0.0,0.016662033114268792,False,growth_up_inflation_up,True,optimal
oracle_regime_pooled_relative_active_te100bp,oracle_infeasible_diagnostic,2018-11-19,2018-11-19,2018-11-19,2018-11-01,GLD,0.1375543397964986,0.1508816191524342,-0.013327279355935612,False,growth_up_inflation_up,True,optimal
oracle_regime_pooled_relative_active_te100bp,oracle_infeasible_diagnostic,2018-11-19,2018-11-19,2018-11-19,2018-11-01,LQD,0.30867351265669296,0.350071777070212,-0.041398264413519015,False,growth_up_inflation_up,True,optimal
oracle_regime_pooled_relative_active_te100bp,oracle_infeasible_diagnostic,2018-11-19,2018-11-19,2018-11-19,2018-11-01,AGG,0.0,0.0,0.0,False,growth_up_inflation_up,True,optimal
oracle_regime_pooled_relative_active_te100bp,oracle_infeasible_diagnostic,2018-11-26,2018-11-26,2018-11-26,2018-11-01,SPY,0.32776342586326807,0.3497273092982897,-0.021963883435021647,False,growth_up_inflation_up,True,optimal
oracle_regime_pooled_relative_active_te100bp,oracle_infeasible_diagnostic,2018-11-26,2018-11-26,2018-11-26,2018-11-01,IEF,0.0012633223558847447,0.0,0.0012633223558847447,False,growth_up_inflation_up,True,optimal
oracle_regime_pooled_relative_active_te100bp,oracle_infeasible_diagnostic,2018-11-26,2018-11-26,2018-11-26,2018-11-01,TIP,0.05,0.0,0.05,False,growth_up_inflation_up,True,optimal
oracle_regime_pooled_relative_active_te100bp,oracle_infeasible_diagnostic,2018-11-26,2018-11-26,2018-11-26,2018-11-01,HYG,0.15162377254415527,0.1502726907017112,0.001351081842444063,False,growth_up_inflation_up,True,optimal
oracle_regime_pooled_relative_active_te100bp,oracle_infeasible_diagnostic,2018-11-26,2018-11-26,2018-11-26,2018-11-01,BIL,0.016868846714934965,0.0,0.016868846714934965,False,growth_up_inflation_up,True,optimal
oracle_regime_pooled_relative_active_te100bp,oracle_infeasible_diagnostic,2018-11-26,2018-11-26,2018-11-26,2018-11-01,GLD,0.1396019092679046,0.1502726907017096,-0.010670781433804982,False,growth_up_inflation_up,True,optimal
oracle_regime_pooled_relative_active_te100bp,oracle_infeasible_diagnostic,2018-11-26,2018-11-26,2018-11-26,2018-11-01,LQD,0.3128787232538524,0.3497273092982894,-0.03684858604443697,False,growth_up_inflation_up,True,optimal
oracle_regime_pooled_relative_active_te100bp,oracle_infeasible_diagnostic,2018-11-26,2018-11-26,2018-11-26,2018-11-01,AGG,0.0,0.0,0.0,False,growth_up_inflation_up,True,optimal
oracle_regime_pooled_relative_active_te100bp,oracle_infeasible_diagnostic,2018-12-03,2018-12-03,2018-12-03,2018-12-01,SPY,0.3069241438682593,0.3500000000000008,-0.04307585613174153,False,growth_down_inflation_up,True,optimal
oracle_regime_pooled_relative_active_te100bp,oracle_infeasible_diagnostic,2018-12-03,2018-12-03,2018-12-03,2018-12-01,IEF,0.0012553744708872694,0.0,0.0012553744708872694,False,growth_down_inflation_up,True,optimal
oracle_regime_pooled_relative_active_te100bp,oracle_infeasible_diagnostic,2018-12-03,2018-12-03,2018-12-03,2018-12-01,TIP,0.0495971568953723,0.0,0.0495971568953723,False,growth_down_inflation_up,True,optimal
oracle_regime_pooled_relative_active_te100bp,oracle_infeasible_diagnostic,2018-12-03,2018-12-03,2018-12-03,2018-12-01,HYG,0.1508248985408965,0.1500000000000012,0.0008248985408953191,False,growth_down_inflation_up,True,optimal
oracle_regime_pooled_relative_active_te100bp,oracle_infeasible_diagnostic,2018-12-03,2018-12-03,2018-12-03,2018-12-01,BIL,0.016671004581821625,0.0,0.016671004581821625,False,growth_down_inflation_up,True,optimal
oracle_regime_pooled_relative_active_te100bp,oracle_infeasible_diagnostic,2018-12-03,2018-12-03,2018-12-03,2018-12-01,GLD,0.17418848935232392,0.1499999999999977,0.02418848935232623,False,growth_down_inflation_up,True,optimal
oracle_regime_pooled_relative_active_te100bp,oracle_infeasible_diagnostic,2018-12-03,2018-12-03,2018-12-03,2018-12-01,LQD,0.3005389322904392,0.3500000000000003,-0.0494610677095611,False,growth_down_inflation_up,True,optimal
oracle_regime_pooled_relative_active_te100bp,oracle_infeasible_diagnostic,2018-12-03,2018-12-03,2018-12-03,2018-12-01,AGG,0.0,0.0,0.0,False,growth_down_inflation_up,True,optimal
oracle_regime_pooled_relative_active_te100bp,oracle_infeasible_diagnostic,2018-12-10,2018-12-10,2018-12-10,2018-12-01,SPY,0.30624766136881815,0.3486560473732162,-0.04240838600439806,False,growth_down_inflation_up,True,optimal
oracle_regime_pooled_relative_active_te100bp,oracle_infeasible_diagnostic,2018-12-10,2018-12-10,2018-12-10,2018-12-01,IEF,2.650973714016558e-17,0.0,2.650973714016558e-17,False,growth_down_inflation_up,True,optimal
oracle_regime_pooled_relative_active_te100bp,oracle_infeasible_diagnostic,2018-12-10,2018-12-10,2018-12-10,2018-12-01,TIP,0.04999999999999998,0.0,0.04999999999999998,False,growth_down_inflation_up,True,optimal
oracle_regime_pooled_relative_active_te100bp,oracle_infeasible_diagnostic,2018-12-10,2018-12-10,2018-12-10,2018-12-01,HYG,0.15172028501489745,0.1513439526267922,0.0003763323881052494,False,growth_down_inflation_up,True,optimal
oracle_regime_pooled_relative_active_te100bp,oracle_infeasible_diagnostic,2018-12-10,2018-12-10,2018-12-10,2018-12-01,BIL,0.01694340541985107,0.0,0.01694340541985107,False,growth_down_inflation_up,True,optimal
oracle_regime_pooled_relative_active_te100bp,oracle_infeasible_diagnostic,2018-12-10,2018-12-10,2018-12-10,2018-12-01,GLD,0.1764326008232249,0.151343952626783,0.02508864819644191,False,growth_down_inflation_up,True,optimal
oracle_regime_pooled_relative_active_te100bp,oracle_infeasible_diagnostic,2018-12-10,2018-12-10,2018-12-10,2018-12-01,LQD,0.2986560473732084,0.3486560473732085,-0.0500000000000001,False,growth_down_inflation_up,True,optimal
oracle_regime_pooled_relative_active_te100bp,oracle_infeasible_diagnostic,2018-12-10,2018-12-10,2018-12-10,2018-12-01,AGG,0.0,0.0,0.0,False,growth_down_inflation_up,True,optimal
oracle_regime_pooled_relative_active_te100bp,oracle_infeasible_diagnostic,2018-12-17,2018-12-17,2018-12-17,2018-12-01,SPY,0.3057787347467192,0.3491178330068565,-0.04333909826013732,False,growth_down_inflation_up,True,optimal
oracle_regime_pooled_relative_active_te100bp,oracle_infeasible_diagnostic,2018-12-17,2018-12-17,2018-12-17,2018-12-01,IEF,1.4090861092273973e-16,0.0,1.4090861092273973e-16,False,growth_down_inflation_up,True,optimal
oracle_regime_pooled_relative_active_te100bp,oracle_infeasible_diagnostic,2018-12-17,2018-12-17,2018-12-17,2018-12-01,TIP,0.0498025288784834,0.0,0.0498025288784834,False,growth_down_inflation_up,True,optimal
oracle_regime_pooled_relative_active_te100bp,oracle_infeasible_diagnostic,2018-12-17,2018-12-17,2018-12-17,2018-12-01,HYG,0.15274335461196648,0.1508821669931433,0.0018611876188231735,False,growth_down_inflation_up,True,optimal
oracle_regime_pooled_relative_active_te100bp,oracle_infeasible_diagnostic,2018-12-17,2018-12-17,2018-12-17,2018-12-01,BIL,0.01699348685164436,0.0,0.01699348685164436,False,growth_down_inflation_up,True,optimal
oracle_regime_pooled_relative_active_te100bp,oracle_infeasible_diagnostic,2018-12-17,2018-12-17,2018-12-17,2018-12-01,GLD,0.17556406190432974,0.150882166993144,0.024681894911185748,False,growth_down_inflation_up,True,optimal
oracle_regime_pooled_relative_active_te100bp,oracle_infeasible_diagnostic,2018-12-17,2018-12-17,2018-12-17,2018-12-01,LQD,0.29911783300685674,0.349117833006856,-0.04999999999999927,False,growth_down_inflation_up,True,optimal
oracle_regime_pooled_relative_active_te100bp,oracle_infeasible_diagnostic,2018-12-17,2018-12-17,2018-12-17,2018-12-01,AGG,0.0,0.0,0.0,False,growth_down_inflation_up,True,optimal
oracle_regime_pooled_relative_active_te100bp,oracle_infeasible_diagnostic,2018-12-24,2018-12-24,2018-12-24,2018-12-01,SPY,0.3064559096881414,0.3496623168055495,-0.043206407117408085,False,growth_down_inflation_up,True,optimal
oracle_regime_pooled_relative_active_te100bp,oracle_infeasible_diagnostic,2018-12-24,2018-12-24,2018-12-24,2018-12-01,IEF,0.0,0.0,0.0,False,growth_down_inflation_up,True,optimal
oracle_regime_pooled_relative_active_te100bp,oracle_infeasible_diagnostic,2018-12-24,2018-12-24,2018-12-24,2018-12-01,TIP,0.04999999999999997,0.0,0.04999999999999997,False,growth_down_inflation_up,True,optimal
oracle_regime_pooled_relative_active_te100bp,oracle_infeasible_diagnostic,2018-12-24,2018-12-24,2018-12-24,2018-12-01,HYG,0.15167968805503335,0.15033768319445,0.0013420048605833346,False,growth_down_inflation_up,True,optimal
oracle_regime_pooled_relative_active_te100bp,oracle_infeasible_diagnostic,2018-12-24,2018-12-24,2018-12-24,2018-12-01,BIL,0.017401608289740873,0.0,0.017401608289740873,False,growth_down_inflation_up,True,optimal
oracle_regime_pooled_relative_active_te100bp,oracle_infeasible_diagnostic,2018-12-24,2018-12-24,2018-12-24,2018-12-01,GLD,0.17480047716153463,0.1503376831944505,0.024462793967084118,False,growth_down_inflation_up,True,optimal
oracle_regime_pooled_relative_active_te100bp,oracle_infeasible_diagnostic,2018-12-24,2018-12-24,2018-12-24,2018-12-01,LQD,0.29966231680554967,0.3496623168055499,-0.05000000000000021,False,growth_down_inflation_up,True,optimal
oracle_regime_pooled_relative_active_te100bp,oracle_infeasible_diagnostic,2018-12-24,2018-12-24,2018-12-24,2018-12-01,AGG,0.0,0.0,0.0,False,growth_down_inflation_up,True,optimal
oracle_regime_pooled_relative_active_te100bp,oracle_infeasible_diagnostic,2018-12-31,2018-12-31,2018-12-31,2018-12-01,SPY,0.30741698992933747,0.350000000000001,-0.04258301007066351,False,growth_down_inflation_up,True,optimal
oracle_regime_pooled_relative_active_te100bp,oracle_infeasible_diagnostic,2018-12-31,2018-12-31,2018-12-31,2018-12-01,IEF,5.823228991026525e-18,0.0,5.823228991026525e-18,False,growth_down_inflation_up,True,optimal
oracle_regime_pooled_relative_active_te100bp,oracle_infeasible_diagnostic,2018-12-31,2018-12-31,2018-12-31,2018-12-01,TIP,0.04931934658215717,0.0,0.04931934658215717,False,growth_down_inflation_up,True,optimal
oracle_regime_pooled_relative_active_te100bp,oracle_infeasible_diagnostic,2018-12-31,2018-12-31,2018-12-31,2018-12-01,HYG,0.15087681503119632,0.1500000000000003,0.000876815031196021,False,growth_down_inflation_up,True,optimal
oracle_regime_pooled_relative_active_te100bp,oracle_infeasible_diagnostic,2018-12-31,2018-12-31,2018-12-31,2018-12-01,BIL,0.01714210276352198,0.0,0.01714210276352198,False,growth_down_inflation_up,True,optimal
oracle_regime_pooled_relative_active_te100bp,oracle_infeasible_diagnostic,2018-12-31,2018-12-31,2018-12-31,2018-12-01,GLD,0.1752447456937908,0.1500000000000023,0.025244745693788512,False,growth_down_inflation_up,True,optimal
oracle_regime_pooled_relative_active_te100bp,oracle_infeasible_diagnostic,2018-12-31,2018-12-31,2018-12-31,2018-12-01,LQD,0.2999999999999963,0.3499999999999963,-0.04999999999999999,False,growth_down_inflation_up,True,optimal
oracle_regime_pooled_relative_active_te100bp,oracle_infeasible_diagnostic,2018-12-31,2018-12-31,2018-12-31,2018-12-01,AGG,0.0,0.0,0.0,False,growth_down_inflation_up,True,optimal
oracle_regime_pooled_relative_active_te100bp,oracle_infeasible_diagnostic,2019-01-07,2019-01-07,2019-01-07,2019-01-01,SPY,0.30686379120148854,0.3499999999999996,-0.043136208798511044,False,growth_down_inflation_up,True,optimal
oracle_regime_pooled_relative_active_te100bp,oracle_infeasible_diagnostic,2019-01-07,2019-01-07,2019-01-07,2019-01-01,IEF,0.0,0.0,0.0,False,growth_down_inflation_up,True,optimal
oracle_regime_pooled_relative_active_te100bp,oracle_infeasible_diagnostic,2019-01-07,2019-01-07,2019-01-07,2019-01-01,TIP,0.049269413148889295,0.0,0.049269413148889295,False,growth_down_inflation_up,True,optimal
oracle_regime_pooled_relative_active_te100bp,oracle_infeasible_diagnostic,2019-01-07,2019-01-07,2019-01-07,2019-01-01,HYG,0.1518263440748357,0.1500000000000006,0.00182634407483509,False,growth_down_inflation_up,True,optimal
oracle_regime_pooled_relative_active_te100bp,oracle_infeasible_diagnostic,2019-01-07,2019-01-07,2019-01-07,2019-01-01,BIL,0.017004317323661623,0.0,0.017004317323661623,False,growth_down_inflation_up,True,optimal
oracle_regime_pooled_relative_active_te100bp,oracle_infeasible_diagnostic,2019-01-07,2019-01-07,2019-01-07,2019-01-01,GLD,0.17503613425112607,0.150000000000001,0.02503613425112508,False,growth_down_inflation_up,True,optimal
oracle_regime_pooled_relative_active_te100bp,oracle_infeasible_diagnostic,2019-01-07,2019-01-07,2019-01-07,2019-01-01,LQD,0.2999999999999988,0.3499999999999988,-0.04999999999999999,False,growth_down_inflation_up,True,optimal
oracle_regime_pooled_relative_active_te100bp,oracle_infeasible_diagnostic,2019-01-07,2019-01-07,2019-01-07,2019-01-01,AGG,0.0,0.0,0.0,False,growth_down_inflation_up,True,optimal
oracle_regime_pooled_relative_active_te100bp,oracle_infeasible_diagnostic,2019-01-14,2019-01-14,2019-01-14,2019-01-01,SPY,0.3065571935001189,0.3500000000000002,-0.043442806499881303,False,growth_down_inflation_up,True,optimal
oracle_regime_pooled_relative_active_te100bp,oracle_infeasible_diagnostic,2019-01-14,2019-01-14,2019-01-14,2019-01-01,IEF,3.275919411313063e-19,0.0,3.275919411313063e-19,False,growth_down_inflation_up,True,optimal
oracle_regime_pooled_relative_active_te100bp,oracle_infeasible_diagnostic,2019-01-14,2019-01-14,2019-01-14,2019-01-01,TIP,0.04880843149840345,0.0,0.04880843149840345,False,growth_down_inflation_up,True,optimal
oracle_regime_pooled_relative_active_te100bp,oracle_infeasible_diagnostic,2019-01-14,2019-01-14,2019-01-14,2019-01-01,HYG,0.1526253939034936,0.1500000000000005,0.0026253939034931173,False,growth_down_inflation_up,True,optimal
oracle_regime_pooled_relative_active_te100bp,oracle_infeasible_diagnostic,2019-01-14,2019-01-14,2019-01-14,2019-01-01,BIL,0.016834240752725983,0.0,0.016834240752725983,False,growth_down_inflation_up,True,optimal
oracle_regime_pooled_relative_active_te100bp,oracle_infeasible_diagnostic,2019-01-14,2019-01-14,2019-01-14,2019-01-01,GLD,0.17517474034525762,0.1499999999999991,0.025174740345258517,False,growth_down_inflation_up,True,optimal
oracle_regime_pooled_relative_active_te100bp,oracle_infeasible_diagnostic,2019-01-14,2019-01-14,2019-01-14,2019-01-01,LQD,0.3000000000000004,0.3500000000000001,-0.04999999999999971,False,growth_down_inflation_up,True,optimal
oracle_regime_pooled_relative_active_te100bp,oracle_infeasible_diagnostic,2019-01-14,2019-01-14,2019-01-14,2019-01-01,AGG,0.0,0.0,0.0,False,growth_down_inflation_up,True,optimal
oracle_regime_pooled_relative_active_te100bp,oracle_infeasible_diagnostic,2019-01-21,2019-01-21,2019-01-22,2019-01-01,SPY,0.30717180631680296,0.3499999999999999,-0.04282819368319696,False,growth_down_inflation_up,True,optimal
oracle_regime_pooled_relative_active_te100bp,oracle_infeasible_diagnostic,2019-01-21,2019-01-21,2019-01-22,2019-01-01,IEF,0.0,0.0,0.0,False,growth_down_inflation_up,True,optimal
oracle_regime_pooled_relative_active_te100bp,oracle_infeasible_diagnostic,2019-01-21,2019-01-21,2019-01-22,2019-01-01,TIP,0.04798309693728366,0.0,0.04798309693728366,False,growth_down_inflation_up,True,optimal
oracle_regime_pooled_relative_active_te100bp,oracle_infeasible_diagnostic,2019-01-21,2019-01-21,2019-01-22,2019-01-01,HYG,0.15222334130356965,0.1500000000000011,0.002223341303568549,False,growth_down_inflation_up,True,optimal
oracle_regime_pooled_relative_active_te100bp,oracle_infeasible_diagnostic,2019-01-21,2019-01-21,2019-01-22,2019-01-01,BIL,0.016630433254631753,0.0,0.016630433254631753,False,growth_down_inflation_up,True,optimal
oracle_regime_pooled_relative_active_te100bp,oracle_infeasible_diagnostic,2019-01-21,2019-01-21,2019-01-22,2019-01-01,GLD,0.17599132218771368,0.1500000000000007,0.025991322187712995,False,growth_down_inflation_up,True,optimal
oracle_regime_pooled_relative_active_te100bp,oracle_infeasible_diagnostic,2019-01-21,2019-01-21,2019-01-22,2019-01-01,LQD,0.29999999999999827,0.3499999999999983,-0.050000000000000044,False,growth_down_inflation_up,True,optimal
oracle_regime_pooled_relative_active_te100bp,oracle_infeasible_diagnostic,2019-01-21,2019-01-21,2019-01-22,2019-01-01,AGG,0.0,0.0,0.0,False,growth_down_inflation_up,True,optimal
oracle_regime_pooled_relative_active_te100bp,oracle_infeasible_diagnostic,2019-01-28,2019-01-28,2019-01-28,2019-01-01,SPY,0.3072997270402312,0.35,-0.042700272959768804,False,growth_down_inflation_up,True,optimal
oracle_regime_pooled_relative_active_te100bp,oracle_infeasible_diagnostic,2019-01-28,2019-01-28,2019-01-28,2019-01-01,IEF,0.0,0.0,0.0,False,growth_down_inflation_up,True,optimal
oracle_regime_pooled_relative_active_te100bp,oracle_infeasible_diagnostic,2019-01-28,2019-01-28,2019-01-28,2019-01-01,TIP,0.04762404412633163,0.0,0.04762404412633163,False,growth_down_inflation_up,True,optimal
oracle_regime_pooled_relative_active_te100bp,oracle_infeasible_diagnostic,2019-01-28,2019-01-28,2019-01-28,2019-01-01,HYG,0.15153084332225125,0.1492875264846583,0.0022433168375929624,False,growth_down_inflation_up,True,optimal
oracle_regime_pooled_relative_active_te100bp,oracle_infeasible_diagnostic,2019-01-28,2019-01-28,2019-01-28,2019-01-01,BIL,0.01654450639005246,0.0,0.01654450639005246,False,growth_down_inflation_up,True,optimal
oracle_regime_pooled_relative_active_te100bp,oracle_infeasible_diagnostic,2019-01-28,2019-01-28,2019-01-28,2019-01-01,GLD,0.17674348551110586,0.1504827723689388,0.026260713142167047,False,growth_down_inflation_up,True,optimal
oracle_regime_pooled_relative_active_te100bp,oracle_infeasible_diagnostic,2019-01-28,2019-01-28,2019-01-28,2019-01-01,LQD,0.3002573936100276,0.3502297011464028,-0.04997230753637516,False,growth_down_inflation_up,True,optimal
oracle_regime_pooled_relative_active_te100bp,oracle_infeasible_diagnostic,2019-01-28,2019-01-28,2019-01-28,2019-01-01,AGG,0.0,0.0,0.0,False,growth_down_inflation_up,True,optimal
oracle_regime_pooled_relative_active_te100bp,oracle_infeasible_diagnostic,2019-02-04,2019-02-04,2019-02-04,2019-02-01,SPY,0.35,0.35,0.0,False,growth_up_inflation_down,True,optimal
oracle_regime_pooled_relative_active_te100bp,oracle_infeasible_diagnostic,2019-02-04,2019-02-04,2019-02-04,2019-02-01,IEF,0.0,0.0,0.0,False,growth_up_inflation_down,True,optimal
oracle_regime_pooled_relative_active_te100bp,oracle_infeasible_diagnostic,2019-02-04,2019-02-04,2019-02-04,2019-02-01,TIP,0.04735277213224091,0.0,0.04735277213224091,False,growth_up_inflation_down,True,optimal
oracle_regime_pooled_relative_active_te100bp,oracle_infeasible_diagnostic,2019-02-04,2019-02-04,2019-02-04,2019-02-01,HYG,0.15000000000000002,0.1499999999999997,3.3306690738754696e-16,False,growth_up_inflation_down,True,optimal
oracle_regime_pooled_relative_active_te100bp,oracle_infeasible_diagnostic,2019-02-04,2019-02-04,2019-02-04,2019-02-01,BIL,0.016287176863434408,0.0,0.016287176863434408,False,growth_up_inflation_down,True,optimal
oracle_regime_pooled_relative_active_te100bp,oracle_infeasible_diagnostic,2019-02-04,2019-02-04,2019-02-04,2019-02-01,GLD,0.13646512534721864,0.1501050743428942,-0.013639948995675555,False,growth_up_inflation_down,True,optimal
oracle_regime_pooled_relative_active_te100bp,oracle_infeasible_diagnostic,2019-02-04,2019-02-04,2019-02-04,2019-02-01,LQD,0.299894925657106,0.3498949256571059,-0.04999999999999988,False,growth_up_inflation_down,True,optimal
oracle_regime_pooled_relative_active_te100bp,oracle_infeasible_diagnostic,2019-02-04,2019-02-04,2019-02-04,2019-02-01,AGG,0.0,0.0,0.0,False,growth_up_inflation_down,True,optimal
oracle_regime_pooled_relative_active_te100bp,oracle_infeasible_diagnostic,2019-02-11,2019-02-11,2019-02-11,2019-02-01,SPY,0.35,0.3499999999999992,7.771561172376096e-16,False,growth_up_inflation_down,True,optimal
oracle_regime_pooled_relative_active_te100bp,oracle_infeasible_diagnostic,2019-02-11,2019-02-11,2019-02-11,2019-02-01,IEF,0.0,0.0,0.0,False,growth_up_inflation_down,True,optimal
oracle_regime_pooled_relative_active_te100bp,oracle_infeasible_diagnostic,2019-02-11,2019-02-11,2019-02-11,2019-02-01,TIP,0.04734954700603754,0.0,0.04734954700603754,False,growth_up_inflation_down,True,optimal
oracle_regime_pooled_relative_active_te100bp,oracle_infeasible_diagnostic,2019-02-11,2019-02-11,2019-02-11,2019-02-01,HYG,0.15,0.1498234995072668,0.0001765004927331837,False,growth_up_inflation_down,True,optimal
oracle_regime_pooled_relative_active_te100bp,oracle_infeasible_diagnostic,2019-02-11,2019-02-11,2019-02-11,2019-02-01,BIL,0.01625965763784339,0.0,0.01625965763784339,False,growth_up_inflation_down,True,optimal
oracle_regime_pooled_relative_active_te100bp,oracle_infeasible_diagnostic,2019-02-11,2019-02-11,2019-02-11,2019-02-01,GLD,0.13592646320929022,0.1500000000000013,-0.014073536790711078,False,growth_up_inflation_down,True,optimal
oracle_regime_pooled_relative_active_te100bp,oracle_infeasible_diagnostic,2019-02-11,2019-02-11,2019-02-11,2019-02-01,LQD,0.3004643321468288,0.3501765004927327,-0.04971216834590386,False,growth_up_inflation_down,True,optimal
oracle_regime_pooled_relative_active_te100bp,oracle_infeasible_diagnostic,2019-02-11,2019-02-11,2019-02-11,2019-02-01,AGG,0.0,0.0,0.0,False,growth_up_inflation_down,True,optimal
oracle_regime_pooled_relative_active_te100bp,oracle_infeasible_diagnostic,2019-02-18,2019-02-18,2019-02-19,2019-02-01,SPY,0.35000000000000003,0.3499999999999999,1.1102230246251565e-16,False,growth_up_inflation_down,True,optimal
oracle_regime_pooled_relative_active_te100bp,oracle_infeasible_diagnostic,2019-02-18,2019-02-18,2019-02-19,2019-02-01,IEF,0.0,0.0,0.0,False,growth_up_inflation_down,True,optimal
oracle_regime_pooled_relative_active_te100bp,oracle_infeasible_diagnostic,2019-02-18,2019-02-18,2019-02-19,2019-02-01,TIP,0.04694901795136187,0.0,0.04694901795136187,False,growth_up_inflation_down,True,optimal
oracle_regime_pooled_relative_active_te100bp,oracle_infeasible_diagnostic,2019-02-18,2019-02-18,2019-02-19,2019-02-01,HYG,0.15000000000000005,0.1500000000000007,-6.38378239159465e-16,False,growth_up_inflation_down,True,optimal
oracle_regime_pooled_relative_active_te100bp,oracle_infeasible_diagnostic,2019-02-18,2019-02-18,2019-02-19,2019-02-01,BIL,0.016091017897887857,0.0,0.016091017897887857,False,growth_up_inflation_down,True,optimal
oracle_regime_pooled_relative_active_te100bp,oracle_infeasible_diagnostic,2019-02-18,2019-02-18,2019-02-19,2019-02-01,GLD,0.1362300939243562,0.1503284361312625,-0.014098342206906311,False,growth_up_inflation_down,True,optimal
oracle_regime_pooled_relative_active_te100bp,oracle_infeasible_diagnostic,2019-02-18,2019-02-18,2019-02-19,2019-02-01,LQD,0.30072987022639414,0.3496715638687368,-0.04894169364234269,False,growth_up_inflation_down,True,optimal
oracle_regime_pooled_relative_active_te100bp,oracle_infeasible_diagnostic,2019-02-18,2019-02-18,2019-02-19,2019-02-01,AGG,0.0,0.0,0.0,False,growth_up_inflation_down,True,optimal
oracle_regime_pooled_relative_active_te100bp,oracle_infeasible_diagnostic,2019-02-25,2019-02-25,2019-02-25,2019-02-01,SPY,0.3499999999999999,0.3499999999999999,0.0,False,growth_up_inflation_down,True,optimal
oracle_regime_pooled_relative_active_te100bp,oracle_infeasible_diagnostic,2019-02-25,2019-02-25,2019-02-25,2019-02-01,IEF,0.0,0.0,0.0,False,growth_up_inflation_down,True,optimal
oracle_regime_pooled_relative_active_te100bp,oracle_infeasible_diagnostic,2019-02-25,2019-02-25,2019-02-25,2019-02-01,TIP,0.046915437827439226,0.0,0.046915437827439226,False,growth_up_inflation_down,True,optimal
oracle_regime_pooled_relative_active_te100bp,oracle_infeasible_diagnostic,2019-02-25,2019-02-25,2019-02-25,2019-02-01,HYG,0.14999999999999997,0.1499999999999996,3.608224830031759e-16,False,growth_up_inflation_down,True,optimal
oracle_regime_pooled_relative_active_te100bp,oracle_infeasible_diagnostic,2019-02-25,2019-02-25,2019-02-25,2019-02-01,BIL,0.016042846540962313,0.0,0.016042846540962313,False,growth_up_inflation_down,True,optimal
oracle_regime_pooled_relative_active_te100bp,oracle_infeasible_diagnostic,2019-02-25,2019-02-25,2019-02-25,2019-02-01,GLD,0.13526042982541484,0.15,-0.01473957017458516,False,growth_up_inflation_down,True,optimal
oracle_regime_pooled_relative_active_te100bp,oracle_infeasible_diagnostic,2019-02-25,2019-02-25,2019-02-25,2019-02-01,LQD,0.30178128580618374,0.3500000000000005,-0.048218714193816736,False,growth_up_inflation_down,True,optimal
oracle_regime_pooled_relative_active_te100bp,oracle_infeasible_diagnostic,2019-02-25,2019-02-25,2019-02-25,2019-02-01,AGG,0.0,0.0,0.0,False,growth_up_inflation_down,True,optimal
oracle_regime_pooled_relative_active_te100bp,oracle_infeasible_diagnostic,2019-03-04,2019-03-04,2019-03-04,2019-03-01,SPY,0.35,0.3499999999999998,1.6653345369377348e-16,False,growth_up_inflation_down,True,optimal
oracle_regime_pooled_relative_active_te100bp,oracle_infeasible_diagnostic,2019-03-04,2019-03-04,2019-03-04,2019-03-01,IEF,0.0,0.0,0.0,False,growth_up_inflation_down,True,optimal
oracle_regime_pooled_relative_active_te100bp,oracle_infeasible_diagnostic,2019-03-04,2019-03-04,2019-03-04,2019-03-01,TIP,0.046970633011575585,0.0,0.046970633011575585,False,growth_up_inflation_down,True,optimal
oracle_regime_pooled_relative_active_te100bp,oracle_infeasible_diagnostic,2019-03-04,2019-03-04,2019-03-04,2019-03-01,HYG,0.15,0.1500000000000005,-4.996003610813204e-16,False,growth_up_inflation_down,True,optimal
oracle_regime_pooled_relative_active_te100bp,oracle_infeasible_diagnostic,2019-03-04,2019-03-04,2019-03-04,2019-03-01,BIL,0.0161369789355125,0.0,0.0161369789355125,False,growth_up_inflation_down,True,optimal
oracle_regime_pooled_relative_active_te100bp,oracle_infeasible_diagnostic,2019-03-04,2019-03-04,2019-03-04,2019-03-01,GLD,0.13177801380855425,0.1499999999999998,-0.01822198619144555,False,growth_up_inflation_down,True,optimal
oracle_regime_pooled_relative_active_te100bp,oracle_infeasible_diagnostic,2019-03-04,2019-03-04,2019-03-04,2019-03-01,LQD,0.3051143742443578,0.3499999999999996,-0.04488562575564181,False,growth_up_inflation_down,True,optimal
oracle_regime_pooled_relative_active_te100bp,oracle_infeasible_diagnostic,2019-03-04,2019-03-04,2019-03-04,2019-03-01,AGG,0.0,0.0,0.0,False,growth_up_inflation_down,True,optimal
oracle_regime_pooled_relative_active_te100bp,oracle_infeasible_diagnostic,2019-03-11,2019-03-11,2019-03-11,2019-03-01,SPY,0.35,0.3474212595685773,0.002578740431422699,False,growth_up_inflation_down,True,optimal
oracle_regime_pooled_relative_active_te100bp,oracle_infeasible_diagnostic,2019-03-11,2019-03-11,2019-03-11,2019-03-01,IEF,7.390279844993903e-19,0.0,7.390279844993903e-19,False,growth_up_inflation_down,True,optimal
oracle_regime_pooled_relative_active_te100bp,oracle_infeasible_diagnostic,2019-03-11,2019-03-11,2019-03-11,2019-03-01,TIP,0.04751561408674759,0.0,0.04751561408674759,False,growth_up_inflation_down,True,optimal
oracle_regime_pooled_relative_active_te100bp,oracle_infeasible_diagnostic,2019-03-11,2019-03-11,2019-03-11,2019-03-01,HYG,0.15000000000000002,0.1499142242004799,8.577579952012693e-05,False,growth_up_inflation_down,True,optimal
oracle_regime_pooled_relative_active_te100bp,oracle_infeasible_diagnostic,2019-03-11,2019-03-11,2019-03-11,2019-03-01,BIL,0.016255363959915878,0.0,0.016255363959915878,False,growth_up_inflation_down,True,optimal
oracle_regime_pooled_relative_active_te100bp,oracle_infeasible_diagnostic,2019-03-11,2019-03-11,2019-03-11,2019-03-01,GLD,0.12745270566675743,0.1525787404314223,-0.02512603476466488,False,growth_up_inflation_down,True,optimal
oracle_regime_pooled_relative_active_te100bp,oracle_infeasible_diagnostic,2019-03-11,2019-03-11,2019-03-11,2019-03-01,LQD,0.3087763162865792,0.3500857757995204,-0.04130945951294118,False,growth_up_inflation_down,True,optimal
oracle_regime_pooled_relative_active_te100bp,oracle_infeasible_diagnostic,2019-03-11,2019-03-11,2019-03-11,2019-03-01,AGG,0.0,0.0,0.0,False,growth_up_inflation_down,True,optimal
oracle_regime_pooled_relative_active_te100bp,oracle_infeasible_diagnostic,2019-03-18,2019-03-18,2019-03-18,2019-03-01,SPY,0.35,0.3500000000000005,-4.996003610813204e-16,False,growth_up_inflation_down,True,optimal
oracle_regime_pooled_relative_active_te100bp,oracle_infeasible_diagnostic,2019-03-18,2019-03-18,2019-03-18,2019-03-01,IEF,1.3010426069826053e-18,0.0,1.3010426069826053e-18,False,growth_up_inflation_down,True,optimal
oracle_regime_pooled_relative_active_te100bp,oracle_infeasible_diagnostic,2019-03-18,2019-03-18,2019-03-18,2019-03-01,TIP,0.047214211459647666,0.0,0.047214211459647666,False,growth_up_inflation_down,True,optimal
oracle_regime_pooled_relative_active_te100bp,oracle_infeasible_diagnostic,2019-03-18,2019-03-18,2019-03-18,2019-03-01,HYG,0.15000000000000005,0.1500000000000003,-2.498001805406602e-16,False,growth_up_inflation_down,True,optimal
oracle_regime_pooled_relative_active_te100bp,oracle_infeasible_diagnostic,2019-03-18,2019-03-18,2019-03-18,2019-03-01,BIL,0.016059457006294707,0.0,0.016059457006294707,False,growth_up_inflation_down,True,optimal
oracle_regime_pooled_relative_active_te100bp,oracle_infeasible_diagnostic,2019-03-18,2019-03-18,2019-03-18,2019-03-01,GLD,0.1263377010171405,0.1512596766233187,-0.024921975606178204,False,growth_up_inflation_down,True,optimal
oracle_regime_pooled_relative_active_te100bp,oracle_infeasible_diagnostic,2019-03-18,2019-03-18,2019-03-18,2019-03-01,LQD,0.3103886305169171,0.3487403233766803,-0.0383516928597632,False,growth_up_inflation_down,True,optimal
oracle_regime_pooled_relative_active_te100bp,oracle_infeasible_diagnostic,2019-03-18,2019-03-18,2019-03-18,2019-03-01,AGG,0.0,0.0,0.0,False,growth_up_inflation_down,True,optimal
oracle_regime_pooled_relative_active_te100bp,oracle_infeasible_diagnostic,2019-03-25,2019-03-25,2019-03-25,2019-03-01,SPY,0.35,0.3484240076441493,0.0015759923558506528,False,growth_up_inflation_down,True,optimal
oracle_regime_pooled_relative_active_te100bp,oracle_infeasible_diagnostic,2019-03-25,2019-03-25,2019-03-25,2019-03-01,IEF,1.7831359450699928e-16,0.0,1.7831359450699928e-16,False,growth_up_inflation_down,True,optimal
oracle_regime_pooled_relative_active_te100bp,oracle_infeasible_diagnostic,2019-03-25,2019-03-25,2019-03-25,2019-03-01,TIP,0.04751137902871559,0.0,0.04751137902871559,False,growth_up_inflation_down,True,optimal
oracle_regime_pooled_relative_active_te100bp,oracle_infeasible_diagnostic,2019-03-25,2019-03-25,2019-03-25,2019-03-01,HYG,0.15000000000000002,0.1495883989149155,0.0004116010850845342,False,growth_up_inflation_down,True,optimal
oracle_regime_pooled_relative_active_te100bp,oracle_infeasible_diagnostic,2019-03-25,2019-03-25,2019-03-25,2019-03-01,BIL,0.016017327744255044,0.0,0.016017327744255044,False,growth_up_inflation_down,True,optimal
oracle_regime_pooled_relative_active_te100bp,oracle_infeasible_diagnostic,2019-03-25,2019-03-25,2019-03-25,2019-03-01,GLD,0.12234245086466701,0.1515759923558505,-0.0292335414911835,False,growth_up_inflation_down,True,optimal
oracle_regime_pooled_relative_active_te100bp,oracle_infeasible_diagnostic,2019-03-25,2019-03-25,2019-03-25,2019-03-01,LQD,0.31412884236236216,0.3504116010850847,-0.03628275872272252,False,growth_up_inflation_down,True,optimal
oracle_regime_pooled_relative_active_te100bp,oracle_infeasible_diagnostic,2019-03-25,2019-03-25,2019-03-25,2019-03-01,AGG,0.0,0.0,0.0,False,growth_up_inflation_down,True,optimal
oracle_regime_pooled_relative_active_te100bp,oracle_infeasible_diagnostic,2019-04-01,2019-04-01,2019-04-01,2019-04-01,SPY,0.35,0.35,0.0,False,growth_up_inflation_up,True,optimal
oracle_regime_pooled_relative_active_te100bp,oracle_infeasible_diagnostic,2019-04-01,2019-04-01,2019-04-01,2019-04-01,IEF,1.6068922833587906e-16,0.0,1.6068922833587906e-16,False,growth_up_inflation_up,True,optimal
oracle_regime_pooled_relative_active_te100bp,oracle_infeasible_diagnostic,2019-04-01,2019-04-01,2019-04-01,2019-04-01,TIP,0.049999999999999954,0.0,0.049999999999999954,False,growth_up_inflation_up,True,optimal
oracle_regime_pooled_relative_active_te100bp,oracle_infeasible_diagnostic,2019-04-01,2019-04-01,2019-04-01,2019-04-01,HYG,0.15,0.1499999999999997,3.0531133177191805e-16,False,growth_up_inflation_up,True,optimal
oracle_regime_pooled_relative_active_te100bp,oracle_infeasible_diagnostic,2019-04-01,2019-04-01,2019-04-01,2019-04-01,BIL,0.0167279048736067,0.0,0.0167279048736067,False,growth_up_inflation_up,True,optimal
oracle_regime_pooled_relative_active_te100bp,oracle_infeasible_diagnostic,2019-04-01,2019-04-01,2019-04-01,2019-04-01,GLD,0.1192891986256519,0.1500000000000004,-0.030710801374348506,False,growth_up_inflation_up,True,optimal
oracle_regime_pooled_relative_active_te100bp,oracle_infeasible_diagnostic,2019-04-01,2019-04-01,2019-04-01,2019-04-01,LQD,0.3139828965007414,0.3499999999999998,-0.03601710349925841,False,growth_up_inflation_up,True,optimal
oracle_regime_pooled_relative_active_te100bp,oracle_infeasible_diagnostic,2019-04-01,2019-04-01,2019-04-01,2019-04-01,AGG,0.0,0.0,0.0,False,growth_up_inflation_up,True,optimal
oracle_regime_pooled_relative_active_te100bp,oracle_infeasible_diagnostic,2019-04-08,2019-04-08,2019-04-08,2019-04-01,SPY,0.3499999999999999,0.3500000000000006,-6.661338147750939e-16,False,growth_up_inflation_up,True,optimal
oracle_regime_pooled_relative_active_te100bp,oracle_infeasible_diagnostic,2019-04-08,2019-04-08,2019-04-08,2019-04-01,IEF,1.392850531003956e-16,0.0,1.392850531003956e-16,False,growth_up_inflation_up,True,optimal
oracle_regime_pooled_relative_active_te100bp,oracle_infeasible_diagnostic,2019-04-08,2019-04-08,2019-04-08,2019-04-01,TIP,0.04999999999999999,0.0,0.04999999999999999,False,growth_up_inflation_up,True,optimal
oracle_regime_pooled_relative_active_te100bp,oracle_infeasible_diagnostic,2019-04-08,2019-04-08,2019-04-08,2019-04-01,HYG,0.14965314538464428,0.15,-0.0003468546153557184,False,growth_up_inflation_up,True,optimal
oracle_regime_pooled_relative_active_te100bp,oracle_infeasible_diagnostic,2019-04-08,2019-04-08,2019-04-08,2019-04-01,BIL,0.019320286463341572,0.0,0.019320286463341572,False,growth_up_inflation_up,True,optimal
oracle_regime_pooled_relative_active_te100bp,oracle_infeasible_diagnostic,2019-04-08,2019-04-08,2019-04-08,2019-04-01,GLD,0.11830310814101444,0.1499999999999996,-0.031696891858985166,False,growth_up_inflation_up,True,optimal
oracle_regime_pooled_relative_active_te100bp,oracle_infeasible_diagnostic,2019-04-08,2019-04-08,2019-04-08,2019-04-01,LQD,0.3127234600109995,0.3499999999999997,-0.03727653998900021,False,growth_up_inflation_up,True,optimal
oracle_regime_pooled_relative_active_te100bp,oracle_infeasible_diagnostic,2019-04-08,2019-04-08,2019-04-08,2019-04-01,AGG,0.0,0.0,0.0,False,growth_up_inflation_up,True,optimal
oracle_regime_pooled_relative_active_te100bp,oracle_infeasible_diagnostic,2019-04-15,2019-04-15,2019-04-15,2019-04-01,SPY,0.35000000000000003,0.3500000000000003,-2.7755575615628914e-16,False,growth_up_inflation_up,True,optimal
oracle_regime_pooled_relative_active_te100bp,oracle_infeasible_diagnostic,2019-04-15,2019-04-15,2019-04-15,2019-04-01,IEF,1.333839722700292e-16,0.0,1.333839722700292e-16,False,growth_up_inflation_up,True,optimal
oracle_regime_pooled_relative_active_te100bp,oracle_infeasible_diagnostic,2019-04-15,2019-04-15,2019-04-15,2019-04-01,TIP,0.05,0.0,0.05,False,growth_up_inflation_up,True,optimal
oracle_regime_pooled_relative_active_te100bp,oracle_infeasible_diagnostic,2019-04-15,2019-04-15,2019-04-15,2019-04-01,HYG,0.15000000000000008,0.1499999999999995,5.828670879282072e-16,False,growth_up_inflation_up,True,optimal
oracle_regime_pooled_relative_active_te100bp,oracle_infeasible_diagnostic,2019-04-15,2019-04-15,2019-04-15,2019-04-01,BIL,0.020346836048656086,0.0,0.020346836048656086,False,growth_up_inflation_up,True,optimal
oracle_regime_pooled_relative_active_te100bp,oracle_infeasible_diagnostic,2019-04-15,2019-04-15,2019-04-15,2019-04-01,GLD,0.1167726272059083,0.1499999999999996,-0.03322737279409131,False,growth_up_inflation_up,True,optimal
oracle_regime_pooled_relative_active_te100bp,oracle_infeasible_diagnostic,2019-04-15,2019-04-15,2019-04-15,2019-04-01,LQD,0.31288053674543537,0.3500000000000006,-0.03711946325456522,False,growth_up_inflation_up,True,optimal
oracle_regime_pooled_relative_active_te100bp,oracle_infeasible_diagnostic,2019-04-15,2019-04-15,2019-04-15,2019-04-01,AGG,0.0,0.0,0.0,False,growth_up_inflation_up,True,optimal
oracle_regime_pooled_relative_active_te100bp,oracle_infeasible_diagnostic,2019-04-22,2019-04-22,2019-04-22,2019-04-01,SPY,0.35,0.35,0.0,False,growth_up_inflation_up,True,optimal
oracle_regime_pooled_relative_active_te100bp,oracle_infeasible_diagnostic,2019-04-22,2019-04-22,2019-04-22,2019-04-01,IEF,1.3200522553021257e-16,0.0,1.3200522553021257e-16,False,growth_up_inflation_up,True,optimal
oracle_regime_pooled_relative_active_te100bp,oracle_infeasible_diagnostic,2019-04-22,2019-04-22,2019-04-22,2019-04-01,TIP,0.05,0.0,0.05,False,growth_up_inflation_up,True,optimal
oracle_regime_pooled_relative_active_te100bp,oracle_infeasible_diagnostic,2019-04-22,2019-04-22,2019-04-22,2019-04-01,HYG,0.14992525035579232,0.1499999999999999,-7.4749644207589e-05,False,growth_up_inflation_up,True,optimal
oracle_regime_pooled_relative_active_te100bp,oracle_infeasible_diagnostic,2019-04-22,2019-04-22,2019-04-22,2019-04-01,BIL,0.021233310264042023,0.0,0.021233310264042023,False,growth_up_inflation_up,True,optimal
oracle_regime_pooled_relative_active_te100bp,oracle_infeasible_diagnostic,2019-04-22,2019-04-22,2019-04-22,2019-04-01,GLD,0.11627620895128608,0.149999999999999,-0.03372379104871291,False,growth_up_inflation_up,True,optimal
oracle_regime_pooled_relative_active_te100bp,oracle_infeasible_diagnostic,2019-04-22,2019-04-22,2019-04-22,2019-04-01,LQD,0.3125652304288795,0.3500000000000011,-0.03743476957112157,False,growth_up_inflation_up,True,optimal
oracle_regime_pooled_relative_active_te100bp,oracle_infeasible_diagnostic,2019-04-22,2019-04-22,2019-04-22,2019-04-01,AGG,0.0,0.0,0.0,False,growth_up_inflation_up,True,optimal
oracle_regime_pooled_relative_active_te100bp,oracle_infeasible_diagnostic,2019-04-29,2019-04-29,2019-04-29,2019-04-01,SPY,0.3499999999999999,0.3499999999999994,4.996003610813204e-16,False,growth_up_inflation_up,True,optimal
oracle_regime_pooled_relative_active_te100bp,oracle_infeasible_diagnostic,2019-04-29,2019-04-29,2019-04-29,2019-04-01,IEF,1.4356715875668444e-16,0.0,1.4356715875668444e-16,False,growth_up_inflation_up,True,optimal
oracle_regime_pooled_relative_active_te100bp,oracle_infeasible_diagnostic,2019-04-29,2019-04-29,2019-04-29,2019-04-01,TIP,0.04999999999999999,0.0,0.04999999999999999,False,growth_up_inflation_up,True,optimal
oracle_regime_pooled_relative_active_te100bp,oracle_infeasible_diagnostic,2019-04-29,2019-04-29,2019-04-29,2019-04-01,HYG,0.14902709154886623,0.1500000000000011,-0.000972908451134874,False,growth_up_inflation_up,True,optimal
oracle_regime_pooled_relative_active_te100bp,oracle_infeasible_diagnostic,2019-04-29,2019-04-29,2019-04-29,2019-04-01,BIL,0.02246387247464184,0.0,0.02246387247464184,False,growth_up_inflation_up,True,optimal
oracle_regime_pooled_relative_active_te100bp,oracle_infeasible_diagnostic,2019-04-29,2019-04-29,2019-04-29,2019-04-01,GLD,0.11598412555394513,0.150000000000001,-0.03401587444605586,False,growth_up_inflation_up,True,optimal
oracle_regime_pooled_relative_active_te100bp,oracle_infeasible_diagnostic,2019-04-29,2019-04-29,2019-04-29,2019-04-01,LQD,0.3125249104225466,0.3499999999999983,-0.037475089577451715,False,growth_up_inflation_up,True,optimal
oracle_regime_pooled_relative_active_te100bp,oracle_infeasible_diagnostic,2019-04-29,2019-04-29,2019-04-29,2019-04-01,AGG,0.0,0.0,0.0,False,growth_up_inflation_up,True,optimal
oracle_regime_pooled_relative_active_te100bp,oracle_infeasible_diagnostic,2019-05-06,2019-05-06,2019-05-06,2019-05-01,SPY,0.35,0.3499999999999993,6.661338147750939e-16,False,growth_up_inflation_up,True,optimal
oracle_regime_pooled_relative_active_te100bp,oracle_infeasible_diagnostic,2019-05-06,2019-05-06,2019-05-06,2019-05-01,IEF,1.4249278185097126e-16,0.0,1.4249278185097126e-16,False,growth_up_inflation_up,True,optimal
oracle_regime_pooled_relative_active_te100bp,oracle_infeasible_diagnostic,2019-05-06,2019-05-06,2019-05-06,2019-05-01,TIP,0.049999999999999954,0.0,0.049999999999999954,False,growth_up_inflation_up,True,optimal
oracle_regime_pooled_relative_active_te100bp,oracle_infeasible_diagnostic,2019-05-06,2019-05-06,2019-05-06,2019-05-01,HYG,0.1490015642487413,0.1500000000000001,-0.0009984357512587971,False,growth_up_inflation_up,True,optimal
oracle_regime_pooled_relative_active_te100bp,oracle_infeasible_diagnostic,2019-05-06,2019-05-06,2019-05-06,2019-05-01,BIL,0.022970805257619478,0.0,0.022970805257619478,False,growth_up_inflation_up,True,optimal
oracle_regime_pooled_relative_active_te100bp,oracle_infeasible_diagnostic,2019-05-06,2019-05-06,2019-05-06,2019-05-01,GLD,0.11576222645377805,0.1499999999999996,-0.03423777354622155,False,growth_up_inflation_up,True,optimal
oracle_regime_pooled_relative_active_te100bp,oracle_infeasible_diagnostic,2019-05-06,2019-05-06,2019-05-06,2019-05-01,LQD,0.3122654040398611,0.3500000000000007,-0.037734595960139616,False,growth_up_inflation_up,True,optimal
oracle_regime_pooled_relative_active_te100bp,oracle_infeasible_diagnostic,2019-05-06,2019-05-06,2019-05-06,2019-05-01,AGG,0.0,0.0,0.0,False,growth_up_inflation_up,True,optimal
oracle_regime_pooled_relative_active_te100bp,oracle_infeasible_diagnostic,2019-05-13,2019-05-13,2019-05-13,2019-05-01,SPY,0.3490368900585667,0.3488820998740953,0.00015479018447139836,False,growth_up_inflation_up,True,optimal
oracle_regime_pooled_relative_active_te100bp,oracle_infeasible_diagnostic,2019-05-13,2019-05-13,2019-05-13,2019-05-01,IEF,1.4155768223748356e-16,0.0,1.4155768223748356e-16,False,growth_up_inflation_up,True,optimal
oracle_regime_pooled_relative_active_te100bp,oracle_infeasible_diagnostic,2019-05-13,2019-05-13,2019-05-13,2019-05-01,TIP,0.04999999999999995,0.0,0.04999999999999995,False,growth_up_inflation_up,True,optimal
oracle_regime_pooled_relative_active_te100bp,oracle_infeasible_diagnostic,2019-05-13,2019-05-13,2019-05-13,2019-05-01,HYG,0.14921850034819198,0.1502048839891476,-0.0009863836409556292,False,growth_up_inflation_up,True,optimal
oracle_regime_pooled_relative_active_te100bp,oracle_infeasible_diagnostic,2019-05-13,2019-05-13,2019-05-13,2019-05-01,BIL,0.023000959511745727,0.0,0.023000959511745727,False,growth_up_inflation_up,True,optimal
oracle_regime_pooled_relative_active_te100bp,oracle_infeasible_diagnostic,2019-05-13,2019-05-13,2019-05-13,2019-05-01,GLD,0.11665128071081317,0.1511384107605239,-0.034487130049710726,False,growth_up_inflation_up,True,optimal
oracle_regime_pooled_relative_active_te100bp,oracle_infeasible_diagnostic,2019-05-13,2019-05-13,2019-05-13,2019-05-01,LQD,0.3120923693706824,0.3497746053762331,-0.03768223600555071,False,growth_up_inflation_up,True,optimal
oracle_regime_pooled_relative_active_te100bp,oracle_infeasible_diagnostic,2019-05-13,2019-05-13,2019-05-13,2019-05-01,AGG,0.0,0.0,0.0,False,growth_up_inflation_up,True,optimal
oracle_regime_pooled_relative_active_te100bp,oracle_infeasible_diagnostic,2019-05-20,2019-05-20,2019-05-20,2019-05-01,SPY,0.35,0.3500000000000001,-1.1102230246251565e-16,False,growth_up_inflation_up,True,optimal
oracle_regime_pooled_relative_active_te100bp,oracle_infeasible_diagnostic,2019-05-20,2019-05-20,2019-05-20,2019-05-01,IEF,1.4459993721200792e-16,0.0,1.4459993721200792e-16,False,growth_up_inflation_up,True,optimal
oracle_regime_pooled_relative_active_te100bp,oracle_infeasible_diagnostic,2019-05-20,2019-05-20,2019-05-20,2019-05-01,TIP,0.049999999999999975,0.0,0.049999999999999975,False,growth_up_inflation_up,True,optimal
oracle_regime_pooled_relative_active_te100bp,oracle_infeasible_diagnostic,2019-05-20,2019-05-20,2019-05-20,2019-05-01,HYG,0.14909937058655953,0.1500000000000001,-0.0009006294134405735,False,growth_up_inflation_up,True,optimal
oracle_regime_pooled_relative_active_te100bp,oracle_infeasible_diagnostic,2019-05-20,2019-05-20,2019-05-20,2019-05-01,BIL,0.024651651075665994,0.0,0.024651651075665994,False,growth_up_inflation_up,True,optimal
oracle_regime_pooled_relative_active_te100bp,oracle_infeasible_diagnostic,2019-05-20,2019-05-20,2019-05-20,2019-05-01,GLD,0.11432920086757983,0.1499999999999996,-0.03567079913241977,False,growth_up_inflation_up,True,optimal
oracle_regime_pooled_relative_active_te100bp,oracle_infeasible_diagnostic,2019-05-20,2019-05-20,2019-05-20,2019-05-01,LQD,0.3119197774701946,0.35,-0.03808022252980536,False,growth_up_inflation_up,True,optimal
oracle_regime_pooled_relative_active_te100bp,oracle_infeasible_diagnostic,2019-05-20,2019-05-20,2019-05-20,2019-05-01,AGG,0.0,0.0,0.0,False,growth_up_inflation_up,True,optimal
oracle_regime_pooled_relative_active_te100bp,oracle_infeasible_diagnostic,2019-05-27,2019-05-27,2019-05-28,2019-05-01,SPY,0.3485103573683338,0.349081904972378,-0.0005715476040442091,False,growth_up_inflation_up,True,optimal
oracle_regime_pooled_relative_active_te100bp,oracle_infeasible_diagnostic,2019-05-27,2019-05-27,2019-05-28,2019-05-01,IEF,1.4620394022865737e-16,0.0,1.4620394022865737e-16,False,growth_up_inflation_up,True,optimal
oracle_regime_pooled_relative_active_te100bp,oracle_infeasible_diagnostic,2019-05-27,2019-05-27,2019-05-28,2019-05-01,TIP,0.049999999999999906,0.0,0.049999999999999906,False,growth_up_inflation_up,True,optimal
oracle_regime_pooled_relative_active_te100bp,oracle_infeasible_diagnostic,2019-05-27,2019-05-27,2019-05-28,2019-05-01,HYG,0.14859775731686034,0.149464026776417,-0.0008662694595566733,False,growth_up_inflation_up,True,optimal
oracle_regime_pooled_relative_active_te100bp,oracle_infeasible_diagnostic,2019-05-27,2019-05-27,2019-05-28,2019-05-01,BIL,0.02465423234889494,0.0,0.02465423234889494,False,growth_up_inflation_up,True,optimal
oracle_regime_pooled_relative_active_te100bp,oracle_infeasible_diagnostic,2019-05-27,2019-05-27,2019-05-28,2019-05-01,GLD,0.1150530798612109,0.1509180950276216,-0.035865015166410705,False,growth_up_inflation_up,True,optimal
oracle_regime_pooled_relative_active_te100bp,oracle_infeasible_diagnostic,2019-05-27,2019-05-27,2019-05-28,2019-05-01,LQD,0.3131845731047,0.3505359732235834,-0.03735140011888338,False,growth_up_inflation_up,True,optimal
oracle_regime_pooled_relative_active_te100bp,oracle_infeasible_diagnostic,2019-05-27,2019-05-27,2019-05-28,2019-05-01,AGG,0.0,0.0,0.0,False,growth_up_inflation_up,True,optimal
oracle_regime_pooled_relative_active_te100bp,oracle_infeasible_diagnostic,2019-06-03,2019-06-03,2019-06-03,2019-06-01,SPY,0.3046555349129461,0.3499999999999996,-0.045344465087053476,False,growth_down_inflation_up,True,optimal
oracle_regime_pooled_relative_active_te100bp,oracle_infeasible_diagnostic,2019-06-03,2019-06-03,2019-06-03,2019-06-01,IEF,0.0,0.0,0.0,False,growth_down_inflation_up,True,optimal
oracle_regime_pooled_relative_active_te100bp,oracle_infeasible_diagnostic,2019-06-03,2019-06-03,2019-06-03,2019-06-01,TIP,0.04999999999999998,0.0,0.04999999999999998,False,growth_down_inflation_up,True,optimal
oracle_regime_pooled_relative_active_te100bp,oracle_infeasible_diagnostic,2019-06-03,2019-06-03,2019-06-03,2019-06-01,HYG,0.1479793497155903,0.1487758754599512,-0.0007965257443608986,False,growth_down_inflation_up,True,optimal
oracle_regime_pooled_relative_active_te100bp,oracle_infeasible_diagnostic,2019-06-03,2019-06-03,2019-06-03,2019-06-01,BIL,0.024805566205563335,0.0,0.024805566205563335,False,growth_down_inflation_up,True,optimal
oracle_regime_pooled_relative_active_te100bp,oracle_infeasible_diagnostic,2019-06-03,2019-06-03,2019-06-03,2019-06-01,GLD,0.16937290639887437,0.15,0.019372906398874373,False,growth_down_inflation_up,True,optimal
oracle_regime_pooled_relative_active_te100bp,oracle_infeasible_diagnostic,2019-06-03,2019-06-03,2019-06-03,2019-06-01,LQD,0.30318664276702584,0.3512241245400491,-0.04803748177302325,False,growth_down_inflation_up,True,optimal
oracle_regime_pooled_relative_active_te100bp,oracle_infeasible_diagnostic,2019-06-03,2019-06-03,2019-06-03,2019-06-01,AGG,0.0,0.0,0.0,False,growth_down_inflation_up,True,optimal
oracle_regime_pooled_relative_active_te100bp,oracle_infeasible_diagnostic,2019-06-10,2019-06-10,2019-06-10,2019-06-01,SPY,0.3070957866038356,0.3500000000000002,-0.042904213396164625,False,growth_down_inflation_up,True,optimal
oracle_regime_pooled_relative_active_te100bp,oracle_infeasible_diagnostic,2019-06-10,2019-06-10,2019-06-10,2019-06-01,IEF,0.0,0.0,0.0,False,growth_down_inflation_up,True,optimal
oracle_regime_pooled_relative_active_te100bp,oracle_infeasible_diagnostic,2019-06-10,2019-06-10,2019-06-10,2019-06-01,TIP,0.0491028197116327,0.0,0.0491028197116327,False,growth_down_inflation_up,True,optimal
oracle_regime_pooled_relative_active_te100bp,oracle_infeasible_diagnostic,2019-06-10,2019-06-10,2019-06-10,2019-06-01,HYG,0.14729984924418532,0.1499999999999997,-0.002700150755814368,False,growth_down_inflation_up,True,optimal
oracle_regime_pooled_relative_active_te100bp,oracle_infeasible_diagnostic,2019-06-10,2019-06-10,2019-06-10,2019-06-01,BIL,0.02428645616774604,0.0,0.02428645616774604,False,growth_down_inflation_up,True,optimal
oracle_regime_pooled_relative_active_te100bp,oracle_infeasible_diagnostic,2019-06-10,2019-06-10,2019-06-10,2019-06-01,GLD,0.17221508827260107,0.1500000000000006,0.022215088272600464,False,growth_down_inflation_up,True,optimal
oracle_regime_pooled_relative_active_te100bp,oracle_infeasible_diagnostic,2019-06-10,2019-06-10,2019-06-10,2019-06-01,LQD,0.2999999999999994,0.3499999999999992,-0.04999999999999982,False,growth_down_inflation_up,True,optimal
oracle_regime_pooled_relative_active_te100bp,oracle_infeasible_diagnostic,2019-06-10,2019-06-10,2019-06-10,2019-06-01,AGG,0.0,0.0,0.0,False,growth_down_inflation_up,True,optimal
oracle_regime_pooled_relative_active_te100bp,oracle_infeasible_diagnostic,2019-06-17,2019-06-17,2019-06-17,2019-06-01,SPY,0.30754652341301764,0.3499999999999998,-0.042453476586982175,False,growth_down_inflation_up,True,optimal
oracle_regime_pooled_relative_active_te100bp,oracle_infeasible_diagnostic,2019-06-17,2019-06-17,2019-06-17,2019-06-01,IEF,0.0,0.0,0.0,False,growth_down_inflation_up,True,optimal
oracle_regime_pooled_relative_active_te100bp,oracle_infeasible_diagnostic,2019-06-17,2019-06-17,2019-06-17,2019-06-01,TIP,0.04748418626140363,0.0,0.04748418626140363,False,growth_down_inflation_up,True,optimal
oracle_regime_pooled_relative_active_te100bp,oracle_infeasible_diagnostic,2019-06-17,2019-06-17,2019-06-17,2019-06-01,HYG,0.1470167201537078,0.149681800640923,-0.0026650804872152267,False,growth_down_inflation_up,True,optimal
oracle_regime_pooled_relative_active_te100bp,oracle_infeasible_diagnostic,2019-06-17,2019-06-17,2019-06-17,2019-06-01,BIL,0.024241950379828597,0.0,0.024241950379828597,False,growth_down_inflation_up,True,optimal
oracle_regime_pooled_relative_active_te100bp,oracle_infeasible_diagnostic,2019-06-17,2019-06-17,2019-06-17,2019-06-01,GLD,0.17333081011169868,0.1500000000000007,0.02333081011169799,False,growth_down_inflation_up,True,optimal
oracle_regime_pooled_relative_active_te100bp,oracle_infeasible_diagnostic,2019-06-17,2019-06-17,2019-06-17,2019-06-01,LQD,0.30037980968034367,0.3503181993590765,-0.04993838967873282,False,growth_down_inflation_up,True,optimal
oracle_regime_pooled_relative_active_te100bp,oracle_infeasible_diagnostic,2019-06-17,2019-06-17,2019-06-17,2019-06-01,AGG,0.0,0.0,0.0,False,growth_down_inflation_up,True,optimal
oracle_regime_pooled_relative_active_te100bp,oracle_infeasible_diagnostic,2019-06-24,2019-06-24,2019-06-24,2019-06-01,SPY,0.3077988971139337,0.35,-0.042201102886066266,False,growth_down_inflation_up,True,optimal
oracle_regime_pooled_relative_active_te100bp,oracle_infeasible_diagnostic,2019-06-24,2019-06-24,2019-06-24,2019-06-01,IEF,2.654803336949763e-18,0.0,2.654803336949763e-18,False,growth_down_inflation_up,True,optimal
oracle_regime_pooled_relative_active_te100bp,oracle_infeasible_diagnostic,2019-06-24,2019-06-24,2019-06-24,2019-06-01,TIP,0.04669440139465364,0.0,0.04669440139465364,False,growth_down_inflation_up,True,optimal
oracle_regime_pooled_relative_active_te100bp,oracle_infeasible_diagnostic,2019-06-24,2019-06-24,2019-06-24,2019-06-01,HYG,0.14585492358653535,0.148470465723849,-0.002615542137313659,False,growth_down_inflation_up,True,optimal
oracle_regime_pooled_relative_active_te100bp,oracle_infeasible_diagnostic,2019-06-24,2019-06-24,2019-06-24,2019-06-01,BIL,0.023757975809862483,0.0,0.023757975809862483,False,growth_down_inflation_up,True,optimal
oracle_regime_pooled_relative_active_te100bp,oracle_infeasible_diagnostic,2019-06-24,2019-06-24,2019-06-24,2019-06-01,GLD,0.17689149019873596,0.1528847151950982,0.024006775003637765,False,growth_down_inflation_up,True,optimal
oracle_regime_pooled_relative_active_te100bp,oracle_infeasible_diagnostic,2019-06-24,2019-06-24,2019-06-24,2019-06-01,LQD,0.2990023118962788,0.3486448190810527,-0.04964250718477392,False,growth_down_inflation_up,True,optimal
oracle_regime_pooled_relative_active_te100bp,oracle_infeasible_diagnostic,2019-06-24,2019-06-24,2019-06-24,2019-06-01,AGG,0.0,0.0,0.0,False,growth_down_inflation_up,True,optimal
oracle_regime_pooled_relative_active_te100bp,oracle_infeasible_diagnostic,2019-07-01,2019-07-01,2019-07-01,2019-07-01,SPY,0.3064972657521596,0.3485513426931398,-0.042054076940980234,False,growth_up_inflation_up,True,optimal
oracle_regime_pooled_relative_active_te100bp,oracle_infeasible_diagnostic,2019-07-01,2019-07-01,2019-07-01,2019-07-01,IEF,2.6614478529326884e-18,0.0,2.6614478529326884e-18,False,growth_up_inflation_up,True,optimal
oracle_regime_pooled_relative_active_te100bp,oracle_infeasible_diagnostic,2019-07-01,2019-07-01,2019-07-01,2019-07-01,TIP,0.04668407163150783,0.0,0.04668407163150783,False,growth_up_inflation_up,True,optimal
oracle_regime_pooled_relative_active_te100bp,oracle_infeasible_diagnostic,2019-07-01,2019-07-01,2019-07-01,2019-07-01,HYG,0.1455973061555393,0.1482215965888309,-0.0026242904332915984,False,growth_up_inflation_up,True,optimal
oracle_regime_pooled_relative_active_te100bp,oracle_infeasible_diagnostic,2019-07-01,2019-07-01,2019-07-01,2019-07-01,BIL,0.023764619961167386,0.0,0.023764619961167386,False,growth_up_inflation_up,True,optimal
oracle_regime_pooled_relative_active_te100bp,oracle_infeasible_diagnostic,2019-07-01,2019-07-01,2019-07-01,2019-07-01,GLD,0.17745582451011052,0.1533862948657552,0.024069529644355325,False,growth_up_inflation_up,True,optimal
oracle_regime_pooled_relative_active_te100bp,oracle_infeasible_diagnostic,2019-07-01,2019-07-01,2019-07-01,2019-07-01,LQD,0.3000009119895154,0.3498407658522739,-0.04983985386275852,False,growth_up_inflation_up,True,optimal
oracle_regime_pooled_relative_active_te100bp,oracle_infeasible_diagnostic,2019-07-01,2019-07-01,2019-07-01,2019-07-01,AGG,0.0,0.0,0.0,False,growth_up_inflation_up,True,optimal
oracle_regime_pooled_relative_active_te100bp,oracle_infeasible_diagnostic,2019-07-08,2019-07-08,2019-07-08,2019-07-01,SPY,0.3079234575597729,0.35,-0.04207654244022707,False,growth_up_inflation_up,True,optimal
oracle_regime_pooled_relative_active_te100bp,oracle_infeasible_diagnostic,2019-07-08,2019-07-08,2019-07-08,2019-07-01,IEF,2.6523182542874726e-18,0.0,2.6523182542874726e-18,False,growth_up_inflation_up,True,optimal
oracle_regime_pooled_relative_active_te100bp,oracle_infeasible_diagnostic,2019-07-08,2019-07-08,2019-07-08,2019-07-01,TIP,0.0464877368128112,0.0,0.0464877368128112,False,growth_up_inflation_up,True,optimal
oracle_regime_pooled_relative_active_te100bp,oracle_infeasible_diagnostic,2019-07-08,2019-07-08,2019-07-08,2019-07-01,HYG,0.1451686303126032,0.1478995728082677,-0.0027309424956645234,False,growth_up_inflation_up,True,optimal
oracle_regime_pooled_relative_active_te100bp,oracle_infeasible_diagnostic,2019-07-08,2019-07-08,2019-07-08,2019-07-01,BIL,0.02373798743322113,0.0,0.02373798743322113,False,growth_up_inflation_up,True,optimal
oracle_regime_pooled_relative_active_te100bp,oracle_infeasible_diagnostic,2019-07-08,2019-07-08,2019-07-08,2019-07-01,GLD,0.17799951561720612,0.1538380609200239,0.024161454697182227,False,growth_up_inflation_up,True,optimal
oracle_regime_pooled_relative_active_te100bp,oracle_infeasible_diagnostic,2019-07-08,2019-07-08,2019-07-08,2019-07-01,LQD,0.2986826722643855,0.3482623662717084,-0.04957969400732293,False,growth_up_inflation_up,True,optimal
oracle_regime_pooled_relative_active_te100bp,oracle_infeasible_diagnostic,2019-07-08,2019-07-08,2019-07-08,2019-07-01,AGG,0.0,0.0,0.0,False,growth_up_inflation_up,True,optimal
oracle_regime_pooled_relative_active_te100bp,oracle_infeasible_diagnostic,2019-07-15,2019-07-15,2019-07-15,2019-07-01,SPY,0.3106694471263024,0.3499999999999999,-0.03933055287369752,False,growth_up_inflation_up,True,optimal
oracle_regime_pooled_relative_active_te100bp,oracle_infeasible_diagnostic,2019-07-15,2019-07-15,2019-07-15,2019-07-01,IEF,2.626711916567617e-18,0.0,2.626711916567617e-18,False,growth_up_inflation_up,True,optimal
oracle_regime_pooled_relative_active_te100bp,oracle_infeasible_diagnostic,2019-07-15,2019-07-15,2019-07-15,2019-07-01,TIP,0.04631427376779323,0.0,0.04631427376779323,False,growth_up_inflation_up,True,optimal
oracle_regime_pooled_relative_active_te100bp,oracle_infeasible_diagnostic,2019-07-15,2019-07-15,2019-07-15,2019-07-01,HYG,0.14465663048366284,0.1499999999999998,-0.00534336951633696,False,growth_up_inflation_up,True,optimal
oracle_regime_pooled_relative_active_te100bp,oracle_infeasible_diagnostic,2019-07-15,2019-07-15,2019-07-15,2019-07-01,BIL,0.023670060403588634,0.0,0.023670060403588634,False,growth_up_inflation_up,True,optimal
oracle_regime_pooled_relative_active_te100bp,oracle_infeasible_diagnostic,2019-07-15,2019-07-15,2019-07-15,2019-07-01,GLD,0.1792245635723503,0.1549112927458277,0.0243132708265226,False,growth_up_inflation_up,True,optimal
oracle_regime_pooled_relative_active_te100bp,oracle_infeasible_diagnostic,2019-07-15,2019-07-15,2019-07-15,2019-07-01,LQD,0.2954650246463026,0.3450887072541725,-0.04962368260786992,False,growth_up_inflation_up,True,optimal
oracle_regime_pooled_relative_active_te100bp,oracle_infeasible_diagnostic,2019-07-15,2019-07-15,2019-07-15,2019-07-01,AGG,0.0,0.0,0.0,False,growth_up_inflation_up,True,optimal
oracle_regime_pooled_relative_active_te100bp,oracle_infeasible_diagnostic,2019-07-22,2019-07-22,2019-07-22,2019-07-01,SPY,0.30699767998649724,0.3461096207572974,-0.03911194077080016,False,growth_up_inflation_up,True,optimal
oracle_regime_pooled_relative_active_te100bp,oracle_infeasible_diagnostic,2019-07-22,2019-07-22,2019-07-22,2019-07-01,IEF,5.2134361255305e-18,0.0,5.2134361255305e-18,False,growth_up_inflation_up,True,optimal
oracle_regime_pooled_relative_active_te100bp,oracle_infeasible_diagnostic,2019-07-22,2019-07-22,2019-07-22,2019-07-01,TIP,0.0465342821761665,0.0,0.0465342821761665,False,growth_up_inflation_up,True,optimal
oracle_regime_pooled_relative_active_te100bp,oracle_infeasible_diagnostic,2019-07-22,2019-07-22,2019-07-22,2019-07-01,HYG,0.14431846855976704,0.1497558871306911,-0.0054374185709240574,False,growth_up_inflation_up,True,optimal
oracle_regime_pooled_relative_active_te100bp,oracle_infeasible_diagnostic,2019-07-22,2019-07-22,2019-07-22,2019-07-01,BIL,0.02371236157374539,0.0,0.02371236157374539,False,growth_up_inflation_up,True,optimal
oracle_regime_pooled_relative_active_te100bp,oracle_infeasible_diagnostic,2019-07-22,2019-07-22,2019-07-22,2019-07-01,GLD,0.18103705850580812,0.1567343429139958,0.024302715591812324,False,growth_up_inflation_up,True,optimal
oracle_regime_pooled_relative_active_te100bp,oracle_infeasible_diagnostic,2019-07-22,2019-07-22,2019-07-22,2019-07-01,LQD,0.2974001491980157,0.3474001491980156,-0.04999999999999988,False,growth_up_inflation_up,True,optimal
oracle_regime_pooled_relative_active_te100bp,oracle_infeasible_diagnostic,2019-07-22,2019-07-22,2019-07-22,2019-07-01,AGG,0.0,0.0,0.0,False,growth_up_inflation_up,True,optimal
oracle_regime_pooled_relative_active_te100bp,oracle_infeasible_diagnostic,2019-07-29,2019-07-29,2019-07-29,2019-07-01,SPY,0.31024151109879733,0.3494353608549563,-0.03919384975615897,False,growth_up_inflation_up,True,optimal
oracle_regime_pooled_relative_active_te100bp,oracle_infeasible_diagnostic,2019-07-29,2019-07-29,2019-07-29,2019-07-01,IEF,5.175216418106517e-18,0.0,5.175216418106517e-18,False,growth_up_inflation_up,True,optimal
oracle_regime_pooled_relative_active_te100bp,oracle_infeasible_diagnostic,2019-07-29,2019-07-29,2019-07-29,2019-07-01,TIP,0.04619221197049481,0.0,0.04619221197049481,False,growth_up_inflation_up,True,optimal
oracle_regime_pooled_relative_active_te100bp,oracle_infeasible_diagnostic,2019-07-29,2019-07-29,2019-07-29,2019-07-01,HYG,0.14451432713854379,0.1498170576850057,-0.005302730546461909,False,growth_up_inflation_up,True,optimal
oracle_regime_pooled_relative_active_te100bp,oracle_infeasible_diagnostic,2019-07-29,2019-07-29,2019-07-29,2019-07-01,BIL,0.023621532582487285,0.0,0.023621532582487285,False,growth_up_inflation_up,True,optimal
oracle_regime_pooled_relative_active_te100bp,oracle_infeasible_diagnostic,2019-07-29,2019-07-29,2019-07-29,2019-07-01,GLD,0.17905191920177216,0.1548688342563947,0.024183084945377464,False,growth_up_inflation_up,True,optimal
oracle_regime_pooled_relative_active_te100bp,oracle_infeasible_diagnostic,2019-07-29,2019-07-29,2019-07-29,2019-07-01,LQD,0.29637849800790467,0.3458787472036432,-0.04950024919573853,False,growth_up_inflation_up,True,optimal
oracle_regime_pooled_relative_active_te100bp,oracle_infeasible_diagnostic,2019-07-29,2019-07-29,2019-07-29,2019-07-01,AGG,0.0,0.0,0.0,False,growth_up_inflation_up,True,optimal
oracle_regime_pooled_relative_active_te100bp,oracle_infeasible_diagnostic,2019-08-05,2019-08-05,2019-08-05,2019-08-01,SPY,0.30227224990153817,0.3419812367150194,-0.03970898681348123,False,growth_up_inflation_up,True,optimal
oracle_regime_pooled_relative_active_te100bp,oracle_infeasible_diagnostic,2019-08-05,2019-08-05,2019-08-05,2019-08-01,IEF,5.283777041970971e-18,0.0,5.283777041970971e-18,False,growth_up_inflation_up,True,optimal
oracle_regime_pooled_relative_active_te100bp,oracle_infeasible_diagnostic,2019-08-05,2019-08-05,2019-08-05,2019-08-01,TIP,0.046692558527407044,0.0,0.046692558527407044,False,growth_up_inflation_up,True,optimal
oracle_regime_pooled_relative_active_te100bp,oracle_infeasible_diagnostic,2019-08-05,2019-08-05,2019-08-05,2019-08-01,HYG,0.1446015748729623,0.1501242731955242,-0.005522698322561914,False,growth_up_inflation_up,True,optimal
oracle_regime_pooled_relative_active_te100bp,oracle_infeasible_diagnostic,2019-08-05,2019-08-05,2019-08-05,2019-08-01,BIL,0.02375214312551475,0.0,0.02375214312551475,False,growth_up_inflation_up,True,optimal
oracle_regime_pooled_relative_active_te100bp,oracle_infeasible_diagnostic,2019-08-05,2019-08-05,2019-08-05,2019-08-01,GLD,0.18242992229570637,0.1580187632849795,0.02441115901072688,False,growth_up_inflation_up,True,optimal
oracle_regime_pooled_relative_active_te100bp,oracle_infeasible_diagnostic,2019-08-05,2019-08-05,2019-08-05,2019-08-01,LQD,0.30025155127687125,0.3498757268044767,-0.04962417552760545,False,growth_up_inflation_up,True,optimal
oracle_regime_pooled_relative_active_te100bp,oracle_infeasible_diagnostic,2019-08-05,2019-08-05,2019-08-05,2019-08-01,AGG,0.0,0.0,0.0,False,growth_up_inflation_up,True,optimal
oracle_regime_pooled_relative_active_te100bp,oracle_infeasible_diagnostic,2019-08-12,2019-08-12,2019-08-12,2019-08-01,SPY,0.302901748945507,0.3427887745840057,-0.03988702563849872,False,growth_up_inflation_up,True,optimal
oracle_regime_pooled_relative_active_te100bp,oracle_infeasible_diagnostic,2019-08-12,2019-08-12,2019-08-12,2019-08-01,IEF,5.245189501391877e-18,0.0,5.245189501391877e-18,False,growth_up_inflation_up,True,optimal
oracle_regime_pooled_relative_active_te100bp,oracle_infeasible_diagnostic,2019-08-12,2019-08-12,2019-08-12,2019-08-01,TIP,0.046587173180367376,0.0,0.046587173180367376,False,growth_up_inflation_up,True,optimal
oracle_regime_pooled_relative_active_te100bp,oracle_infeasible_diagnostic,2019-08-12,2019-08-12,2019-08-12,2019-08-01,HYG,0.1437821810874205,0.1493151149188535,-0.005532933831432996,False,growth_up_inflation_up,True,optimal
oracle_regime_pooled_relative_active_te100bp,oracle_infeasible_diagnostic,2019-08-12,2019-08-12,2019-08-12,2019-08-01,BIL,0.023518626023232864,0.0,0.023518626023232864,False,growth_up_inflation_up,True,optimal
oracle_regime_pooled_relative_active_te100bp,oracle_infeasible_diagnostic,2019-08-12,2019-08-12,2019-08-12,2019-08-01,GLD,0.18495708146944725,0.160252332643297,0.024704748826150258,False,growth_up_inflation_up,True,optimal
oracle_regime_pooled_relative_active_te100bp,oracle_infeasible_diagnostic,2019-08-12,2019-08-12,2019-08-12,2019-08-01,LQD,0.29825318929402506,0.3476437778538436,-0.04939058855981854,False,growth_up_inflation_up,True,optimal
oracle_regime_pooled_relative_active_te100bp,oracle_infeasible_diagnostic,2019-08-12,2019-08-12,2019-08-12,2019-08-01,AGG,0.0,0.0,0.0,False,growth_up_inflation_up,True,optimal
oracle_regime_pooled_relative_active_te100bp,oracle_infeasible_diagnostic,2019-08-19,2019-08-19,2019-08-19,2019-08-01,SPY,0.3004723255269261,0.3399920874724007,-0.039519761945474574,False,growth_up_inflation_up,True,optimal
oracle_regime_pooled_relative_active_te100bp,oracle_infeasible_diagnostic,2019-08-19,2019-08-19,2019-08-19,2019-08-01,IEF,5.272777437482145e-18,0.0,5.272777437482145e-18,False,growth_up_inflation_up,True,optimal
oracle_regime_pooled_relative_active_te100bp,oracle_infeasible_diagnostic,2019-08-19,2019-08-19,2019-08-19,2019-08-01,TIP,0.04650616359379463,0.0,0.04650616359379463,False,growth_up_inflation_up,True,optimal
oracle_regime_pooled_relative_active_te100bp,oracle_infeasible_diagnostic,2019-08-19,2019-08-19,2019-08-19,2019-08-01,HYG,0.14332699680496055,0.1488216885177114,-0.005494691712750854,False,growth_up_inflation_up,True,optimal
oracle_regime_pooled_relative_active_te100bp,oracle_infeasible_diagnostic,2019-08-19,2019-08-19,2019-08-19,2019-08-01,BIL,0.023429885824874385,0.0,0.023429885824874385,False,growth_up_inflation_up,True,optimal
oracle_regime_pooled_relative_active_te100bp,oracle_infeasible_diagnostic,2019-08-19,2019-08-19,2019-08-19,2019-08-01,GLD,0.18562176298410168,0.1608058375252419,0.024815925458859772,False,growth_up_inflation_up,True,optimal
oracle_regime_pooled_relative_active_te100bp,oracle_infeasible_diagnostic,2019-08-19,2019-08-19,2019-08-19,2019-08-01,LQD,0.3006428652653426,0.350380386484646,-0.04973752121930336,False,growth_up_inflation_up,True,optimal
oracle_regime_pooled_relative_active_te100bp,oracle_infeasible_diagnostic,2019-08-19,2019-08-19,2019-08-19,2019-08-01,AGG,0.0,0.0,0.0,False,growth_up_inflation_up,True,optimal
oracle_regime_pooled_relative_active_te100bp,oracle_infeasible_diagnostic,2019-08-26,2019-08-26,2019-08-26,2019-08-01,SPY,0.2943370777659464,0.3357294787926932,-0.041392401026746795,False,growth_up_inflation_up,True,optimal
oracle_regime_pooled_relative_active_te100bp,oracle_infeasible_diagnostic,2019-08-26,2019-08-26,2019-08-26,2019-08-01,IEF,0.0,0.0,0.0,False,growth_up_inflation_up,True,optimal
oracle_regime_pooled_relative_active_te100bp,oracle_infeasible_diagnostic,2019-08-26,2019-08-26,2019-08-26,2019-08-01,TIP,0.04677687872696716,0.0,0.04677687872696716,False,growth_up_inflation_up,True,optimal
oracle_regime_pooled_relative_active_te100bp,oracle_infeasible_diagnostic,2019-08-26,2019-08-26,2019-08-26,2019-08-01,HYG,0.14383258006355257,0.1495343334741201,-0.005701753410567528,False,growth_up_inflation_up,True,optimal
oracle_regime_pooled_relative_active_te100bp,oracle_infeasible_diagnostic,2019-08-26,2019-08-26,2019-08-26,2019-08-01,BIL,0.02343376746600686,0.0,0.02343376746600686,False,growth_up_inflation_up,True,optimal
oracle_regime_pooled_relative_active_te100bp,oracle_infeasible_diagnostic,2019-08-26,2019-08-26,2019-08-26,2019-08-01,GLD,0.18801877578062212,0.1642705212073072,0.02374825457331492,False,growth_up_inflation_up,True,optimal
oracle_regime_pooled_relative_active_te100bp,oracle_infeasible_diagnostic,2019-08-26,2019-08-26,2019-08-26,2019-08-01,LQD,0.3036009201969048,0.3504656665258794,-0.04686474632897458,False,growth_up_inflation_up,True,optimal
oracle_regime_pooled_relative_active_te100bp,oracle_infeasible_diagnostic,2019-08-26,2019-08-26,2019-08-26,2019-08-01,AGG,0.0,0.0,0.0,False,growth_up_inflation_up,True,optimal
oracle_regime_pooled_relative_active_te100bp,oracle_infeasible_diagnostic,2019-09-02,2019-09-02,2019-09-03,2019-09-01,SPY,0.35,0.3394649442798303,0.010535055720169662,False,growth_up_inflation_down,True,optimal
oracle_regime_pooled_relative_active_te100bp,oracle_infeasible_diagnostic,2019-09-02,2019-09-02,2019-09-03,2019-09-01,IEF,1.5178830414797062e-18,0.0,1.5178830414797062e-18,False,growth_up_inflation_down,True,optimal
oracle_regime_pooled_relative_active_te100bp,oracle_infeasible_diagnostic,2019-09-02,2019-09-02,2019-09-03,2019-09-01,TIP,0.046587863575115324,0.0,0.046587863575115324,False,growth_up_inflation_down,True,optimal
oracle_regime_pooled_relative_active_te100bp,oracle_infeasible_diagnostic,2019-09-02,2019-09-02,2019-09-03,2019-09-01,HYG,0.14999999999999997,0.1491016164795331,0.0008983835204668666,False,growth_up_inflation_down,True,optimal
oracle_regime_pooled_relative_active_te100bp,oracle_infeasible_diagnostic,2019-09-02,2019-09-02,2019-09-03,2019-09-01,BIL,0.03837361356225879,0.0,0.03837361356225879,False,growth_up_inflation_down,True,optimal
oracle_regime_pooled_relative_active_te100bp,oracle_infeasible_diagnostic,2019-09-02,2019-09-02,2019-09-03,2019-09-01,GLD,0.1124780438345294,0.1624780438345292,-0.04999999999999981,False,growth_up_inflation_down,True,optimal
oracle_regime_pooled_relative_active_te100bp,oracle_infeasible_diagnostic,2019-09-02,2019-09-02,2019-09-03,2019-09-01,LQD,0.30256047902809646,0.3489553954061074,-0.046394916378010964,False,growth_up_inflation_down,True,optimal
oracle_regime_pooled_relative_active_te100bp,oracle_infeasible_diagnostic,2019-09-02,2019-09-02,2019-09-03,2019-09-01,AGG,0.0,0.0,0.0,False,growth_up_inflation_down,True,optimal
oracle_regime_pooled_relative_active_te100bp,oracle_infeasible_diagnostic,2019-09-09,2019-09-09,2019-09-09,2019-09-01,SPY,0.35,0.3463704037436596,0.0036295962563403505,False,growth_up_inflation_down,True,optimal
oracle_regime_pooled_relative_active_te100bp,oracle_infeasible_diagnostic,2019-09-09,2019-09-09,2019-09-09,2019-09-01,IEF,5.117434254131581e-17,0.0,5.117434254131581e-17,False,growth_up_inflation_down,True,optimal
oracle_regime_pooled_relative_active_te100bp,oracle_infeasible_diagnostic,2019-09-09,2019-09-09,2019-09-09,2019-09-01,TIP,0.04620168244412649,0.0,0.04620168244412649,False,growth_up_inflation_down,True,optimal
oracle_regime_pooled_relative_active_te100bp,oracle_infeasible_diagnostic,2019-09-09,2019-09-09,2019-09-09,2019-09-01,HYG,0.15,0.1490349908474464,0.0009650091525535975,False,growth_up_inflation_down,True,optimal
oracle_regime_pooled_relative_active_te100bp,oracle_infeasible_diagnostic,2019-09-09,2019-09-09,2019-09-09,2019-09-01,BIL,0.045656548468679864,0.0,0.045656548468679864,False,growth_up_inflation_down,True,optimal
oracle_regime_pooled_relative_active_te100bp,oracle_infeasible_diagnostic,2019-09-09,2019-09-09,2019-09-09,2019-09-01,GLD,0.10823324805169408,0.1582332480516939,-0.04999999999999981,False,growth_up_inflation_down,True,optimal
oracle_regime_pooled_relative_active_te100bp,oracle_infeasible_diagnostic,2019-09-09,2019-09-09,2019-09-09,2019-09-01,LQD,0.29990852103549953,0.3463613573572001,-0.04645283632170055,False,growth_up_inflation_down,True,optimal
oracle_regime_pooled_relative_active_te100bp,oracle_infeasible_diagnostic,2019-09-09,2019-09-09,2019-09-09,2019-09-01,AGG,0.0,0.0,0.0,False,growth_up_inflation_down,True,optimal
oracle_regime_pooled_relative_active_te100bp,oracle_infeasible_diagnostic,2019-09-16,2019-09-16,2019-09-16,2019-09-01,SPY,0.3499999999999999,0.3499999999999997,2.220446049250313e-16,False,growth_up_inflation_down,True,optimal
oracle_regime_pooled_relative_active_te100bp,oracle_infeasible_diagnostic,2019-09-16,2019-09-16,2019-09-16,2019-09-01,IEF,5.293913568692013e-17,0.0,5.293913568692013e-17,False,growth_up_inflation_down,True,optimal
oracle_regime_pooled_relative_active_te100bp,oracle_infeasible_diagnostic,2019-09-16,2019-09-16,2019-09-16,2019-09-01,TIP,0.045809399742455695,0.0,0.045809399742455695,False,growth_up_inflation_down,True,optimal
oracle_regime_pooled_relative_active_te100bp,oracle_infeasible_diagnostic,2019-09-16,2019-09-16,2019-09-16,2019-09-01,HYG,0.15,0.1500000000000003,-3.0531133177191805e-16,False,growth_up_inflation_down,True,optimal
oracle_regime_pooled_relative_active_te100bp,oracle_infeasible_diagnostic,2019-09-16,2019-09-16,2019-09-16,2019-09-01,BIL,0.04999999999999999,0.0,0.04999999999999999,False,growth_up_inflation_down,True,optimal
oracle_regime_pooled_relative_active_te100bp,oracle_infeasible_diagnostic,2019-09-16,2019-09-16,2019-09-16,2019-09-01,GLD,0.10699700740668429,0.1569970074066843,-0.05,False,growth_up_inflation_down,True,optimal
oracle_regime_pooled_relative_active_te100bp,oracle_infeasible_diagnostic,2019-09-16,2019-09-16,2019-09-16,2019-09-01,LQD,0.29719359285086,0.3430029925933155,-0.045809399742455514,False,growth_up_inflation_down,True,optimal
oracle_regime_pooled_relative_active_te100bp,oracle_infeasible_diagnostic,2019-09-16,2019-09-16,2019-09-16,2019-09-01,AGG,0.0,0.0,0.0,False,growth_up_inflation_down,True,optimal
oracle_regime_pooled_relative_active_te100bp,oracle_infeasible_diagnostic,2019-09-23,2019-09-23,2019-09-23,2019-09-01,SPY,0.3499999999999999,0.3472916000723157,0.002708399927684235,False,growth_up_inflation_down,True,optimal
oracle_regime_pooled_relative_active_te100bp,oracle_infeasible_diagnostic,2019-09-23,2019-09-23,2019-09-23,2019-09-01,IEF,1.7114864342863703e-18,0.0,1.7114864342863703e-18,False,growth_up_inflation_down,True,optimal
oracle_regime_pooled_relative_active_te100bp,oracle_infeasible_diagnostic,2019-09-23,2019-09-23,2019-09-23,2019-09-01,TIP,0.043398990689480096,0.0,0.043398990689480096,False,growth_up_inflation_down,True,optimal
oracle_regime_pooled_relative_active_te100bp,oracle_infeasible_diagnostic,2019-09-23,2019-09-23,2019-09-23,2019-09-01,HYG,0.14937375104524456,0.1492369797392396,0.00013677130600495135,False,growth_up_inflation_down,True,optimal
oracle_regime_pooled_relative_active_te100bp,oracle_infeasible_diagnostic,2019-09-23,2019-09-23,2019-09-23,2019-09-01,BIL,0.04970512464382825,0.0,0.04970512464382825,False,growth_up_inflation_down,True,optimal
oracle_regime_pooled_relative_active_te100bp,oracle_infeasible_diagnostic,2019-09-23,2019-09-23,2019-09-23,2019-09-01,GLD,0.10736315159795336,0.1573631515979533,-0.04999999999999995,False,growth_up_inflation_down,True,optimal
oracle_regime_pooled_relative_active_te100bp,oracle_infeasible_diagnostic,2019-09-23,2019-09-23,2019-09-23,2019-09-01,LQD,0.3001589820234938,0.3461082685904912,-0.04594928656699743,False,growth_up_inflation_down,True,optimal
oracle_regime_pooled_relative_active_te100bp,oracle_infeasible_diagnostic,2019-09-23,2019-09-23,2019-09-23,2019-09-01,AGG,0.0,0.0,0.0,False,growth_up_inflation_down,True,optimal
oracle_regime_pooled_relative_active_te100bp,oracle_infeasible_diagnostic,2019-09-30,2019-09-30,2019-09-30,2019-09-01,SPY,0.35,0.3469891132294087,0.0030108867705913034,False,growth_up_inflation_down,True,optimal
oracle_regime_pooled_relative_active_te100bp,oracle_infeasible_diagnostic,2019-09-30,2019-09-30,2019-09-30,2019-09-01,IEF,1.1113594914656325e-17,0.0,1.1113594914656325e-17,False,growth_up_inflation_down,True,optimal
oracle_regime_pooled_relative_active_te100bp,oracle_infeasible_diagnostic,2019-09-30,2019-09-30,2019-09-30,2019-09-01,TIP,0.04331323641787524,0.0,0.04331323641787524,False,growth_up_inflation_down,True,optimal
oracle_regime_pooled_relative_active_te100bp,oracle_infeasible_diagnostic,2019-09-30,2019-09-30,2019-09-30,2019-09-01,HYG,0.14963288075251394,0.1496078691166225,2.5011635891442063e-05,False,growth_up_inflation_down,True,optimal
oracle_regime_pooled_relative_active_te100bp,oracle_infeasible_diagnostic,2019-09-30,2019-09-30,2019-09-30,2019-09-01,BIL,0.05000000000000002,0.0,0.05000000000000002,False,growth_up_inflation_down,True,optimal
oracle_regime_pooled_relative_active_te100bp,oracle_infeasible_diagnostic,2019-09-30,2019-09-30,2019-09-30,2019-09-01,GLD,0.10598188292377383,0.1559818829237738,-0.04999999999999996,False,growth_up_inflation_down,True,optimal
oracle_regime_pooled_relative_active_te100bp,oracle_infeasible_diagnostic,2019-09-30,2019-09-30,2019-09-30,2019-09-01,LQD,0.30107199990583694,0.347421134730195,-0.04634913482435804,False,growth_up_inflation_down,True,optimal
oracle_regime_pooled_relative_active_te100bp,oracle_infeasible_diagnostic,2019-09-30,2019-09-30,2019-09-30,2019-09-01,AGG,0.0,0.0,0.0,False,growth_up_inflation_down,True,optimal
oracle_regime_pooled_relative_active_te100bp,oracle_infeasible_diagnostic,2019-10-07,2019-10-07,2019-10-07,2019-10-01,SPY,0.31115197728968585,0.3435417753256568,-0.03238979803597092,False,growth_down_inflation_down,True,optimal
oracle_regime_pooled_relative_active_te100bp,oracle_infeasible_diagnostic,2019-10-07,2019-10-07,2019-10-07,2019-10-01,IEF,3.994063838870771e-17,0.0,3.994063838870771e-17,False,growth_down_inflation_down,True,optimal
oracle_regime_pooled_relative_active_te100bp,oracle_infeasible_diagnostic,2019-10-07,2019-10-07,2019-10-07,2019-10-01,TIP,0.04361435005634375,0.0,0.04361435005634375,False,growth_down_inflation_down,True,optimal
oracle_regime_pooled_relative_active_te100bp,oracle_infeasible_diagnostic,2019-10-07,2019-10-07,2019-10-07,2019-10-01,HYG,0.14861335091390207,0.1484550867348444,0.00015826417905767665,False,growth_down_inflation_down,True,optimal
oracle_regime_pooled_relative_active_te100bp,oracle_infeasible_diagnostic,2019-10-07,2019-10-07,2019-10-07,2019-10-01,BIL,0.04984056742199541,0.0,0.04984056742199541,False,growth_down_inflation_down,True,optimal
oracle_regime_pooled_relative_active_te100bp,oracle_infeasible_diagnostic,2019-10-07,2019-10-07,2019-10-07,2019-10-01,GLD,0.10764852356762751,0.1576485235676275,-0.05,False,growth_down_inflation_down,True,optimal
oracle_regime_pooled_relative_active_te100bp,oracle_infeasible_diagnostic,2019-10-07,2019-10-07,2019-10-07,2019-10-01,LQD,0.3391312307504454,0.3503546143718711,-0.01122338362142572,False,growth_down_inflation_down,True,optimal
oracle_regime_pooled_relative_active_te100bp,oracle_infeasible_diagnostic,2019-10-07,2019-10-07,2019-10-07,2019-10-01,AGG,0.0,0.0,0.0,False,growth_down_inflation_down,True,optimal
oracle_regime_pooled_relative_active_te100bp,oracle_infeasible_diagnostic,2019-10-14,2019-10-14,2019-10-14,2019-10-01,SPY,0.3142334487741879,0.3471534033762189,-0.03291995460203101,False,growth_down_inflation_down,True,optimal
oracle_regime_pooled_relative_active_te100bp,oracle_infeasible_diagnostic,2019-10-14,2019-10-14,2019-10-14,2019-10-01,IEF,3.986362498858994e-17,0.0,3.986362498858994e-17,False,growth_down_inflation_down,True,optimal
oracle_regime_pooled_relative_active_te100bp,oracle_infeasible_diagnostic,2019-10-14,2019-10-14,2019-10-14,2019-10-01,TIP,0.043191496727363665,0.0,0.043191496727363665,False,growth_down_inflation_down,True,optimal
oracle_regime_pooled_relative_active_te100bp,oracle_infeasible_diagnostic,2019-10-14,2019-10-14,2019-10-14,2019-10-01,HYG,0.1494776981451893,0.1492811782758022,0.0001965198693870962,False,growth_down_inflation_down,True,optimal
oracle_regime_pooled_relative_active_te100bp,oracle_infeasible_diagnostic,2019-10-14,2019-10-14,2019-10-14,2019-10-01,BIL,0.04991572462206533,0.0,0.04991572462206533,False,growth_down_inflation_down,True,optimal
oracle_regime_pooled_relative_active_te100bp,oracle_infeasible_diagnostic,2019-10-14,2019-10-14,2019-10-14,2019-10-01,GLD,0.10691270787046825,0.1565317916114849,-0.049619083741016645,False,growth_down_inflation_down,True,optimal
oracle_regime_pooled_relative_active_te100bp,oracle_infeasible_diagnostic,2019-10-14,2019-10-14,2019-10-14,2019-10-01,LQD,0.3362689238607256,0.3470336267364937,-0.010764702875768084,False,growth_down_inflation_down,True,optimal
oracle_regime_pooled_relative_active_te100bp,oracle_infeasible_diagnostic,2019-10-14,2019-10-14,2019-10-14,2019-10-01,AGG,0.0,0.0,0.0,False,growth_down_inflation_down,True,optimal
oracle_regime_pooled_relative_active_te100bp,oracle_infeasible_diagnostic,2019-10-21,2019-10-21,2019-10-21,2019-10-01,SPY,0.31508279659274246,0.3482888545918299,-0.033206057999087435,False,growth_down_inflation_down,True,optimal
oracle_regime_pooled_relative_active_te100bp,oracle_infeasible_diagnostic,2019-10-21,2019-10-21,2019-10-21,2019-10-01,IEF,3.965017749685643e-17,0.0,3.965017749685643e-17,False,growth_down_inflation_down,True,optimal
oracle_regime_pooled_relative_active_te100bp,oracle_infeasible_diagnostic,2019-10-21,2019-10-21,2019-10-21,2019-10-01,TIP,0.043049681836687254,0.0,0.043049681836687254,False,growth_down_inflation_down,True,optimal
oracle_regime_pooled_relative_active_te100bp,oracle_infeasible_diagnostic,2019-10-21,2019-10-21,2019-10-21,2019-10-01,HYG,0.14952342276731476,0.1492926243236228,0.00023079844369194857,False,growth_down_inflation_down,True,optimal
oracle_regime_pooled_relative_active_te100bp,oracle_infeasible_diagnostic,2019-10-21,2019-10-21,2019-10-21,2019-10-01,BIL,0.049763853700902826,0.0,0.049763853700902826,False,growth_down_inflation_down,True,optimal
oracle_regime_pooled_relative_active_te100bp,oracle_infeasible_diagnostic,2019-10-21,2019-10-21,2019-10-21,2019-10-01,GLD,0.10656003674600603,0.1559796917005283,-0.049419654954522274,False,growth_down_inflation_down,True,optimal
oracle_regime_pooled_relative_active_te100bp,oracle_infeasible_diagnostic,2019-10-21,2019-10-21,2019-10-21,2019-10-01,LQD,0.33602020835634655,0.3464388293840189,-0.010418621027672326,False,growth_down_inflation_down,True,optimal
oracle_regime_pooled_relative_active_te100bp,oracle_infeasible_diagnostic,2019-10-21,2019-10-21,2019-10-21,2019-10-01,AGG,0.0,0.0,0.0,False,growth_down_inflation_down,True,optimal
oracle_regime_pooled_relative_active_te100bp,oracle_infeasible_diagnostic,2019-10-28,2019-10-28,2019-10-28,2019-10-01,SPY,0.31591222663421253,0.3490749257800303,-0.033162699145817764,False,growth_down_inflation_down,True,optimal
oracle_regime_pooled_relative_active_te100bp,oracle_infeasible_diagnostic,2019-10-28,2019-10-28,2019-10-28,2019-10-01,IEF,3.3843940054236854e-17,0.0,3.3843940054236854e-17,False,growth_down_inflation_down,True,optimal
oracle_regime_pooled_relative_active_te100bp,oracle_infeasible_diagnostic,2019-10-28,2019-10-28,2019-10-28,2019-10-01,TIP,0.043018952303038364,0.0,0.043018952303038364,False,growth_down_inflation_down,True,optimal
oracle_regime_pooled_relative_active_te100bp,oracle_infeasible_diagnostic,2019-10-28,2019-10-28,2019-10-28,2019-10-01,HYG,0.14924333360215797,0.1489400881940361,0.00030324540812187717,False,growth_down_inflation_down,True,optimal
oracle_regime_pooled_relative_active_te100bp,oracle_infeasible_diagnostic,2019-10-28,2019-10-28,2019-10-28,2019-10-01,BIL,0.0495506937072221,0.0,0.0495506937072221,False,growth_down_inflation_down,True,optimal
oracle_regime_pooled_relative_active_te100bp,oracle_infeasible_diagnostic,2019-10-28,2019-10-28,2019-10-28,2019-10-01,GLD,0.10697605100326607,0.1564590645576535,-0.04948301355438742,False,growth_down_inflation_down,True,optimal
oracle_regime_pooled_relative_active_te100bp,oracle_infeasible_diagnostic,2019-10-28,2019-10-28,2019-10-28,2019-10-01,LQD,0.3352987427501029,0.34552592146828,-0.010227178718177077,False,growth_down_inflation_down,True,optimal
oracle_regime_pooled_relative_active_te100bp,oracle_infeasible_diagnostic,2019-10-28,2019-10-28,2019-10-28,2019-10-01,AGG,0.0,0.0,0.0,False,growth_down_inflation_down,True,optimal
oracle_regime_pooled_relative_active_te100bp,oracle_infeasible_diagnostic,2019-11-04,2019-11-04,2019-11-04,2019-11-01,SPY,0.31706360456495586,0.3500000000000001,-0.03293639543504423,False,growth_up_inflation_up,True,optimal
oracle_regime_pooled_relative_active_te100bp,oracle_infeasible_diagnostic,2019-11-04,2019-11-04,2019-11-04,2019-11-01,IEF,3.394708785020728e-17,0.0,3.394708785020728e-17,False,growth_up_inflation_up,True,optimal
oracle_regime_pooled_relative_active_te100bp,oracle_infeasible_diagnostic,2019-11-04,2019-11-04,2019-11-04,2019-11-01,TIP,0.04290530818656544,0.0,0.04290530818656544,False,growth_up_inflation_up,True,optimal
oracle_regime_pooled_relative_active_te100bp,oracle_infeasible_diagnostic,2019-11-04,2019-11-04,2019-11-04,2019-11-01,HYG,0.1478527595862142,0.1475557379494656,0.00029702163674857895,False,growth_up_inflation_up,True,optimal
oracle_regime_pooled_relative_active_te100bp,oracle_infeasible_diagnostic,2019-11-04,2019-11-04,2019-11-04,2019-11-01,BIL,0.049227043408976524,0.0,0.049227043408976524,False,growth_up_inflation_up,True,optimal
oracle_regime_pooled_relative_active_te100bp,oracle_infeasible_diagnostic,2019-11-04,2019-11-04,2019-11-04,2019-11-01,GLD,0.10722902434177213,0.1567207723112778,-0.04949174796950566,False,growth_up_inflation_up,True,optimal
oracle_regime_pooled_relative_active_te100bp,oracle_infeasible_diagnostic,2019-11-04,2019-11-04,2019-11-04,2019-11-01,LQD,0.3357222599115158,0.3457234897392564,-0.010001229827740599,False,growth_up_inflation_up,True,optimal
oracle_regime_pooled_relative_active_te100bp,oracle_infeasible_diagnostic,2019-11-04,2019-11-04,2019-11-04,2019-11-01,AGG,0.0,0.0,0.0,False,growth_up_inflation_up,True,optimal
oracle_regime_pooled_relative_active_te100bp,oracle_infeasible_diagnostic,2019-11-11,2019-11-11,2019-11-11,2019-11-01,SPY,0.3203430277664432,0.3500000000000005,-0.02965697223355729,False,growth_up_inflation_up,True,optimal
oracle_regime_pooled_relative_active_te100bp,oracle_infeasible_diagnostic,2019-11-11,2019-11-11,2019-11-11,2019-11-01,IEF,3.37516088142709e-17,0.0,3.37516088142709e-17,False,growth_up_inflation_up,True,optimal
oracle_regime_pooled_relative_active_te100bp,oracle_infeasible_diagnostic,2019-11-11,2019-11-11,2019-11-11,2019-11-01,TIP,0.04301744708854922,0.0,0.04301744708854922,False,growth_up_inflation_up,True,optimal
oracle_regime_pooled_relative_active_te100bp,oracle_infeasible_diagnostic,2019-11-11,2019-11-11,2019-11-11,2019-11-01,HYG,0.14863233144082946,0.149999999999999,-0.0013676685591695326,False,growth_up_inflation_up,True,optimal
oracle_regime_pooled_relative_active_te100bp,oracle_infeasible_diagnostic,2019-11-11,2019-11-11,2019-11-11,2019-11-01,BIL,0.04957694867184743,0.0,0.04957694867184743,False,growth_up_inflation_up,True,optimal
oracle_regime_pooled_relative_active_te100bp,oracle_infeasible_diagnostic,2019-11-11,2019-11-11,2019-11-11,2019-11-01,GLD,0.10426018204349996,0.1526166027346843,-0.04835642069118434,False,growth_up_inflation_up,True,optimal
oracle_regime_pooled_relative_active_te100bp,oracle_infeasible_diagnostic,2019-11-11,2019-11-11,2019-11-11,2019-11-01,LQD,0.3341700629888307,0.3473833972653161,-0.013213334276485411,False,growth_up_inflation_up,True,optimal
oracle_regime_pooled_relative_active_te100bp,oracle_infeasible_diagnostic,2019-11-11,2019-11-11,2019-11-11,2019-11-01,AGG,0.0,0.0,0.0,False,growth_up_inflation_up,True,optimal
oracle_regime_pooled_relative_active_te100bp,oracle_infeasible_diagnostic,2019-11-18,2019-11-18,2019-11-18,2019-11-01,SPY,0.3224094543302303,0.3499999999999999,-0.027590545669769595,False,growth_up_inflation_up,True,optimal
oracle_regime_pooled_relative_active_te100bp,oracle_infeasible_diagnostic,2019-11-18,2019-11-18,2019-11-18,2019-11-01,IEF,3.370239608237807e-17,0.0,3.370239608237807e-17,False,growth_up_inflation_up,True,optimal
oracle_regime_pooled_relative_active_te100bp,oracle_infeasible_diagnostic,2019-11-18,2019-11-18,2019-11-18,2019-11-01,TIP,0.04273609718776763,0.0,0.04273609718776763,False,growth_up_inflation_up,True,optimal
oracle_regime_pooled_relative_active_te100bp,oracle_infeasible_diagnostic,2019-11-18,2019-11-18,2019-11-18,2019-11-01,HYG,0.14778357442650517,0.1499999999999994,-0.002216425573494246,False,growth_up_inflation_up,True,optimal
oracle_regime_pooled_relative_active_te100bp,oracle_infeasible_diagnostic,2019-11-18,2019-11-18,2019-11-18,2019-11-01,BIL,0.04920281324136198,0.0,0.04920281324136198,False,growth_up_inflation_up,True,optimal
oracle_regime_pooled_relative_active_te100bp,oracle_infeasible_diagnostic,2019-11-18,2019-11-18,2019-11-18,2019-11-01,GLD,0.10391314296989723,0.1520068339434994,-0.048093690973602166,False,growth_up_inflation_up,True,optimal
oracle_regime_pooled_relative_active_te100bp,oracle_infeasible_diagnostic,2019-11-18,2019-11-18,2019-11-18,2019-11-01,LQD,0.33395491784423764,0.3479931660565012,-0.014038248212263571,False,growth_up_inflation_up,True,optimal
oracle_regime_pooled_relative_active_te100bp,oracle_infeasible_diagnostic,2019-11-18,2019-11-18,2019-11-18,2019-11-01,AGG,0.0,0.0,0.0,False,growth_up_inflation_up,True,optimal
oracle_regime_pooled_relative_active_te100bp,oracle_infeasible_diagnostic,2019-11-25,2019-11-25,2019-11-25,2019-11-01,SPY,0.32183614863593885,0.3495489687044731,-0.02771282006853426,False,growth_up_inflation_up,True,optimal
oracle_regime_pooled_relative_active_te100bp,oracle_infeasible_diagnostic,2019-11-25,2019-11-25,2019-11-25,2019-11-01,IEF,3.380401606301505e-17,0.0,3.380401606301505e-17,False,growth_up_inflation_up,True,optimal
oracle_regime_pooled_relative_active_te100bp,oracle_infeasible_diagnostic,2019-11-25,2019-11-25,2019-11-25,2019-11-01,TIP,0.042966970511512874,0.0,0.042966970511512874,False,growth_up_inflation_up,True,optimal
oracle_regime_pooled_relative_active_te100bp,oracle_infeasible_diagnostic,2019-11-25,2019-11-25,2019-11-25,2019-11-01,HYG,0.14748503348078731,0.1497703933780881,-0.002285359897300776,False,growth_up_inflation_up,True,optimal
oracle_regime_pooled_relative_active_te100bp,oracle_infeasible_diagnostic,2019-11-25,2019-11-25,2019-11-25,2019-11-01,BIL,0.049216108847832854,0.0,0.049216108847832854,False,growth_up_inflation_up,True,optimal
oracle_regime_pooled_relative_active_te100bp,oracle_infeasible_diagnostic,2019-11-25,2019-11-25,2019-11-25,2019-11-01,GLD,0.10339307353354765,0.1513202343656073,-0.04792716083205964,False,growth_up_inflation_up,True,optimal
oracle_regime_pooled_relative_active_te100bp,oracle_infeasible_diagnostic,2019-11-25,2019-11-25,2019-11-25,2019-11-01,LQD,0.3351026649903804,0.3493604035518314,-0.014257738561451017,False,growth_up_inflation_up,True,optimal
oracle_regime_pooled_relative_active_te100bp,oracle_infeasible_diagnostic,2019-11-25,2019-11-25,2019-11-25,2019-11-01,AGG,0.0,0.0,0.0,False,growth_up_inflation_up,True,optimal
oracle_regime_pooled_relative_active_te100bp,oracle_infeasible_diagnostic,2019-12-02,2019-12-02,2019-12-02,2019-12-01,SPY,0.32294530876541416,0.3500000000000002,-0.027054691234586037,False,growth_down_inflation_down,True,optimal
oracle_regime_pooled_relative_active_te100bp,oracle_infeasible_diagnostic,2019-12-02,2019-12-02,2019-12-02,2019-12-01,IEF,3.3629876456780665e-17,0.0,3.3629876456780665e-17,False,growth_down_inflation_down,True,optimal
oracle_regime_pooled_relative_active_te100bp,oracle_infeasible_diagnostic,2019-12-02,2019-12-02,2019-12-02,2019-12-01,TIP,0.04272566000795216,0.0,0.04272566000795216,False,growth_down_inflation_down,True,optimal
oracle_regime_pooled_relative_active_te100bp,oracle_infeasible_diagnostic,2019-12-02,2019-12-02,2019-12-02,2019-12-01,HYG,0.14728590050431534,0.1499999999999995,-0.002714099495684158,False,growth_down_inflation_down,True,optimal
oracle_regime_pooled_relative_active_te100bp,oracle_infeasible_diagnostic,2019-12-02,2019-12-02,2019-12-02,2019-12-01,BIL,0.04903030876359334,0.0,0.04903030876359334,False,growth_down_inflation_down,True,optimal
oracle_regime_pooled_relative_active_te100bp,oracle_infeasible_diagnostic,2019-12-02,2019-12-02,2019-12-02,2019-12-01,GLD,0.10338522113263758,0.1513077132575073,-0.04792249212486972,False,growth_down_inflation_down,True,optimal
oracle_regime_pooled_relative_active_te100bp,oracle_infeasible_diagnostic,2019-12-02,2019-12-02,2019-12-02,2019-12-01,LQD,0.3346276008260874,0.3486922867424929,-0.014064685916405528,False,growth_down_inflation_down,True,optimal
oracle_regime_pooled_relative_active_te100bp,oracle_infeasible_diagnostic,2019-12-02,2019-12-02,2019-12-02,2019-12-01,AGG,0.0,0.0,0.0,False,growth_down_inflation_down,True,optimal
oracle_regime_pooled_relative_active_te100bp,oracle_infeasible_diagnostic,2019-12-09,2019-12-09,2019-12-09,2019-12-01,SPY,0.32231239961872915,0.3493306149338344,-0.027018215315105232,False,growth_down_inflation_down,True,optimal
oracle_regime_pooled_relative_active_te100bp,oracle_infeasible_diagnostic,2019-12-09,2019-12-09,2019-12-09,2019-12-01,IEF,3.3564377118320114e-17,0.0,3.3564377118320114e-17,False,growth_down_inflation_down,True,optimal
oracle_regime_pooled_relative_active_te100bp,oracle_infeasible_diagnostic,2019-12-09,2019-12-09,2019-12-09,2019-12-01,TIP,0.042839347185366444,0.0,0.042839347185366444,False,growth_down_inflation_down,True,optimal
oracle_regime_pooled_relative_active_te100bp,oracle_infeasible_diagnostic,2019-12-09,2019-12-09,2019-12-09,2019-12-01,HYG,0.1473751334812826,0.1500979866579393,-0.0027228531766567143,False,growth_down_inflation_down,True,optimal
oracle_regime_pooled_relative_active_te100bp,oracle_infeasible_diagnostic,2019-12-09,2019-12-09,2019-12-09,2019-12-01,BIL,0.0489067216741531,0.0,0.0489067216741531,False,growth_down_inflation_down,True,optimal
oracle_regime_pooled_relative_active_te100bp,oracle_infeasible_diagnostic,2019-12-09,2019-12-09,2019-12-09,2019-12-01,GLD,0.10331605339386947,0.1512136461590383,-0.04789759276516882,False,growth_down_inflation_down,True,optimal
oracle_regime_pooled_relative_active_te100bp,oracle_infeasible_diagnostic,2019-12-09,2019-12-09,2019-12-09,2019-12-01,LQD,0.33525034464659914,0.3493577522491879,-0.014107407602588773,False,growth_down_inflation_down,True,optimal
oracle_regime_pooled_relative_active_te100bp,oracle_infeasible_diagnostic,2019-12-09,2019-12-09,2019-12-09,2019-12-01,AGG,0.0,0.0,0.0,False,growth_down_inflation_down,True,optimal
oracle_regime_pooled_relative_active_te100bp,oracle_infeasible_diagnostic,2019-12-16,2019-12-16,2019-12-16,2019-12-01,SPY,0.3232525540571207,0.3499999999999999,-0.0267474459428792,False,growth_down_inflation_down,True,optimal
oracle_regime_pooled_relative_active_te100bp,oracle_infeasible_diagnostic,2019-12-16,2019-12-16,2019-12-16,2019-12-01,IEF,3.334177423103233e-17,0.0,3.334177423103233e-17,False,growth_down_inflation_down,True,optimal
oracle_regime_pooled_relative_active_te100bp,oracle_infeasible_diagnostic,2019-12-16,2019-12-16,2019-12-16,2019-12-01,TIP,0.042625442000239565,0.0,0.042625442000239565,False,growth_down_inflation_down,True,optimal
oracle_regime_pooled_relative_active_te100bp,oracle_infeasible_diagnostic,2019-12-16,2019-12-16,2019-12-16,2019-12-01,HYG,0.14766004687726242,0.1499999999999995,-0.0023399531227370762,False,growth_down_inflation_down,True,optimal
oracle_regime_pooled_relative_active_te100bp,oracle_infeasible_diagnostic,2019-12-16,2019-12-16,2019-12-16,2019-12-01,BIL,0.04860952743647027,0.0,0.04860952743647027,False,growth_down_inflation_down,True,optimal
oracle_regime_pooled_relative_active_te100bp,oracle_infeasible_diagnostic,2019-12-16,2019-12-16,2019-12-16,2019-12-01,GLD,0.10360839439969667,0.1519304990599747,-0.04832210466027802,False,growth_down_inflation_down,True,optimal
oracle_regime_pooled_relative_active_te100bp,oracle_infeasible_diagnostic,2019-12-16,2019-12-16,2019-12-16,2019-12-01,LQD,0.33424403522921015,0.348069500940026,-0.013825465710815832,False,growth_down_inflation_down,True,optimal
oracle_regime_pooled_relative_active_te100bp,oracle_infeasible_diagnostic,2019-12-16,2019-12-16,2019-12-16,2019-12-01,AGG,0.0,0.0,0.0,False,growth_down_inflation_down,True,optimal
oracle_regime_pooled_relative_active_te100bp,oracle_infeasible_diagnostic,2019-12-23,2019-12-23,2019-12-23,2019-12-01,SPY,0.3253181937369309,0.3500000000000003,-0.024681806263069428,False,growth_down_inflation_down,True,optimal
oracle_regime_pooled_relative_active_te100bp,oracle_infeasible_diagnostic,2019-12-23,2019-12-23,2019-12-23,2019-12-01,IEF,3.310042919342373e-17,0.0,3.310042919342373e-17,False,growth_down_inflation_down,True,optimal
oracle_regime_pooled_relative_active_te100bp,oracle_infeasible_diagnostic,2019-12-23,2019-12-23,2019-12-23,2019-12-01,TIP,0.04250486995841463,0.0,0.04250486995841463,False,growth_down_inflation_down,True,optimal
oracle_regime_pooled_relative_active_te100bp,oracle_infeasible_diagnostic,2019-12-23,2019-12-23,2019-12-23,2019-12-01,HYG,0.14767253105227526,0.15,-0.0023274689477247312,False,growth_down_inflation_down,True,optimal
oracle_regime_pooled_relative_active_te100bp,oracle_infeasible_diagnostic,2019-12-23,2019-12-23,2019-12-23,2019-12-01,BIL,0.04847016003482158,0.0,0.04847016003482158,False,growth_down_inflation_down,True,optimal
oracle_regime_pooled_relative_active_te100bp,oracle_infeasible_diagnostic,2019-12-23,2019-12-23,2019-12-23,2019-12-01,GLD,0.10350925365514885,0.1517375176749102,-0.04822826401976135,False,growth_down_inflation_down,True,optimal
oracle_regime_pooled_relative_active_te100bp,oracle_infeasible_diagnostic,2019-12-23,2019-12-23,2019-12-23,2019-12-01,LQD,0.33252499156240867,0.3482624823250894,-0.015737490762680717,False,growth_down_inflation_down,True,optimal
oracle_regime_pooled_relative_active_te100bp,oracle_infeasible_diagnostic,2019-12-23,2019-12-23,2019-12-23,2019-12-01,AGG,0.0,0.0,0.0,False,growth_down_inflation_down,True,optimal
oracle_regime_pooled_relative_active_te100bp,oracle_infeasible_diagnostic,2019-12-30,2019-12-30,2019-12-30,2019-12-01,SPY,0.32501638854654546,0.3492963015855187,-0.024279913038973255,False,growth_down_inflation_down,True,optimal
oracle_regime_pooled_relative_active_te100bp,oracle_infeasible_diagnostic,2019-12-30,2019-12-30,2019-12-30,2019-12-01,IEF,3.3053131801677375e-17,0.0,3.3053131801677375e-17,False,growth_down_inflation_down,True,optimal
oracle_regime_pooled_relative_active_te100bp,oracle_infeasible_diagnostic,2019-12-30,2019-12-30,2019-12-30,2019-12-01,TIP,0.04232380041030842,0.0,0.04232380041030842,False,growth_down_inflation_down,True,optimal
oracle_regime_pooled_relative_active_te100bp,oracle_infeasible_diagnostic,2019-12-30,2019-12-30,2019-12-30,2019-12-01,HYG,0.14723997389556912,0.1493985241170408,-0.0021585502214716834,False,growth_down_inflation_down,True,optimal
oracle_regime_pooled_relative_active_te100bp,oracle_infeasible_diagnostic,2019-12-30,2019-12-30,2019-12-30,2019-12-01,BIL,0.04824528658730744,0.0,0.04824528658730744,False,growth_down_inflation_down,True,optimal
oracle_regime_pooled_relative_active_te100bp,oracle_infeasible_diagnostic,2019-12-30,2019-12-30,2019-12-30,2019-12-01,GLD,0.10507357036172449,0.1538637533753619,-0.04879018301363741,False,growth_down_inflation_down,True,optimal
oracle_regime_pooled_relative_active_te100bp,oracle_infeasible_diagnostic,2019-12-30,2019-12-30,2019-12-30,2019-12-01,LQD,0.332100980198545,0.3474414209220784,-0.01534044072353341,False,growth_down_inflation_down,True,optimal
oracle_regime_pooled_relative_active_te100bp,oracle_infeasible_diagnostic,2019-12-30,2019-12-30,2019-12-30,2019-12-01,AGG,0.0,0.0,0.0,False,growth_down_inflation_down,True,optimal
oracle_regime_pooled_relative_active_te100bp,oracle_infeasible_diagnostic,2020-01-06,2020-01-06,2020-01-06,2020-01-01,SPY,0.3229530116844598,0.3468246097637203,-0.023871598079260536,False,growth_down_inflation_down,True,optimal
oracle_regime_pooled_relative_active_te100bp,oracle_infeasible_diagnostic,2020-01-06,2020-01-06,2020-01-06,2020-01-01,IEF,3.3244245870622405e-17,0.0,3.3244245870622405e-17,False,growth_down_inflation_down,True,optimal
oracle_regime_pooled_relative_active_te100bp,oracle_infeasible_diagnostic,2020-01-06,2020-01-06,2020-01-06,2020-01-01,TIP,0.04256317868168684,0.0,0.04256317868168684,False,growth_down_inflation_down,True,optimal
oracle_regime_pooled_relative_active_te100bp,oracle_infeasible_diagnostic,2020-01-06,2020-01-06,2020-01-06,2020-01-01,HYG,0.1469165299413426,0.1489611710741696,-0.0020446411328269853,False,growth_down_inflation_down,True,optimal
oracle_regime_pooled_relative_active_te100bp,oracle_infeasible_diagnostic,2020-01-06,2020-01-06,2020-01-06,2020-01-01,BIL,0.04802977962720724,0.0,0.04802977962720724,False,growth_down_inflation_down,True,optimal
oracle_regime_pooled_relative_active_te100bp,oracle_infeasible_diagnostic,2020-01-06,2020-01-06,2020-01-06,2020-01-01,GLD,0.10700221150689554,0.1565731997394093,-0.04957098823251377,False,growth_down_inflation_down,True,optimal
oracle_regime_pooled_relative_active_te100bp,oracle_infeasible_diagnostic,2020-01-06,2020-01-06,2020-01-06,2020-01-01,LQD,0.3325352885584078,0.3476410194227006,-0.015105730864292788,False,growth_down_inflation_down,True,optimal
oracle_regime_pooled_relative_active_te100bp,oracle_infeasible_diagnostic,2020-01-06,2020-01-06,2020-01-06,2020-01-01,AGG,0.0,0.0,0.0,False,growth_down_inflation_down,True,optimal
oracle_regime_pooled_relative_active_te100bp,oracle_infeasible_diagnostic,2020-01-13,2020-01-13,2020-01-13,2020-01-01,SPY,0.32675988854447213,0.3500000000000015,-0.023240111455529344,False,growth_down_inflation_down,True,optimal
oracle_regime_pooled_relative_active_te100bp,oracle_infeasible_diagnostic,2020-01-13,2020-01-13,2020-01-13,2020-01-01,IEF,3.2975528571020476e-17,0.0,3.2975528571020476e-17,False,growth_down_inflation_down,True,optimal
oracle_regime_pooled_relative_active_te100bp,oracle_infeasible_diagnostic,2020-01-13,2020-01-13,2020-01-13,2020-01-01,TIP,0.04216255444041229,0.0,0.04216255444041229,False,growth_down_inflation_down,True,optimal
oracle_regime_pooled_relative_active_te100bp,oracle_infeasible_diagnostic,2020-01-13,2020-01-13,2020-01-13,2020-01-01,HYG,0.14673086888661052,0.1496419633795225,-0.002911094492911992,False,growth_down_inflation_down,True,optimal
oracle_regime_pooled_relative_active_te100bp,oracle_infeasible_diagnostic,2020-01-13,2020-01-13,2020-01-13,2020-01-01,BIL,0.047827588201045726,0.0,0.047827588201045726,False,growth_down_inflation_down,True,optimal
oracle_regime_pooled_relative_active_te100bp,oracle_infeasible_diagnostic,2020-01-13,2020-01-13,2020-01-13,2020-01-01,GLD,0.10543041964338737,0.1542597073092128,-0.04882928766582542,False,growth_down_inflation_down,True,optimal
oracle_regime_pooled_relative_active_te100bp,oracle_infeasible_diagnostic,2020-01-13,2020-01-13,2020-01-13,2020-01-01,LQD,0.33108868028407185,0.3460983293112631,-0.015009649027191263,False,growth_down_inflation_down,True,optimal
oracle_regime_pooled_relative_active_te100bp,oracle_infeasible_diagnostic,2020-01-13,2020-01-13,2020-01-13,2020-01-01,AGG,0.0,0.0,0.0,False,growth_down_inflation_down,True,optimal
oracle_regime_pooled_relative_active_te100bp,oracle_infeasible_diagnostic,2020-01-20,2020-01-20,2020-01-21,2020-01-01,SPY,0.3300614297678999,0.3499999999999991,-0.019938570232099162,False,growth_down_inflation_down,True,optimal
oracle_regime_pooled_relative_active_te100bp,oracle_infeasible_diagnostic,2020-01-20,2020-01-20,2020-01-21,2020-01-01,IEF,3.280680793719244e-17,0.0,3.280680793719244e-17,False,growth_down_inflation_down,True,optimal
oracle_regime_pooled_relative_active_te100bp,oracle_infeasible_diagnostic,2020-01-20,2020-01-20,2020-01-21,2020-01-01,TIP,0.04185020751419408,0.0,0.04185020751419408,False,growth_down_inflation_down,True,optimal
oracle_regime_pooled_relative_active_te100bp,oracle_infeasible_diagnostic,2020-01-20,2020-01-20,2020-01-21,2020-01-01,HYG,0.14566496281982633,0.1499999999999999,-0.004335037180173584,False,growth_down_inflation_down,True,optimal
oracle_regime_pooled_relative_active_te100bp,oracle_infeasible_diagnostic,2020-01-20,2020-01-20,2020-01-21,2020-01-01,BIL,0.04751206650797229,0.0,0.04751206650797229,False,growth_down_inflation_down,True,optimal
oracle_regime_pooled_relative_active_te100bp,oracle_infeasible_diagnostic,2020-01-20,2020-01-20,2020-01-21,2020-01-01,GLD,0.10487649243847486,0.1533668420967509,-0.04849034965827603,False,growth_down_inflation_down,True,optimal
oracle_regime_pooled_relative_active_te100bp,oracle_infeasible_diagnostic,2020-01-20,2020-01-20,2020-01-21,2020-01-01,LQD,0.33003484095163255,0.34663315790325,-0.016598316951617453,False,growth_down_inflation_down,True,optimal
oracle_regime_pooled_relative_active_te100bp,oracle_infeasible_diagnostic,2020-01-20,2020-01-20,2020-01-21,2020-01-01,AGG,0.0,0.0,0.0,False,growth_down_inflation_down,True,optimal
oracle_regime_pooled_relative_active_te100bp,oracle_infeasible_diagnostic,2020-01-27,2020-01-27,2020-01-27,2020-01-01,SPY,0.3277988840132124,0.3474443647157417,-0.019645480702529305,False,growth_down_inflation_down,True,optimal
oracle_regime_pooled_relative_active_te100bp,oracle_infeasible_diagnostic,2020-01-27,2020-01-27,2020-01-27,2020-01-01,IEF,3.3054655286178764e-17,0.0,3.3054655286178764e-17,False,growth_down_inflation_down,True,optimal
oracle_regime_pooled_relative_active_te100bp,oracle_infeasible_diagnostic,2020-01-27,2020-01-27,2020-01-27,2020-01-01,TIP,0.04204299120702936,0.0,0.04204299120702936,False,growth_down_inflation_down,True,optimal
oracle_regime_pooled_relative_active_te100bp,oracle_infeasible_diagnostic,2020-01-27,2020-01-27,2020-01-27,2020-01-01,HYG,0.14453238074764224,0.1487667402484722,-0.004234359500829954,False,growth_down_inflation_down,True,optimal
oracle_regime_pooled_relative_active_te100bp,oracle_infeasible_diagnostic,2020-01-27,2020-01-27,2020-01-27,2020-01-01,BIL,0.04749725906026849,0.0,0.04749725906026849,False,growth_down_inflation_down,True,optimal
oracle_regime_pooled_relative_active_te100bp,oracle_infeasible_diagnostic,2020-01-27,2020-01-27,2020-01-27,2020-01-01,GLD,0.10642173668659748,0.1555565121091933,-0.049134775422595825,False,growth_down_inflation_down,True,optimal
oracle_regime_pooled_relative_active_te100bp,oracle_infeasible_diagnostic,2020-01-27,2020-01-27,2020-01-27,2020-01-01,LQD,0.33170674828525,0.3482323829265928,-0.016525634641342823,False,growth_down_inflation_down,True,optimal
oracle_regime_pooled_relative_active_te100bp,oracle_infeasible_diagnostic,2020-01-27,2020-01-27,2020-01-27,2020-01-01,AGG,0.0,0.0,0.0,False,growth_down_inflation_down,True,optimal
oracle_regime_pooled_relative_active_te100bp,oracle_infeasible_diagnostic,2020-02-03,2020-02-03,2020-02-03,2020-02-01,SPY,0.3258747421313593,0.3454941879540549,-0.01961944582269559,False,growth_up_inflation_up,True,optimal
oracle_regime_pooled_relative_active_te100bp,oracle_infeasible_diagnostic,2020-02-03,2020-02-03,2020-02-03,2020-02-01,IEF,3.324116761487836e-17,0.0,3.324116761487836e-17,False,growth_up_inflation_up,True,optimal
oracle_regime_pooled_relative_active_te100bp,oracle_infeasible_diagnostic,2020-02-03,2020-02-03,2020-02-03,2020-02-01,TIP,0.04229188344641373,0.0,0.04229188344641373,False,growth_up_inflation_up,True,optimal
oracle_regime_pooled_relative_active_te100bp,oracle_infeasible_diagnostic,2020-02-03,2020-02-03,2020-02-03,2020-02-01,HYG,0.14474412352435556,0.1490231966884114,-0.004279073164055847,False,growth_up_inflation_up,True,optimal
oracle_regime_pooled_relative_active_te100bp,oracle_infeasible_diagnostic,2020-02-03,2020-02-03,2020-02-03,2020-02-01,BIL,0.047419612513083305,0.0,0.047419612513083305,False,growth_up_inflation_up,True,optimal
oracle_regime_pooled_relative_active_te100bp,oracle_infeasible_diagnostic,2020-02-03,2020-02-03,2020-02-03,2020-02-01,GLD,0.10628859293920641,0.1554020547229987,-0.04911346178379229,False,growth_up_inflation_up,True,optimal
oracle_regime_pooled_relative_active_te100bp,oracle_infeasible_diagnostic,2020-02-03,2020-02-03,2020-02-03,2020-02-01,LQD,0.33338104544558156,0.3500805606345351,-0.016699515188953518,False,growth_up_inflation_up,True,optimal
oracle_regime_pooled_relative_active_te100bp,oracle_infeasible_diagnostic,2020-02-03,2020-02-03,2020-02-03,2020-02-01,AGG,0.0,0.0,0.0,False,growth_up_inflation_up,True,optimal
oracle_regime_pooled_relative_active_te100bp,oracle_infeasible_diagnostic,2020-02-10,2020-02-10,2020-02-10,2020-02-01,SPY,0.33160238254306224,0.3499999999999992,-0.018397617456936965,False,growth_up_inflation_up,True,optimal
oracle_regime_pooled_relative_active_te100bp,oracle_infeasible_diagnostic,2020-02-10,2020-02-10,2020-02-10,2020-02-01,IEF,3.282287364361819e-17,0.0,3.282287364361819e-17,False,growth_up_inflation_up,True,optimal
oracle_regime_pooled_relative_active_te100bp,oracle_infeasible_diagnostic,2020-02-10,2020-02-10,2020-02-10,2020-02-01,TIP,0.04186401228869227,0.0,0.04186401228869227,False,growth_up_inflation_up,True,optimal
oracle_regime_pooled_relative_active_te100bp,oracle_infeasible_diagnostic,2020-02-10,2020-02-10,2020-02-10,2020-02-01,HYG,0.14441503223712415,0.1499999999999999,-0.005584967762875759,False,growth_up_inflation_up,True,optimal
oracle_regime_pooled_relative_active_te100bp,oracle_infeasible_diagnostic,2020-02-10,2020-02-10,2020-02-10,2020-02-01,BIL,0.04697787456157371,0.0,0.04697787456157371,False,growth_up_inflation_up,True,optimal
oracle_regime_pooled_relative_active_te100bp,oracle_infeasible_diagnostic,2020-02-10,2020-02-10,2020-02-10,2020-02-01,GLD,0.10465932031121422,0.1530707300460266,-0.048411409734812366,False,growth_up_inflation_up,True,optimal
oracle_regime_pooled_relative_active_te100bp,oracle_infeasible_diagnostic,2020-02-10,2020-02-10,2020-02-10,2020-02-01,LQD,0.3304813780583333,0.3469292699539741,-0.01644789189564083,False,growth_up_inflation_up,True,optimal
oracle_regime_pooled_relative_active_te100bp,oracle_infeasible_diagnostic,2020-02-10,2020-02-10,2020-02-10,2020-02-01,AGG,0.0,0.0,0.0,False,growth_up_inflation_up,True,optimal
oracle_regime_pooled_relative_active_te100bp,oracle_infeasible_diagnostic,2020-02-17,2020-02-17,2020-02-18,2020-02-01,SPY,0.33394159002689977,0.3500000000000001,-0.016058409973100318,False,growth_up_inflation_up,True,optimal
oracle_regime_pooled_relative_active_te100bp,oracle_infeasible_diagnostic,2020-02-17,2020-02-17,2020-02-18,2020-02-01,IEF,1.538219640798792e-16,0.0,1.538219640798792e-16,False,growth_up_inflation_up,True,optimal
oracle_regime_pooled_relative_active_te100bp,oracle_infeasible_diagnostic,2020-02-17,2020-02-17,2020-02-18,2020-02-01,TIP,0.04152301448618901,0.0,0.04152301448618901,False,growth_up_inflation_up,True,optimal
oracle_regime_pooled_relative_active_te100bp,oracle_infeasible_diagnostic,2020-02-17,2020-02-17,2020-02-18,2020-02-01,HYG,0.14402019262381696,0.1500000000000001,-0.005979807376183144,False,growth_up_inflation_up,True,optimal
oracle_regime_pooled_relative_active_te100bp,oracle_infeasible_diagnostic,2020-02-17,2020-02-17,2020-02-18,2020-02-01,BIL,0.04662112888684925,0.0,0.04662112888684925,False,growth_up_inflation_up,True,optimal
oracle_regime_pooled_relative_active_te100bp,oracle_infeasible_diagnostic,2020-02-17,2020-02-17,2020-02-18,2020-02-01,GLD,0.10579352161871253,0.1557935216187125,-0.04999999999999996,False,growth_up_inflation_up,True,optimal
oracle_regime_pooled_relative_active_te100bp,oracle_infeasible_diagnostic,2020-02-17,2020-02-17,2020-02-18,2020-02-01,LQD,0.3281005523575325,0.3442064783812872,-0.016105926023754713,False,growth_up_inflation_up,True,optimal
oracle_regime_pooled_relative_active_te100bp,oracle_infeasible_diagnostic,2020-02-17,2020-02-17,2020-02-18,2020-02-01,AGG,0.0,0.0,0.0,False,growth_up_inflation_up,True,optimal
oracle_regime_pooled_relative_active_te100bp,oracle_infeasible_diagnostic,2020-02-24,2020-02-24,2020-02-24,2020-02-01,SPY,0.3289542786870845,0.3456552509476661,-0.016700972260581592,False,growth_up_inflation_up,True,optimal
oracle_regime_pooled_relative_active_te100bp,oracle_infeasible_diagnostic,2020-02-24,2020-02-24,2020-02-24,2020-02-01,IEF,1.5171846740669322e-16,0.0,1.5171846740669322e-16,False,growth_up_inflation_up,True,optimal
oracle_regime_pooled_relative_active_te100bp,oracle_infeasible_diagnostic,2020-02-24,2020-02-24,2020-02-24,2020-02-01,TIP,0.04161369695686184,0.0,0.04161369695686184,False,growth_up_inflation_up,True,optimal
oracle_regime_pooled_relative_active_te100bp,oracle_infeasible_diagnostic,2020-02-24,2020-02-24,2020-02-24,2020-02-01,HYG,0.14368483573633772,0.1494502020595398,-0.00576536632320207,False,growth_up_inflation_up,True,optimal
oracle_regime_pooled_relative_active_te100bp,oracle_infeasible_diagnostic,2020-02-24,2020-02-24,2020-02-24,2020-02-01,BIL,0.04653827361517523,0.0,0.04653827361517523,False,growth_up_inflation_up,True,optimal
oracle_regime_pooled_relative_active_te100bp,oracle_infeasible_diagnostic,2020-02-24,2020-02-24,2020-02-24,2020-02-01,GLD,0.11025044515080458,0.1602504451508046,-0.05000000000000003,False,growth_up_inflation_up,True,optimal
oracle_regime_pooled_relative_active_te100bp,oracle_infeasible_diagnostic,2020-02-24,2020-02-24,2020-02-24,2020-02-01,LQD,0.32895846985373595,0.3446441018419894,-0.015685631988253457,False,growth_up_inflation_up,True,optimal
oracle_regime_pooled_relative_active_te100bp,oracle_infeasible_diagnostic,2020-02-24,2020-02-24,2020-02-24,2020-02-01,AGG,0.0,0.0,0.0,False,growth_up_inflation_up,True,optimal
oracle_regime_pooled_relative_active_te100bp,oracle_infeasible_diagnostic,2020-03-02,2020-03-02,2020-03-02,2020-03-01,SPY,0.3000720931629403,0.3435576667261913,-0.043485573563251,False,growth_down_inflation_down,True,optimal
oracle_regime_pooled_relative_active_te100bp,oracle_infeasible_diagnostic,2020-03-02,2020-03-02,2020-03-02,2020-03-01,IEF,1.6014857475783682e-16,0.0,1.6014857475783682e-16,False,growth_down_inflation_down,True,optimal
oracle_regime_pooled_relative_active_te100bp,oracle_infeasible_diagnostic,2020-03-02,2020-03-02,2020-03-02,2020-03-01,TIP,0.043278432245578966,0.0,0.043278432245578966,False,growth_down_inflation_down,True,optimal
oracle_regime_pooled_relative_active_te100bp,oracle_infeasible_diagnostic,2020-03-02,2020-03-02,2020-03-02,2020-03-01,HYG,0.14660884025324422,0.1532489265741772,-0.006640086320932992,False,growth_down_inflation_down,True,optimal
oracle_regime_pooled_relative_active_te100bp,oracle_infeasible_diagnostic,2020-03-02,2020-03-02,2020-03-02,2020-03-01,BIL,0.04830168978452203,0.0,0.04830168978452203,False,growth_down_inflation_down,True,optimal
oracle_regime_pooled_relative_active_te100bp,oracle_infeasible_diagnostic,2020-03-02,2020-03-02,2020-03-02,2020-03-01,GLD,0.11997642573987206,0.156442333273809,-0.03646590753393693,False,growth_down_inflation_down,True,optimal
oracle_regime_pooled_relative_active_te100bp,oracle_infeasible_diagnostic,2020-03-02,2020-03-02,2020-03-02,2020-03-01,LQD,0.34176251881384234,0.3467510734258224,-0.004988554611980056,False,growth_down_inflation_down,True,optimal
oracle_regime_pooled_relative_active_te100bp,oracle_infeasible_diagnostic,2020-03-02,2020-03-02,2020-03-02,2020-03-01,AGG,0.0,0.0,0.0,False,growth_down_inflation_down,True,optimal
oracle_regime_pooled_relative_active_te100bp,oracle_infeasible_diagnostic,2020-03-09,2020-03-09,2020-03-09,2020-03-01,SPY,0.2954188064445347,0.3385413267271445,-0.043122520282609766,False,growth_down_inflation_down,True,optimal
oracle_regime_pooled_relative_active_te100bp,oracle_infeasible_diagnostic,2020-03-09,2020-03-09,2020-03-09,2020-03-01,IEF,1.6172809602776414e-16,0.0,1.6172809602776414e-16,False,growth_down_inflation_down,True,optimal
oracle_regime_pooled_relative_active_te100bp,oracle_infeasible_diagnostic,2020-03-09,2020-03-09,2020-03-09,2020-03-01,TIP,0.0436035054414222,0.0,0.0436035054414222,False,growth_down_inflation_down,True,optimal
oracle_regime_pooled_relative_active_te100bp,oracle_infeasible_diagnostic,2020-03-09,2020-03-09,2020-03-09,2020-03-01,HYG,0.14396306045898652,0.1503490645299263,-0.0063860040709397825,False,growth_down_inflation_down,True,optimal
oracle_regime_pooled_relative_active_te100bp,oracle_infeasible_diagnostic,2020-03-09,2020-03-09,2020-03-09,2020-03-01,BIL,0.04780605392718738,0.0,0.04780605392718738,False,growth_down_inflation_down,True,optimal
oracle_regime_pooled_relative_active_te100bp,oracle_infeasible_diagnostic,2020-03-09,2020-03-09,2020-03-09,2020-03-01,GLD,0.12513543146412195,0.1623256257806405,-0.03719019431651854,False,growth_down_inflation_down,True,optimal
oracle_regime_pooled_relative_active_te100bp,oracle_infeasible_diagnostic,2020-03-09,2020-03-09,2020-03-09,2020-03-01,LQD,0.344073142263747,0.3487839829622886,-0.004710840698541552,False,growth_down_inflation_down,True,optimal
oracle_regime_pooled_relative_active_te100bp,oracle_infeasible_diagnostic,2020-03-09,2020-03-09,2020-03-09,2020-03-01,AGG,0.0,0.0,0.0,False,growth_down_inflation_down,True,optimal
oracle_regime_pooled_relative_active_te100bp,oracle_infeasible_diagnostic,2020-03-16,2020-03-16,2020-03-16,2020-03-01,SPY,0.30181338377793243,0.3464848325748357,-0.04467144879690327,False,growth_down_inflation_down,True,optimal
oracle_regime_pooled_relative_active_te100bp,oracle_infeasible_diagnostic,2020-03-16,2020-03-16,2020-03-16,2020-03-01,IEF,1.5369819219835472e-16,0.0,1.5369819219835472e-16,False,growth_down_inflation_down,True,optimal
oracle_regime_pooled_relative_active_te100bp,oracle_infeasible_diagnostic,2020-03-16,2020-03-16,2020-03-16,2020-03-01,TIP,0.03965641252602335,0.0,0.03965641252602335,False,growth_down_inflation_down,True,optimal
oracle_regime_pooled_relative_active_te100bp,oracle_infeasible_diagnostic,2020-03-16,2020-03-16,2020-03-16,2020-03-01,HYG,0.15111907329331972,0.1535151674251643,-0.0023960941318445783,False,growth_down_inflation_down,True,optimal
oracle_regime_pooled_relative_active_te100bp,oracle_infeasible_diagnostic,2020-03-16,2020-03-16,2020-03-16,2020-03-01,BIL,0.04994715265715051,0.0,0.04994715265715051,False,growth_down_inflation_down,True,optimal
oracle_regime_pooled_relative_active_te100bp,oracle_infeasible_diagnostic,2020-03-16,2020-03-16,2020-03-16,2020-03-01,GLD,0.12068982183984052,0.1580074099254322,-0.03731758808559167,False,growth_down_inflation_down,True,optimal
oracle_regime_pooled_relative_active_te100bp,oracle_infeasible_diagnostic,2020-03-16,2020-03-16,2020-03-16,2020-03-01,LQD,0.33677415590573334,0.3419925900745677,-0.005218434168834385,False,growth_down_inflation_down,True,optimal
oracle_regime_pooled_relative_active_te100bp,oracle_infeasible_diagnostic,2020-03-16,2020-03-16,2020-03-16,2020-03-01,AGG,0.0,0.0,0.0,False,growth_down_inflation_down,True,optimal
oracle_regime_pooled_relative_active_te100bp,oracle_infeasible_diagnostic,2020-03-23,2020-03-23,2020-03-23,2020-03-01,SPY,0.3033113772973284,0.3492077844778682,-0.04589640718053983,False,growth_down_inflation_down,True,optimal
oracle_regime_pooled_relative_active_te100bp,oracle_infeasible_diagnostic,2020-03-23,2020-03-23,2020-03-23,2020-03-01,IEF,1.567016788497462e-16,0.0,1.567016788497462e-16,False,growth_down_inflation_down,True,optimal
oracle_regime_pooled_relative_active_te100bp,oracle_infeasible_diagnostic,2020-03-23,2020-03-23,2020-03-23,2020-03-01,TIP,0.03978101114123365,0.0,0.03978101114123365,False,growth_down_inflation_down,True,optimal
oracle_regime_pooled_relative_active_te100bp,oracle_infeasible_diagnostic,2020-03-23,2020-03-23,2020-03-23,2020-03-01,HYG,0.14660270696302852,0.149356277188424,-0.002753570225395491,False,growth_down_inflation_down,True,optimal
oracle_regime_pooled_relative_active_te100bp,oracle_infeasible_diagnostic,2020-03-23,2020-03-23,2020-03-23,2020-03-01,BIL,0.049999999999999996,0.0,0.049999999999999996,False,growth_down_inflation_down,True,optimal
oracle_regime_pooled_relative_active_te100bp,oracle_infeasible_diagnostic,2020-03-23,2020-03-23,2020-03-23,2020-03-01,GLD,0.13484250029888875,0.169978133295914,-0.03513563299702524,False,growth_down_inflation_down,True,optimal
oracle_regime_pooled_relative_active_te100bp,oracle_infeasible_diagnostic,2020-03-23,2020-03-23,2020-03-23,2020-03-01,LQD,0.32546240429952056,0.3314578050377938,-0.00599540073827326,False,growth_down_inflation_down,True,optimal
oracle_regime_pooled_relative_active_te100bp,oracle_infeasible_diagnostic,2020-03-23,2020-03-23,2020-03-23,2020-03-01,AGG,0.0,0.0,0.0,False,growth_down_inflation_down,True,optimal
oracle_regime_pooled_relative_active_te100bp,oracle_infeasible_diagnostic,2020-03-30,2020-03-30,2020-03-30,2020-03-01,SPY,0.308428504719343,0.3500000000000003,-0.04157149528065729,False,growth_down_inflation_down,True,optimal
oracle_regime_pooled_relative_active_te100bp,oracle_infeasible_diagnostic,2020-03-30,2020-03-30,2020-03-30,2020-03-01,IEF,1.4531909117540916e-16,0.0,1.4531909117540916e-16,False,growth_down_inflation_down,True,optimal
oracle_regime_pooled_relative_active_te100bp,oracle_infeasible_diagnostic,2020-03-30,2020-03-30,2020-03-30,2020-03-01,TIP,0.03794907983991319,0.0,0.03794907983991319,False,growth_down_inflation_down,True,optimal
oracle_regime_pooled_relative_active_te100bp,oracle_infeasible_diagnostic,2020-03-30,2020-03-30,2020-03-30,2020-03-01,HYG,0.14760983938784566,0.1494716398388743,-0.001861800451028628,False,growth_down_inflation_down,True,optimal
oracle_regime_pooled_relative_active_te100bp,oracle_infeasible_diagnostic,2020-03-30,2020-03-30,2020-03-30,2020-03-01,BIL,0.04578166251429541,0.0,0.04578166251429541,False,growth_down_inflation_down,True,optimal
oracle_regime_pooled_relative_active_te100bp,oracle_infeasible_diagnostic,2020-03-30,2020-03-30,2020-03-30,2020-03-01,GLD,0.13174755112554024,0.1680198230857394,-0.036272271960199165,False,growth_down_inflation_down,True,optimal
oracle_regime_pooled_relative_active_te100bp,oracle_infeasible_diagnostic,2020-03-30,2020-03-30,2020-03-30,2020-03-01,LQD,0.3284833624130624,0.3325085370753857,-0.004025174662323272,False,growth_down_inflation_down,True,optimal
oracle_regime_pooled_relative_active_te100bp,oracle_infeasible_diagnostic,2020-03-30,2020-03-30,2020-03-30,2020-03-01,AGG,0.0,0.0,0.0,False,growth_down_inflation_down,True,optimal
oracle_regime_pooled_relative_active_te100bp,oracle_infeasible_diagnostic,2020-04-06,2020-04-06,2020-04-06,2020-04-01,SPY,0.3012860910518964,0.3466769905803489,-0.04539089952845249,False,growth_down_inflation_up,True,optimal
oracle_regime_pooled_relative_active_te100bp,oracle_infeasible_diagnostic,2020-04-06,2020-04-06,2020-04-06,2020-04-01,IEF,0.0,0.0,0.0,False,growth_down_inflation_up,True,optimal
oracle_regime_pooled_relative_active_te100bp,oracle_infeasible_diagnostic,2020-04-06,2020-04-06,2020-04-06,2020-04-01,TIP,0.039096994611645244,0.0,0.039096994611645244,False,growth_down_inflation_up,True,optimal
oracle_regime_pooled_relative_active_te100bp,oracle_infeasible_diagnostic,2020-04-06,2020-04-06,2020-04-06,2020-04-01,HYG,0.14416756224331115,0.1462397507884515,-0.002072188545140352,False,growth_down_inflation_up,True,optimal
oracle_regime_pooled_relative_active_te100bp,oracle_infeasible_diagnostic,2020-04-06,2020-04-06,2020-04-06,2020-04-01,BIL,0.037645237926534215,0.0,0.037645237926534215,False,growth_down_inflation_up,True,optimal
oracle_regime_pooled_relative_active_te100bp,oracle_infeasible_diagnostic,2020-04-06,2020-04-06,2020-04-06,2020-04-01,GLD,0.19245128291552002,0.1717304273801065,0.02072085553541353,False,growth_down_inflation_up,True,optimal
oracle_regime_pooled_relative_active_te100bp,oracle_infeasible_diagnostic,2020-04-06,2020-04-06,2020-04-06,2020-04-01,LQD,0.28535283125109295,0.3353528312510929,-0.04999999999999993,False,growth_down_inflation_up,True,optimal
oracle_regime_pooled_relative_active_te100bp,oracle_infeasible_diagnostic,2020-04-06,2020-04-06,2020-04-06,2020-04-01,AGG,0.0,0.0,0.0,False,growth_down_inflation_up,True,optimal
oracle_regime_pooled_relative_active_te100bp,oracle_infeasible_diagnostic,2020-04-13,2020-04-13,2020-04-13,2020-04-01,SPY,0.304465470652781,0.3489933009788017,-0.0445278303260207,False,growth_down_inflation_up,True,optimal
oracle_regime_pooled_relative_active_te100bp,oracle_infeasible_diagnostic,2020-04-13,2020-04-13,2020-04-13,2020-04-01,IEF,8.85604644484151e-19,0.0,8.85604644484151e-19,False,growth_down_inflation_up,True,optimal
oracle_regime_pooled_relative_active_te100bp,oracle_infeasible_diagnostic,2020-04-13,2020-04-13,2020-04-13,2020-04-01,TIP,0.03673313123111946,0.0,0.03673313123111946,False,growth_down_inflation_up,True,optimal
oracle_regime_pooled_relative_active_te100bp,oracle_infeasible_diagnostic,2020-04-13,2020-04-13,2020-04-13,2020-04-01,HYG,0.14855099762903803,0.1497125753835596,-0.0011615777545215533,False,growth_down_inflation_up,True,optimal
oracle_regime_pooled_relative_active_te100bp,oracle_infeasible_diagnostic,2020-04-13,2020-04-13,2020-04-13,2020-04-01,BIL,0.03533626255156266,0.0,0.03533626255156266,False,growth_down_inflation_up,True,optimal
oracle_regime_pooled_relative_active_te100bp,oracle_infeasible_diagnostic,2020-04-13,2020-04-13,2020-04-13,2020-04-01,GLD,0.18855401950941936,0.1649340052115592,0.023620014297860148,False,growth_down_inflation_up,True,optimal
oracle_regime_pooled_relative_active_te100bp,oracle_infeasible_diagnostic,2020-04-13,2020-04-13,2020-04-13,2020-04-01,LQD,0.2863601184260795,0.3363601184260795,-0.04999999999999999,False,growth_down_inflation_up,True,optimal
oracle_regime_pooled_relative_active_te100bp,oracle_infeasible_diagnostic,2020-04-13,2020-04-13,2020-04-13,2020-04-01,AGG,0.0,0.0,0.0,False,growth_down_inflation_up,True,optimal
oracle_regime_pooled_relative_active_te100bp,oracle_infeasible_diagnostic,2020-04-20,2020-04-20,2020-04-20,2020-04-01,SPY,0.30555503333514916,0.3500000000000006,-0.044444966664851426,False,growth_down_inflation_up,True,optimal
oracle_regime_pooled_relative_active_te100bp,oracle_infeasible_diagnostic,2020-04-20,2020-04-20,2020-04-20,2020-04-01,IEF,0.0,0.0,0.0,False,growth_down_inflation_up,True,optimal
oracle_regime_pooled_relative_active_te100bp,oracle_infeasible_diagnostic,2020-04-20,2020-04-20,2020-04-20,2020-04-01,TIP,0.03616661857817893,0.0,0.03616661857817893,False,growth_down_inflation_up,True,optimal
oracle_regime_pooled_relative_active_te100bp,oracle_infeasible_diagnostic,2020-04-20,2020-04-20,2020-04-20,2020-04-01,HYG,0.1462590904997615,0.1471576874865773,-0.0008985969868157972,False,growth_down_inflation_up,True,optimal
oracle_regime_pooled_relative_active_te100bp,oracle_infeasible_diagnostic,2020-04-20,2020-04-20,2020-04-20,2020-04-01,BIL,0.03511148013359876,0.0,0.03511148013359876,False,growth_down_inflation_up,True,optimal
oracle_regime_pooled_relative_active_te100bp,oracle_infeasible_diagnostic,2020-04-20,2020-04-20,2020-04-20,2020-04-01,GLD,0.19495432634648427,0.1708888614065946,0.024065464939889675,False,growth_down_inflation_up,True,optimal
oracle_regime_pooled_relative_active_te100bp,oracle_infeasible_diagnostic,2020-04-20,2020-04-20,2020-04-20,2020-04-01,LQD,0.28195345110682735,0.3319534511068273,-0.04999999999999993,False,growth_down_inflation_up,True,optimal
oracle_regime_pooled_relative_active_te100bp,oracle_infeasible_diagnostic,2020-04-20,2020-04-20,2020-04-20,2020-04-01,AGG,0.0,0.0,0.0,False,growth_down_inflation_up,True,optimal
oracle_regime_pooled_relative_active_te100bp,oracle_infeasible_diagnostic,2020-04-27,2020-04-27,2020-04-27,2020-04-01,SPY,0.3057215485815634,0.3499999999999998,-0.04427845141843639,False,growth_down_inflation_up,True,optimal
oracle_regime_pooled_relative_active_te100bp,oracle_infeasible_diagnostic,2020-04-27,2020-04-27,2020-04-27,2020-04-01,IEF,9.832509713322373e-18,0.0,9.832509713322373e-18,False,growth_down_inflation_up,True,optimal
oracle_regime_pooled_relative_active_te100bp,oracle_infeasible_diagnostic,2020-04-27,2020-04-27,2020-04-27,2020-04-01,TIP,0.03615496753459003,0.0,0.03615496753459003,False,growth_down_inflation_up,True,optimal
oracle_regime_pooled_relative_active_te100bp,oracle_infeasible_diagnostic,2020-04-27,2020-04-27,2020-04-27,2020-04-01,HYG,0.14237094470134487,0.1434273184172676,-0.001056373715922737,False,growth_down_inflation_up,True,optimal
oracle_regime_pooled_relative_active_te100bp,oracle_infeasible_diagnostic,2020-04-27,2020-04-27,2020-04-27,2020-04-01,BIL,0.03493175445479411,0.0,0.03493175445479411,False,growth_down_inflation_up,True,optimal
oracle_regime_pooled_relative_active_te100bp,oracle_infeasible_diagnostic,2020-04-27,2020-04-27,2020-04-27,2020-04-01,GLD,0.19947559174098595,0.1752274885960108,0.024248103144975136,False,growth_down_inflation_up,True,optimal
oracle_regime_pooled_relative_active_te100bp,oracle_infeasible_diagnostic,2020-04-27,2020-04-27,2020-04-27,2020-04-01,LQD,0.28134519298672167,0.3313451929867215,-0.04999999999999982,False,growth_down_inflation_up,True,optimal
oracle_regime_pooled_relative_active_te100bp,oracle_infeasible_diagnostic,2020-04-27,2020-04-27,2020-04-27,2020-04-01,AGG,0.0,0.0,0.0,False,growth_down_inflation_up,True,optimal
oracle_regime_pooled_relative_active_te100bp,oracle_infeasible_diagnostic,2020-05-04,2020-05-04,2020-05-04,2020-05-01,SPY,0.35,0.3498959316915647,0.00010406830843529002,False,growth_up_inflation_down,True,optimal
oracle_regime_pooled_relative_active_te100bp,oracle_infeasible_diagnostic,2020-05-04,2020-05-04,2020-05-04,2020-05-01,IEF,9.349549671792967e-18,0.0,9.349549671792967e-18,False,growth_up_inflation_down,True,optimal
oracle_regime_pooled_relative_active_te100bp,oracle_infeasible_diagnostic,2020-05-04,2020-05-04,2020-05-04,2020-05-01,TIP,0.03618561658419357,0.0,0.03618561658419357,False,growth_up_inflation_down,True,optimal
oracle_regime_pooled_relative_active_te100bp,oracle_infeasible_diagnostic,2020-05-04,2020-05-04,2020-05-04,2020-05-01,HYG,0.15,0.1451955719956496,0.004804428004350381,False,growth_up_inflation_down,True,optimal
oracle_regime_pooled_relative_active_te100bp,oracle_infeasible_diagnostic,2020-05-04,2020-05-04,2020-05-04,2020-05-01,BIL,0.03714193558008763,0.0,0.03714193558008763,False,growth_up_inflation_down,True,optimal
oracle_regime_pooled_relative_active_te100bp,oracle_infeasible_diagnostic,2020-05-04,2020-05-04,2020-05-04,2020-05-01,GLD,0.12432753881676449,0.1743275388167645,-0.05,False,growth_up_inflation_down,True,optimal
oracle_regime_pooled_relative_active_te100bp,oracle_infeasible_diagnostic,2020-05-04,2020-05-04,2020-05-04,2020-05-01,LQD,0.3023449090189544,0.3305809574960212,-0.02823604847706679,False,growth_up_inflation_down,True,optimal
oracle_regime_pooled_relative_active_te100bp,oracle_infeasible_diagnostic,2020-05-04,2020-05-04,2020-05-04,2020-05-01,AGG,0.0,0.0,0.0,False,growth_up_inflation_down,True,optimal
oracle_regime_pooled_relative_active_te100bp,oracle_infeasible_diagnostic,2020-05-11,2020-05-11,2020-05-11,2020-05-01,SPY,0.35,0.3499999999999996,3.885780586188048e-16,False,growth_up_inflation_down,True,optimal
oracle_regime_pooled_relative_active_te100bp,oracle_infeasible_diagnostic,2020-05-11,2020-05-11,2020-05-11,2020-05-01,IEF,8.456776945386935e-18,0.0,8.456776945386935e-18,False,growth_up_inflation_down,True,optimal
oracle_regime_pooled_relative_active_te100bp,oracle_infeasible_diagnostic,2020-05-11,2020-05-11,2020-05-11,2020-05-01,TIP,0.03580148364459572,0.0,0.03580148364459572,False,growth_up_inflation_down,True,optimal
oracle_regime_pooled_relative_active_te100bp,oracle_infeasible_diagnostic,2020-05-11,2020-05-11,2020-05-11,2020-05-01,HYG,0.15000000000000005,0.1456847782754953,0.004315221724504742,False,growth_up_inflation_down,True,optimal
oracle_regime_pooled_relative_active_te100bp,oracle_infeasible_diagnostic,2020-05-11,2020-05-11,2020-05-11,2020-05-01,BIL,0.03667001185515705,0.0,0.03667001185515705,False,growth_up_inflation_down,True,optimal
oracle_regime_pooled_relative_active_te100bp,oracle_infeasible_diagnostic,2020-05-11,2020-05-11,2020-05-11,2020-05-01,GLD,0.13244696211039841,0.1824469621103984,-0.04999999999999999,False,growth_up_inflation_down,True,optimal
oracle_regime_pooled_relative_active_te100bp,oracle_infeasible_diagnostic,2020-05-11,2020-05-11,2020-05-11,2020-05-01,LQD,0.2950815423898488,0.3218682596141065,-0.026786717224257683,False,growth_up_inflation_down,True,optimal
oracle_regime_pooled_relative_active_te100bp,oracle_infeasible_diagnostic,2020-05-11,2020-05-11,2020-05-11,2020-05-01,AGG,0.0,0.0,0.0,False,growth_up_inflation_down,True,optimal
oracle_regime_pooled_relative_active_te100bp,oracle_infeasible_diagnostic,2020-05-18,2020-05-18,2020-05-18,2020-05-01,SPY,0.35000000000000014,0.3440308022272947,0.005969197772705437,False,growth_up_inflation_down,True,optimal
oracle_regime_pooled_relative_active_te100bp,oracle_infeasible_diagnostic,2020-05-18,2020-05-18,2020-05-18,2020-05-01,IEF,0.0,0.0,0.0,False,growth_up_inflation_down,True,optimal
oracle_regime_pooled_relative_active_te100bp,oracle_infeasible_diagnostic,2020-05-18,2020-05-18,2020-05-18,2020-05-01,TIP,0.029639324532008415,0.0,0.029639324532008415,False,growth_up_inflation_down,True,optimal
oracle_regime_pooled_relative_active_te100bp,oracle_infeasible_diagnostic,2020-05-18,2020-05-18,2020-05-18,2020-05-01,HYG,0.14812507838721015,0.1436432172417437,0.004481861145466448,False,growth_up_inflation_down,True,optimal
oracle_regime_pooled_relative_active_te100bp,oracle_infeasible_diagnostic,2020-05-18,2020-05-18,2020-05-18,2020-05-01,BIL,0.036611932969540906,0.0,0.036611932969540906,False,growth_up_inflation_down,True,optimal
oracle_regime_pooled_relative_active_te100bp,oracle_infeasible_diagnostic,2020-05-18,2020-05-18,2020-05-18,2020-05-01,GLD,0.13595090662724332,0.1859509066272432,-0.04999999999999988,False,growth_up_inflation_down,True,optimal
oracle_regime_pooled_relative_active_te100bp,oracle_infeasible_diagnostic,2020-05-18,2020-05-18,2020-05-18,2020-05-01,LQD,0.299672757483997,0.3263750739037182,-0.026702316419721206,False,growth_up_inflation_down,True,optimal
oracle_regime_pooled_relative_active_te100bp,oracle_infeasible_diagnostic,2020-05-18,2020-05-18,2020-05-18,2020-05-01,AGG,0.0,0.0,0.0,False,growth_up_inflation_down,True,optimal
oracle_regime_pooled_relative_active_te100bp,oracle_infeasible_diagnostic,2020-05-25,2020-05-25,2020-05-26,2020-05-01,SPY,0.35,0.3439200595445509,0.006079940455449073,False,growth_up_inflation_down,True,optimal
oracle_regime_pooled_relative_active_te100bp,oracle_infeasible_diagnostic,2020-05-25,2020-05-25,2020-05-26,2020-05-01,IEF,0.0,0.0,0.0,False,growth_up_inflation_down,True,optimal
oracle_regime_pooled_relative_active_te100bp,oracle_infeasible_diagnostic,2020-05-25,2020-05-25,2020-05-26,2020-05-01,TIP,0.029418282948575788,0.0,0.029418282948575788,False,growth_up_inflation_down,True,optimal
oracle_regime_pooled_relative_active_te100bp,oracle_infeasible_diagnostic,2020-05-25,2020-05-25,2020-05-26,2020-05-01,HYG,0.14978839502485966,0.1446976442799805,0.005090750744879163,False,growth_up_inflation_down,True,optimal
oracle_regime_pooled_relative_active_te100bp,oracle_infeasible_diagnostic,2020-05-25,2020-05-25,2020-05-26,2020-05-01,BIL,0.03630006889910177,0.0,0.03630006889910177,False,growth_up_inflation_down,True,optimal
oracle_regime_pooled_relative_active_te100bp,oracle_infeasible_diagnostic,2020-05-25,2020-05-25,2020-05-26,2020-05-01,GLD,0.13313056645630672,0.1831305664563067,-0.04999999999999999,False,growth_up_inflation_down,True,optimal
oracle_regime_pooled_relative_active_te100bp,oracle_infeasible_diagnostic,2020-05-25,2020-05-25,2020-05-26,2020-05-01,LQD,0.301362686671156,0.3282517297191617,-0.026889043048005712,False,growth_up_inflation_down,True,optimal
oracle_regime_pooled_relative_active_te100bp,oracle_infeasible_diagnostic,2020-05-25,2020-05-25,2020-05-26,2020-05-01,AGG,0.0,0.0,0.0,False,growth_up_inflation_down,True,optimal
oracle_regime_pooled_relative_active_te100bp,oracle_infeasible_diagnostic,2020-06-01,2020-06-01,2020-06-01,2020-06-01,SPY,0.35,0.3442686772018857,0.00573132279811428,False,growth_up_inflation_down,True,optimal
oracle_regime_pooled_relative_active_te100bp,oracle_infeasible_diagnostic,2020-06-01,2020-06-01,2020-06-01,2020-06-01,IEF,5.583641188300348e-18,0.0,5.583641188300348e-18,False,growth_up_inflation_down,True,optimal
oracle_regime_pooled_relative_active_te100bp,oracle_infeasible_diagnostic,2020-06-01,2020-06-01,2020-06-01,2020-06-01,TIP,0.029270639926571175,0.0,0.029270639926571175,False,growth_up_inflation_down,True,optimal
oracle_regime_pooled_relative_active_te100bp,oracle_infeasible_diagnostic,2020-06-01,2020-06-01,2020-06-01,2020-06-01,HYG,0.15000000000000002,0.1447428850702272,0.0052571149297728215,False,growth_up_inflation_down,True,optimal
oracle_regime_pooled_relative_active_te100bp,oracle_infeasible_diagnostic,2020-06-01,2020-06-01,2020-06-01,2020-06-01,BIL,0.03661079005863247,0.0,0.03661079005863247,False,growth_up_inflation_down,True,optimal
oracle_regime_pooled_relative_active_te100bp,oracle_infeasible_diagnostic,2020-06-01,2020-06-01,2020-06-01,2020-06-01,GLD,0.13224562656950192,0.1822456265695018,-0.04999999999999988,False,growth_up_inflation_down,True,optimal
oracle_regime_pooled_relative_active_te100bp,oracle_infeasible_diagnostic,2020-06-01,2020-06-01,2020-06-01,2020-06-01,LQD,0.3018729434452945,0.3287428111583853,-0.0268698677130908,False,growth_up_inflation_down,True,optimal
oracle_regime_pooled_relative_active_te100bp,oracle_infeasible_diagnostic,2020-06-01,2020-06-01,2020-06-01,2020-06-01,AGG,0.0,0.0,0.0,False,growth_up_inflation_down,True,optimal
oracle_regime_pooled_relative_active_te100bp,oracle_infeasible_diagnostic,2020-06-08,2020-06-08,2020-06-08,2020-06-01,SPY,0.3499999999999999,0.3499999999999999,0.0,False,growth_up_inflation_down,True,optimal
oracle_regime_pooled_relative_active_te100bp,oracle_infeasible_diagnostic,2020-06-08,2020-06-08,2020-06-08,2020-06-01,IEF,0.0,0.0,0.0,False,growth_up_inflation_down,True,optimal
oracle_regime_pooled_relative_active_te100bp,oracle_infeasible_diagnostic,2020-06-08,2020-06-08,2020-06-08,2020-06-01,TIP,0.02844317838261184,0.0,0.02844317838261184,False,growth_up_inflation_down,True,optimal
oracle_regime_pooled_relative_active_te100bp,oracle_infeasible_diagnostic,2020-06-08,2020-06-08,2020-06-08,2020-06-01,HYG,0.15000000000000002,0.1464218239857169,0.0035781760142831187,False,growth_up_inflation_down,True,optimal
oracle_regime_pooled_relative_active_te100bp,oracle_infeasible_diagnostic,2020-06-08,2020-06-08,2020-06-08,2020-06-01,BIL,0.04497189765661598,0.0,0.04497189765661598,False,growth_up_inflation_down,True,optimal
oracle_regime_pooled_relative_active_te100bp,oracle_infeasible_diagnostic,2020-06-08,2020-06-08,2020-06-08,2020-06-01,GLD,0.12883289288477048,0.1788328928847705,-0.05000000000000002,False,growth_up_inflation_down,True,optimal
oracle_regime_pooled_relative_active_te100bp,oracle_infeasible_diagnostic,2020-06-08,2020-06-08,2020-06-08,2020-06-01,LQD,0.2977520310760017,0.3247452831295127,-0.026993252053510997,False,growth_up_inflation_down,True,optimal
oracle_regime_pooled_relative_active_te100bp,oracle_infeasible_diagnostic,2020-06-08,2020-06-08,2020-06-08,2020-06-01,AGG,0.0,0.0,0.0,False,growth_up_inflation_down,True,optimal
oracle_regime_pooled_relative_active_te100bp,oracle_infeasible_diagnostic,2020-06-15,2020-06-15,2020-06-15,2020-06-01,SPY,0.35,0.3384302506082352,0.011569749391764805,False,growth_up_inflation_down,True,optimal
oracle_regime_pooled_relative_active_te100bp,oracle_infeasible_diagnostic,2020-06-15,2020-06-15,2020-06-15,2020-06-01,IEF,0.0,0.0,0.0,False,growth_up_inflation_down,True,optimal
oracle_regime_pooled_relative_active_te100bp,oracle_infeasible_diagnostic,2020-06-15,2020-06-15,2020-06-15,2020-06-01,TIP,0.016054909612542696,0.0,0.016054909612542696,False,growth_up_inflation_down,True,optimal
oracle_regime_pooled_relative_active_te100bp,oracle_infeasible_diagnostic,2020-06-15,2020-06-15,2020-06-15,2020-06-01,HYG,0.1488203184265125,0.1451247632572499,0.003695555169262593,False,growth_up_inflation_down,True,optimal
oracle_regime_pooled_relative_active_te100bp,oracle_infeasible_diagnostic,2020-06-15,2020-06-15,2020-06-15,2020-06-01,BIL,0.045819725855347104,0.0,0.045819725855347104,False,growth_up_inflation_down,True,optimal
oracle_regime_pooled_relative_active_te100bp,oracle_infeasible_diagnostic,2020-06-15,2020-06-15,2020-06-15,2020-06-01,GLD,0.13628315555145076,0.1862831555514507,-0.04999999999999993,False,growth_up_inflation_down,True,optimal
oracle_regime_pooled_relative_active_te100bp,oracle_infeasible_diagnostic,2020-06-15,2020-06-15,2020-06-15,2020-06-01,LQD,0.303021890554147,0.3301618305830642,-0.027139940028917175,False,growth_up_inflation_down,True,optimal
oracle_regime_pooled_relative_active_te100bp,oracle_infeasible_diagnostic,2020-06-15,2020-06-15,2020-06-15,2020-06-01,AGG,0.0,0.0,0.0,False,growth_up_inflation_down,True,optimal
oracle_regime_pooled_relative_active_te100bp,oracle_infeasible_diagnostic,2020-06-22,2020-06-22,2020-06-22,2020-06-01,SPY,0.3499999999999999,0.3435573411303612,0.00644265886963874,False,growth_up_inflation_down,True,optimal
oracle_regime_pooled_relative_active_te100bp,oracle_infeasible_diagnostic,2020-06-22,2020-06-22,2020-06-22,2020-06-01,IEF,0.0,0.0,0.0,False,growth_up_inflation_down,True,optimal
oracle_regime_pooled_relative_active_te100bp,oracle_infeasible_diagnostic,2020-06-22,2020-06-22,2020-06-22,2020-06-01,TIP,0.015747262770122457,0.0,0.015747262770122457,False,growth_up_inflation_down,True,optimal
oracle_regime_pooled_relative_active_te100bp,oracle_infeasible_diagnostic,2020-06-22,2020-06-22,2020-06-22,2020-06-01,HYG,0.15000000000000002,0.14332554633309,0.006674453666910024,False,growth_up_inflation_down,True,optimal
oracle_regime_pooled_relative_active_te100bp,oracle_infeasible_diagnostic,2020-06-22,2020-06-22,2020-06-22,2020-06-01,BIL,0.04776349782455797,0.0,0.04776349782455797,False,growth_up_inflation_down,True,optimal
oracle_regime_pooled_relative_active_te100bp,oracle_infeasible_diagnostic,2020-06-22,2020-06-22,2020-06-22,2020-06-01,GLD,0.13577359415598342,0.1857735941559834,-0.04999999999999999,False,growth_up_inflation_down,True,optimal
oracle_regime_pooled_relative_active_te100bp,oracle_infeasible_diagnostic,2020-06-22,2020-06-22,2020-06-22,2020-06-01,LQD,0.30071564524933625,0.3273435183805653,-0.026627873131229052,False,growth_up_inflation_down,True,optimal
oracle_regime_pooled_relative_active_te100bp,oracle_infeasible_diagnostic,2020-06-22,2020-06-22,2020-06-22,2020-06-01,AGG,0.0,0.0,0.0,False,growth_up_inflation_down,True,optimal
oracle_regime_pooled_relative_active_te100bp,oracle_infeasible_diagnostic,2020-06-29,2020-06-29,2020-06-29,2020-06-01,SPY,0.35000000000000003,0.3384348684659197,0.011565131534080342,False,growth_up_inflation_down,True,optimal
oracle_regime_pooled_relative_active_te100bp,oracle_infeasible_diagnostic,2020-06-29,2020-06-29,2020-06-29,2020-06-01,IEF,2.4833311947601584e-17,0.0,2.4833311947601584e-17,False,growth_up_inflation_down,True,optimal
oracle_regime_pooled_relative_active_te100bp,oracle_infeasible_diagnostic,2020-06-29,2020-06-29,2020-06-29,2020-06-01,TIP,0.010043949738154272,0.0,0.010043949738154272,False,growth_up_inflation_down,True,optimal
oracle_regime_pooled_relative_active_te100bp,oracle_infeasible_diagnostic,2020-06-29,2020-06-29,2020-06-29,2020-06-01,HYG,0.1489615865249766,0.1422489519479126,0.006712634577064003,False,growth_up_inflation_down,True,optimal
oracle_regime_pooled_relative_active_te100bp,oracle_infeasible_diagnostic,2020-06-29,2020-06-29,2020-06-29,2020-06-01,BIL,0.048325075398464874,0.0,0.048325075398464874,False,growth_up_inflation_down,True,optimal
oracle_regime_pooled_relative_active_te100bp,oracle_infeasible_diagnostic,2020-06-29,2020-06-29,2020-06-29,2020-06-01,GLD,0.13953069182038144,0.1895306918203813,-0.04999999999999985,False,growth_up_inflation_down,True,optimal
oracle_regime_pooled_relative_active_te100bp,oracle_infeasible_diagnostic,2020-06-29,2020-06-29,2020-06-29,2020-06-01,LQD,0.3031386965180228,0.3297854877657862,-0.026646791247763424,False,growth_up_inflation_down,True,optimal
oracle_regime_pooled_relative_active_te100bp,oracle_infeasible_diagnostic,2020-06-29,2020-06-29,2020-06-29,2020-06-01,AGG,0.0,0.0,0.0,False,growth_up_inflation_down,True,optimal
oracle_regime_pooled_relative_active_te100bp,oracle_infeasible_diagnostic,2020-07-06,2020-07-06,2020-07-06,2020-07-01,SPY,0.35000000000000003,0.3440428972272342,0.005957102772765843,False,growth_up_inflation_up,True,optimal
oracle_regime_pooled_relative_active_te100bp,oracle_infeasible_diagnostic,2020-07-06,2020-07-06,2020-07-06,2020-07-01,IEF,0.0057864351669974735,0.0,0.0057864351669974735,False,growth_up_inflation_up,True,optimal
oracle_regime_pooled_relative_active_te100bp,oracle_infeasible_diagnostic,2020-07-06,2020-07-06,2020-07-06,2020-07-01,TIP,0.009883410837384395,0.0,0.009883410837384395,False,growth_up_inflation_up,True,optimal
oracle_regime_pooled_relative_active_te100bp,oracle_infeasible_diagnostic,2020-07-06,2020-07-06,2020-07-06,2020-07-01,HYG,0.14803752379931948,0.1413717882233077,0.006665735576011772,False,growth_up_inflation_up,True,optimal
oracle_regime_pooled_relative_active_te100bp,oracle_infeasible_diagnostic,2020-07-06,2020-07-06,2020-07-06,2020-07-01,BIL,0.04742685218709913,0.0,0.04742685218709913,False,growth_up_inflation_up,True,optimal
oracle_regime_pooled_relative_active_te100bp,oracle_infeasible_diagnostic,2020-07-06,2020-07-06,2020-07-06,2020-07-01,GLD,0.13726755515386682,0.1864635086937332,-0.04919595353986639,False,growth_up_inflation_up,True,optimal
oracle_regime_pooled_relative_active_te100bp,oracle_infeasible_diagnostic,2020-07-06,2020-07-06,2020-07-06,2020-07-01,LQD,0.3015982228553328,0.3281218058557248,-0.026523583000392037,False,growth_up_inflation_up,True,optimal
oracle_regime_pooled_relative_active_te100bp,oracle_infeasible_diagnostic,2020-07-06,2020-07-06,2020-07-06,2020-07-01,AGG,0.0,0.0,0.0,False,growth_up_inflation_up,True,optimal
oracle_regime_pooled_relative_active_te100bp,oracle_infeasible_diagnostic,2020-07-13,2020-07-13,2020-07-13,2020-07-01,SPY,0.34997316594445654,0.3438468287274832,0.006126337216973365,False,growth_up_inflation_up,True,optimal
oracle_regime_pooled_relative_active_te100bp,oracle_infeasible_diagnostic,2020-07-13,2020-07-13,2020-07-13,2020-07-01,IEF,0.00578655457687208,0.0,0.00578655457687208,False,growth_up_inflation_up,True,optimal
oracle_regime_pooled_relative_active_te100bp,oracle_infeasible_diagnostic,2020-07-13,2020-07-13,2020-07-13,2020-07-01,TIP,0.009870234359931639,0.0,0.009870234359931639,False,growth_up_inflation_up,True,optimal
oracle_regime_pooled_relative_active_te100bp,oracle_infeasible_diagnostic,2020-07-13,2020-07-13,2020-07-13,2020-07-01,HYG,0.14722564990038822,0.1405271195840149,0.0066985303163733245,False,growth_up_inflation_up,True,optimal
oracle_regime_pooled_relative_active_te100bp,oracle_infeasible_diagnostic,2020-07-13,2020-07-13,2020-07-13,2020-07-01,BIL,0.04724620627760866,0.0,0.04724620627760866,False,growth_up_inflation_up,True,optimal
oracle_regime_pooled_relative_active_te100bp,oracle_infeasible_diagnostic,2020-07-13,2020-07-13,2020-07-13,2020-07-01,GLD,0.1379035221786474,0.1872350009053364,-0.049331478726689,False,growth_up_inflation_up,True,optimal
oracle_regime_pooled_relative_active_te100bp,oracle_infeasible_diagnostic,2020-07-13,2020-07-13,2020-07-13,2020-07-01,LQD,0.3019946667620954,0.3283910507831654,-0.026396384021069974,False,growth_up_inflation_up,True,optimal
oracle_regime_pooled_relative_active_te100bp,oracle_infeasible_diagnostic,2020-07-13,2020-07-13,2020-07-13,2020-07-01,AGG,0.0,0.0,0.0,False,growth_up_inflation_up,True,optimal
oracle_regime_pooled_relative_active_te100bp,oracle_infeasible_diagnostic,2020-07-20,2020-07-20,2020-07-20,2020-07-01,SPY,0.34956233960097605,0.3434258718459618,0.006136467755014252,False,growth_up_inflation_up,True,optimal
oracle_regime_pooled_relative_active_te100bp,oracle_infeasible_diagnostic,2020-07-20,2020-07-20,2020-07-20,2020-07-01,IEF,0.005766318685908084,0.0,0.005766318685908084,False,growth_up_inflation_up,True,optimal
oracle_regime_pooled_relative_active_te100bp,oracle_infeasible_diagnostic,2020-07-20,2020-07-20,2020-07-20,2020-07-01,TIP,0.00987823754028204,0.0,0.00987823754028204,False,growth_up_inflation_up,True,optimal
oracle_regime_pooled_relative_active_te100bp,oracle_infeasible_diagnostic,2020-07-20,2020-07-20,2020-07-20,2020-07-01,HYG,0.14759838814599974,0.1408757931790899,0.006722594966909828,False,growth_up_inflation_up,True,optimal
oracle_regime_pooled_relative_active_te100bp,oracle_infeasible_diagnostic,2020-07-20,2020-07-20,2020-07-20,2020-07-01,BIL,0.04696265428444793,0.0,0.04696265428444793,False,growth_up_inflation_up,True,optimal
oracle_regime_pooled_relative_active_te100bp,oracle_infeasible_diagnostic,2020-07-20,2020-07-20,2020-07-20,2020-07-01,GLD,0.13692407917918772,0.1858958106435072,-0.04897173146431946,False,growth_up_inflation_up,True,optimal
oracle_regime_pooled_relative_active_te100bp,oracle_infeasible_diagnostic,2020-07-20,2020-07-20,2020-07-20,2020-07-01,LQD,0.3033079825631985,0.329802524331441,-0.026494541768242508,False,growth_up_inflation_up,True,optimal
oracle_regime_pooled_relative_active_te100bp,oracle_infeasible_diagnostic,2020-07-20,2020-07-20,2020-07-20,2020-07-01,AGG,0.0,0.0,0.0,False,growth_up_inflation_up,True,optimal
oracle_regime_pooled_relative_active_te100bp,oracle_infeasible_diagnostic,2020-07-27,2020-07-27,2020-07-27,2020-07-01,SPY,0.3455923684701639,0.3391226017330871,0.006469766737076776,False,growth_up_inflation_up,True,optimal
oracle_regime_pooled_relative_active_te100bp,oracle_infeasible_diagnostic,2020-07-27,2020-07-27,2020-07-27,2020-07-01,IEF,0.005723299610624455,0.0,0.005723299610624455,False,growth_up_inflation_up,True,optimal
oracle_regime_pooled_relative_active_te100bp,oracle_infeasible_diagnostic,2020-07-27,2020-07-27,2020-07-27,2020-07-01,TIP,0.009808250226848322,0.0,0.009808250226848322,False,growth_up_inflation_up,True,optimal
oracle_regime_pooled_relative_active_te100bp,oracle_infeasible_diagnostic,2020-07-27,2020-07-27,2020-07-27,2020-07-01,HYG,0.14809774858078312,0.1410327684825569,0.007064980098226231,False,growth_up_inflation_up,True,optimal
oracle_regime_pooled_relative_active_te100bp,oracle_infeasible_diagnostic,2020-07-27,2020-07-27,2020-07-27,2020-07-01,BIL,0.04655387511368115,0.0,0.04655387511368115,False,growth_up_inflation_up,True,optimal
oracle_regime_pooled_relative_active_te100bp,oracle_infeasible_diagnostic,2020-07-27,2020-07-27,2020-07-27,2020-07-01,GLD,0.14243115301598328,0.1924311530159833,-0.05000000000000002,False,growth_up_inflation_up,True,optimal
oracle_regime_pooled_relative_active_te100bp,oracle_infeasible_diagnostic,2020-07-27,2020-07-27,2020-07-27,2020-07-01,LQD,0.3017933049819158,0.3274134767683727,-0.02562017178645687,False,growth_up_inflation_up,True,optimal
oracle_regime_pooled_relative_active_te100bp,oracle_infeasible_diagnostic,2020-07-27,2020-07-27,2020-07-27,2020-07-01,AGG,0.0,0.0,0.0,False,growth_up_inflation_up,True,optimal
oracle_regime_pooled_relative_active_te100bp,oracle_infeasible_diagnostic,2020-08-03,2020-08-03,2020-08-03,2020-08-01,SPY,0.34714452556875397,0.3407275721371471,0.006416953431606864,False,growth_up_inflation_up,True,optimal
oracle_regime_pooled_relative_active_te100bp,oracle_infeasible_diagnostic,2020-08-03,2020-08-03,2020-08-03,2020-08-01,IEF,0.005685259447958815,0.0,0.005685259447958815,False,growth_up_inflation_up,True,optimal
oracle_regime_pooled_relative_active_te100bp,oracle_infeasible_diagnostic,2020-08-03,2020-08-03,2020-08-03,2020-08-01,TIP,0.009781334122640394,0.0,0.009781334122640394,False,growth_up_inflation_up,True,optimal
oracle_regime_pooled_relative_active_te100bp,oracle_infeasible_diagnostic,2020-08-03,2020-08-03,2020-08-03,2020-08-01,HYG,0.1478246864681834,0.1406652872837321,0.007159399184451298,False,growth_up_inflation_up,True,optimal
oracle_regime_pooled_relative_active_te100bp,oracle_infeasible_diagnostic,2020-08-03,2020-08-03,2020-08-03,2020-08-01,BIL,0.04611391926785958,0.0,0.04611391926785958,False,growth_up_inflation_up,True,optimal
oracle_regime_pooled_relative_active_te100bp,oracle_infeasible_diagnostic,2020-08-03,2020-08-03,2020-08-03,2020-08-01,GLD,0.14419555644022597,0.1941955564402258,-0.04999999999999982,False,growth_up_inflation_up,True,optimal
oracle_regime_pooled_relative_active_te100bp,oracle_infeasible_diagnostic,2020-08-03,2020-08-03,2020-08-03,2020-08-01,LQD,0.29925471868437786,0.3244115841388947,-0.02515686545451684,False,growth_up_inflation_up,True,optimal
oracle_regime_pooled_relative_active_te100bp,oracle_infeasible_diagnostic,2020-08-03,2020-08-03,2020-08-03,2020-08-01,AGG,0.0,0.0,0.0,False,growth_up_inflation_up,True,optimal
oracle_regime_pooled_relative_active_te100bp,oracle_infeasible_diagnostic,2020-08-10,2020-08-10,2020-08-10,2020-08-01,SPY,0.34858081432046717,0.3421947490019705,0.00638606531849667,False,growth_up_inflation_up,True,optimal
oracle_regime_pooled_relative_active_te100bp,oracle_infeasible_diagnostic,2020-08-10,2020-08-10,2020-08-10,2020-08-01,IEF,0.005612052580567959,0.0,0.005612052580567959,False,growth_up_inflation_up,True,optimal
oracle_regime_pooled_relative_active_te100bp,oracle_infeasible_diagnostic,2020-08-10,2020-08-10,2020-08-10,2020-08-01,TIP,0.009679142268983964,0.0,0.009679142268983964,False,growth_up_inflation_up,True,optimal
oracle_regime_pooled_relative_active_te100bp,oracle_infeasible_diagnostic,2020-08-10,2020-08-10,2020-08-10,2020-08-01,HYG,0.14614946626399714,0.1388601632349843,0.007289303029012845,False,growth_up_inflation_up,True,optimal
oracle_regime_pooled_relative_active_te100bp,oracle_infeasible_diagnostic,2020-08-10,2020-08-10,2020-08-10,2020-08-01,BIL,0.04552136625104834,0.0,0.04552136625104834,False,growth_up_inflation_up,True,optimal
oracle_regime_pooled_relative_active_te100bp,oracle_infeasible_diagnostic,2020-08-10,2020-08-10,2020-08-10,2020-08-01,GLD,0.14734570950666148,0.1973457095066614,-0.049999999999999906,False,growth_up_inflation_up,True,optimal
oracle_regime_pooled_relative_active_te100bp,oracle_infeasible_diagnostic,2020-08-10,2020-08-10,2020-08-10,2020-08-01,LQD,0.297111448808274,0.3215993782563834,-0.024487929448109402,False,growth_up_inflation_up,True,optimal
oracle_regime_pooled_relative_active_te100bp,oracle_infeasible_diagnostic,2020-08-10,2020-08-10,2020-08-10,2020-08-01,AGG,0.0,0.0,0.0,False,growth_up_inflation_up,True,optimal
oracle_regime_pooled_relative_active_te100bp,oracle_infeasible_diagnostic,2020-08-17,2020-08-17,2020-08-17,2020-08-01,SPY,0.3499999999999999,0.3499999999999996,3.3306690738754696e-16,False,growth_up_inflation_up,True,optimal
oracle_regime_pooled_relative_active_te100bp,oracle_infeasible_diagnostic,2020-08-17,2020-08-17,2020-08-17,2020-08-01,IEF,0.01126793127910296,0.0,0.01126793127910296,False,growth_up_inflation_up,True,optimal
oracle_regime_pooled_relative_active_te100bp,oracle_infeasible_diagnostic,2020-08-17,2020-08-17,2020-08-17,2020-08-01,TIP,0.009737248877521587,0.0,0.009737248877521587,False,growth_up_inflation_up,True,optimal
oracle_regime_pooled_relative_active_te100bp,oracle_infeasible_diagnostic,2020-08-17,2020-08-17,2020-08-17,2020-08-01,HYG,0.14626504951765593,0.1393496017038729,0.006915447813783032,False,growth_up_inflation_up,True,optimal
oracle_regime_pooled_relative_active_te100bp,oracle_infeasible_diagnostic,2020-08-17,2020-08-17,2020-08-17,2020-08-01,BIL,0.04619671535430132,0.0,0.04619671535430132,False,growth_up_inflation_up,True,optimal
oracle_regime_pooled_relative_active_te100bp,oracle_infeasible_diagnostic,2020-08-17,2020-08-17,2020-08-17,2020-08-01,GLD,0.14275895040586475,0.1917947930508812,-0.04903584264501645,False,growth_up_inflation_up,True,optimal
oracle_regime_pooled_relative_active_te100bp,oracle_infeasible_diagnostic,2020-08-17,2020-08-17,2020-08-17,2020-08-01,LQD,0.2937741045655534,0.3188556052452462,-0.02508150067969278,False,growth_up_inflation_up,True,optimal
oracle_regime_pooled_relative_active_te100bp,oracle_infeasible_diagnostic,2020-08-17,2020-08-17,2020-08-17,2020-08-01,AGG,0.0,0.0,0.0,False,growth_up_inflation_up,True,optimal
oracle_regime_pooled_relative_active_te100bp,oracle_infeasible_diagnostic,2020-08-24,2020-08-24,2020-08-24,2020-08-01,SPY,0.35000000000000003,0.35,5.551115123125783e-17,False,growth_up_inflation_up,True,optimal
oracle_regime_pooled_relative_active_te100bp,oracle_infeasible_diagnostic,2020-08-24,2020-08-24,2020-08-24,2020-08-01,IEF,0.012125656054213809,0.0,0.012125656054213809,False,growth_up_inflation_up,True,optimal
oracle_regime_pooled_relative_active_te100bp,oracle_infeasible_diagnostic,2020-08-24,2020-08-24,2020-08-24,2020-08-01,TIP,0.009760535849901393,0.0,0.009760535849901393,False,growth_up_inflation_up,True,optimal
oracle_regime_pooled_relative_active_te100bp,oracle_infeasible_diagnostic,2020-08-24,2020-08-24,2020-08-24,2020-08-01,HYG,0.1469577487948068,0.1401086183619385,0.006849130432868306,False,growth_up_inflation_up,True,optimal
oracle_regime_pooled_relative_active_te100bp,oracle_infeasible_diagnostic,2020-08-24,2020-08-24,2020-08-24,2020-08-01,BIL,0.04609778356645448,0.0,0.04609778356645448,False,growth_up_inflation_up,True,optimal
oracle_regime_pooled_relative_active_te100bp,oracle_infeasible_diagnostic,2020-08-24,2020-08-24,2020-08-24,2020-08-01,GLD,0.14040157487013427,0.1898515321950595,-0.04944995732492524,False,growth_up_inflation_up,True,optimal
oracle_regime_pooled_relative_active_te100bp,oracle_infeasible_diagnostic,2020-08-24,2020-08-24,2020-08-24,2020-08-01,LQD,0.2946567008644893,0.320039849443002,-0.025383148578512704,False,growth_up_inflation_up,True,optimal
oracle_regime_pooled_relative_active_te100bp,oracle_infeasible_diagnostic,2020-08-24,2020-08-24,2020-08-24,2020-08-01,AGG,0.0,0.0,0.0,False,growth_up_inflation_up,True,optimal
oracle_regime_pooled_relative_active_te100bp,oracle_infeasible_diagnostic,2020-08-31,2020-08-31,2020-08-31,2020-08-01,SPY,0.35,0.3500000000000003,-3.3306690738754696e-16,False,growth_up_inflation_up,True,optimal
oracle_regime_pooled_relative_active_te100bp,oracle_infeasible_diagnostic,2020-08-31,2020-08-31,2020-08-31,2020-08-01,IEF,0.012561499950269736,0.0,0.012561499950269736,False,growth_up_inflation_up,True,optimal
oracle_regime_pooled_relative_active_te100bp,oracle_infeasible_diagnostic,2020-08-31,2020-08-31,2020-08-31,2020-08-01,TIP,0.00969415410942745,0.0,0.00969415410942745,False,growth_up_inflation_up,True,optimal
oracle_regime_pooled_relative_active_te100bp,oracle_infeasible_diagnostic,2020-08-31,2020-08-31,2020-08-31,2020-08-01,HYG,0.1463648511626842,0.1395194809276427,0.0068453702350415035,False,growth_up_inflation_up,True,optimal
oracle_regime_pooled_relative_active_te100bp,oracle_infeasible_diagnostic,2020-08-31,2020-08-31,2020-08-31,2020-08-01,BIL,0.04578202626789775,0.0,0.04578202626789775,False,growth_up_inflation_up,True,optimal
oracle_regime_pooled_relative_active_te100bp,oracle_infeasible_diagnostic,2020-08-31,2020-08-31,2020-08-31,2020-08-01,GLD,0.14612169080274084,0.1961216908027408,-0.04999999999999996,False,growth_up_inflation_up,True,optimal
oracle_regime_pooled_relative_active_te100bp,oracle_infeasible_diagnostic,2020-08-31,2020-08-31,2020-08-31,2020-08-01,LQD,0.2894757777069802,0.3143588282696161,-0.0248830505626359,False,growth_up_inflation_up,True,optimal
oracle_regime_pooled_relative_active_te100bp,oracle_infeasible_diagnostic,2020-08-31,2020-08-31,2020-08-31,2020-08-01,AGG,0.0,0.0,0.0,False,growth_up_inflation_up,True,optimal
oracle_regime_pooled_relative_active_te100bp,oracle_infeasible_diagnostic,2020-09-07,2020-09-07,2020-09-08,2020-09-01,SPY,0.3458662833770409,0.346145299329439,-0.0002790159523980984,False,growth_up_inflation_up,True,optimal
oracle_regime_pooled_relative_active_te100bp,oracle_infeasible_diagnostic,2020-09-07,2020-09-07,2020-09-08,2020-09-01,IEF,0.012711577524371753,0.0,0.012711577524371753,False,growth_up_inflation_up,True,optimal
oracle_regime_pooled_relative_active_te100bp,oracle_infeasible_diagnostic,2020-09-07,2020-09-07,2020-09-08,2020-09-01,TIP,0.009767826745410269,0.0,0.009767826745410269,False,growth_up_inflation_up,True,optimal
oracle_regime_pooled_relative_active_te100bp,oracle_infeasible_diagnostic,2020-09-07,2020-09-07,2020-09-08,2020-09-01,HYG,0.14740000123526495,0.1406195664862191,0.006780434749045855,False,growth_up_inflation_up,True,optimal
oracle_regime_pooled_relative_active_te100bp,oracle_infeasible_diagnostic,2020-09-07,2020-09-07,2020-09-08,2020-09-01,BIL,0.046273827572455455,0.0,0.046273827572455455,False,growth_up_inflation_up,True,optimal
oracle_regime_pooled_relative_active_te100bp,oracle_infeasible_diagnostic,2020-09-07,2020-09-07,2020-09-08,2020-09-01,GLD,0.14515790408367385,0.194985286024586,-0.04982738194091216,False,growth_up_inflation_up,True,optimal
oracle_regime_pooled_relative_active_te100bp,oracle_infeasible_diagnostic,2020-09-07,2020-09-07,2020-09-08,2020-09-01,LQD,0.292822579461783,0.3182498481597559,-0.025427268697972905,False,growth_up_inflation_up,True,optimal
oracle_regime_pooled_relative_active_te100bp,oracle_infeasible_diagnostic,2020-09-07,2020-09-07,2020-09-08,2020-09-01,AGG,0.0,0.0,0.0,False,growth_up_inflation_up,True,optimal
oracle_regime_pooled_relative_active_te100bp,oracle_infeasible_diagnostic,2020-09-14,2020-09-14,2020-09-14,2020-09-01,SPY,0.34243962237421754,0.3428930173559092,-0.00045339498169166825,False,growth_up_inflation_up,True,optimal
oracle_regime_pooled_relative_active_te100bp,oracle_infeasible_diagnostic,2020-09-14,2020-09-14,2020-09-14,2020-09-01,IEF,0.012730344691100168,0.0,0.012730344691100168,False,growth_up_inflation_up,True,optimal
oracle_regime_pooled_relative_active_te100bp,oracle_infeasible_diagnostic,2020-09-14,2020-09-14,2020-09-14,2020-09-01,TIP,0.009772962920147668,0.0,0.009772962920147668,False,growth_up_inflation_up,True,optimal
oracle_regime_pooled_relative_active_te100bp,oracle_infeasible_diagnostic,2020-09-14,2020-09-14,2020-09-14,2020-09-01,HYG,0.14783359709828559,0.1409206375062157,0.006912959592069889,False,growth_up_inflation_up,True,optimal
oracle_regime_pooled_relative_active_te100bp,oracle_infeasible_diagnostic,2020-09-14,2020-09-14,2020-09-14,2020-09-01,BIL,0.046234537486049165,0.0,0.046234537486049165,False,growth_up_inflation_up,True,optimal
oracle_regime_pooled_relative_active_te100bp,oracle_infeasible_diagnostic,2020-09-14,2020-09-14,2020-09-14,2020-09-01,GLD,0.1478850523370963,0.1978850523370963,-0.04999999999999999,False,growth_up_inflation_up,True,optimal
oracle_regime_pooled_relative_active_te100bp,oracle_infeasible_diagnostic,2020-09-14,2020-09-14,2020-09-14,2020-09-01,LQD,0.2931038830931037,0.3183012928007788,-0.02519740970767509,False,growth_up_inflation_up,True,optimal
oracle_regime_pooled_relative_active_te100bp,oracle_infeasible_diagnostic,2020-09-14,2020-09-14,2020-09-14,2020-09-01,AGG,0.0,0.0,0.0,False,growth_up_inflation_up,True,optimal
oracle_regime_pooled_relative_active_te100bp,oracle_infeasible_diagnostic,2020-09-21,2020-09-21,2020-09-21,2020-09-01,SPY,0.33873884456970854,0.339408970834702,-0.0006701262649934647,False,growth_up_inflation_up,True,optimal
oracle_regime_pooled_relative_active_te100bp,oracle_infeasible_diagnostic,2020-09-21,2020-09-21,2020-09-21,2020-09-01,IEF,0.01277656608713004,0.0,0.01277656608713004,False,growth_up_inflation_up,True,optimal
oracle_regime_pooled_relative_active_te100bp,oracle_infeasible_diagnostic,2020-09-21,2020-09-21,2020-09-21,2020-09-01,TIP,0.009832686081017901,0.0,0.009832686081017901,False,growth_up_inflation_up,True,optimal
oracle_regime_pooled_relative_active_te100bp,oracle_infeasible_diagnostic,2020-09-21,2020-09-21,2020-09-21,2020-09-01,HYG,0.14818039481821269,0.1412536489638648,0.006926745854347882,False,growth_up_inflation_up,True,optimal
oracle_regime_pooled_relative_active_te100bp,oracle_infeasible_diagnostic,2020-09-21,2020-09-21,2020-09-21,2020-09-01,BIL,0.04651934352202288,0.0,0.04651934352202288,False,growth_up_inflation_up,True,optimal
oracle_regime_pooled_relative_active_te100bp,oracle_infeasible_diagnostic,2020-09-21,2020-09-21,2020-09-21,2020-09-01,GLD,0.14872784447661616,0.1987278444766161,-0.04999999999999993,False,growth_up_inflation_up,True,optimal
oracle_regime_pooled_relative_active_te100bp,oracle_infeasible_diagnostic,2020-09-21,2020-09-21,2020-09-21,2020-09-01,LQD,0.2952243204452919,0.3206095357248169,-0.025385215279524975,False,growth_up_inflation_up,True,optimal
oracle_regime_pooled_relative_active_te100bp,oracle_infeasible_diagnostic,2020-09-21,2020-09-21,2020-09-21,2020-09-01,AGG,0.0,0.0,0.0,False,growth_up_inflation_up,True,optimal
oracle_regime_pooled_relative_active_te100bp,oracle_infeasible_diagnostic,2020-09-28,2020-09-28,2020-09-28,2020-09-01,SPY,0.34410243035716404,0.3453406170038631,-0.0012381866466990576,False,growth_up_inflation_up,True,optimal
oracle_regime_pooled_relative_active_te100bp,oracle_infeasible_diagnostic,2020-09-28,2020-09-28,2020-09-28,2020-09-01,IEF,0.012866622031102547,0.0,0.012866622031102547,False,growth_up_inflation_up,True,optimal
oracle_regime_pooled_relative_active_te100bp,oracle_infeasible_diagnostic,2020-09-28,2020-09-28,2020-09-28,2020-09-01,TIP,0.009890833139429537,0.0,0.009890833139429537,False,growth_up_inflation_up,True,optimal
oracle_regime_pooled_relative_active_te100bp,oracle_infeasible_diagnostic,2020-09-28,2020-09-28,2020-09-28,2020-09-01,HYG,0.1473977641502161,0.1407347770463883,0.0066629871038278166,False,growth_up_inflation_up,True,optimal
oracle_regime_pooled_relative_active_te100bp,oracle_infeasible_diagnostic,2020-09-28,2020-09-28,2020-09-28,2020-09-01,BIL,0.046820361245130906,0.0,0.046820361245130906,False,growth_up_inflation_up,True,optimal
oracle_regime_pooled_relative_active_te100bp,oracle_infeasible_diagnostic,2020-09-28,2020-09-28,2020-09-28,2020-09-01,GLD,0.14561171257704789,0.1948786908770814,-0.049266978300033515,False,growth_up_inflation_up,True,optimal
oracle_regime_pooled_relative_active_te100bp,oracle_infeasible_diagnostic,2020-09-28,2020-09-28,2020-09-28,2020-09-01,LQD,0.293310276499909,0.3190459150726669,-0.025735638572757902,False,growth_up_inflation_up,True,optimal
oracle_regime_pooled_relative_active_te100bp,oracle_infeasible_diagnostic,2020-09-28,2020-09-28,2020-09-28,2020-09-01,AGG,0.0,0.0,0.0,False,growth_up_inflation_up,True,optimal
oracle_regime_pooled_relative_active_te100bp,oracle_infeasible_diagnostic,2020-10-05,2020-10-05,2020-10-05,2020-10-01,SPY,0.35,0.3437839108330301,0.006216089166969863,False,growth_up_inflation_down,True,optimal
oracle_regime_pooled_relative_active_te100bp,oracle_infeasible_diagnostic,2020-10-05,2020-10-05,2020-10-05,2020-10-01,IEF,0.004027302166138769,0.0,0.004027302166138769,False,growth_up_inflation_down,True,optimal
oracle_regime_pooled_relative_active_te100bp,oracle_infeasible_diagnostic,2020-10-05,2020-10-05,2020-10-05,2020-10-01,TIP,0.009832118063256366,0.0,0.009832118063256366,False,growth_up_inflation_down,True,optimal
oracle_regime_pooled_relative_active_te100bp,oracle_infeasible_diagnostic,2020-10-05,2020-10-05,2020-10-05,2020-10-01,HYG,0.15000000000000008,0.1411956023472517,0.008804397652748375,False,growth_up_inflation_down,True,optimal
oracle_regime_pooled_relative_active_te100bp,oracle_infeasible_diagnostic,2020-10-05,2020-10-05,2020-10-05,2020-10-01,BIL,0.04655681778613492,0.0,0.04655681778613492,False,growth_up_inflation_down,True,optimal
oracle_regime_pooled_relative_active_te100bp,oracle_infeasible_diagnostic,2020-10-05,2020-10-05,2020-10-05,2020-10-01,GLD,0.14662440229153512,0.1966244022915351,-0.04999999999999999,False,growth_up_inflation_down,True,optimal
oracle_regime_pooled_relative_active_te100bp,oracle_infeasible_diagnostic,2020-10-05,2020-10-05,2020-10-05,2020-10-01,LQD,0.2929593596929348,0.318396084528183,-0.025436724835248226,False,growth_up_inflation_down,True,optimal
oracle_regime_pooled_relative_active_te100bp,oracle_infeasible_diagnostic,2020-10-05,2020-10-05,2020-10-05,2020-10-01,AGG,0.0,0.0,0.0,False,growth_up_inflation_down,True,optimal
oracle_regime_pooled_relative_active_te100bp,oracle_infeasible_diagnostic,2020-10-12,2020-10-12,2020-10-12,2020-10-01,SPY,0.3499999999999999,0.3492493185973094,0.0007506814026905229,False,growth_up_inflation_down,True,optimal
oracle_regime_pooled_relative_active_te100bp,oracle_infeasible_diagnostic,2020-10-12,2020-10-12,2020-10-12,2020-10-01,IEF,0.003954345618894989,0.0,0.003954345618894989,False,growth_up_inflation_down,True,optimal
oracle_regime_pooled_relative_active_te100bp,oracle_infeasible_diagnostic,2020-10-12,2020-10-12,2020-10-12,2020-10-01,TIP,0.009695717873031176,0.0,0.009695717873031176,False,growth_up_inflation_down,True,optimal
oracle_regime_pooled_relative_active_te100bp,oracle_infeasible_diagnostic,2020-10-12,2020-10-12,2020-10-12,2020-10-01,HYG,0.14999999999999997,0.1405665631296651,0.009433436870334877,False,growth_up_inflation_down,True,optimal
oracle_regime_pooled_relative_active_te100bp,oracle_infeasible_diagnostic,2020-10-12,2020-10-12,2020-10-12,2020-10-01,BIL,0.04583684374678263,0.0,0.04583684374678263,False,growth_up_inflation_down,True,optimal
oracle_regime_pooled_relative_active_te100bp,oracle_infeasible_diagnostic,2020-10-12,2020-10-12,2020-10-12,2020-10-01,GLD,0.14576332912559328,0.1957633291255933,-0.05000000000000002,False,growth_up_inflation_down,True,optimal
oracle_regime_pooled_relative_active_te100bp,oracle_infeasible_diagnostic,2020-10-12,2020-10-12,2020-10-12,2020-10-01,LQD,0.29474976363569805,0.3144207891474321,-0.019671025511734053,False,growth_up_inflation_down,True,optimal
oracle_regime_pooled_relative_active_te100bp,oracle_infeasible_diagnostic,2020-10-12,2020-10-12,2020-10-12,2020-10-01,AGG,0.0,0.0,0.0,False,growth_up_inflation_down,True,optimal
oracle_regime_pooled_relative_active_te100bp,oracle_infeasible_diagnostic,2020-10-19,2020-10-19,2020-10-19,2020-10-01,SPY,0.35,0.3487640426370095,0.0012359573629904808,False,growth_up_inflation_down,True,optimal
oracle_regime_pooled_relative_active_te100bp,oracle_infeasible_diagnostic,2020-10-19,2020-10-19,2020-10-19,2020-10-01,IEF,0.0032487238625913636,0.0,0.0032487238625913636,False,growth_up_inflation_down,True,optimal
oracle_regime_pooled_relative_active_te100bp,oracle_infeasible_diagnostic,2020-10-19,2020-10-19,2020-10-19,2020-10-01,TIP,0.009752586632920975,0.0,0.009752586632920975,False,growth_up_inflation_down,True,optimal
oracle_regime_pooled_relative_active_te100bp,oracle_infeasible_diagnostic,2020-10-19,2020-10-19,2020-10-19,2020-10-01,HYG,0.15000000000000002,0.1403225247320624,0.009677475267937635,False,growth_up_inflation_down,True,optimal
oracle_regime_pooled_relative_active_te100bp,oracle_infeasible_diagnostic,2020-10-19,2020-10-19,2020-10-19,2020-10-01,BIL,0.04605597684387163,0.0,0.04605597684387163,False,growth_up_inflation_down,True,optimal
oracle_regime_pooled_relative_active_te100bp,oracle_infeasible_diagnostic,2020-10-19,2020-10-19,2020-10-19,2020-10-01,GLD,0.1443121212327657,0.1943121212327657,-0.04999999999999999,False,growth_up_inflation_down,True,optimal
oracle_regime_pooled_relative_active_te100bp,oracle_infeasible_diagnostic,2020-10-19,2020-10-19,2020-10-19,2020-10-01,LQD,0.29663059142785037,0.3166013113981624,-0.019970719970312023,False,growth_up_inflation_down,True,optimal
oracle_regime_pooled_relative_active_te100bp,oracle_infeasible_diagnostic,2020-10-19,2020-10-19,2020-10-19,2020-10-01,AGG,0.0,0.0,0.0,False,growth_up_inflation_down,True,optimal
oracle_regime_pooled_relative_active_te100bp,oracle_infeasible_diagnostic,2020-10-26,2020-10-26,2020-10-26,2020-10-01,SPY,0.34999999999999964,0.3476536022612247,0.00234639773877493,False,growth_up_inflation_down,True,optimal
oracle_regime_pooled_relative_active_te100bp,oracle_infeasible_diagnostic,2020-10-26,2020-10-26,2020-10-26,2020-10-01,IEF,0.0028133320235497108,0.0,0.0028133320235497108,False,growth_up_inflation_down,True,optimal
oracle_regime_pooled_relative_active_te100bp,oracle_infeasible_diagnostic,2020-10-26,2020-10-26,2020-10-26,2020-10-01,TIP,0.009771702157627944,0.0,0.009771702157627944,False,growth_up_inflation_down,True,optimal
oracle_regime_pooled_relative_active_te100bp,oracle_infeasible_diagnostic,2020-10-26,2020-10-26,2020-10-26,2020-10-01,HYG,0.15000000000000013,0.1411531761514019,0.008846823848598223,False,growth_up_inflation_down,True,optimal
oracle_regime_pooled_relative_active_te100bp,oracle_infeasible_diagnostic,2020-10-26,2020-10-26,2020-10-26,2020-10-01,BIL,0.04627826318309318,0.0,0.04627826318309318,False,growth_up_inflation_down,True,optimal
oracle_regime_pooled_relative_active_te100bp,oracle_infeasible_diagnostic,2020-10-26,2020-10-26,2020-10-26,2020-10-01,GLD,0.14446285956810168,0.1944628595681017,-0.05000000000000002,False,growth_up_inflation_down,True,optimal
oracle_regime_pooled_relative_active_te100bp,oracle_infeasible_diagnostic,2020-10-26,2020-10-26,2020-10-26,2020-10-01,LQD,0.29667384306762745,0.3167303620192717,-0.02005651895164423,False,growth_up_inflation_down,True,optimal
oracle_regime_pooled_relative_active_te100bp,oracle_infeasible_diagnostic,2020-10-26,2020-10-26,2020-10-26,2020-10-01,AGG,0.0,0.0,0.0,False,growth_up_inflation_down,True,optimal
oracle_regime_pooled_relative_active_te100bp,oracle_infeasible_diagnostic,2020-11-02,2020-11-02,2020-11-02,2020-11-01,SPY,0.35000000000000003,0.339351809266874,0.010648190733126006,False,growth_up_inflation_down,True,optimal
oracle_regime_pooled_relative_active_te100bp,oracle_infeasible_diagnostic,2020-11-02,2020-11-02,2020-11-02,2020-11-01,IEF,0.0,0.0,0.0,False,growth_up_inflation_down,True,optimal
oracle_regime_pooled_relative_active_te100bp,oracle_infeasible_diagnostic,2020-11-02,2020-11-02,2020-11-02,2020-11-01,TIP,0.005791473239328194,0.0,0.005791473239328194,False,growth_up_inflation_down,True,optimal
oracle_regime_pooled_relative_active_te100bp,oracle_infeasible_diagnostic,2020-11-02,2020-11-02,2020-11-02,2020-11-01,HYG,0.14999999999999977,0.143199741091278,0.006800258908721768,False,growth_up_inflation_down,True,optimal
oracle_regime_pooled_relative_active_te100bp,oracle_infeasible_diagnostic,2020-11-02,2020-11-02,2020-11-02,2020-11-01,BIL,0.04730480337638902,0.0,0.04730480337638902,False,growth_up_inflation_down,True,optimal
oracle_regime_pooled_relative_active_te100bp,oracle_infeasible_diagnostic,2020-11-02,2020-11-02,2020-11-02,2020-11-01,GLD,0.14604450918868989,0.1960445091886898,-0.049999999999999906,False,growth_up_inflation_down,True,optimal
oracle_regime_pooled_relative_active_te100bp,oracle_infeasible_diagnostic,2020-11-02,2020-11-02,2020-11-02,2020-11-01,LQD,0.3008592141955931,0.3214039404531582,-0.020544726257565094,False,growth_up_inflation_down,True,optimal
oracle_regime_pooled_relative_active_te100bp,oracle_infeasible_diagnostic,2020-11-02,2020-11-02,2020-11-02,2020-11-01,AGG,0.0,0.0,0.0,False,growth_up_inflation_down,True,optimal
oracle_regime_pooled_relative_active_te100bp,oracle_infeasible_diagnostic,2020-11-09,2020-11-09,2020-11-09,2020-11-01,SPY,0.3499999999999999,0.3478020354492431,0.0021979645507568257,False,growth_up_inflation_down,True,optimal
oracle_regime_pooled_relative_active_te100bp,oracle_infeasible_diagnostic,2020-11-09,2020-11-09,2020-11-09,2020-11-01,IEF,2.0328790734103204e-18,0.0,2.0328790734103204e-18,False,growth_up_inflation_down,True,optimal
oracle_regime_pooled_relative_active_te100bp,oracle_infeasible_diagnostic,2020-11-09,2020-11-09,2020-11-09,2020-11-01,TIP,0.005593149187798675,0.0,0.005593149187798675,False,growth_up_inflation_down,True,optimal
oracle_regime_pooled_relative_active_te100bp,oracle_infeasible_diagnostic,2020-11-09,2020-11-09,2020-11-09,2020-11-01,HYG,0.15,0.1407949382299701,0.009205061770029888,False,growth_up_inflation_down,True,optimal
oracle_regime_pooled_relative_active_te100bp,oracle_infeasible_diagnostic,2020-11-09,2020-11-09,2020-11-09,2020-11-01,BIL,0.045772580636067504,0.0,0.045772580636067504,False,growth_up_inflation_down,True,optimal
oracle_regime_pooled_relative_active_te100bp,oracle_infeasible_diagnostic,2020-11-09,2020-11-09,2020-11-09,2020-11-01,GLD,0.14560183094061338,0.1956018309406134,-0.05000000000000002,False,growth_up_inflation_down,True,optimal
oracle_regime_pooled_relative_active_te100bp,oracle_infeasible_diagnostic,2020-11-09,2020-11-09,2020-11-09,2020-11-01,LQD,0.30303243923552053,0.3158011953801733,-0.012768756144652782,False,growth_up_inflation_down,True,optimal
oracle_regime_pooled_relative_active_te100bp,oracle_infeasible_diagnostic,2020-11-09,2020-11-09,2020-11-09,2020-11-01,AGG,0.0,0.0,0.0,False,growth_up_inflation_down,True,optimal
oracle_regime_pooled_relative_active_te100bp,oracle_infeasible_diagnostic,2020-11-16,2020-11-16,2020-11-16,2020-11-01,SPY,0.34999999999999964,0.3449940010439382,0.005005998956061464,False,growth_up_inflation_down,True,optimal
oracle_regime_pooled_relative_active_te100bp,oracle_infeasible_diagnostic,2020-11-16,2020-11-16,2020-11-16,2020-11-01,IEF,0.0,0.0,0.0,False,growth_up_inflation_down,True,optimal
oracle_regime_pooled_relative_active_te100bp,oracle_infeasible_diagnostic,2020-11-16,2020-11-16,2020-11-16,2020-11-01,TIP,0.002389024180786085,0.0,0.002389024180786085,False,growth_up_inflation_down,True,optimal
oracle_regime_pooled_relative_active_te100bp,oracle_infeasible_diagnostic,2020-11-16,2020-11-16,2020-11-16,2020-11-01,HYG,0.1487700950373063,0.139594738033046,0.009175357004260282,False,growth_up_inflation_down,True,optimal
oracle_regime_pooled_relative_active_te100bp,oracle_infeasible_diagnostic,2020-11-16,2020-11-16,2020-11-16,2020-11-01,BIL,0.04616239879801159,0.0,0.04616239879801159,False,growth_up_inflation_down,True,optimal
oracle_regime_pooled_relative_active_te100bp,oracle_infeasible_diagnostic,2020-11-16,2020-11-16,2020-11-16,2020-11-01,GLD,0.1480301781848583,0.1980301781848581,-0.049999999999999795,False,growth_up_inflation_down,True,optimal
oracle_regime_pooled_relative_active_te100bp,oracle_infeasible_diagnostic,2020-11-16,2020-11-16,2020-11-16,2020-11-01,LQD,0.30464830379903807,0.3173810827381574,-0.012732778939119338,False,growth_up_inflation_down,True,optimal
oracle_regime_pooled_relative_active_te100bp,oracle_infeasible_diagnostic,2020-11-16,2020-11-16,2020-11-16,2020-11-01,AGG,0.0,0.0,0.0,False,growth_up_inflation_down,True,optimal
oracle_regime_pooled_relative_active_te100bp,oracle_infeasible_diagnostic,2020-11-23,2020-11-23,2020-11-23,2020-11-01,SPY,0.35,0.3405994598698743,0.0094005401301257,False,growth_up_inflation_down,True,optimal
oracle_regime_pooled_relative_active_te100bp,oracle_infeasible_diagnostic,2020-11-23,2020-11-23,2020-11-23,2020-11-01,IEF,3.603278157619794e-18,0.0,3.603278157619794e-18,False,growth_up_inflation_down,True,optimal
oracle_regime_pooled_relative_active_te100bp,oracle_infeasible_diagnostic,2020-11-23,2020-11-23,2020-11-23,2020-11-01,TIP,7.69952949054159e-19,0.0,7.69952949054159e-19,False,growth_up_inflation_down,True,optimal
oracle_regime_pooled_relative_active_te100bp,oracle_infeasible_diagnostic,2020-11-23,2020-11-23,2020-11-23,2020-11-01,HYG,0.14921418936652958,0.1400405460780672,0.009173643288462374,False,growth_up_inflation_down,True,optimal
oracle_regime_pooled_relative_active_te100bp,oracle_infeasible_diagnostic,2020-11-23,2020-11-23,2020-11-23,2020-11-01,BIL,0.04442705878939376,0.0,0.04442705878939376,False,growth_up_inflation_down,True,optimal
oracle_regime_pooled_relative_active_te100bp,oracle_infeasible_diagnostic,2020-11-23,2020-11-23,2020-11-23,2020-11-01,GLD,0.14689054452198408,0.1968905445219841,-0.05000000000000002,False,growth_up_inflation_down,True,optimal
oracle_regime_pooled_relative_active_te100bp,oracle_infeasible_diagnostic,2020-11-23,2020-11-23,2020-11-23,2020-11-01,LQD,0.3094682073220926,0.3224694495300744,-0.013001242207981767,False,growth_up_inflation_down,True,optimal
oracle_regime_pooled_relative_active_te100bp,oracle_infeasible_diagnostic,2020-11-23,2020-11-23,2020-11-23,2020-11-01,AGG,0.0,0.0,0.0,False,growth_up_inflation_down,True,optimal
oracle_regime_pooled_relative_active_te100bp,oracle_infeasible_diagnostic,2020-11-30,2020-11-30,2020-11-30,2020-11-01,SPY,0.3499999999999999,0.347008927765582,0.002991072234417913,False,growth_up_inflation_down,True,optimal
oracle_regime_pooled_relative_active_te100bp,oracle_infeasible_diagnostic,2020-11-30,2020-11-30,2020-11-30,2020-11-01,IEF,1.1134756311426128e-16,0.0,1.1134756311426128e-16,False,growth_up_inflation_down,True,optimal
oracle_regime_pooled_relative_active_te100bp,oracle_infeasible_diagnostic,2020-11-30,2020-11-30,2020-11-30,2020-11-01,TIP,5.692061405548897e-17,0.0,5.692061405548897e-17,False,growth_up_inflation_down,True,optimal
oracle_regime_pooled_relative_active_te100bp,oracle_infeasible_diagnostic,2020-11-30,2020-11-30,2020-11-30,2020-11-01,HYG,0.15,0.1406082944261614,0.009391705573838588,False,growth_up_inflation_down,True,optimal
oracle_regime_pooled_relative_active_te100bp,oracle_infeasible_diagnostic,2020-11-30,2020-11-30,2020-11-30,2020-11-01,BIL,0.04436773366842656,0.0,0.04436773366842656,False,growth_up_inflation_down,True,optimal
oracle_regime_pooled_relative_active_te100bp,oracle_infeasible_diagnostic,2020-11-30,2020-11-30,2020-11-30,2020-11-01,GLD,0.1388438032896507,0.1888438032896507,-0.04999999999999999,False,growth_up_inflation_down,True,optimal
oracle_regime_pooled_relative_active_te100bp,oracle_infeasible_diagnostic,2020-11-30,2020-11-30,2020-11-30,2020-11-01,LQD,0.31678846304192265,0.3235389745186057,-0.006750511476683041,False,growth_up_inflation_down,True,optimal
oracle_regime_pooled_relative_active_te100bp,oracle_infeasible_diagnostic,2020-11-30,2020-11-30,2020-11-30,2020-11-01,AGG,0.0,0.0,0.0,False,growth_up_inflation_down,True,optimal
oracle_regime_pooled_relative_active_te100bp,oracle_infeasible_diagnostic,2020-12-07,2020-12-07,2020-12-07,2020-12-01,SPY,0.35,0.3493863906557867,0.000613609344213284,False,growth_up_inflation_up,True,optimal
oracle_regime_pooled_relative_active_te100bp,oracle_infeasible_diagnostic,2020-12-07,2020-12-07,2020-12-07,2020-12-01,IEF,1.0614339268633088e-16,0.0,1.0614339268633088e-16,False,growth_up_inflation_up,True,optimal
oracle_regime_pooled_relative_active_te100bp,oracle_infeasible_diagnostic,2020-12-07,2020-12-07,2020-12-07,2020-12-01,TIP,0.002075132062127469,0.0,0.002075132062127469,False,growth_up_inflation_up,True,optimal
oracle_regime_pooled_relative_active_te100bp,oracle_infeasible_diagnostic,2020-12-07,2020-12-07,2020-12-07,2020-12-01,HYG,0.14969401347336397,0.1401129788547236,0.009581034618640377,False,growth_up_inflation_up,True,optimal
oracle_regime_pooled_relative_active_te100bp,oracle_infeasible_diagnostic,2020-12-07,2020-12-07,2020-12-07,2020-12-01,BIL,0.04389526454262779,0.0,0.04389526454262779,False,growth_up_inflation_up,True,optimal
oracle_regime_pooled_relative_active_te100bp,oracle_infeasible_diagnostic,2020-12-07,2020-12-07,2020-12-07,2020-12-01,GLD,0.14284034503818283,0.1928403450381828,-0.04999999999999996,False,growth_up_inflation_up,True,optimal
oracle_regime_pooled_relative_active_te100bp,oracle_infeasible_diagnostic,2020-12-07,2020-12-07,2020-12-07,2020-12-01,LQD,0.3114952448836978,0.3176602854513068,-0.006165040567609026,False,growth_up_inflation_up,True,optimal
oracle_regime_pooled_relative_active_te100bp,oracle_infeasible_diagnostic,2020-12-07,2020-12-07,2020-12-07,2020-12-01,AGG,0.0,0.0,0.0,False,growth_up_inflation_up,True,optimal
oracle_regime_pooled_relative_active_te100bp,oracle_infeasible_diagnostic,2020-12-14,2020-12-14,2020-12-14,2020-12-01,SPY,0.34832591592657386,0.3478497140226765,0.0004762019038973553,False,growth_up_inflation_up,True,optimal
oracle_regime_pooled_relative_active_te100bp,oracle_infeasible_diagnostic,2020-12-14,2020-12-14,2020-12-14,2020-12-01,IEF,1.1321706512649082e-16,0.0,1.1321706512649082e-16,False,growth_up_inflation_up,True,optimal
oracle_regime_pooled_relative_active_te100bp,oracle_infeasible_diagnostic,2020-12-14,2020-12-14,2020-12-14,2020-12-01,TIP,0.002086919012010893,0.0,0.002086919012010893,False,growth_up_inflation_up,True,optimal
oracle_regime_pooled_relative_active_te100bp,oracle_infeasible_diagnostic,2020-12-14,2020-12-14,2020-12-14,2020-12-01,HYG,0.14993315990749656,0.1403383338575334,0.009594826049963173,False,growth_up_inflation_up,True,optimal
oracle_regime_pooled_relative_active_te100bp,oracle_infeasible_diagnostic,2020-12-14,2020-12-14,2020-12-14,2020-12-01,BIL,0.044026228530774744,0.0,0.044026228530774744,False,growth_up_inflation_up,True,optimal
oracle_regime_pooled_relative_active_te100bp,oracle_infeasible_diagnostic,2020-12-14,2020-12-14,2020-12-14,2020-12-01,GLD,0.14333942031342678,0.1933394203134267,-0.04999999999999993,False,growth_up_inflation_up,True,optimal
oracle_regime_pooled_relative_active_te100bp,oracle_infeasible_diagnostic,2020-12-14,2020-12-14,2020-12-14,2020-12-01,LQD,0.312288356309717,0.3184725318063633,-0.006184175496646294,False,growth_up_inflation_up,True,optimal
oracle_regime_pooled_relative_active_te100bp,oracle_infeasible_diagnostic,2020-12-14,2020-12-14,2020-12-14,2020-12-01,AGG,0.0,0.0,0.0,False,growth_up_inflation_up,True,optimal
oracle_regime_pooled_relative_active_te100bp,oracle_infeasible_diagnostic,2020-12-21,2020-12-21,2020-12-21,2020-12-01,SPY,0.34712324740165773,0.346896186304406,0.00022706109725173507,False,growth_up_inflation_up,True,optimal
oracle_regime_pooled_relative_active_te100bp,oracle_infeasible_diagnostic,2020-12-21,2020-12-21,2020-12-21,2020-12-01,IEF,0.0,0.0,0.0,False,growth_up_inflation_up,True,optimal
oracle_regime_pooled_relative_active_te100bp,oracle_infeasible_diagnostic,2020-12-21,2020-12-21,2020-12-21,2020-12-01,TIP,0.002078271527899984,0.0,0.002078271527899984,False,growth_up_inflation_up,True,optimal
oracle_regime_pooled_relative_active_te100bp,oracle_infeasible_diagnostic,2020-12-21,2020-12-21,2020-12-21,2020-12-01,HYG,0.1492215413628903,0.1394920291019658,0.0097295122609245,False,growth_up_inflation_up,True,optimal
oracle_regime_pooled_relative_active_te100bp,oracle_infeasible_diagnostic,2020-12-21,2020-12-21,2020-12-21,2020-12-01,BIL,0.04371639519804505,0.0,0.04371639519804505,False,growth_up_inflation_up,True,optimal
oracle_regime_pooled_relative_active_te100bp,oracle_infeasible_diagnostic,2020-12-21,2020-12-21,2020-12-21,2020-12-01,GLD,0.14676198551914532,0.1967619855191452,-0.04999999999999988,False,growth_up_inflation_up,True,optimal
oracle_regime_pooled_relative_active_te100bp,oracle_infeasible_diagnostic,2020-12-21,2020-12-21,2020-12-21,2020-12-01,LQD,0.3110985589903617,0.3168497990744828,-0.00575124008412109,False,growth_up_inflation_up,True,optimal
oracle_regime_pooled_relative_active_te100bp,oracle_infeasible_diagnostic,2020-12-21,2020-12-21,2020-12-21,2020-12-01,AGG,0.0,0.0,0.0,False,growth_up_inflation_up,True,optimal
oracle_regime_pooled_relative_active_te100bp,oracle_infeasible_diagnostic,2020-12-28,2020-12-28,2020-12-28,2020-12-01,SPY,0.34869010365202485,0.348476103053486,0.0002140005985388771,False,growth_up_inflation_up,True,optimal
oracle_regime_pooled_relative_active_te100bp,oracle_infeasible_diagnostic,2020-12-28,2020-12-28,2020-12-28,2020-12-01,IEF,0.0,0.0,0.0,False,growth_up_inflation_up,True,optimal
oracle_regime_pooled_relative_active_te100bp,oracle_infeasible_diagnostic,2020-12-28,2020-12-28,2020-12-28,2020-12-01,TIP,0.0020666386516878417,0.0,0.0020666386516878417,False,growth_up_inflation_up,True,optimal
oracle_regime_pooled_relative_active_te100bp,oracle_infeasible_diagnostic,2020-12-28,2020-12-28,2020-12-28,2020-12-01,HYG,0.14940798142830097,0.1396719584853023,0.009736022942998662,False,growth_up_inflation_up,True,optimal
oracle_regime_pooled_relative_active_te100bp,oracle_infeasible_diagnostic,2020-12-28,2020-12-28,2020-12-28,2020-12-01,BIL,0.04343886246100725,0.0,0.04343886246100725,False,growth_up_inflation_up,True,optimal
oracle_regime_pooled_relative_active_te100bp,oracle_infeasible_diagnostic,2020-12-28,2020-12-28,2020-12-28,2020-12-01,GLD,0.14586398248148597,0.1955659486936435,-0.04970196621215753,False,growth_up_inflation_up,True,optimal
oracle_regime_pooled_relative_active_te100bp,oracle_infeasible_diagnostic,2020-12-28,2020-12-28,2020-12-28,2020-12-01,LQD,0.3105324313254932,0.316285989767568,-0.005753558442074813,False,growth_up_inflation_up,True,optimal
oracle_regime_pooled_relative_active_te100bp,oracle_infeasible_diagnostic,2020-12-28,2020-12-28,2020-12-28,2020-12-01,AGG,0.0,0.0,0.0,False,growth_up_inflation_up,True,optimal
oracle_regime_pooled_relative_active_te100bp,oracle_infeasible_diagnostic,2021-01-04,2021-01-04,2021-01-04,2021-01-01,SPY,0.3491631777493799,0.3488428425232031,0.00032033522617680443,False,growth_up_inflation_up,True,optimal
oracle_regime_pooled_relative_active_te100bp,oracle_infeasible_diagnostic,2021-01-04,2021-01-04,2021-01-04,2021-01-01,IEF,0.0,0.0,0.0,False,growth_up_inflation_up,True,optimal
oracle_regime_pooled_relative_active_te100bp,oracle_infeasible_diagnostic,2021-01-04,2021-01-04,2021-01-04,2021-01-01,TIP,0.00206471343995727,0.0,0.00206471343995727,False,growth_up_inflation_up,True,optimal
oracle_regime_pooled_relative_active_te100bp,oracle_infeasible_diagnostic,2021-01-04,2021-01-04,2021-01-04,2021-01-01,HYG,0.14895911852009144,0.1392100270054436,0.00974909151464784,False,growth_up_inflation_up,True,optimal
oracle_regime_pooled_relative_active_te100bp,oracle_infeasible_diagnostic,2021-01-04,2021-01-04,2021-01-04,2021-01-01,BIL,0.0432535474850903,0.0,0.0432535474850903,False,growth_up_inflation_up,True,optimal
oracle_regime_pooled_relative_active_te100bp,oracle_infeasible_diagnostic,2021-01-04,2021-01-04,2021-01-04,2021-01-01,GLD,0.1461270641655587,0.1958591343552462,-0.049732070189687505,False,growth_up_inflation_up,True,optimal
oracle_regime_pooled_relative_active_te100bp,oracle_infeasible_diagnostic,2021-01-04,2021-01-04,2021-01-04,2021-01-01,LQD,0.3104323786399225,0.3160879961161069,-0.005655617476184371,False,growth_up_inflation_up,True,optimal
oracle_regime_pooled_relative_active_te100bp,oracle_infeasible_diagnostic,2021-01-04,2021-01-04,2021-01-04,2021-01-01,AGG,0.0,0.0,0.0,False,growth_up_inflation_up,True,optimal
oracle_regime_pooled_relative_active_te100bp,oracle_infeasible_diagnostic,2021-01-11,2021-01-11,2021-01-11,2021-01-01,SPY,0.3499999999999999,0.3499999999999991,8.326672684688674e-16,False,growth_up_inflation_up,True,optimal
oracle_regime_pooled_relative_active_te100bp,oracle_infeasible_diagnostic,2021-01-11,2021-01-11,2021-01-11,2021-01-01,IEF,0.0,0.0,0.0,False,growth_up_inflation_up,True,optimal
oracle_regime_pooled_relative_active_te100bp,oracle_infeasible_diagnostic,2021-01-11,2021-01-11,2021-01-11,2021-01-01,TIP,0.0033867241628447514,0.0,0.0033867241628447514,False,growth_up_inflation_up,True,optimal
oracle_regime_pooled_relative_active_te100bp,oracle_infeasible_diagnostic,2021-01-11,2021-01-11,2021-01-11,2021-01-01,HYG,0.14984562797375472,0.1403820214823269,0.009463606491427828,False,growth_up_inflation_up,True,optimal
oracle_regime_pooled_relative_active_te100bp,oracle_infeasible_diagnostic,2021-01-11,2021-01-11,2021-01-11,2021-01-01,BIL,0.04352115784877713,0.0,0.04352115784877713,False,growth_up_inflation_up,True,optimal
oracle_regime_pooled_relative_active_te100bp,oracle_infeasible_diagnostic,2021-01-11,2021-01-11,2021-01-11,2021-01-01,GLD,0.14568493068814067,0.1956849306881407,-0.05000000000000002,False,growth_up_inflation_up,True,optimal
oracle_regime_pooled_relative_active_te100bp,oracle_infeasible_diagnostic,2021-01-11,2021-01-11,2021-01-11,2021-01-01,LQD,0.3075615593264829,0.3139330478295333,-0.006371488503050415,False,growth_up_inflation_up,True,optimal
oracle_regime_pooled_relative_active_te100bp,oracle_infeasible_diagnostic,2021-01-11,2021-01-11,2021-01-11,2021-01-01,AGG,0.0,0.0,0.0,False,growth_up_inflation_up,True,optimal
oracle_regime_pooled_relative_active_te100bp,oracle_infeasible_diagnostic,2021-01-18,2021-01-18,2021-01-19,2021-01-01,SPY,0.34842373698808027,0.3485271528992674,-0.00010341591118712135,False,growth_up_inflation_up,True,optimal
oracle_regime_pooled_relative_active_te100bp,oracle_infeasible_diagnostic,2021-01-18,2021-01-18,2021-01-19,2021-01-01,IEF,0.0,0.0,0.0,False,growth_up_inflation_up,True,optimal
oracle_regime_pooled_relative_active_te100bp,oracle_infeasible_diagnostic,2021-01-18,2021-01-18,2021-01-19,2021-01-01,TIP,0.003409803124344457,0.0,0.003409803124344457,False,growth_up_inflation_up,True,optimal
oracle_regime_pooled_relative_active_te100bp,oracle_infeasible_diagnostic,2021-01-18,2021-01-18,2021-01-19,2021-01-01,HYG,0.15017983829823012,0.1407368843432902,0.009442953954939909,False,growth_up_inflation_up,True,optimal
oracle_regime_pooled_relative_active_te100bp,oracle_infeasible_diagnostic,2021-01-18,2021-01-18,2021-01-19,2021-01-01,BIL,0.04357785683604562,0.0,0.04357785683604562,False,growth_up_inflation_up,True,optimal
oracle_regime_pooled_relative_active_te100bp,oracle_infeasible_diagnostic,2021-01-18,2021-01-18,2021-01-19,2021-01-01,GLD,0.14500300220723147,0.1948267695123978,-0.04982376730516633,False,growth_up_inflation_up,True,optimal
oracle_regime_pooled_relative_active_te100bp,oracle_infeasible_diagnostic,2021-01-18,2021-01-18,2021-01-19,2021-01-01,LQD,0.30940576254606816,0.3159091932450445,-0.0065034306989763535,False,growth_up_inflation_up,True,optimal
oracle_regime_pooled_relative_active_te100bp,oracle_infeasible_diagnostic,2021-01-18,2021-01-18,2021-01-19,2021-01-01,AGG,0.0,0.0,0.0,False,growth_up_inflation_up,True,optimal
oracle_regime_pooled_relative_active_te100bp,oracle_infeasible_diagnostic,2021-01-25,2021-01-25,2021-01-25,2021-01-01,SPY,0.3499999999999999,0.349999999999999,9.43689570931383e-16,False,growth_up_inflation_up,True,optimal
oracle_regime_pooled_relative_active_te100bp,oracle_infeasible_diagnostic,2021-01-25,2021-01-25,2021-01-25,2021-01-01,IEF,2.4770631509504753e-17,0.0,2.4770631509504753e-17,False,growth_up_inflation_up,True,optimal
oracle_regime_pooled_relative_active_te100bp,oracle_infeasible_diagnostic,2021-01-25,2021-01-25,2021-01-25,2021-01-01,TIP,0.003520289438701543,0.0,0.003520289438701543,False,growth_up_inflation_up,True,optimal
oracle_regime_pooled_relative_active_te100bp,oracle_infeasible_diagnostic,2021-01-25,2021-01-25,2021-01-25,2021-01-01,HYG,0.1494633834320233,0.1400208559947237,0.00944252743729962,False,growth_up_inflation_up,True,optimal
oracle_regime_pooled_relative_active_te100bp,oracle_infeasible_diagnostic,2021-01-25,2021-01-25,2021-01-25,2021-01-01,BIL,0.043394800107124695,0.0,0.043394800107124695,False,growth_up_inflation_up,True,optimal
oracle_regime_pooled_relative_active_te100bp,oracle_infeasible_diagnostic,2021-01-25,2021-01-25,2021-01-25,2021-01-01,GLD,0.14639856249536948,0.1963985624953694,-0.04999999999999993,False,growth_up_inflation_up,True,optimal
oracle_regime_pooled_relative_active_te100bp,oracle_infeasible_diagnostic,2021-01-25,2021-01-25,2021-01-25,2021-01-01,LQD,0.307222964526781,0.3135805815099078,-0.0063576169831268126,False,growth_up_inflation_up,True,optimal
oracle_regime_pooled_relative_active_te100bp,oracle_infeasible_diagnostic,2021-01-25,2021-01-25,2021-01-25,2021-01-01,AGG,0.0,0.0,0.0,False,growth_up_inflation_up,True,optimal
oracle_regime_pooled_relative_active_te100bp,oracle_infeasible_diagnostic,2021-02-01,2021-02-01,2021-02-01,2021-02-01,SPY,0.29316154671823397,0.3431615467182339,-0.04999999999999993,False,growth_down_inflation_down,True,optimal
oracle_regime_pooled_relative_active_te100bp,oracle_infeasible_diagnostic,2021-02-01,2021-02-01,2021-02-01,2021-02-01,IEF,2.089490159073275e-17,0.0,2.089490159073275e-17,False,growth_down_inflation_down,True,optimal
oracle_regime_pooled_relative_active_te100bp,oracle_infeasible_diagnostic,2021-02-01,2021-02-01,2021-02-01,2021-02-01,TIP,0.0035775000190968855,0.0,0.0035775000190968855,False,growth_down_inflation_down,True,optimal
oracle_regime_pooled_relative_active_te100bp,oracle_infeasible_diagnostic,2021-02-01,2021-02-01,2021-02-01,2021-02-01,HYG,0.13864381144128146,0.1417922383382976,-0.0031484268970161378,False,growth_down_inflation_down,True,optimal
oracle_regime_pooled_relative_active_te100bp,oracle_infeasible_diagnostic,2021-02-01,2021-02-01,2021-02-01,2021-02-01,BIL,0.044087619940035294,0.0,0.044087619940035294,False,growth_down_inflation_down,True,optimal
oracle_regime_pooled_relative_active_te100bp,oracle_infeasible_diagnostic,2021-02-01,2021-02-01,2021-02-01,2021-02-01,GLD,0.20923910940752538,0.1971141374900697,0.01212497191745568,False,growth_down_inflation_down,True,optimal
oracle_regime_pooled_relative_active_te100bp,oracle_infeasible_diagnostic,2021-02-01,2021-02-01,2021-02-01,2021-02-01,LQD,0.31129041247382705,0.3179320774533987,-0.006641664979571638,False,growth_down_inflation_down,True,optimal
oracle_regime_pooled_relative_active_te100bp,oracle_infeasible_diagnostic,2021-02-01,2021-02-01,2021-02-01,2021-02-01,AGG,0.0,0.0,0.0,False,growth_down_inflation_down,True,optimal
oracle_regime_pooled_relative_active_te100bp,oracle_infeasible_diagnostic,2021-02-08,2021-02-08,2021-02-08,2021-02-01,SPY,0.29999999999999954,0.3499999999999995,-0.04999999999999993,False,growth_down_inflation_down,True,optimal
oracle_regime_pooled_relative_active_te100bp,oracle_infeasible_diagnostic,2021-02-08,2021-02-08,2021-02-08,2021-02-01,IEF,2.0746198004705838e-17,0.0,2.0746198004705838e-17,False,growth_down_inflation_down,True,optimal
oracle_regime_pooled_relative_active_te100bp,oracle_infeasible_diagnostic,2021-02-08,2021-02-08,2021-02-08,2021-02-01,TIP,0.003557425445315276,0.0,0.003557425445315276,False,growth_down_inflation_down,True,optimal
oracle_regime_pooled_relative_active_te100bp,oracle_infeasible_diagnostic,2021-02-08,2021-02-08,2021-02-08,2021-02-01,HYG,0.13854662340174417,0.1419898136807345,-0.0034431902789903157,False,growth_down_inflation_down,True,optimal
oracle_regime_pooled_relative_active_te100bp,oracle_infeasible_diagnostic,2021-02-08,2021-02-08,2021-02-08,2021-02-01,BIL,0.04388828817642974,0.0,0.04388828817642974,False,growth_down_inflation_down,True,optimal
oracle_regime_pooled_relative_active_te100bp,oracle_infeasible_diagnostic,2021-02-08,2021-02-08,2021-02-08,2021-02-01,GLD,0.20545251669906173,0.1935709733926153,0.011881543306446418,False,growth_down_inflation_down,True,optimal
oracle_regime_pooled_relative_active_te100bp,oracle_infeasible_diagnostic,2021-02-08,2021-02-08,2021-02-08,2021-02-01,LQD,0.3085551462774495,0.3144392129266504,-0.005884066649200881,False,growth_down_inflation_down,True,optimal
oracle_regime_pooled_relative_active_te100bp,oracle_infeasible_diagnostic,2021-02-08,2021-02-08,2021-02-08,2021-02-01,AGG,0.0,0.0,0.0,False,growth_down_inflation_down,True,optimal
oracle_regime_pooled_relative_active_te100bp,oracle_infeasible_diagnostic,2021-02-15,2021-02-15,2021-02-16,2021-02-01,SPY,0.29999999999999966,0.3499999999999996,-0.04999999999999993,False,growth_down_inflation_down,True,optimal
oracle_regime_pooled_relative_active_te100bp,oracle_infeasible_diagnostic,2021-02-15,2021-02-15,2021-02-16,2021-02-01,IEF,3.020806605685187e-17,0.0,3.020806605685187e-17,False,growth_down_inflation_down,True,optimal
oracle_regime_pooled_relative_active_te100bp,oracle_infeasible_diagnostic,2021-02-15,2021-02-15,2021-02-16,2021-02-01,TIP,0.0035521398345100233,0.0,0.0035521398345100233,False,growth_down_inflation_down,True,optimal
oracle_regime_pooled_relative_active_te100bp,oracle_infeasible_diagnostic,2021-02-15,2021-02-15,2021-02-16,2021-02-01,HYG,0.1385972854935614,0.1421125849818972,-0.003515299488335788,False,growth_down_inflation_down,True,optimal
oracle_regime_pooled_relative_active_te100bp,oracle_infeasible_diagnostic,2021-02-15,2021-02-15,2021-02-16,2021-02-01,BIL,0.043853996716616724,0.0,0.043853996716616724,False,growth_down_inflation_down,True,optimal
oracle_regime_pooled_relative_active_te100bp,oracle_infeasible_diagnostic,2021-02-15,2021-02-15,2021-02-16,2021-02-01,GLD,0.20625399193271846,0.1944394488470932,0.011814543085625268,False,growth_down_inflation_down,True,optimal
oracle_regime_pooled_relative_active_te100bp,oracle_infeasible_diagnostic,2021-02-15,2021-02-15,2021-02-16,2021-02-01,LQD,0.3077425860225937,0.3134479661710098,-0.005705380148416095,False,growth_down_inflation_down,True,optimal
oracle_regime_pooled_relative_active_te100bp,oracle_infeasible_diagnostic,2021-02-15,2021-02-15,2021-02-16,2021-02-01,AGG,0.0,0.0,0.0,False,growth_down_inflation_down,True,optimal
oracle_regime_pooled_relative_active_te100bp,oracle_infeasible_diagnostic,2021-02-22,2021-02-22,2021-02-22,2021-02-01,SPY,0.2990458776927,0.3490069729179891,-0.049961095225289076,False,growth_down_inflation_down,True,optimal
oracle_regime_pooled_relative_active_te100bp,oracle_infeasible_diagnostic,2021-02-22,2021-02-22,2021-02-22,2021-02-01,IEF,4.3363368890078346e-17,0.0,4.3363368890078346e-17,False,growth_down_inflation_down,True,optimal
oracle_regime_pooled_relative_active_te100bp,oracle_infeasible_diagnostic,2021-02-22,2021-02-22,2021-02-22,2021-02-01,TIP,0.003509782308138973,0.0,0.003509782308138973,False,growth_down_inflation_down,True,optimal
oracle_regime_pooled_relative_active_te100bp,oracle_infeasible_diagnostic,2021-02-22,2021-02-22,2021-02-22,2021-02-01,HYG,0.13917037561699785,0.1427620094562819,-0.003591633839284042,False,growth_down_inflation_down,True,optimal
oracle_regime_pooled_relative_active_te100bp,oracle_infeasible_diagnostic,2021-02-22,2021-02-22,2021-02-22,2021-02-01,BIL,0.04415590824427714,0.0,0.04415590824427714,False,growth_down_inflation_down,True,optimal
oracle_regime_pooled_relative_active_te100bp,oracle_infeasible_diagnostic,2021-02-22,2021-02-22,2021-02-22,2021-02-01,GLD,0.20625571712972499,0.1945252813446687,0.011730435785056281,False,growth_down_inflation_down,True,optimal
oracle_regime_pooled_relative_active_te100bp,oracle_infeasible_diagnostic,2021-02-22,2021-02-22,2021-02-22,2021-02-01,LQD,0.3078623390081609,0.3137057362810601,-0.005843397272899176,False,growth_down_inflation_down,True,optimal
oracle_regime_pooled_relative_active_te100bp,oracle_infeasible_diagnostic,2021-02-22,2021-02-22,2021-02-22,2021-02-01,AGG,0.0,0.0,0.0,False,growth_down_inflation_down,True,optimal
oracle_regime_pooled_relative_active_te100bp,oracle_infeasible_diagnostic,2021-03-01,2021-03-01,2021-03-01,2021-03-01,SPY,0.2988648826816125,0.3488648826816124,-0.04999999999999993,False,growth_up_inflation_up,True,optimal
oracle_regime_pooled_relative_active_te100bp,oracle_infeasible_diagnostic,2021-03-01,2021-03-01,2021-03-01,2021-03-01,IEF,1.9046467555254923e-16,0.0,1.9046467555254923e-16,False,growth_up_inflation_up,True,optimal
oracle_regime_pooled_relative_active_te100bp,oracle_infeasible_diagnostic,2021-03-01,2021-03-01,2021-03-01,2021-03-01,TIP,0.0035676193964885973,0.0,0.0035676193964885973,False,growth_up_inflation_up,True,optimal
oracle_regime_pooled_relative_active_te100bp,oracle_infeasible_diagnostic,2021-03-01,2021-03-01,2021-03-01,2021-03-01,HYG,0.13999133780048528,0.1436718266087155,-0.0036804888082302145,False,growth_up_inflation_up,True,optimal
oracle_regime_pooled_relative_active_te100bp,oracle_infeasible_diagnostic,2021-03-01,2021-03-01,2021-03-01,2021-03-01,BIL,0.04489424776123395,0.0,0.04489424776123395,False,growth_up_inflation_up,True,optimal
oracle_regime_pooled_relative_active_te100bp,oracle_infeasible_diagnostic,2021-03-01,2021-03-01,2021-03-01,2021-03-01,GLD,0.20133081489546015,0.1899699483554156,0.011360866540044534,False,growth_up_inflation_up,True,optimal
oracle_regime_pooled_relative_active_te100bp,oracle_infeasible_diagnostic,2021-03-01,2021-03-01,2021-03-01,2021-03-01,LQD,0.31135109746471945,0.3174933423542565,-0.006142244889537074,False,growth_up_inflation_up,True,optimal
oracle_regime_pooled_relative_active_te100bp,oracle_infeasible_diagnostic,2021-03-01,2021-03-01,2021-03-01,2021-03-01,AGG,0.0,0.0,0.0,False,growth_up_inflation_up,True,optimal
oracle_regime_pooled_relative_active_te100bp,oracle_infeasible_diagnostic,2021-03-08,2021-03-08,2021-03-08,2021-03-01,SPY,0.30061044550559235,0.3499999999999998,-0.04938955449440746,False,growth_up_inflation_up,True,optimal
oracle_regime_pooled_relative_active_te100bp,oracle_infeasible_diagnostic,2021-03-08,2021-03-08,2021-03-08,2021-03-01,IEF,1.9080497196212385e-16,0.0,1.9080497196212385e-16,False,growth_up_inflation_up,True,optimal
oracle_regime_pooled_relative_active_te100bp,oracle_infeasible_diagnostic,2021-03-08,2021-03-08,2021-03-08,2021-03-01,TIP,0.0035967396864744405,0.0,0.0035967396864744405,False,growth_up_inflation_up,True,optimal
oracle_regime_pooled_relative_active_te100bp,oracle_infeasible_diagnostic,2021-03-08,2021-03-08,2021-03-08,2021-03-01,HYG,0.14144671506446815,0.1451747102684578,-0.0037279952039896425,False,growth_up_inflation_up,True,optimal
oracle_regime_pooled_relative_active_te100bp,oracle_infeasible_diagnostic,2021-03-08,2021-03-08,2021-03-08,2021-03-01,BIL,0.04538716387593611,0.0,0.04538716387593611,False,growth_up_inflation_up,True,optimal
oracle_regime_pooled_relative_active_te100bp,oracle_infeasible_diagnostic,2021-03-08,2021-03-08,2021-03-08,2021-03-01,GLD,0.19868472992346095,0.1884099372467476,0.010274792676713357,False,growth_up_inflation_up,True,optimal
oracle_regime_pooled_relative_active_te100bp,oracle_infeasible_diagnostic,2021-03-08,2021-03-08,2021-03-08,2021-03-01,LQD,0.3102742059440679,0.3164153524847946,-0.006141146540726672,False,growth_up_inflation_up,True,optimal
oracle_regime_pooled_relative_active_te100bp,oracle_infeasible_diagnostic,2021-03-08,2021-03-08,2021-03-08,2021-03-01,AGG,0.0,0.0,0.0,False,growth_up_inflation_up,True,optimal
oracle_regime_pooled_relative_active_te100bp,oracle_infeasible_diagnostic,2021-03-15,2021-03-15,2021-03-15,2021-03-01,SPY,0.30525694813302023,0.3499999999999986,-0.044743051866978356,False,growth_up_inflation_up,True,optimal
oracle_regime_pooled_relative_active_te100bp,oracle_infeasible_diagnostic,2021-03-15,2021-03-15,2021-03-15,2021-03-01,IEF,1.8868499470473923e-16,0.0,1.8868499470473923e-16,False,growth_up_inflation_up,True,optimal
oracle_regime_pooled_relative_active_te100bp,oracle_infeasible_diagnostic,2021-03-15,2021-03-15,2021-03-15,2021-03-01,TIP,0.003560654349456096,0.0,0.003560654349456096,False,growth_up_inflation_up,True,optimal
oracle_regime_pooled_relative_active_te100bp,oracle_infeasible_diagnostic,2021-03-15,2021-03-15,2021-03-15,2021-03-01,HYG,0.1400286167933947,0.1435798503148364,-0.0035512335214416824,False,growth_up_inflation_up,True,optimal
oracle_regime_pooled_relative_active_te100bp,oracle_infeasible_diagnostic,2021-03-15,2021-03-15,2021-03-15,2021-03-01,BIL,0.04498929932699643,0.0,0.04498929932699643,False,growth_up_inflation_up,True,optimal
oracle_regime_pooled_relative_active_te100bp,oracle_infeasible_diagnostic,2021-03-15,2021-03-15,2021-03-15,2021-03-01,GLD,0.20055703707897082,0.195066186001528,0.005490851077442821,False,growth_up_inflation_up,True,optimal
oracle_regime_pooled_relative_active_te100bp,oracle_infeasible_diagnostic,2021-03-15,2021-03-15,2021-03-15,2021-03-01,LQD,0.3056074443181616,0.3113539636836368,-0.005746519365475211,False,growth_up_inflation_up,True,optimal
oracle_regime_pooled_relative_active_te100bp,oracle_infeasible_diagnostic,2021-03-15,2021-03-15,2021-03-15,2021-03-01,AGG,0.0,0.0,0.0,False,growth_up_inflation_up,True,optimal
oracle_regime_pooled_relative_active_te100bp,oracle_infeasible_diagnostic,2021-03-22,2021-03-22,2021-03-22,2021-03-01,SPY,0.30329336173053745,0.3479071470405472,-0.04461378531000976,False,growth_up_inflation_up,True,optimal
oracle_regime_pooled_relative_active_te100bp,oracle_infeasible_diagnostic,2021-03-22,2021-03-22,2021-03-22,2021-03-01,IEF,1.8765867574367379e-16,0.0,1.8765867574367379e-16,False,growth_up_inflation_up,True,optimal
oracle_regime_pooled_relative_active_te100bp,oracle_infeasible_diagnostic,2021-03-22,2021-03-22,2021-03-22,2021-03-01,TIP,0.0035646870905780025,0.0,0.0035646870905780025,False,growth_up_inflation_up,True,optimal
oracle_regime_pooled_relative_active_te100bp,oracle_infeasible_diagnostic,2021-03-22,2021-03-22,2021-03-22,2021-03-01,HYG,0.13984799506231863,0.1434600246427398,-0.003612029580421172,False,growth_up_inflation_up,True,optimal
oracle_regime_pooled_relative_active_te100bp,oracle_infeasible_diagnostic,2021-03-22,2021-03-22,2021-03-22,2021-03-01,BIL,0.045108775935807095,0.0,0.045108775935807095,False,growth_up_inflation_up,True,optimal
oracle_regime_pooled_relative_active_te100bp,oracle_infeasible_diagnostic,2021-03-22,2021-03-22,2021-03-22,2021-03-01,GLD,0.20224185835920572,0.1967945623097647,0.005447296049441025,False,growth_up_inflation_up,True,optimal
oracle_regime_pooled_relative_active_te100bp,oracle_infeasible_diagnostic,2021-03-22,2021-03-22,2021-03-22,2021-03-01,LQD,0.30594332182155304,0.3118382660069482,-0.005894944185395157,False,growth_up_inflation_up,True,optimal
oracle_regime_pooled_relative_active_te100bp,oracle_infeasible_diagnostic,2021-03-22,2021-03-22,2021-03-22,2021-03-01,AGG,0.0,0.0,0.0,False,growth_up_inflation_up,True,optimal
oracle_regime_pooled_relative_active_te100bp,oracle_infeasible_diagnostic,2021-03-29,2021-03-29,2021-03-29,2021-03-01,SPY,0.30574589517724465,0.35,-0.044254104822755325,False,growth_up_inflation_up,True,optimal
oracle_regime_pooled_relative_active_te100bp,oracle_infeasible_diagnostic,2021-03-29,2021-03-29,2021-03-29,2021-03-01,IEF,1.867611147323204e-16,0.0,1.867611147323204e-16,False,growth_up_inflation_up,True,optimal
oracle_regime_pooled_relative_active_te100bp,oracle_infeasible_diagnostic,2021-03-29,2021-03-29,2021-03-29,2021-03-01,TIP,0.003565828059907557,0.0,0.003565828059907557,False,growth_up_inflation_up,True,optimal
oracle_regime_pooled_relative_active_te100bp,oracle_infeasible_diagnostic,2021-03-29,2021-03-29,2021-03-29,2021-03-01,HYG,0.14002030966440993,0.1435354775413964,-0.003515167876986469,False,growth_up_inflation_up,True,optimal
oracle_regime_pooled_relative_active_te100bp,oracle_infeasible_diagnostic,2021-03-29,2021-03-29,2021-03-29,2021-03-01,BIL,0.04479024967899494,0.0,0.04479024967899494,False,growth_up_inflation_up,True,optimal
oracle_regime_pooled_relative_active_te100bp,oracle_infeasible_diagnostic,2021-03-29,2021-03-29,2021-03-29,2021-03-01,GLD,0.20077664508862272,0.1957040799179745,0.005072565170648219,False,growth_up_inflation_up,True,optimal
oracle_regime_pooled_relative_active_te100bp,oracle_infeasible_diagnostic,2021-03-29,2021-03-29,2021-03-29,2021-03-01,LQD,0.30510107233082,0.3107604425406292,-0.005659370209809167,False,growth_up_inflation_up,True,optimal
oracle_regime_pooled_relative_active_te100bp,oracle_infeasible_diagnostic,2021-03-29,2021-03-29,2021-03-29,2021-03-01,AGG,0.0,0.0,0.0,False,growth_up_inflation_up,True,optimal
oracle_regime_pooled_relative_active_te100bp,oracle_infeasible_diagnostic,2021-04-05,2021-04-05,2021-04-05,2021-04-01,SPY,0.30776430027041674,0.35,-0.04223569972958324,False,growth_up_inflation_up,True,optimal
oracle_regime_pooled_relative_active_te100bp,oracle_infeasible_diagnostic,2021-04-05,2021-04-05,2021-04-05,2021-04-01,IEF,1.8467332005828718e-16,0.0,1.8467332005828718e-16,False,growth_up_inflation_up,True,optimal
oracle_regime_pooled_relative_active_te100bp,oracle_infeasible_diagnostic,2021-04-05,2021-04-05,2021-04-05,2021-04-01,TIP,0.0035256281461786337,0.0,0.0035256281461786337,False,growth_up_inflation_up,True,optimal
oracle_regime_pooled_relative_active_te100bp,oracle_infeasible_diagnostic,2021-04-05,2021-04-05,2021-04-05,2021-04-01,HYG,0.13956593373773685,0.142962537929865,-0.0033966041921281442,False,growth_up_inflation_up,True,optimal
oracle_regime_pooled_relative_active_te100bp,oracle_infeasible_diagnostic,2021-04-05,2021-04-05,2021-04-05,2021-04-01,BIL,0.04439188422886829,0.0,0.04439188422886829,False,growth_up_inflation_up,True,optimal
oracle_regime_pooled_relative_active_te100bp,oracle_infeasible_diagnostic,2021-04-05,2021-04-05,2021-04-05,2021-04-01,GLD,0.1996100024300496,0.1964678624222839,0.0031421400077656925,False,growth_up_inflation_up,True,optimal
oracle_regime_pooled_relative_active_te100bp,oracle_infeasible_diagnostic,2021-04-05,2021-04-05,2021-04-05,2021-04-01,LQD,0.30514225118674976,0.3105695996478509,-0.005427348461101156,False,growth_up_inflation_up,True,optimal
oracle_regime_pooled_relative_active_te100bp,oracle_infeasible_diagnostic,2021-04-05,2021-04-05,2021-04-05,2021-04-01,AGG,0.0,0.0,0.0,False,growth_up_inflation_up,True,optimal
oracle_regime_pooled_relative_active_te100bp,oracle_infeasible_diagnostic,2021-04-12,2021-04-12,2021-04-12,2021-04-01,SPY,0.31081596974697895,0.3499999999999996,-0.03918403025302064,False,growth_up_inflation_up,True,optimal
oracle_regime_pooled_relative_active_te100bp,oracle_infeasible_diagnostic,2021-04-12,2021-04-12,2021-04-12,2021-04-01,IEF,1.839008855268033e-16,0.0,1.839008855268033e-16,False,growth_up_inflation_up,True,optimal
oracle_regime_pooled_relative_active_te100bp,oracle_infeasible_diagnostic,2021-04-12,2021-04-12,2021-04-12,2021-04-01,TIP,0.003498638516867827,0.0,0.003498638516867827,False,growth_up_inflation_up,True,optimal
oracle_regime_pooled_relative_active_te100bp,oracle_infeasible_diagnostic,2021-04-12,2021-04-12,2021-04-12,2021-04-01,HYG,0.13838955882428539,0.1416406312011199,-0.003251072376834502,False,growth_up_inflation_up,True,optimal
oracle_regime_pooled_relative_active_te100bp,oracle_infeasible_diagnostic,2021-04-12,2021-04-12,2021-04-12,2021-04-01,BIL,0.043952370187282486,0.0,0.043952370187282486,False,growth_up_inflation_up,True,optimal
oracle_regime_pooled_relative_active_te100bp,oracle_infeasible_diagnostic,2021-04-12,2021-04-12,2021-04-12,2021-04-01,GLD,0.19979683504955342,0.1996685495113578,0.0001282855381956327,False,growth_up_inflation_up,True,optimal
oracle_regime_pooled_relative_active_te100bp,oracle_infeasible_diagnostic,2021-04-12,2021-04-12,2021-04-12,2021-04-01,LQD,0.30354662767503177,0.3086908192875227,-0.0051441916124909115,False,growth_up_inflation_up,True,optimal
oracle_regime_pooled_relative_active_te100bp,oracle_infeasible_diagnostic,2021-04-12,2021-04-12,2021-04-12,2021-04-01,AGG,0.0,0.0,0.0,False,growth_up_inflation_up,True,optimal
oracle_regime_pooled_relative_active_te100bp,oracle_infeasible_diagnostic,2021-04-19,2021-04-19,2021-04-19,2021-04-01,SPY,0.31238318447939845,0.3499999999999998,-0.037616815520601365,False,growth_up_inflation_up,True,optimal
oracle_regime_pooled_relative_active_te100bp,oracle_infeasible_diagnostic,2021-04-19,2021-04-19,2021-04-19,2021-04-01,IEF,1.832232821622549e-16,0.0,1.832232821622549e-16,False,growth_up_inflation_up,True,optimal
oracle_regime_pooled_relative_active_te100bp,oracle_infeasible_diagnostic,2021-04-19,2021-04-19,2021-04-19,2021-04-01,TIP,0.003492638227202753,0.0,0.003492638227202753,False,growth_up_inflation_up,True,optimal
oracle_regime_pooled_relative_active_te100bp,oracle_infeasible_diagnostic,2021-04-19,2021-04-19,2021-04-19,2021-04-01,HYG,0.13726509167473874,0.140407073579574,-0.0031419819048352504,False,growth_up_inflation_up,True,optimal
oracle_regime_pooled_relative_active_te100bp,oracle_infeasible_diagnostic,2021-04-19,2021-04-19,2021-04-19,2021-04-01,BIL,0.0435001488883909,0.0,0.0435001488883909,False,growth_up_inflation_up,True,optimal
oracle_regime_pooled_relative_active_te100bp,oracle_infeasible_diagnostic,2021-04-19,2021-04-19,2021-04-19,2021-04-01,GLD,0.20211789150021434,0.2034270383346252,-0.001309146834410857,False,growth_up_inflation_up,True,optimal
oracle_regime_pooled_relative_active_te100bp,oracle_infeasible_diagnostic,2021-04-19,2021-04-19,2021-04-19,2021-04-01,LQD,0.3012410452300546,0.3061658880858009,-0.004924842855746292,False,growth_up_inflation_up,True,optimal
oracle_regime_pooled_relative_active_te100bp,oracle_infeasible_diagnostic,2021-04-19,2021-04-19,2021-04-19,2021-04-01,AGG,0.0,0.0,0.0,False,growth_up_inflation_up,True,optimal
oracle_regime_pooled_relative_active_te100bp,oracle_infeasible_diagnostic,2021-04-26,2021-04-26,2021-04-26,2021-04-01,SPY,0.3117179810771803,0.35,-0.03828201892281968,False,growth_up_inflation_up,True,optimal
oracle_regime_pooled_relative_active_te100bp,oracle_infeasible_diagnostic,2021-04-26,2021-04-26,2021-04-26,2021-04-01,IEF,1.8327872471933589e-16,0.0,1.8327872471933589e-16,False,growth_up_inflation_up,True,optimal
oracle_regime_pooled_relative_active_te100bp,oracle_infeasible_diagnostic,2021-04-26,2021-04-26,2021-04-26,2021-04-01,TIP,0.003491383453216514,0.0,0.003491383453216514,False,growth_up_inflation_up,True,optimal
oracle_regime_pooled_relative_active_te100bp,oracle_infeasible_diagnostic,2021-04-26,2021-04-26,2021-04-26,2021-04-01,HYG,0.13708167403764357,0.1402094093861458,-0.0031277353485022197,False,growth_up_inflation_up,True,optimal
oracle_regime_pooled_relative_active_te100bp,oracle_infeasible_diagnostic,2021-04-26,2021-04-26,2021-04-26,2021-04-01,BIL,0.04336225455206881,0.0,0.04336225455206881,False,growth_up_inflation_up,True,optimal
oracle_regime_pooled_relative_active_te100bp,oracle_infeasible_diagnostic,2021-04-26,2021-04-26,2021-04-26,2021-04-01,GLD,0.20205011696714986,0.2033442520911992,-0.0012941351240493282,False,growth_up_inflation_up,True,optimal
oracle_regime_pooled_relative_active_te100bp,oracle_infeasible_diagnostic,2021-04-26,2021-04-26,2021-04-26,2021-04-01,LQD,0.3022965899127409,0.3064463385226549,-0.004149748609914017,False,growth_up_inflation_up,True,optimal
oracle_regime_pooled_relative_active_te100bp,oracle_infeasible_diagnostic,2021-04-26,2021-04-26,2021-04-26,2021-04-01,AGG,0.0,0.0,0.0,False,growth_up_inflation_up,True,optimal
oracle_regime_pooled_relative_active_te100bp,oracle_infeasible_diagnostic,2021-05-03,2021-05-03,2021-05-03,2021-05-01,SPY,0.31237321366305193,0.3500000000000004,-0.03762678633694849,False,growth_up_inflation_up,True,optimal
oracle_regime_pooled_relative_active_te100bp,oracle_infeasible_diagnostic,2021-05-03,2021-05-03,2021-05-03,2021-05-01,IEF,1.8297116968036449e-16,0.0,1.8297116968036449e-16,False,growth_up_inflation_up,True,optimal
oracle_regime_pooled_relative_active_te100bp,oracle_infeasible_diagnostic,2021-05-03,2021-05-03,2021-05-03,2021-05-01,TIP,0.003511788238684739,0.0,0.003511788238684739,False,growth_up_inflation_up,True,optimal
oracle_regime_pooled_relative_active_te100bp,oracle_infeasible_diagnostic,2021-05-03,2021-05-03,2021-05-03,2021-05-01,HYG,0.13751029421017852,0.1406551646005463,-0.0031448703903677877,False,growth_up_inflation_up,True,optimal
oracle_regime_pooled_relative_active_te100bp,oracle_infeasible_diagnostic,2021-05-03,2021-05-03,2021-05-03,2021-05-01,BIL,0.04347274284611663,0.0,0.04347274284611663,False,growth_up_inflation_up,True,optimal
oracle_regime_pooled_relative_active_te100bp,oracle_infeasible_diagnostic,2021-05-03,2021-05-03,2021-05-03,2021-05-01,GLD,0.20136373421742668,0.2034181149472697,-0.002054380729843014,False,growth_up_inflation_up,True,optimal
oracle_regime_pooled_relative_active_te100bp,oracle_infeasible_diagnostic,2021-05-03,2021-05-03,2021-05-03,2021-05-01,LQD,0.30176822682454135,0.3059267204521835,-0.004158493627642146,False,growth_up_inflation_up,True,optimal
oracle_regime_pooled_relative_active_te100bp,oracle_infeasible_diagnostic,2021-05-03,2021-05-03,2021-05-03,2021-05-01,AGG,0.0,0.0,0.0,False,growth_up_inflation_up,True,optimal
oracle_regime_pooled_relative_active_te100bp,oracle_infeasible_diagnostic,2021-05-10,2021-05-10,2021-05-10,2021-05-01,SPY,0.31175690587032434,0.35,-0.03824309412967564,False,growth_up_inflation_up,True,optimal
oracle_regime_pooled_relative_active_te100bp,oracle_infeasible_diagnostic,2021-05-10,2021-05-10,2021-05-10,2021-05-01,IEF,1.8229032763520155e-16,0.0,1.8229032763520155e-16,False,growth_up_inflation_up,True,optimal
oracle_regime_pooled_relative_active_te100bp,oracle_infeasible_diagnostic,2021-05-10,2021-05-10,2021-05-10,2021-05-01,TIP,0.0035158202297954425,0.0,0.0035158202297954425,False,growth_up_inflation_up,True,optimal
oracle_regime_pooled_relative_active_te100bp,oracle_infeasible_diagnostic,2021-05-10,2021-05-10,2021-05-10,2021-05-01,HYG,0.1365207745308889,0.1396042796484431,-0.0030835051175542028,False,growth_up_inflation_up,True,optimal
oracle_regime_pooled_relative_active_te100bp,oracle_infeasible_diagnostic,2021-05-10,2021-05-10,2021-05-10,2021-05-01,BIL,0.04311048465421084,0.0,0.04311048465421084,False,growth_up_inflation_up,True,optimal
oracle_regime_pooled_relative_active_te100bp,oracle_infeasible_diagnostic,2021-05-10,2021-05-10,2021-05-10,2021-05-01,GLD,0.20442743391345272,0.206455787899994,-0.002028353986541276,False,growth_up_inflation_up,True,optimal
oracle_regime_pooled_relative_active_te100bp,oracle_infeasible_diagnostic,2021-05-10,2021-05-10,2021-05-10,2021-05-01,LQD,0.30066858080132763,0.303939932451563,-0.0032713516502353435,False,growth_up_inflation_up,True,optimal
oracle_regime_pooled_relative_active_te100bp,oracle_infeasible_diagnostic,2021-05-10,2021-05-10,2021-05-10,2021-05-01,AGG,0.0,0.0,0.0,False,growth_up_inflation_up,True,optimal
oracle_regime_pooled_relative_active_te100bp,oracle_infeasible_diagnostic,2021-05-17,2021-05-17,2021-05-17,2021-05-01,SPY,0.3091643450452559,0.35,-0.04083565495474406,False,growth_up_inflation_up,True,optimal
oracle_regime_pooled_relative_active_te100bp,oracle_infeasible_diagnostic,2021-05-17,2021-05-17,2021-05-17,2021-05-01,IEF,1.8271904797728916e-16,0.0,1.8271904797728916e-16,False,growth_up_inflation_up,True,optimal
oracle_regime_pooled_relative_active_te100bp,oracle_infeasible_diagnostic,2021-05-17,2021-05-17,2021-05-17,2021-05-01,TIP,0.0035289486628049082,0.0,0.0035289486628049082,False,growth_up_inflation_up,True,optimal
oracle_regime_pooled_relative_active_te100bp,oracle_infeasible_diagnostic,2021-05-17,2021-05-17,2021-05-17,2021-05-01,HYG,0.13707363234646985,0.1402466826331561,-0.003173050286686241,False,growth_up_inflation_up,True,optimal
oracle_regime_pooled_relative_active_te100bp,oracle_infeasible_diagnostic,2021-05-17,2021-05-17,2021-05-17,2021-05-01,BIL,0.043359527516301115,0.0,0.043359527516301115,False,growth_up_inflation_up,True,optimal
oracle_regime_pooled_relative_active_te100bp,oracle_infeasible_diagnostic,2021-05-17,2021-05-17,2021-05-17,2021-05-01,GLD,0.20554882905201372,0.2077024311559218,-0.002153602103908081,False,growth_up_inflation_up,True,optimal
oracle_regime_pooled_relative_active_te100bp,oracle_infeasible_diagnostic,2021-05-17,2021-05-17,2021-05-17,2021-05-01,LQD,0.30132471737715427,0.302050886210922,-0.0007261688337677485,False,growth_up_inflation_up,True,optimal
oracle_regime_pooled_relative_active_te100bp,oracle_infeasible_diagnostic,2021-05-17,2021-05-17,2021-05-17,2021-05-01,AGG,0.0,0.0,0.0,False,growth_up_inflation_up,True,optimal
oracle_regime_pooled_relative_active_te100bp,oracle_infeasible_diagnostic,2021-05-24,2021-05-24,2021-05-24,2021-05-01,SPY,0.30785753685335127,0.35,-0.04214246314664871,False,growth_up_inflation_up,True,optimal
oracle_regime_pooled_relative_active_te100bp,oracle_infeasible_diagnostic,2021-05-24,2021-05-24,2021-05-24,2021-05-01,IEF,1.823675235337616e-16,0.0,1.823675235337616e-16,False,growth_up_inflation_up,True,optimal
oracle_regime_pooled_relative_active_te100bp,oracle_infeasible_diagnostic,2021-05-24,2021-05-24,2021-05-24,2021-05-01,TIP,0.0035057288727229335,0.0,0.0035057288727229335,False,growth_up_inflation_up,True,optimal
oracle_regime_pooled_relative_active_te100bp,oracle_infeasible_diagnostic,2021-05-24,2021-05-24,2021-05-24,2021-05-01,HYG,0.1365012509462037,0.1396617620820835,-0.003160511135879812,False,growth_up_inflation_up,True,optimal
oracle_regime_pooled_relative_active_te100bp,oracle_infeasible_diagnostic,2021-05-24,2021-05-24,2021-05-24,2021-05-01,BIL,0.04322779635888617,0.0,0.04322779635888617,False,growth_up_inflation_up,True,optimal
oracle_regime_pooled_relative_active_te100bp,oracle_infeasible_diagnostic,2021-05-24,2021-05-24,2021-05-24,2021-05-01,GLD,0.20814160071488041,0.2103234382984025,-0.002181837583522084,False,growth_up_inflation_up,True,optimal
oracle_regime_pooled_relative_active_te100bp,oracle_infeasible_diagnostic,2021-05-24,2021-05-24,2021-05-24,2021-05-01,LQD,0.30076608625395534,0.300014799619514,0.0007512866344413505,False,growth_up_inflation_up,True,optimal
oracle_regime_pooled_relative_active_te100bp,oracle_infeasible_diagnostic,2021-05-24,2021-05-24,2021-05-24,2021-05-01,AGG,0.0,0.0,0.0,False,growth_up_inflation_up,True,optimal
oracle_regime_pooled_relative_active_te100bp,oracle_infeasible_diagnostic,2021-05-31,2021-05-31,2021-06-01,2021-05-01,SPY,0.3082705272259013,0.3500000000000003,-0.041729472774099,False,growth_up_inflation_up,True,optimal
oracle_regime_pooled_relative_active_te100bp,oracle_infeasible_diagnostic,2021-05-31,2021-05-31,2021-06-01,2021-05-01,IEF,1.8164483356947226e-16,0.0,1.8164483356947226e-16,False,growth_up_inflation_up,True,optimal
oracle_regime_pooled_relative_active_te100bp,oracle_infeasible_diagnostic,2021-05-31,2021-05-31,2021-06-01,2021-05-01,TIP,0.0034971738304309112,0.0,0.0034971738304309112,False,growth_up_inflation_up,True,optimal
oracle_regime_pooled_relative_active_te100bp,oracle_infeasible_diagnostic,2021-05-31,2021-05-31,2021-06-01,2021-05-01,HYG,0.13580576211293927,0.1389107836153869,-0.0031050215024476246,False,growth_up_inflation_up,True,optimal
oracle_regime_pooled_relative_active_te100bp,oracle_infeasible_diagnostic,2021-05-31,2021-05-31,2021-06-01,2021-05-01,BIL,0.043012242666947795,0.0,0.043012242666947795,False,growth_up_inflation_up,True,optimal
oracle_regime_pooled_relative_active_te100bp,oracle_infeasible_diagnostic,2021-05-31,2021-05-31,2021-06-01,2021-05-01,GLD,0.20970271171483232,0.2122110298313645,-0.002508318116532182,False,growth_up_inflation_up,True,optimal
oracle_regime_pooled_relative_active_te100bp,oracle_infeasible_diagnostic,2021-05-31,2021-05-31,2021-06-01,2021-05-01,LQD,0.2997115824489482,0.2988781865532481,0.0008333958957000842,False,growth_up_inflation_up,True,optimal
oracle_regime_pooled_relative_active_te100bp,oracle_infeasible_diagnostic,2021-05-31,2021-05-31,2021-06-01,2021-05-01,AGG,0.0,0.0,0.0,False,growth_up_inflation_up,True,optimal
oracle_regime_pooled_relative_active_te100bp,oracle_infeasible_diagnostic,2021-06-07,2021-06-07,2021-06-07,2021-06-01,SPY,0.3083022926479785,0.3499999999999998,-0.04169770735202133,False,growth_up_inflation_up,True,optimal
oracle_regime_pooled_relative_active_te100bp,oracle_infeasible_diagnostic,2021-06-07,2021-06-07,2021-06-07,2021-06-01,IEF,1.8257331669010527e-16,0.0,1.8257331669010527e-16,False,growth_up_inflation_up,True,optimal
oracle_regime_pooled_relative_active_te100bp,oracle_infeasible_diagnostic,2021-06-07,2021-06-07,2021-06-07,2021-06-01,TIP,0.003505812408982731,0.0,0.003505812408982731,False,growth_up_inflation_up,True,optimal
oracle_regime_pooled_relative_active_te100bp,oracle_infeasible_diagnostic,2021-06-07,2021-06-07,2021-06-07,2021-06-01,HYG,0.13613770966348412,0.1392544068816981,-0.0031166972182139763,False,growth_up_inflation_up,True,optimal
oracle_regime_pooled_relative_active_te100bp,oracle_infeasible_diagnostic,2021-06-07,2021-06-07,2021-06-07,2021-06-01,BIL,0.04301831773617325,0.0,0.04301831773617325,False,growth_up_inflation_up,True,optimal
oracle_regime_pooled_relative_active_te100bp,oracle_infeasible_diagnostic,2021-06-07,2021-06-07,2021-06-07,2021-06-01,GLD,0.20783244984597288,0.2103709056516473,-0.002538455805674411,False,growth_up_inflation_up,True,optimal
oracle_regime_pooled_relative_active_te100bp,oracle_infeasible_diagnostic,2021-06-07,2021-06-07,2021-06-07,2021-06-01,LQD,0.30120341769740844,0.3003746874666547,0.0008287302307537492,False,growth_up_inflation_up,True,optimal
oracle_regime_pooled_relative_active_te100bp,oracle_infeasible_diagnostic,2021-06-07,2021-06-07,2021-06-07,2021-06-01,AGG,0.0,0.0,0.0,False,growth_up_inflation_up,True,optimal
oracle_regime_pooled_relative_active_te100bp,oracle_infeasible_diagnostic,2021-06-14,2021-06-14,2021-06-14,2021-06-01,SPY,0.3082557590920033,0.35,-0.041744240907996666,False,growth_up_inflation_up,True,optimal
oracle_regime_pooled_relative_active_te100bp,oracle_infeasible_diagnostic,2021-06-14,2021-06-14,2021-06-14,2021-06-01,IEF,1.833601778812408e-16,0.0,1.833601778812408e-16,False,growth_up_inflation_up,True,optimal
oracle_regime_pooled_relative_active_te100bp,oracle_infeasible_diagnostic,2021-06-14,2021-06-14,2021-06-14,2021-06-01,TIP,0.0034960032255886963,0.0,0.0034960032255886963,False,growth_up_inflation_up,True,optimal
oracle_regime_pooled_relative_active_te100bp,oracle_infeasible_diagnostic,2021-06-14,2021-06-14,2021-06-14,2021-06-01,HYG,0.13607790012460738,0.1391726648512162,-0.0030947647266088285,False,growth_up_inflation_up,True,optimal
oracle_regime_pooled_relative_active_te100bp,oracle_infeasible_diagnostic,2021-06-14,2021-06-14,2021-06-14,2021-06-01,BIL,0.04283746586315335,0.0,0.04283746586315335,False,growth_up_inflation_up,True,optimal
oracle_regime_pooled_relative_active_te100bp,oracle_infeasible_diagnostic,2021-06-14,2021-06-14,2021-06-14,2021-06-01,GLD,0.20553196127304071,0.2080115846077289,-0.00247962333468818,False,growth_up_inflation_up,True,optimal
oracle_regime_pooled_relative_active_te100bp,oracle_infeasible_diagnostic,2021-06-14,2021-06-14,2021-06-14,2021-06-01,LQD,0.30380091042160645,0.3028157505410548,0.0009851598805516448,False,growth_up_inflation_up,True,optimal
oracle_regime_pooled_relative_active_te100bp,oracle_infeasible_diagnostic,2021-06-14,2021-06-14,2021-06-14,2021-06-01,AGG,0.0,0.0,0.0,False,growth_up_inflation_up,True,optimal
oracle_regime_pooled_relative_active_te100bp,oracle_infeasible_diagnostic,2021-06-21,2021-06-21,2021-06-21,2021-06-01,SPY,0.30663181544439416,0.35,-0.043368184555605815,False,growth_up_inflation_up,True,optimal
oracle_regime_pooled_relative_active_te100bp,oracle_infeasible_diagnostic,2021-06-21,2021-06-21,2021-06-21,2021-06-01,IEF,1.8604678577118068e-16,0.0,1.8604678577118068e-16,False,growth_up_inflation_up,True,optimal
oracle_regime_pooled_relative_active_te100bp,oracle_infeasible_diagnostic,2021-06-21,2021-06-21,2021-06-21,2021-06-01,TIP,0.003530700510463991,0.0,0.003530700510463991,False,growth_up_inflation_up,True,optimal
oracle_regime_pooled_relative_active_te100bp,oracle_infeasible_diagnostic,2021-06-21,2021-06-21,2021-06-21,2021-06-01,HYG,0.13775990508363015,0.1410247241927887,-0.0032648191091585455,False,growth_up_inflation_up,True,optimal
oracle_regime_pooled_relative_active_te100bp,oracle_infeasible_diagnostic,2021-06-21,2021-06-21,2021-06-21,2021-06-01,BIL,0.04345105400060281,0.0,0.04345105400060281,False,growth_up_inflation_up,True,optimal
oracle_regime_pooled_relative_active_te100bp,oracle_infeasible_diagnostic,2021-06-21,2021-06-21,2021-06-21,2021-06-01,GLD,0.19854576536504617,0.2011290788640335,-0.0025833134989873274,False,growth_up_inflation_up,True,optimal
oracle_regime_pooled_relative_active_te100bp,oracle_infeasible_diagnostic,2021-06-21,2021-06-21,2021-06-21,2021-06-01,LQD,0.3100807595958626,0.3078461969431779,0.002234562652684735,False,growth_up_inflation_up,True,optimal
oracle_regime_pooled_relative_active_te100bp,oracle_infeasible_diagnostic,2021-06-21,2021-06-21,2021-06-21,2021-06-01,AGG,0.0,0.0,0.0,False,growth_up_inflation_up,True,optimal
oracle_regime_pooled_relative_active_te100bp,oracle_infeasible_diagnostic,2021-06-28,2021-06-28,2021-06-28,2021-06-01,SPY,0.3115629674334875,0.3499999999999995,-0.038437032566511986,False,growth_up_inflation_up,True,optimal
oracle_regime_pooled_relative_active_te100bp,oracle_infeasible_diagnostic,2021-06-28,2021-06-28,2021-06-28,2021-06-01,IEF,1.840987612904867e-16,0.0,1.840987612904867e-16,False,growth_up_inflation_up,True,optimal
oracle_regime_pooled_relative_active_te100bp,oracle_infeasible_diagnostic,2021-06-28,2021-06-28,2021-06-28,2021-06-01,TIP,0.003521823172048167,0.0,0.003521823172048167,False,growth_up_inflation_up,True,optimal
oracle_regime_pooled_relative_active_te100bp,oracle_infeasible_diagnostic,2021-06-28,2021-06-28,2021-06-28,2021-06-01,HYG,0.13739713566791115,0.1405104280315316,-0.003113292363620457,False,growth_up_inflation_up,True,optimal
oracle_regime_pooled_relative_active_te100bp,oracle_infeasible_diagnostic,2021-06-28,2021-06-28,2021-06-28,2021-06-01,BIL,0.0431345669106976,0.0,0.0431345669106976,False,growth_up_inflation_up,True,optimal
oracle_regime_pooled_relative_active_te100bp,oracle_infeasible_diagnostic,2021-06-28,2021-06-28,2021-06-28,2021-06-01,GLD,0.1971825195708642,0.2048123169633795,-0.0076297973925153195,False,growth_up_inflation_up,True,optimal
oracle_regime_pooled_relative_active_te100bp,oracle_infeasible_diagnostic,2021-06-28,2021-06-28,2021-06-28,2021-06-01,LQD,0.30720098724499123,0.3046772550050893,0.0025237322399019324,False,growth_up_inflation_up,True,optimal
oracle_regime_pooled_relative_active_te100bp,oracle_infeasible_diagnostic,2021-06-28,2021-06-28,2021-06-28,2021-06-01,AGG,0.0,0.0,0.0,False,growth_up_inflation_up,True,optimal
oracle_regime_pooled_relative_active_te100bp,oracle_infeasible_diagnostic,2021-07-05,2021-07-05,2021-07-06,2021-07-01,SPY,0.3138272229385887,0.3499999999999998,-0.03617277706141109,False,growth_up_inflation_up,True,optimal
oracle_regime_pooled_relative_active_te100bp,oracle_infeasible_diagnostic,2021-07-05,2021-07-05,2021-07-06,2021-07-01,IEF,1.837742304701898e-16,0.0,1.837742304701898e-16,False,growth_up_inflation_up,True,optimal
oracle_regime_pooled_relative_active_te100bp,oracle_infeasible_diagnostic,2021-07-05,2021-07-05,2021-07-06,2021-07-01,TIP,0.00351838087925696,0.0,0.00351838087925696,False,growth_up_inflation_up,True,optimal
oracle_regime_pooled_relative_active_te100bp,oracle_infeasible_diagnostic,2021-07-05,2021-07-05,2021-07-06,2021-07-01,HYG,0.13689908121059757,0.1399184559294413,-0.003019374718843726,False,growth_up_inflation_up,True,optimal
oracle_regime_pooled_relative_active_te100bp,oracle_infeasible_diagnostic,2021-07-05,2021-07-05,2021-07-06,2021-07-01,BIL,0.042787215593794004,0.0,0.042787215593794004,False,growth_up_inflation_up,True,optimal
oracle_regime_pooled_relative_active_te100bp,oracle_infeasible_diagnostic,2021-07-05,2021-07-05,2021-07-06,2021-07-01,GLD,0.19633194686105632,0.2061439811326505,-0.009812034271594189,False,growth_up_inflation_up,True,optimal
oracle_regime_pooled_relative_active_te100bp,oracle_infeasible_diagnostic,2021-07-05,2021-07-05,2021-07-06,2021-07-01,LQD,0.30663615251670634,0.3039375629379082,0.0026985895787981495,False,growth_up_inflation_up,True,optimal
oracle_regime_pooled_relative_active_te100bp,oracle_infeasible_diagnostic,2021-07-05,2021-07-05,2021-07-06,2021-07-01,AGG,0.0,0.0,0.0,False,growth_up_inflation_up,True,optimal
oracle_regime_pooled_relative_active_te100bp,oracle_infeasible_diagnostic,2021-07-12,2021-07-12,2021-07-12,2021-07-01,SPY,0.31453239592395943,0.3500000000000002,-0.03546760407604077,False,growth_up_inflation_up,True,optimal
oracle_regime_pooled_relative_active_te100bp,oracle_infeasible_diagnostic,2021-07-12,2021-07-12,2021-07-12,2021-07-01,IEF,1.842744816014195e-16,0.0,1.842744816014195e-16,False,growth_up_inflation_up,True,optimal
oracle_regime_pooled_relative_active_te100bp,oracle_infeasible_diagnostic,2021-07-12,2021-07-12,2021-07-12,2021-07-01,TIP,0.003510826007224283,0.0,0.003510826007224283,False,growth_up_inflation_up,True,optimal
oracle_regime_pooled_relative_active_te100bp,oracle_infeasible_diagnostic,2021-07-12,2021-07-12,2021-07-12,2021-07-01,HYG,0.13656539594383318,0.1395592416176854,-0.002993845673852219,False,growth_up_inflation_up,True,optimal
oracle_regime_pooled_relative_active_te100bp,oracle_infeasible_diagnostic,2021-07-12,2021-07-12,2021-07-12,2021-07-01,BIL,0.04271672173606182,0.0,0.04271672173606182,False,growth_up_inflation_up,True,optimal
oracle_regime_pooled_relative_active_te100bp,oracle_infeasible_diagnostic,2021-07-12,2021-07-12,2021-07-12,2021-07-01,GLD,0.19591749365122957,0.2064228268396036,-0.010505333188374044,False,growth_up_inflation_up,True,optimal
oracle_regime_pooled_relative_active_te100bp,oracle_infeasible_diagnostic,2021-07-12,2021-07-12,2021-07-12,2021-07-01,LQD,0.3067571667376916,0.3040179315427107,0.002739235194980927,False,growth_up_inflation_up,True,optimal
oracle_regime_pooled_relative_active_te100bp,oracle_infeasible_diagnostic,2021-07-12,2021-07-12,2021-07-12,2021-07-01,AGG,0.0,0.0,0.0,False,growth_up_inflation_up,True,optimal
oracle_regime_pooled_relative_active_te100bp,oracle_infeasible_diagnostic,2021-07-19,2021-07-19,2021-07-19,2021-07-01,SPY,0.31237908256119284,0.35,-0.03762091743880713,False,growth_up_inflation_up,True,optimal
oracle_regime_pooled_relative_active_te100bp,oracle_infeasible_diagnostic,2021-07-19,2021-07-19,2021-07-19,2021-07-01,IEF,1.8546175253771003e-16,0.0,1.8546175253771003e-16,False,growth_up_inflation_up,True,optimal
oracle_regime_pooled_relative_active_te100bp,oracle_infeasible_diagnostic,2021-07-19,2021-07-19,2021-07-19,2021-07-01,TIP,0.0035476269186064963,0.0,0.0035476269186064963,False,growth_up_inflation_up,True,optimal
oracle_regime_pooled_relative_active_te100bp,oracle_infeasible_diagnostic,2021-07-19,2021-07-19,2021-07-19,2021-07-01,HYG,0.13640297377754504,0.1394398015475858,-0.003036827770040773,False,growth_up_inflation_up,True,optimal
oracle_regime_pooled_relative_active_te100bp,oracle_infeasible_diagnostic,2021-07-19,2021-07-19,2021-07-19,2021-07-01,BIL,0.042831214519063715,0.0,0.042831214519063715,False,growth_up_inflation_up,True,optimal
oracle_regime_pooled_relative_active_te100bp,oracle_infeasible_diagnostic,2021-07-19,2021-07-19,2021-07-19,2021-07-01,GLD,0.1972478032234841,0.2078938608816357,-0.010646057658151603,False,growth_up_inflation_up,True,optimal
oracle_regime_pooled_relative_active_te100bp,oracle_infeasible_diagnostic,2021-07-19,2021-07-19,2021-07-19,2021-07-01,LQD,0.3075912990001076,0.3026663375707785,0.004924961429329133,False,growth_up_inflation_up,True,optimal
oracle_regime_pooled_relative_active_te100bp,oracle_infeasible_diagnostic,2021-07-19,2021-07-19,2021-07-19,2021-07-01,AGG,0.0,0.0,0.0,False,growth_up_inflation_up,True,optimal
oracle_regime_pooled_relative_active_te100bp,oracle_infeasible_diagnostic,2021-07-26,2021-07-26,2021-07-26,2021-07-01,SPY,0.319259203727904,0.35,-0.03074079627209597,False,growth_up_inflation_up,True,optimal
oracle_regime_pooled_relative_active_te100bp,oracle_infeasible_diagnostic,2021-07-26,2021-07-26,2021-07-26,2021-07-01,IEF,1.828115217078467e-16,0.0,1.828115217078467e-16,False,growth_up_inflation_up,True,optimal
oracle_regime_pooled_relative_active_te100bp,oracle_infeasible_diagnostic,2021-07-26,2021-07-26,2021-07-26,2021-07-01,TIP,0.0035203171560923745,0.0,0.0035203171560923745,False,growth_up_inflation_up,True,optimal
oracle_regime_pooled_relative_active_te100bp,oracle_infeasible_diagnostic,2021-07-26,2021-07-26,2021-07-26,2021-07-01,HYG,0.13580680276587034,0.1386712613960812,-0.00286445863021087,False,growth_up_inflation_up,True,optimal
oracle_regime_pooled_relative_active_te100bp,oracle_infeasible_diagnostic,2021-07-26,2021-07-26,2021-07-26,2021-07-01,BIL,0.04240643253557591,0.0,0.04240643253557591,False,growth_up_inflation_up,True,optimal
oracle_regime_pooled_relative_active_te100bp,oracle_infeasible_diagnostic,2021-07-26,2021-07-26,2021-07-26,2021-07-01,GLD,0.19419709593102627,0.2117427342083357,-0.017545638277309428,False,growth_up_inflation_up,True,optimal
oracle_regime_pooled_relative_active_te100bp,oracle_infeasible_diagnostic,2021-07-26,2021-07-26,2021-07-26,2021-07-01,LQD,0.30481014788353084,0.2995860043955829,0.005224143487947919,False,growth_up_inflation_up,True,optimal
oracle_regime_pooled_relative_active_te100bp,oracle_infeasible_diagnostic,2021-07-26,2021-07-26,2021-07-26,2021-07-01,AGG,0.0,0.0,0.0,False,growth_up_inflation_up,True,optimal
oracle_regime_pooled_relative_active_te100bp,oracle_infeasible_diagnostic,2021-08-02,2021-08-02,2021-08-02,2021-08-01,SPY,0.3183560258465812,0.35,-0.0316439741534188,False,growth_up_inflation_up,True,optimal
oracle_regime_pooled_relative_active_te100bp,oracle_infeasible_diagnostic,2021-08-02,2021-08-02,2021-08-02,2021-08-01,IEF,1.8310915275044683e-16,0.0,1.8310915275044683e-16,False,growth_up_inflation_up,True,optimal
oracle_regime_pooled_relative_active_te100bp,oracle_infeasible_diagnostic,2021-08-02,2021-08-02,2021-08-02,2021-08-01,TIP,0.0035348996782666713,0.0,0.0035348996782666713,False,growth_up_inflation_up,True,optimal
oracle_regime_pooled_relative_active_te100bp,oracle_infeasible_diagnostic,2021-08-02,2021-08-02,2021-08-02,2021-08-01,HYG,0.13554619741354554,0.1383985615168979,-0.0028523641033523506,False,growth_up_inflation_up,True,optimal
oracle_regime_pooled_relative_active_te100bp,oracle_infeasible_diagnostic,2021-08-02,2021-08-02,2021-08-02,2021-08-01,BIL,0.04236359272016569,0.0,0.04236359272016569,False,growth_up_inflation_up,True,optimal
oracle_regime_pooled_relative_active_te100bp,oracle_infeasible_diagnostic,2021-08-02,2021-08-02,2021-08-02,2021-08-01,GLD,0.19542799207855724,0.2130746835927593,-0.017646691514202062,False,growth_up_inflation_up,True,optimal
oracle_regime_pooled_relative_active_te100bp,oracle_infeasible_diagnostic,2021-08-02,2021-08-02,2021-08-02,2021-08-01,LQD,0.30477129226288363,0.2985267548903428,0.006244537372540826,False,growth_up_inflation_up,True,optimal
oracle_regime_pooled_relative_active_te100bp,oracle_infeasible_diagnostic,2021-08-02,2021-08-02,2021-08-02,2021-08-01,AGG,0.0,0.0,0.0,False,growth_up_inflation_up,True,optimal
oracle_regime_pooled_relative_active_te100bp,oracle_infeasible_diagnostic,2021-08-09,2021-08-09,2021-08-09,2021-08-01,SPY,0.32220405059464075,0.3500000000000002,-0.027795949405359455,False,growth_up_inflation_up,True,optimal
oracle_regime_pooled_relative_active_te100bp,oracle_infeasible_diagnostic,2021-08-09,2021-08-09,2021-08-09,2021-08-01,IEF,1.83185369421878e-16,0.0,1.83185369421878e-16,False,growth_up_inflation_up,True,optimal
oracle_regime_pooled_relative_active_te100bp,oracle_infeasible_diagnostic,2021-08-09,2021-08-09,2021-08-09,2021-08-01,TIP,0.003535297883926508,0.0,0.003535297883926508,False,growth_up_inflation_up,True,optimal
oracle_regime_pooled_relative_active_te100bp,oracle_infeasible_diagnostic,2021-08-09,2021-08-09,2021-08-09,2021-08-01,HYG,0.13606638231328239,0.1389664547813749,-0.0029000724680925127,False,growth_up_inflation_up,True,optimal
oracle_regime_pooled_relative_active_te100bp,oracle_infeasible_diagnostic,2021-08-09,2021-08-09,2021-08-09,2021-08-01,BIL,0.042672004592331586,0.0,0.042672004592331586,False,growth_up_inflation_up,True,optimal
oracle_regime_pooled_relative_active_te100bp,oracle_infeasible_diagnostic,2021-08-09,2021-08-09,2021-08-09,2021-08-01,GLD,0.19141137193652083,0.21307483751167,-0.02166346557514917,False,growth_up_inflation_up,True,optimal
oracle_regime_pooled_relative_active_te100bp,oracle_infeasible_diagnostic,2021-08-09,2021-08-09,2021-08-09,2021-08-01,LQD,0.30411089267929775,0.2979587077069547,0.006152184972343044,False,growth_up_inflation_up,True,optimal
oracle_regime_pooled_relative_active_te100bp,oracle_infeasible_diagnostic,2021-08-09,2021-08-09,2021-08-09,2021-08-01,AGG,0.0,0.0,0.0,False,growth_up_inflation_up,True,optimal
oracle_regime_pooled_relative_active_te100bp,oracle_infeasible_diagnostic,2021-08-16,2021-08-16,2021-08-16,2021-08-01,SPY,0.3222838932390103,0.35,-0.02771610676098968,False,growth_up_inflation_up,True,optimal
oracle_regime_pooled_relative_active_te100bp,oracle_infeasible_diagnostic,2021-08-16,2021-08-16,2021-08-16,2021-08-01,IEF,1.8187107174471658e-16,0.0,1.8187107174471658e-16,False,growth_up_inflation_up,True,optimal
oracle_regime_pooled_relative_active_te100bp,oracle_infeasible_diagnostic,2021-08-16,2021-08-16,2021-08-16,2021-08-01,TIP,0.003518259357256253,0.0,0.003518259357256253,False,growth_up_inflation_up,True,optimal
oracle_regime_pooled_relative_active_te100bp,oracle_infeasible_diagnostic,2021-08-16,2021-08-16,2021-08-16,2021-08-01,HYG,0.13522959631698972,0.1380243726193991,-0.002794776302409374,False,growth_up_inflation_up,True,optimal
oracle_regime_pooled_relative_active_te100bp,oracle_infeasible_diagnostic,2021-08-16,2021-08-16,2021-08-16,2021-08-01,BIL,0.042356026188047145,0.0,0.042356026188047145,False,growth_up_inflation_up,True,optimal
oracle_regime_pooled_relative_active_te100bp,oracle_infeasible_diagnostic,2021-08-16,2021-08-16,2021-08-16,2021-08-01,GLD,0.1939123164127641,0.2157221371598705,-0.021809820747106384,False,growth_up_inflation_up,True,optimal
oracle_regime_pooled_relative_active_te100bp,oracle_infeasible_diagnostic,2021-08-16,2021-08-16,2021-08-16,2021-08-01,LQD,0.3026999084859324,0.2962534902207304,0.006446418265202036,False,growth_up_inflation_up,True,optimal
oracle_regime_pooled_relative_active_te100bp,oracle_infeasible_diagnostic,2021-08-16,2021-08-16,2021-08-16,2021-08-01,AGG,0.0,0.0,0.0,False,growth_up_inflation_up,True,optimal
oracle_regime_pooled_relative_active_te100bp,oracle_infeasible_diagnostic,2021-08-23,2021-08-23,2021-08-23,2021-08-01,SPY,0.3219285248612028,0.35,-0.028071475138797153,False,growth_up_inflation_up,True,optimal
oracle_regime_pooled_relative_active_te100bp,oracle_infeasible_diagnostic,2021-08-23,2021-08-23,2021-08-23,2021-08-01,IEF,1.8211893668106726e-16,0.0,1.8211893668106726e-16,False,growth_up_inflation_up,True,optimal
oracle_regime_pooled_relative_active_te100bp,oracle_infeasible_diagnostic,2021-08-23,2021-08-23,2021-08-23,2021-08-01,TIP,0.003505681575938674,0.0,0.003505681575938674,False,growth_up_inflation_up,True,optimal
oracle_regime_pooled_relative_active_te100bp,oracle_infeasible_diagnostic,2021-08-23,2021-08-23,2021-08-23,2021-08-01,HYG,0.13520453189278014,0.1380070565204889,-0.0028025246277087468,False,growth_up_inflation_up,True,optimal
oracle_regime_pooled_relative_active_te100bp,oracle_infeasible_diagnostic,2021-08-23,2021-08-23,2021-08-23,2021-08-01,BIL,0.042425632156336504,0.0,0.042425632156336504,False,growth_up_inflation_up,True,optimal
oracle_regime_pooled_relative_active_te100bp,oracle_infeasible_diagnostic,2021-08-23,2021-08-23,2021-08-23,2021-08-01,GLD,0.1941746867267064,0.2160269564982465,-0.02185226977154009,False,growth_up_inflation_up,True,optimal
oracle_regime_pooled_relative_active_te100bp,oracle_infeasible_diagnostic,2021-08-23,2021-08-23,2021-08-23,2021-08-01,LQD,0.30276094278703525,0.2959659869812646,0.006794955805770664,False,growth_up_inflation_up,True,optimal
oracle_regime_pooled_relative_active_te100bp,oracle_infeasible_diagnostic,2021-08-23,2021-08-23,2021-08-23,2021-08-01,AGG,0.0,0.0,0.0,False,growth_up_inflation_up,True,optimal
oracle_regime_pooled_relative_active_te100bp,oracle_infeasible_diagnostic,2021-08-30,2021-08-30,2021-08-30,2021-08-01,SPY,0.32358806256627204,0.3500000000000002,-0.02641193743372816,False,growth_up_inflation_up,True,optimal
oracle_regime_pooled_relative_active_te100bp,oracle_infeasible_diagnostic,2021-08-30,2021-08-30,2021-08-30,2021-08-01,IEF,1.8046463213342497e-16,0.0,1.8046463213342497e-16,False,growth_up_inflation_up,True,optimal
oracle_regime_pooled_relative_active_te100bp,oracle_infeasible_diagnostic,2021-08-30,2021-08-30,2021-08-30,2021-08-01,TIP,0.0035112008904322526,0.0,0.0035112008904322526,False,growth_up_inflation_up,True,optimal
oracle_regime_pooled_relative_active_te100bp,oracle_infeasible_diagnostic,2021-08-30,2021-08-30,2021-08-30,2021-08-01,HYG,0.13521065307362332,0.1379466831554726,-0.0027360300818492778,False,growth_up_inflation_up,True,optimal
oracle_regime_pooled_relative_active_te100bp,oracle_infeasible_diagnostic,2021-08-30,2021-08-30,2021-08-30,2021-08-01,BIL,0.04216225645353344,0.0,0.04216225645353344,False,growth_up_inflation_up,True,optimal
oracle_regime_pooled_relative_active_te100bp,oracle_infeasible_diagnostic,2021-08-30,2021-08-30,2021-08-30,2021-08-01,GLD,0.19453520313936962,0.2179579953511224,-0.02342279221175278,False,growth_up_inflation_up,True,optimal
oracle_regime_pooled_relative_active_te100bp,oracle_infeasible_diagnostic,2021-08-30,2021-08-30,2021-08-30,2021-08-01,LQD,0.3009926238767691,0.2940953214934048,0.006897302383364334,False,growth_up_inflation_up,True,optimal
oracle_regime_pooled_relative_active_te100bp,oracle_infeasible_diagnostic,2021-08-30,2021-08-30,2021-08-30,2021-08-01,AGG,0.0,0.0,0.0,False,growth_up_inflation_up,True,optimal
oracle_regime_pooled_relative_active_te100bp,oracle_infeasible_diagnostic,2021-09-06,2021-09-06,2021-09-07,2021-09-01,SPY,0.30550185098106614,0.3500000000000001,-0.04449814901893395,False,growth_down_inflation_up,True,optimal
oracle_regime_pooled_relative_active_te100bp,oracle_infeasible_diagnostic,2021-09-06,2021-09-06,2021-09-07,2021-09-01,IEF,2.253107639696439e-18,0.0,2.253107639696439e-18,False,growth_down_inflation_up,True,optimal
oracle_regime_pooled_relative_active_te100bp,oracle_infeasible_diagnostic,2021-09-06,2021-09-06,2021-09-07,2021-09-01,TIP,0.0032501615799905956,0.0,0.0032501615799905956,False,growth_down_inflation_up,True,optimal
oracle_regime_pooled_relative_active_te100bp,oracle_infeasible_diagnostic,2021-09-06,2021-09-06,2021-09-07,2021-09-01,HYG,0.13520588235484599,0.1378938000902529,-0.002687917735406914,False,growth_down_inflation_up,True,optimal
oracle_regime_pooled_relative_active_te100bp,oracle_infeasible_diagnostic,2021-09-06,2021-09-06,2021-09-07,2021-09-01,BIL,0.020022765975082322,0.0,0.020022765975082322,False,growth_down_inflation_up,True,optimal
oracle_regime_pooled_relative_active_te100bp,oracle_infeasible_diagnostic,2021-09-06,2021-09-06,2021-09-07,2021-09-01,GLD,0.25,0.2191978793707004,0.0308021206292996,False,growth_down_inflation_up,True,optimal
oracle_regime_pooled_relative_active_te100bp,oracle_infeasible_diagnostic,2021-09-06,2021-09-06,2021-09-07,2021-09-01,LQD,0.286019339109015,0.2929083205390464,-0.006888981430031416,False,growth_down_inflation_up,True,optimal
oracle_regime_pooled_relative_active_te100bp,oracle_infeasible_diagnostic,2021-09-06,2021-09-06,2021-09-07,2021-09-01,AGG,0.0,0.0,0.0,False,growth_down_inflation_up,True,optimal
oracle_regime_pooled_relative_active_te100bp,oracle_infeasible_diagnostic,2021-09-13,2021-09-13,2021-09-13,2021-09-01,SPY,0.305031430738586,0.35,-0.04496856926141396,False,growth_down_inflation_up,True,optimal
oracle_regime_pooled_relative_active_te100bp,oracle_infeasible_diagnostic,2021-09-13,2021-09-13,2021-09-13,2021-09-01,IEF,1.7138601085556812e-18,0.0,1.7138601085556812e-18,False,growth_down_inflation_up,True,optimal
oracle_regime_pooled_relative_active_te100bp,oracle_infeasible_diagnostic,2021-09-13,2021-09-13,2021-09-13,2021-09-01,TIP,0.0009775460229344628,0.0,0.0009775460229344628,False,growth_down_inflation_up,True,optimal
oracle_regime_pooled_relative_active_te100bp,oracle_infeasible_diagnostic,2021-09-13,2021-09-13,2021-09-13,2021-09-01,HYG,0.1359119190665094,0.1386512152735333,-0.0027392962070239,False,growth_down_inflation_up,True,optimal
oracle_regime_pooled_relative_active_te100bp,oracle_infeasible_diagnostic,2021-09-13,2021-09-13,2021-09-13,2021-09-01,BIL,0.020163992652203266,0.0,0.020163992652203266,False,growth_down_inflation_up,True,optimal
oracle_regime_pooled_relative_active_te100bp,oracle_infeasible_diagnostic,2021-09-13,2021-09-13,2021-09-13,2021-09-01,GLD,0.24822944974623978,0.2177041092333666,0.030525340512873173,False,growth_down_inflation_up,True,optimal
oracle_regime_pooled_relative_active_te100bp,oracle_infeasible_diagnostic,2021-09-13,2021-09-13,2021-09-13,2021-09-01,LQD,0.2896856617735271,0.2936446754931,-0.0039590137195729125,False,growth_down_inflation_up,True,optimal
oracle_regime_pooled_relative_active_te100bp,oracle_infeasible_diagnostic,2021-09-13,2021-09-13,2021-09-13,2021-09-01,AGG,0.0,0.0,0.0,False,growth_down_inflation_up,True,optimal
oracle_regime_pooled_relative_active_te100bp,oracle_infeasible_diagnostic,2021-09-20,2021-09-20,2021-09-20,2021-09-01,SPY,0.30472745283306485,0.35,-0.04527254716693513,False,growth_down_inflation_up,True,optimal
oracle_regime_pooled_relative_active_te100bp,oracle_infeasible_diagnostic,2021-09-20,2021-09-20,2021-09-20,2021-09-01,IEF,7.084130971433722e-18,0.0,7.084130971433722e-18,False,growth_down_inflation_up,True,optimal
oracle_regime_pooled_relative_active_te100bp,oracle_infeasible_diagnostic,2021-09-20,2021-09-20,2021-09-20,2021-09-01,TIP,0.0003020661291184403,0.0,0.0003020661291184403,False,growth_down_inflation_up,True,optimal
oracle_regime_pooled_relative_active_te100bp,oracle_infeasible_diagnostic,2021-09-20,2021-09-20,2021-09-20,2021-09-01,HYG,0.13733416155774053,0.1400896645096486,-0.002755502951908073,False,growth_down_inflation_up,True,optimal
oracle_regime_pooled_relative_active_te100bp,oracle_infeasible_diagnostic,2021-09-20,2021-09-20,2021-09-20,2021-09-01,BIL,0.020363420797339663,0.0,0.020363420797339663,False,growth_down_inflation_up,True,optimal
oracle_regime_pooled_relative_active_te100bp,oracle_infeasible_diagnostic,2021-09-20,2021-09-20,2021-09-20,2021-09-01,GLD,0.24517534204007357,0.2150064511363009,0.03016889090377267,False,growth_down_inflation_up,True,optimal
oracle_regime_pooled_relative_active_te100bp,oracle_infeasible_diagnostic,2021-09-20,2021-09-20,2021-09-20,2021-09-01,LQD,0.2920975566426629,0.2949038843540503,-0.002806327711387391,False,growth_down_inflation_up,True,optimal
oracle_regime_pooled_relative_active_te100bp,oracle_infeasible_diagnostic,2021-09-20,2021-09-20,2021-09-20,2021-09-01,AGG,0.0,0.0,0.0,False,growth_down_inflation_up,True,optimal
oracle_regime_pooled_relative_active_te100bp,oracle_infeasible_diagnostic,2021-09-27,2021-09-27,2021-09-27,2021-09-01,SPY,0.30602409760086596,0.349999999999999,-0.043975902399133016,False,growth_down_inflation_up,True,optimal
oracle_regime_pooled_relative_active_te100bp,oracle_infeasible_diagnostic,2021-09-27,2021-09-27,2021-09-27,2021-09-01,IEF,0.0,0.0,0.0,False,growth_down_inflation_up,True,optimal
oracle_regime_pooled_relative_active_te100bp,oracle_infeasible_diagnostic,2021-09-27,2021-09-27,2021-09-27,2021-09-01,TIP,0.00029833313772620025,0.0,0.00029833313772620025,False,growth_down_inflation_up,True,optimal
oracle_regime_pooled_relative_active_te100bp,oracle_infeasible_diagnostic,2021-09-27,2021-09-27,2021-09-27,2021-09-01,HYG,0.13722442352122569,0.13982117505566,-0.0025967515344343106,False,growth_down_inflation_up,True,optimal
oracle_regime_pooled_relative_active_te100bp,oracle_infeasible_diagnostic,2021-09-27,2021-09-27,2021-09-27,2021-09-01,BIL,0.02027540109249802,0.0,0.02027540109249802,False,growth_down_inflation_up,True,optimal
oracle_regime_pooled_relative_active_te100bp,oracle_infeasible_diagnostic,2021-09-27,2021-09-27,2021-09-27,2021-09-01,GLD,0.25,0.2178745995637245,0.032125400436275486,False,growth_down_inflation_up,True,optimal
oracle_regime_pooled_relative_active_te100bp,oracle_infeasible_diagnostic,2021-09-27,2021-09-27,2021-09-27,2021-09-01,LQD,0.28617774464768414,0.2923042253806165,-0.006126480732932371,False,growth_down_inflation_up,True,optimal
oracle_regime_pooled_relative_active_te100bp,oracle_infeasible_diagnostic,2021-09-27,2021-09-27,2021-09-27,2021-09-01,AGG,0.0,0.0,0.0,False,growth_down_inflation_up,True,optimal
oracle_regime_pooled_relative_active_te100bp,oracle_infeasible_diagnostic,2021-10-04,2021-10-04,2021-10-04,2021-10-01,SPY,0.30419657113771675,0.35,-0.045803428862283224,False,growth_up_inflation_up,True,optimal
oracle_regime_pooled_relative_active_te100bp,oracle_infeasible_diagnostic,2021-10-04,2021-10-04,2021-10-04,2021-10-01,IEF,0.0,0.0,0.0,False,growth_up_inflation_up,True,optimal
oracle_regime_pooled_relative_active_te100bp,oracle_infeasible_diagnostic,2021-10-04,2021-10-04,2021-10-04,2021-10-01,TIP,0.0007923431911046254,0.0,0.0007923431911046254,False,growth_up_inflation_up,True,optimal
oracle_regime_pooled_relative_active_te100bp,oracle_infeasible_diagnostic,2021-10-04,2021-10-04,2021-10-04,2021-10-01,HYG,0.13799020312520094,0.1407470303376561,-0.002756827212455154,False,growth_up_inflation_up,True,optimal
oracle_regime_pooled_relative_active_te100bp,oracle_infeasible_diagnostic,2021-10-04,2021-10-04,2021-10-04,2021-10-01,BIL,0.02040256673006188,0.0,0.02040256673006188,False,growth_up_inflation_up,True,optimal
oracle_regime_pooled_relative_active_te100bp,oracle_infeasible_diagnostic,2021-10-04,2021-10-04,2021-10-04,2021-10-01,GLD,0.25,0.2204592464054958,0.0295407535945042,False,growth_up_inflation_up,True,optimal
oracle_regime_pooled_relative_active_te100bp,oracle_infeasible_diagnostic,2021-10-04,2021-10-04,2021-10-04,2021-10-01,LQD,0.28661831581591596,0.2887937232568481,-0.0021754074409321422,False,growth_up_inflation_up,True,optimal
oracle_regime_pooled_relative_active_te100bp,oracle_infeasible_diagnostic,2021-10-04,2021-10-04,2021-10-04,2021-10-01,AGG,0.0,0.0,0.0,False,growth_up_inflation_up,True,optimal
oracle_regime_pooled_relative_active_te100bp,oracle_infeasible_diagnostic,2021-10-11,2021-10-11,2021-10-11,2021-10-01,SPY,0.30766390171798763,0.35,-0.04233609828201235,False,growth_up_inflation_up,True,optimal
oracle_regime_pooled_relative_active_te100bp,oracle_infeasible_diagnostic,2021-10-11,2021-10-11,2021-10-11,2021-10-01,IEF,1.463672932855431e-18,0.0,1.463672932855431e-18,False,growth_up_inflation_up,True,optimal
oracle_regime_pooled_relative_active_te100bp,oracle_infeasible_diagnostic,2021-10-11,2021-10-11,2021-10-11,2021-10-01,TIP,0.0016610296999914824,0.0,0.0016610296999914824,False,growth_up_inflation_up,True,optimal
oracle_regime_pooled_relative_active_te100bp,oracle_infeasible_diagnostic,2021-10-11,2021-10-11,2021-10-11,2021-10-01,HYG,0.13708175300957626,0.1397685689575794,-0.0026868159480031295,False,growth_up_inflation_up,True,optimal
oracle_regime_pooled_relative_active_te100bp,oracle_infeasible_diagnostic,2021-10-11,2021-10-11,2021-10-11,2021-10-01,BIL,0.020406088195928453,0.0,0.020406088195928453,False,growth_up_inflation_up,True,optimal
oracle_regime_pooled_relative_active_te100bp,oracle_infeasible_diagnostic,2021-10-11,2021-10-11,2021-10-11,2021-10-01,GLD,0.25,0.2250006742472849,0.0249993257527151,False,growth_up_inflation_up,True,optimal
oracle_regime_pooled_relative_active_te100bp,oracle_infeasible_diagnostic,2021-10-11,2021-10-11,2021-10-11,2021-10-01,LQD,0.28318722737651625,0.2852307567951355,-0.0020435294186192388,False,growth_up_inflation_up,True,optimal
oracle_regime_pooled_relative_active_te100bp,oracle_infeasible_diagnostic,2021-10-11,2021-10-11,2021-10-11,2021-10-01,AGG,0.0,0.0,0.0,False,growth_up_inflation_up,True,optimal
oracle_regime_pooled_relative_active_te100bp,oracle_infeasible_diagnostic,2021-10-18,2021-10-18,2021-10-18,2021-10-01,SPY,0.3099611459893565,0.3499999999999997,-0.04003885401064322,False,growth_up_inflation_up,True,optimal
oracle_regime_pooled_relative_active_te100bp,oracle_infeasible_diagnostic,2021-10-18,2021-10-18,2021-10-18,2021-10-01,IEF,1.4503518433496677e-18,0.0,1.4503518433496677e-18,False,growth_up_inflation_up,True,optimal
oracle_regime_pooled_relative_active_te100bp,oracle_infeasible_diagnostic,2021-10-18,2021-10-18,2021-10-18,2021-10-01,TIP,0.001651145134721104,0.0,0.001651145134721104,False,growth_up_inflation_up,True,optimal
oracle_regime_pooled_relative_active_te100bp,oracle_infeasible_diagnostic,2021-10-18,2021-10-18,2021-10-18,2021-10-01,HYG,0.1361253274869157,0.1387010729444991,-0.002575745457583406,False,growth_up_inflation_up,True,optimal
oracle_regime_pooled_relative_active_te100bp,oracle_infeasible_diagnostic,2021-10-18,2021-10-18,2021-10-18,2021-10-01,BIL,0.020159051124772114,0.0,0.020159051124772114,False,growth_up_inflation_up,True,optimal
oracle_regime_pooled_relative_active_te100bp,oracle_infeasible_diagnostic,2021-10-18,2021-10-18,2021-10-18,2021-10-01,GLD,0.24888848078788395,0.2262301009651616,0.02265837982272234,False,growth_up_inflation_up,True,optimal
oracle_regime_pooled_relative_active_te100bp,oracle_infeasible_diagnostic,2021-10-18,2021-10-18,2021-10-18,2021-10-01,LQD,0.28321484947635067,0.2850688260903395,-0.0018539766139888392,False,growth_up_inflation_up,True,optimal
oracle_regime_pooled_relative_active_te100bp,oracle_infeasible_diagnostic,2021-10-18,2021-10-18,2021-10-18,2021-10-01,AGG,0.0,0.0,0.0,False,growth_up_inflation_up,True,optimal
oracle_regime_pooled_relative_active_te100bp,oracle_infeasible_diagnostic,2021-10-25,2021-10-25,2021-10-25,2021-10-01,SPY,0.31378308425283813,0.3500000000000001,-0.03621691574716196,False,growth_up_inflation_up,True,optimal
oracle_regime_pooled_relative_active_te100bp,oracle_infeasible_diagnostic,2021-10-25,2021-10-25,2021-10-25,2021-10-01,IEF,2.913793338554793e-19,0.0,2.913793338554793e-19,False,growth_up_inflation_up,True,optimal
oracle_regime_pooled_relative_active_te100bp,oracle_infeasible_diagnostic,2021-10-25,2021-10-25,2021-10-25,2021-10-01,TIP,0.0020196130637444086,0.0,0.0020196130637444086,False,growth_up_inflation_up,True,optimal
oracle_regime_pooled_relative_active_te100bp,oracle_infeasible_diagnostic,2021-10-25,2021-10-25,2021-10-25,2021-10-01,HYG,0.13474173475032775,0.1372255489969456,-0.002483814246617866,False,growth_up_inflation_up,True,optimal
oracle_regime_pooled_relative_active_te100bp,oracle_infeasible_diagnostic,2021-10-25,2021-10-25,2021-10-25,2021-10-01,BIL,0.019995523345278435,0.0,0.019995523345278435,False,growth_up_inflation_up,True,optimal
oracle_regime_pooled_relative_active_te100bp,oracle_infeasible_diagnostic,2021-10-25,2021-10-25,2021-10-25,2021-10-01,GLD,0.25,0.2316197235665442,0.0183802764334558,False,growth_up_inflation_up,True,optimal
oracle_regime_pooled_relative_active_te100bp,oracle_infeasible_diagnostic,2021-10-25,2021-10-25,2021-10-25,2021-10-01,LQD,0.2794600445878112,0.2811547274365099,-0.0016946828486986698,False,growth_up_inflation_up,True,optimal
oracle_regime_pooled_relative_active_te100bp,oracle_infeasible_diagnostic,2021-10-25,2021-10-25,2021-10-25,2021-10-01,AGG,0.0,0.0,0.0,False,growth_up_inflation_up,True,optimal
oracle_regime_pooled_relative_active_te100bp,oracle_infeasible_diagnostic,2021-11-01,2021-11-01,2021-11-01,2021-11-01,SPY,0.3162895679797293,0.3500000000000002,-0.03371043202027091,False,growth_up_inflation_up,True,optimal
oracle_regime_pooled_relative_active_te100bp,oracle_infeasible_diagnostic,2021-11-01,2021-11-01,2021-11-01,2021-11-01,IEF,2.9218513105172146e-19,0.0,2.9218513105172146e-19,False,growth_up_inflation_up,True,optimal
oracle_regime_pooled_relative_active_te100bp,oracle_infeasible_diagnostic,2021-11-01,2021-11-01,2021-11-01,2021-11-01,TIP,0.0020121508189832756,0.0,0.0020121508189832756,False,growth_up_inflation_up,True,optimal
oracle_regime_pooled_relative_active_te100bp,oracle_infeasible_diagnostic,2021-11-01,2021-11-01,2021-11-01,2021-11-01,HYG,0.13433276835491906,0.1367229316381149,-0.0023901632831958286,False,growth_up_inflation_up,True,optimal
oracle_regime_pooled_relative_active_te100bp,oracle_infeasible_diagnostic,2021-11-01,2021-11-01,2021-11-01,2021-11-01,BIL,0.019937125945291546,0.0,0.019937125945291546,False,growth_up_inflation_up,True,optimal
oracle_regime_pooled_relative_active_te100bp,oracle_infeasible_diagnostic,2021-11-01,2021-11-01,2021-11-01,2021-11-01,GLD,0.2462991891921956,0.2306210908828454,0.015678098309350186,False,growth_up_inflation_up,True,optimal
oracle_regime_pooled_relative_active_te100bp,oracle_infeasible_diagnostic,2021-11-01,2021-11-01,2021-11-01,2021-11-01,LQD,0.2811291977088813,0.2826559774790394,-0.0015267797701581376,False,growth_up_inflation_up,True,optimal
oracle_regime_pooled_relative_active_te100bp,oracle_infeasible_diagnostic,2021-11-01,2021-11-01,2021-11-01,2021-11-01,AGG,0.0,0.0,0.0,False,growth_up_inflation_up,True,optimal
oracle_regime_pooled_relative_active_te100bp,oracle_infeasible_diagnostic,2021-11-08,2021-11-08,2021-11-08,2021-11-01,SPY,0.31712787307500634,0.3499999999999992,-0.03287212692499286,False,growth_up_inflation_up,True,optimal
oracle_regime_pooled_relative_active_te100bp,oracle_infeasible_diagnostic,2021-11-08,2021-11-08,2021-11-08,2021-11-01,IEF,2.9156796640463597e-19,0.0,2.9156796640463597e-19,False,growth_up_inflation_up,True,optimal
oracle_regime_pooled_relative_active_te100bp,oracle_infeasible_diagnostic,2021-11-08,2021-11-08,2021-11-08,2021-11-01,TIP,0.0019969832693891043,0.0,0.0019969832693891043,False,growth_up_inflation_up,True,optimal
oracle_regime_pooled_relative_active_te100bp,oracle_infeasible_diagnostic,2021-11-08,2021-11-08,2021-11-08,2021-11-01,HYG,0.13349772545983096,0.1358189893458814,-0.0023212638860504453,False,growth_up_inflation_up,True,optimal
oracle_regime_pooled_relative_active_te100bp,oracle_infeasible_diagnostic,2021-11-08,2021-11-08,2021-11-08,2021-11-01,BIL,0.01963882200560071,0.0,0.01963882200560071,False,growth_up_inflation_up,True,optimal
oracle_regime_pooled_relative_active_te100bp,oracle_infeasible_diagnostic,2021-11-08,2021-11-08,2021-11-08,2021-11-01,GLD,0.24617979281456917,0.2312056886368024,0.014974104177766762,False,growth_up_inflation_up,True,optimal
oracle_regime_pooled_relative_active_te100bp,oracle_infeasible_diagnostic,2021-11-08,2021-11-08,2021-11-08,2021-11-01,LQD,0.28155880337560363,0.2829753220173168,-0.0014165186417131603,False,growth_up_inflation_up,True,optimal
oracle_regime_pooled_relative_active_te100bp,oracle_infeasible_diagnostic,2021-11-08,2021-11-08,2021-11-08,2021-11-01,AGG,0.0,0.0,0.0,False,growth_up_inflation_up,True,optimal
oracle_regime_pooled_relative_active_te100bp,oracle_infeasible_diagnostic,2021-11-15,2021-11-15,2021-11-15,2021-11-01,SPY,0.3156539095842828,0.35,-0.03434609041571718,False,growth_up_inflation_up,True,optimal
oracle_regime_pooled_relative_active_te100bp,oracle_infeasible_diagnostic,2021-11-15,2021-11-15,2021-11-15,2021-11-01,IEF,3.903127820947816e-18,0.0,3.903127820947816e-18,False,growth_up_inflation_up,True,optimal
oracle_regime_pooled_relative_active_te100bp,oracle_infeasible_diagnostic,2021-11-15,2021-11-15,2021-11-15,2021-11-01,TIP,0.004126027212180753,0.0,0.004126027212180753,False,growth_up_inflation_up,True,optimal
oracle_regime_pooled_relative_active_te100bp,oracle_infeasible_diagnostic,2021-11-15,2021-11-15,2021-11-15,2021-11-01,HYG,0.13243982112688046,0.1348194639257613,-0.0023796427988808377,False,growth_up_inflation_up,True,optimal
oracle_regime_pooled_relative_active_te100bp,oracle_infeasible_diagnostic,2021-11-15,2021-11-15,2021-11-15,2021-11-01,BIL,0.019649192092378216,0.0,0.019649192092378216,False,growth_up_inflation_up,True,optimal
oracle_regime_pooled_relative_active_te100bp,oracle_infeasible_diagnostic,2021-11-15,2021-11-15,2021-11-15,2021-11-01,GLD,0.25,0.2369191933142538,0.01308080668574621,False,growth_up_inflation_up,True,optimal
oracle_regime_pooled_relative_active_te100bp,oracle_infeasible_diagnostic,2021-11-15,2021-11-15,2021-11-15,2021-11-01,LQD,0.2781310499842777,0.2782613427599849,-0.000130292775707197,False,growth_up_inflation_up,True,optimal
oracle_regime_pooled_relative_active_te100bp,oracle_infeasible_diagnostic,2021-11-15,2021-11-15,2021-11-15,2021-11-01,AGG,0.0,0.0,0.0,False,growth_up_inflation_up,True,optimal
oracle_regime_pooled_relative_active_te100bp,oracle_infeasible_diagnostic,2021-11-22,2021-11-22,2021-11-22,2021-11-01,SPY,0.31646451062642833,0.3499999999999994,-0.03353548937357109,False,growth_up_inflation_up,True,optimal
oracle_regime_pooled_relative_active_te100bp,oracle_infeasible_diagnostic,2021-11-22,2021-11-22,2021-11-22,2021-11-01,IEF,3.9216483695704684e-18,0.0,3.9216483695704684e-18,False,growth_up_inflation_up,True,optimal
oracle_regime_pooled_relative_active_te100bp,oracle_infeasible_diagnostic,2021-11-22,2021-11-22,2021-11-22,2021-11-01,TIP,0.00412808294723184,0.0,0.00412808294723184,False,growth_up_inflation_up,True,optimal
oracle_regime_pooled_relative_active_te100bp,oracle_infeasible_diagnostic,2021-11-22,2021-11-22,2021-11-22,2021-11-01,HYG,0.1321747340560415,0.1345324612096688,-0.0023577271536273092,False,growth_up_inflation_up,True,optimal
oracle_regime_pooled_relative_active_te100bp,oracle_infeasible_diagnostic,2021-11-22,2021-11-22,2021-11-22,2021-11-01,BIL,0.019689146410871897,0.0,0.019689146410871897,False,growth_up_inflation_up,True,optimal
oracle_regime_pooled_relative_active_te100bp,oracle_infeasible_diagnostic,2021-11-22,2021-11-22,2021-11-22,2021-11-01,GLD,0.24836441219397243,0.2361932482153507,0.012171163978621724,False,growth_up_inflation_up,True,optimal
oracle_regime_pooled_relative_active_te100bp,oracle_infeasible_diagnostic,2021-11-22,2021-11-22,2021-11-22,2021-11-01,LQD,0.279179113765454,0.279274290574981,-9.51768095269756e-05,False,growth_up_inflation_up,True,optimal
oracle_regime_pooled_relative_active_te100bp,oracle_infeasible_diagnostic,2021-11-22,2021-11-22,2021-11-22,2021-11-01,AGG,0.0,0.0,0.0,False,growth_up_inflation_up,True,optimal
oracle_regime_pooled_relative_active_te100bp,oracle_infeasible_diagnostic,2021-11-29,2021-11-29,2021-11-29,2021-11-01,SPY,0.31282298700157213,0.35,-0.03717701299842785,False,growth_up_inflation_up,True,optimal
oracle_regime_pooled_relative_active_te100bp,oracle_infeasible_diagnostic,2021-11-29,2021-11-29,2021-11-29,2021-11-01,IEF,4.013379741565465e-18,0.0,4.013379741565465e-18,False,growth_up_inflation_up,True,optimal
oracle_regime_pooled_relative_active_te100bp,oracle_infeasible_diagnostic,2021-11-29,2021-11-29,2021-11-29,2021-11-01,TIP,0.004199819579835511,0.0,0.004199819579835511,False,growth_up_inflation_up,True,optimal
oracle_regime_pooled_relative_active_te100bp,oracle_infeasible_diagnostic,2021-11-29,2021-11-29,2021-11-29,2021-11-01,HYG,0.13223681254065076,0.1346878821877837,-0.0024510696471329307,False,growth_up_inflation_up,True,optimal
oracle_regime_pooled_relative_active_te100bp,oracle_infeasible_diagnostic,2021-11-29,2021-11-29,2021-11-29,2021-11-01,BIL,0.0199680556974748,0.0,0.0199680556974748,False,growth_up_inflation_up,True,optimal
oracle_regime_pooled_relative_active_te100bp,oracle_infeasible_diagnostic,2021-11-29,2021-11-29,2021-11-29,2021-11-01,GLD,0.24736087724379077,0.2354000952825181,0.011960781961272676,False,growth_up_inflation_up,True,optimal
oracle_regime_pooled_relative_active_te100bp,oracle_infeasible_diagnostic,2021-11-29,2021-11-29,2021-11-29,2021-11-01,LQD,0.28341144793667605,0.2799120225296982,0.0034994254069778408,False,growth_up_inflation_up,True,optimal
oracle_regime_pooled_relative_active_te100bp,oracle_infeasible_diagnostic,2021-11-29,2021-11-29,2021-11-29,2021-11-01,AGG,0.0,0.0,0.0,False,growth_up_inflation_up,True,optimal
oracle_regime_pooled_relative_active_te100bp,oracle_infeasible_diagnostic,2021-12-06,2021-12-06,2021-12-06,2021-12-01,SPY,0.3,0.35,-0.04999999999999999,False,growth_down_inflation_up,True,optimal
oracle_regime_pooled_relative_active_te100bp,oracle_infeasible_diagnostic,2021-12-06,2021-12-06,2021-12-06,2021-12-01,IEF,5.421010862427522e-19,0.0,5.421010862427522e-19,False,growth_down_inflation_up,True,optimal
oracle_regime_pooled_relative_active_te100bp,oracle_infeasible_diagnostic,2021-12-06,2021-12-06,2021-12-06,2021-12-01,TIP,0.007841818378831597,0.0,0.007841818378831597,False,growth_down_inflation_up,True,optimal
oracle_regime_pooled_relative_active_te100bp,oracle_infeasible_diagnostic,2021-12-06,2021-12-06,2021-12-06,2021-12-01,HYG,0.13319224989556322,0.135782641752594,-0.002590391857030777,False,growth_down_inflation_up,True,optimal
oracle_regime_pooled_relative_active_te100bp,oracle_infeasible_diagnostic,2021-12-06,2021-12-06,2021-12-06,2021-12-01,BIL,0.02000181795251073,0.0,0.02000181795251073,False,growth_down_inflation_up,True,optimal
oracle_regime_pooled_relative_active_te100bp,oracle_infeasible_diagnostic,2021-12-06,2021-12-06,2021-12-06,2021-12-01,GLD,0.25,0.2357123833108312,0.014287616689168808,False,growth_down_inflation_up,True,optimal
oracle_regime_pooled_relative_active_te100bp,oracle_infeasible_diagnostic,2021-12-06,2021-12-06,2021-12-06,2021-12-01,LQD,0.28896411377309456,0.2785049749365748,0.010459138836519777,False,growth_down_inflation_up,True,optimal
oracle_regime_pooled_relative_active_te100bp,oracle_infeasible_diagnostic,2021-12-06,2021-12-06,2021-12-06,2021-12-01,AGG,0.0,0.0,0.0,False,growth_down_inflation_up,True,optimal
oracle_regime_pooled_relative_active_te100bp,oracle_infeasible_diagnostic,2021-12-13,2021-12-13,2021-12-13,2021-12-01,SPY,0.29999999999999966,0.3499999999999996,-0.04999999999999993,False,growth_down_inflation_up,True,optimal
oracle_regime_pooled_relative_active_te100bp,oracle_infeasible_diagnostic,2021-12-13,2021-12-13,2021-12-13,2021-12-01,IEF,0.0,0.0,0.0,False,growth_down_inflation_up,True,optimal
oracle_regime_pooled_relative_active_te100bp,oracle_infeasible_diagnostic,2021-12-13,2021-12-13,2021-12-13,2021-12-01,TIP,0.01349118545980677,0.0,0.01349118545980677,False,growth_down_inflation_up,True,optimal
oracle_regime_pooled_relative_active_te100bp,oracle_infeasible_diagnostic,2021-12-13,2021-12-13,2021-12-13,2021-12-01,HYG,0.1330480000973814,0.1353979689653608,-0.0023499688679793906,False,growth_down_inflation_up,True,optimal
oracle_regime_pooled_relative_active_te100bp,oracle_infeasible_diagnostic,2021-12-13,2021-12-13,2021-12-13,2021-12-01,BIL,0.019841767853702386,0.0,0.019841767853702386,False,growth_down_inflation_up,True,optimal
oracle_regime_pooled_relative_active_te100bp,oracle_infeasible_diagnostic,2021-12-13,2021-12-13,2021-12-13,2021-12-01,GLD,0.25,0.2417275399038466,0.0082724600961534,False,growth_down_inflation_up,True,optimal
oracle_regime_pooled_relative_active_te100bp,oracle_infeasible_diagnostic,2021-12-13,2021-12-13,2021-12-13,2021-12-01,LQD,0.2836190465891098,0.2728744911307929,0.010744555458316929,False,growth_down_inflation_up,True,optimal
oracle_regime_pooled_relative_active_te100bp,oracle_infeasible_diagnostic,2021-12-13,2021-12-13,2021-12-13,2021-12-01,AGG,0.0,0.0,0.0,False,growth_down_inflation_up,True,optimal
oracle_regime_pooled_relative_active_te100bp,oracle_infeasible_diagnostic,2021-12-20,2021-12-20,2021-12-20,2021-12-01,SPY,0.3,0.35,-0.04999999999999999,False,growth_down_inflation_up,True,optimal
oracle_regime_pooled_relative_active_te100bp,oracle_infeasible_diagnostic,2021-12-20,2021-12-20,2021-12-20,2021-12-01,IEF,3.711495086961003e-16,0.0,3.711495086961003e-16,False,growth_down_inflation_up,True,optimal
oracle_regime_pooled_relative_active_te100bp,oracle_infeasible_diagnostic,2021-12-20,2021-12-20,2021-12-20,2021-12-01,TIP,0.013534178037818995,0.0,0.013534178037818995,False,growth_down_inflation_up,True,optimal
oracle_regime_pooled_relative_active_te100bp,oracle_infeasible_diagnostic,2021-12-20,2021-12-20,2021-12-20,2021-12-01,HYG,0.13181325550471726,0.1361655424315012,-0.004352286926783938,False,growth_down_inflation_up,True,optimal
oracle_regime_pooled_relative_active_te100bp,oracle_infeasible_diagnostic,2021-12-20,2021-12-20,2021-12-20,2021-12-01,BIL,0.019929181577594286,0.0,0.019929181577594286,False,growth_down_inflation_up,True,optimal
oracle_regime_pooled_relative_active_te100bp,oracle_infeasible_diagnostic,2021-12-20,2021-12-20,2021-12-20,2021-12-01,GLD,0.25,0.2443086790581927,0.0056913209418072985,False,growth_down_inflation_up,True,optimal
oracle_regime_pooled_relative_active_te100bp,oracle_infeasible_diagnostic,2021-12-20,2021-12-20,2021-12-20,2021-12-01,LQD,0.28472338487986915,0.2695257785103061,0.015197606369563021,False,growth_down_inflation_up,True,optimal
oracle_regime_pooled_relative_active_te100bp,oracle_infeasible_diagnostic,2021-12-20,2021-12-20,2021-12-20,2021-12-01,AGG,0.0,0.0,0.0,False,growth_down_inflation_up,True,optimal
oracle_regime_pooled_relative_active_te100bp,oracle_infeasible_diagnostic,2021-12-27,2021-12-27,2021-12-27,2021-12-01,SPY,0.29999999999999954,0.3499999999999995,-0.04999999999999993,False,growth_down_inflation_up,True,optimal
oracle_regime_pooled_relative_active_te100bp,oracle_infeasible_diagnostic,2021-12-27,2021-12-27,2021-12-27,2021-12-01,IEF,3.558633712282261e-16,0.0,3.558633712282261e-16,False,growth_down_inflation_up,True,optimal
oracle_regime_pooled_relative_active_te100bp,oracle_infeasible_diagnostic,2021-12-27,2021-12-27,2021-12-27,2021-12-01,TIP,0.018039691581981387,0.0,0.018039691581981387,False,growth_down_inflation_up,True,optimal
oracle_regime_pooled_relative_active_te100bp,oracle_infeasible_diagnostic,2021-12-27,2021-12-27,2021-12-27,2021-12-01,HYG,0.13158331566844736,0.1356924818179145,-0.0041091661494671305,False,growth_down_inflation_up,True,optimal
oracle_regime_pooled_relative_active_te100bp,oracle_infeasible_diagnostic,2021-12-27,2021-12-27,2021-12-27,2021-12-01,BIL,0.01965716648098248,0.0,0.01965716648098248,False,growth_down_inflation_up,True,optimal
oracle_regime_pooled_relative_active_te100bp,oracle_infeasible_diagnostic,2021-12-27,2021-12-27,2021-12-27,2021-12-01,GLD,0.25,0.249032053776282,0.0009679462237180136,False,growth_down_inflation_up,True,optimal
oracle_regime_pooled_relative_active_te100bp,oracle_infeasible_diagnostic,2021-12-27,2021-12-27,2021-12-27,2021-12-01,LQD,0.2807198262685889,0.2652754644058038,0.015444361862785083,False,growth_down_inflation_up,True,optimal
oracle_regime_pooled_relative_active_te100bp,oracle_infeasible_diagnostic,2021-12-27,2021-12-27,2021-12-27,2021-12-01,AGG,0.0,0.0,0.0,False,growth_down_inflation_up,True,optimal
oracle_regime_pooled_relative_active_te100bp,oracle_infeasible_diagnostic,2022-01-03,2022-01-03,2022-01-03,2022-01-01,SPY,0.3005720046259023,0.3499999999999998,-0.04942799537409753,False,growth_up_inflation_up,True,optimal
oracle_regime_pooled_relative_active_te100bp,oracle_infeasible_diagnostic,2022-01-03,2022-01-03,2022-01-03,2022-01-01,IEF,3.46077333457373e-16,0.0,3.46077333457373e-16,False,growth_up_inflation_up,True,optimal
oracle_regime_pooled_relative_active_te100bp,oracle_infeasible_diagnostic,2022-01-03,2022-01-03,2022-01-03,2022-01-01,TIP,0.019988162384887806,0.0,0.019988162384887806,False,growth_up_inflation_up,True,optimal
oracle_regime_pooled_relative_active_te100bp,oracle_infeasible_diagnostic,2022-01-03,2022-01-03,2022-01-03,2022-01-01,HYG,0.13078875243042692,0.1363267768321897,-0.0055380244017627644,False,growth_up_inflation_up,True,optimal
oracle_regime_pooled_relative_active_te100bp,oracle_infeasible_diagnostic,2022-01-03,2022-01-03,2022-01-03,2022-01-01,BIL,0.019576540855349597,0.0,0.019576540855349597,False,growth_up_inflation_up,True,optimal
oracle_regime_pooled_relative_active_te100bp,oracle_infeasible_diagnostic,2022-01-03,2022-01-03,2022-01-03,2022-01-01,GLD,0.25,0.2500000000000001,-1.1102230246251565e-16,False,growth_up_inflation_up,True,optimal
oracle_regime_pooled_relative_active_te100bp,oracle_infeasible_diagnostic,2022-01-03,2022-01-03,2022-01-03,2022-01-01,LQD,0.27907453970343316,0.2636732231678103,0.015401316535622878,False,growth_up_inflation_up,True,optimal
oracle_regime_pooled_relative_active_te100bp,oracle_infeasible_diagnostic,2022-01-03,2022-01-03,2022-01-03,2022-01-01,AGG,0.0,0.0,0.0,False,growth_up_inflation_up,True,optimal
oracle_regime_pooled_relative_active_te100bp,oracle_infeasible_diagnostic,2022-01-10,2022-01-10,2022-01-10,2022-01-01,SPY,0.2999999999999997,0.3499999999999997,-0.04999999999999999,False,growth_up_inflation_up,True,optimal
oracle_regime_pooled_relative_active_te100bp,oracle_infeasible_diagnostic,2022-01-10,2022-01-10,2022-01-10,2022-01-01,IEF,1.668045042368948e-16,0.0,1.668045042368948e-16,False,growth_up_inflation_up,True,optimal
oracle_regime_pooled_relative_active_te100bp,oracle_infeasible_diagnostic,2022-01-10,2022-01-10,2022-01-10,2022-01-01,TIP,0.02031035507508182,0.0,0.02031035507508182,False,growth_up_inflation_up,True,optimal
oracle_regime_pooled_relative_active_te100bp,oracle_infeasible_diagnostic,2022-01-10,2022-01-10,2022-01-10,2022-01-01,HYG,0.13109808646554705,0.136719068607057,-0.005620982141509939,False,growth_up_inflation_up,True,optimal
oracle_regime_pooled_relative_active_te100bp,oracle_infeasible_diagnostic,2022-01-10,2022-01-10,2022-01-10,2022-01-01,BIL,0.019862782601880277,0.0,0.019862782601880277,False,growth_up_inflation_up,True,optimal
oracle_regime_pooled_relative_active_te100bp,oracle_infeasible_diagnostic,2022-01-10,2022-01-10,2022-01-10,2022-01-01,GLD,0.24999999999999994,0.2500000000000002,-2.7755575615628914e-16,False,growth_up_inflation_up,True,optimal
oracle_regime_pooled_relative_active_te100bp,oracle_infeasible_diagnostic,2022-01-10,2022-01-10,2022-01-10,2022-01-01,LQD,0.27872877585749095,0.263280931392943,0.015447844464547944,False,growth_up_inflation_up,True,optimal
oracle_regime_pooled_relative_active_te100bp,oracle_infeasible_diagnostic,2022-01-10,2022-01-10,2022-01-10,2022-01-01,AGG,0.0,0.0,0.0,False,growth_up_inflation_up,True,optimal
oracle_regime_pooled_relative_active_te100bp,oracle_infeasible_diagnostic,2022-01-17,2022-01-17,2022-01-18,2022-01-01,SPY,0.3000000000000004,0.3500000000000002,-0.04999999999999982,False,growth_up_inflation_up,True,optimal
oracle_regime_pooled_relative_active_te100bp,oracle_infeasible_diagnostic,2022-01-17,2022-01-17,2022-01-18,2022-01-01,IEF,1.684850176042474e-16,0.0,1.684850176042474e-16,False,growth_up_inflation_up,True,optimal
oracle_regime_pooled_relative_active_te100bp,oracle_infeasible_diagnostic,2022-01-17,2022-01-17,2022-01-18,2022-01-01,TIP,0.02234382222671102,0.0,0.02234382222671102,False,growth_up_inflation_up,True,optimal
oracle_regime_pooled_relative_active_te100bp,oracle_infeasible_diagnostic,2022-01-17,2022-01-17,2022-01-18,2022-01-01,HYG,0.13098294105153832,0.138519138697725,-0.007536197646186682,False,growth_up_inflation_up,True,optimal
oracle_regime_pooled_relative_active_te100bp,oracle_infeasible_diagnostic,2022-01-17,2022-01-17,2022-01-18,2022-01-01,BIL,0.01977142308565822,0.0,0.01977142308565822,False,growth_up_inflation_up,True,optimal
oracle_regime_pooled_relative_active_te100bp,oracle_infeasible_diagnostic,2022-01-17,2022-01-17,2022-01-18,2022-01-01,GLD,0.25,0.2500000000000001,-1.1102230246251565e-16,False,growth_up_inflation_up,True,optimal
oracle_regime_pooled_relative_active_te100bp,oracle_infeasible_diagnostic,2022-01-17,2022-01-17,2022-01-18,2022-01-01,LQD,0.2769018136360919,0.2614808613022746,0.015420952333817295,False,growth_up_inflation_up,True,optimal
oracle_regime_pooled_relative_active_te100bp,oracle_infeasible_diagnostic,2022-01-17,2022-01-17,2022-01-18,2022-01-01,AGG,0.0,0.0,0.0,False,growth_up_inflation_up,True,optimal
oracle_regime_pooled_relative_active_te100bp,oracle_infeasible_diagnostic,2022-01-24,2022-01-24,2022-01-24,2022-01-01,SPY,0.30000000000000004,0.3499999999999998,-0.04999999999999977,False,growth_up_inflation_up,True,optimal
oracle_regime_pooled_relative_active_te100bp,oracle_infeasible_diagnostic,2022-01-24,2022-01-24,2022-01-24,2022-01-01,IEF,1.705752765423893e-16,0.0,1.705752765423893e-16,False,growth_up_inflation_up,True,optimal
oracle_regime_pooled_relative_active_te100bp,oracle_infeasible_diagnostic,2022-01-24,2022-01-24,2022-01-24,2022-01-01,TIP,0.022684401707117333,0.0,0.022684401707117333,False,growth_up_inflation_up,True,optimal
oracle_regime_pooled_relative_active_te100bp,oracle_infeasible_diagnostic,2022-01-24,2022-01-24,2022-01-24,2022-01-01,HYG,0.1278601813040098,0.1398450734008116,-0.011984892096801786,False,growth_up_inflation_up,True,optimal
oracle_regime_pooled_relative_active_te100bp,oracle_infeasible_diagnostic,2022-01-24,2022-01-24,2022-01-24,2022-01-01,BIL,0.020000504420106115,0.0,0.020000504420106115,False,growth_up_inflation_up,True,optimal
oracle_regime_pooled_relative_active_te100bp,oracle_infeasible_diagnostic,2022-01-24,2022-01-24,2022-01-24,2022-01-01,GLD,0.25,0.2499999999999999,1.1102230246251565e-16,False,growth_up_inflation_up,True,optimal
oracle_regime_pooled_relative_active_te100bp,oracle_infeasible_diagnostic,2022-01-24,2022-01-24,2022-01-24,2022-01-01,LQD,0.27945491256876664,0.2601549265991885,0.01929998596957816,False,growth_up_inflation_up,True,optimal
oracle_regime_pooled_relative_active_te100bp,oracle_infeasible_diagnostic,2022-01-24,2022-01-24,2022-01-24,2022-01-01,AGG,0.0,0.0,0.0,False,growth_up_inflation_up,True,optimal
oracle_regime_pooled_relative_active_te100bp,oracle_infeasible_diagnostic,2022-01-31,2022-01-31,2022-01-31,2022-01-01,SPY,0.30791944111333813,0.3500000000000008,-0.04208055888666268,False,growth_up_inflation_up,True,optimal
oracle_regime_pooled_relative_active_te100bp,oracle_infeasible_diagnostic,2022-01-31,2022-01-31,2022-01-31,2022-01-01,IEF,1.7013577164673633e-16,0.0,1.7013577164673633e-16,False,growth_up_inflation_up,True,optimal
oracle_regime_pooled_relative_active_te100bp,oracle_infeasible_diagnostic,2022-01-31,2022-01-31,2022-01-31,2022-01-01,TIP,0.022787698702269703,0.0,0.022787698702269703,False,growth_up_inflation_up,True,optimal
oracle_regime_pooled_relative_active_te100bp,oracle_infeasible_diagnostic,2022-01-31,2022-01-31,2022-01-31,2022-01-01,HYG,0.12752175302232924,0.1418011331317867,-0.014279380109457451,False,growth_up_inflation_up,True,optimal
oracle_regime_pooled_relative_active_te100bp,oracle_infeasible_diagnostic,2022-01-31,2022-01-31,2022-01-31,2022-01-01,BIL,0.020067696081626576,0.0,0.020067696081626576,False,growth_up_inflation_up,True,optimal
oracle_regime_pooled_relative_active_te100bp,oracle_infeasible_diagnostic,2022-01-31,2022-01-31,2022-01-31,2022-01-01,GLD,0.24400600946776593,0.2500000000000006,-0.005993990532234678,False,growth_up_inflation_up,True,optimal
oracle_regime_pooled_relative_active_te100bp,oracle_infeasible_diagnostic,2022-01-31,2022-01-31,2022-01-31,2022-01-01,LQD,0.27769740161267037,0.2581988668682117,0.019498534744458673,False,growth_up_inflation_up,True,optimal
oracle_regime_pooled_relative_active_te100bp,oracle_infeasible_diagnostic,2022-01-31,2022-01-31,2022-01-31,2022-01-01,AGG,0.0,0.0,0.0,False,growth_up_inflation_up,True,optimal
oracle_regime_pooled_relative_active_te100bp,oracle_infeasible_diagnostic,2022-02-07,2022-02-07,2022-02-07,2022-02-01,SPY,0.3125725973751467,0.3499999999999995,-0.03742740262485278,False,growth_up_inflation_up,True,optimal
oracle_regime_pooled_relative_active_te100bp,oracle_infeasible_diagnostic,2022-02-07,2022-02-07,2022-02-07,2022-02-01,IEF,1.6824343682447594e-16,0.0,1.6824343682447594e-16,False,growth_up_inflation_up,True,optimal
oracle_regime_pooled_relative_active_te100bp,oracle_infeasible_diagnostic,2022-02-07,2022-02-07,2022-02-07,2022-02-01,TIP,0.022433783810437966,0.0,0.022433783810437966,False,growth_up_inflation_up,True,optimal
oracle_regime_pooled_relative_active_te100bp,oracle_infeasible_diagnostic,2022-02-07,2022-02-07,2022-02-07,2022-02-01,HYG,0.12665300710938,0.1463228356873057,-0.019669828577925708,False,growth_up_inflation_up,True,optimal
oracle_regime_pooled_relative_active_te100bp,oracle_infeasible_diagnostic,2022-02-07,2022-02-07,2022-02-07,2022-02-01,BIL,0.020030072303302573,0.0,0.020030072303302573,False,growth_up_inflation_up,True,optimal
oracle_regime_pooled_relative_active_te100bp,oracle_infeasible_diagnostic,2022-02-07,2022-02-07,2022-02-07,2022-02-01,GLD,0.24512850301674408,0.2500000000000001,-0.004871496983256035,False,growth_up_inflation_up,True,optimal
oracle_regime_pooled_relative_active_te100bp,oracle_infeasible_diagnostic,2022-02-07,2022-02-07,2022-02-07,2022-02-01,LQD,0.27318203638498856,0.2536771643126946,0.019504872072293955,False,growth_up_inflation_up,True,optimal
oracle_regime_pooled_relative_active_te100bp,oracle_infeasible_diagnostic,2022-02-07,2022-02-07,2022-02-07,2022-02-01,AGG,0.0,0.0,0.0,False,growth_up_inflation_up,True,optimal
oracle_regime_pooled_relative_active_te100bp,oracle_infeasible_diagnostic,2022-02-14,2022-02-14,2022-02-14,2022-02-01,SPY,0.30700833151030893,0.35,-0.04299166848969105,False,growth_up_inflation_up,True,optimal
oracle_regime_pooled_relative_active_te100bp,oracle_infeasible_diagnostic,2022-02-14,2022-02-14,2022-02-14,2022-02-01,IEF,1.7780915628762273e-16,0.0,1.7780915628762273e-16,False,growth_up_inflation_up,True,optimal
oracle_regime_pooled_relative_active_te100bp,oracle_infeasible_diagnostic,2022-02-14,2022-02-14,2022-02-14,2022-02-01,TIP,0.02453754687186349,0.0,0.02453754687186349,False,growth_up_inflation_up,True,optimal
oracle_regime_pooled_relative_active_te100bp,oracle_infeasible_diagnostic,2022-02-14,2022-02-14,2022-02-14,2022-02-01,HYG,0.12561707324279872,0.1465168709560916,-0.020899797713292867,False,growth_up_inflation_up,True,optimal
oracle_regime_pooled_relative_active_te100bp,oracle_infeasible_diagnostic,2022-02-14,2022-02-14,2022-02-14,2022-02-01,BIL,0.02007554051869024,0.0,0.02007554051869024,False,growth_up_inflation_up,True,optimal
oracle_regime_pooled_relative_active_te100bp,oracle_infeasible_diagnostic,2022-02-14,2022-02-14,2022-02-14,2022-02-01,GLD,0.24999999999999983,0.25,-1.6653345369377348e-16,False,growth_up_inflation_up,True,optimal
oracle_regime_pooled_relative_active_te100bp,oracle_infeasible_diagnostic,2022-02-14,2022-02-14,2022-02-14,2022-02-01,LQD,0.2727615078563386,0.2534831290439082,0.01927837881243044,False,growth_up_inflation_up,True,optimal
oracle_regime_pooled_relative_active_te100bp,oracle_infeasible_diagnostic,2022-02-14,2022-02-14,2022-02-14,2022-02-01,AGG,0.0,0.0,0.0,False,growth_up_inflation_up,True,optimal
oracle_regime_pooled_relative_active_te100bp,oracle_infeasible_diagnostic,2022-02-21,2022-02-21,2022-02-22,2022-02-01,SPY,0.30442045448224797,0.3499999999999996,-0.04557954551775162,False,growth_up_inflation_up,True,optimal
oracle_regime_pooled_relative_active_te100bp,oracle_infeasible_diagnostic,2022-02-21,2022-02-21,2022-02-22,2022-02-01,IEF,1.8878658250250735e-16,0.0,1.8878658250250735e-16,False,growth_up_inflation_up,True,optimal
oracle_regime_pooled_relative_active_te100bp,oracle_infeasible_diagnostic,2022-02-21,2022-02-21,2022-02-22,2022-02-01,TIP,0.02791125043166229,0.0,0.02791125043166229,False,growth_up_inflation_up,True,optimal
oracle_regime_pooled_relative_active_te100bp,oracle_infeasible_diagnostic,2022-02-21,2022-02-21,2022-02-22,2022-02-01,HYG,0.12594558861836008,0.1474118271255169,-0.021466238507156815,False,growth_up_inflation_up,True,optimal
oracle_regime_pooled_relative_active_te100bp,oracle_infeasible_diagnostic,2022-02-21,2022-02-21,2022-02-22,2022-02-01,BIL,0.020071967129721428,0.0,0.020071967129721428,False,growth_up_inflation_up,True,optimal
oracle_regime_pooled_relative_active_te100bp,oracle_infeasible_diagnostic,2022-02-21,2022-02-21,2022-02-22,2022-02-01,GLD,0.25,0.2499999999999997,3.0531133177191805e-16,False,growth_up_inflation_up,True,optimal
oracle_regime_pooled_relative_active_te100bp,oracle_infeasible_diagnostic,2022-02-21,2022-02-21,2022-02-22,2022-02-01,LQD,0.2716507393380081,0.2525881728744835,0.01906256646352461,False,growth_up_inflation_up,True,optimal
oracle_regime_pooled_relative_active_te100bp,oracle_infeasible_diagnostic,2022-02-21,2022-02-21,2022-02-22,2022-02-01,AGG,0.0,0.0,0.0,False,growth_up_inflation_up,True,optimal
oracle_regime_pooled_relative_active_te100bp,oracle_infeasible_diagnostic,2022-02-28,2022-02-28,2022-02-28,2022-02-01,SPY,0.3071941523735416,0.35,-0.04280584762645839,False,growth_up_inflation_up,True,optimal
oracle_regime_pooled_relative_active_te100bp,oracle_infeasible_diagnostic,2022-02-28,2022-02-28,2022-02-28,2022-02-01,IEF,1.8777013918847896e-16,0.0,1.8777013918847896e-16,False,growth_up_inflation_up,True,optimal
oracle_regime_pooled_relative_active_te100bp,oracle_infeasible_diagnostic,2022-02-28,2022-02-28,2022-02-28,2022-02-01,TIP,0.027972003360130046,0.0,0.027972003360130046,False,growth_up_inflation_up,True,optimal
oracle_regime_pooled_relative_active_te100bp,oracle_infeasible_diagnostic,2022-02-28,2022-02-28,2022-02-28,2022-02-01,HYG,0.12655742659840374,0.1482030973731101,-0.02164567077470636,False,growth_up_inflation_up,True,optimal
oracle_regime_pooled_relative_active_te100bp,oracle_infeasible_diagnostic,2022-02-28,2022-02-28,2022-02-28,2022-02-01,BIL,0.019983702016496876,0.0,0.019983702016496876,False,growth_up_inflation_up,True,optimal
oracle_regime_pooled_relative_active_te100bp,oracle_infeasible_diagnostic,2022-02-28,2022-02-28,2022-02-28,2022-02-01,GLD,0.2473317048334525,0.2499999999999992,-0.002668295166546708,False,growth_up_inflation_up,True,optimal
oracle_regime_pooled_relative_active_te100bp,oracle_infeasible_diagnostic,2022-02-28,2022-02-28,2022-02-28,2022-02-01,LQD,0.2709610108179752,0.2517969026268907,0.019164108191084495,False,growth_up_inflation_up,True,optimal
oracle_regime_pooled_relative_active_te100bp,oracle_infeasible_diagnostic,2022-02-28,2022-02-28,2022-02-28,2022-02-01,AGG,0.0,0.0,0.0,False,growth_up_inflation_up,True,optimal
oracle_regime_pooled_relative_active_te100bp,oracle_infeasible_diagnostic,2022-03-07,2022-03-07,2022-03-07,2022-03-01,SPY,0.3060465726018075,0.3500000000000003,-0.0439534273981928,False,growth_up_inflation_up,True,optimal
oracle_regime_pooled_relative_active_te100bp,oracle_infeasible_diagnostic,2022-03-07,2022-03-07,2022-03-07,2022-03-01,IEF,2.0046987315470575e-16,0.0,2.0046987315470575e-16,False,growth_up_inflation_up,True,optimal
oracle_regime_pooled_relative_active_te100bp,oracle_infeasible_diagnostic,2022-03-07,2022-03-07,2022-03-07,2022-03-01,TIP,0.02984980790626728,0.0,0.02984980790626728,False,growth_up_inflation_up,True,optimal
oracle_regime_pooled_relative_active_te100bp,oracle_infeasible_diagnostic,2022-03-07,2022-03-07,2022-03-07,2022-03-01,HYG,0.12516005011390385,0.1498192585614127,-0.02465920844750885,False,growth_up_inflation_up,True,optimal
oracle_regime_pooled_relative_active_te100bp,oracle_infeasible_diagnostic,2022-03-07,2022-03-07,2022-03-07,2022-03-01,BIL,0.01985754424311883,0.0,0.01985754424311883,False,growth_up_inflation_up,True,optimal
oracle_regime_pooled_relative_active_te100bp,oracle_infeasible_diagnostic,2022-03-07,2022-03-07,2022-03-07,2022-03-01,GLD,0.24999999999999994,0.25,-5.551115123125783e-17,False,growth_up_inflation_up,True,optimal
oracle_regime_pooled_relative_active_te100bp,oracle_infeasible_diagnostic,2022-03-07,2022-03-07,2022-03-07,2022-03-01,LQD,0.2690860251349023,0.250180741438587,0.018905283696315334,False,growth_up_inflation_up,True,optimal
oracle_regime_pooled_relative_active_te100bp,oracle_infeasible_diagnostic,2022-03-07,2022-03-07,2022-03-07,2022-03-01,AGG,0.0,0.0,0.0,False,growth_up_inflation_up,True,optimal
oracle_regime_pooled_relative_active_te100bp,oracle_infeasible_diagnostic,2022-03-14,2022-03-14,2022-03-14,2022-03-01,SPY,0.3064006543470426,0.3499999999999997,-0.04359934565295709,False,growth_up_inflation_up,True,optimal
oracle_regime_pooled_relative_active_te100bp,oracle_infeasible_diagnostic,2022-03-14,2022-03-14,2022-03-14,2022-03-01,IEF,1.9811374565765277e-16,0.0,1.9811374565765277e-16,False,growth_up_inflation_up,True,optimal
oracle_regime_pooled_relative_active_te100bp,oracle_infeasible_diagnostic,2022-03-14,2022-03-14,2022-03-14,2022-03-01,TIP,0.03134061390399913,0.0,0.03134061390399913,False,growth_up_inflation_up,True,optimal
oracle_regime_pooled_relative_active_te100bp,oracle_infeasible_diagnostic,2022-03-14,2022-03-14,2022-03-14,2022-03-01,HYG,0.12485160082520778,0.1500000000000002,-0.025148399174792405,False,growth_up_inflation_up,True,optimal
oracle_regime_pooled_relative_active_te100bp,oracle_infeasible_diagnostic,2022-03-14,2022-03-14,2022-03-14,2022-03-01,BIL,0.020168149018564504,0.0,0.020168149018564504,False,growth_up_inflation_up,True,optimal
oracle_regime_pooled_relative_active_te100bp,oracle_infeasible_diagnostic,2022-03-14,2022-03-14,2022-03-14,2022-03-01,GLD,0.25,0.2499999999999995,4.996003610813204e-16,False,growth_up_inflation_up,True,optimal
oracle_regime_pooled_relative_active_te100bp,oracle_infeasible_diagnostic,2022-03-14,2022-03-14,2022-03-14,2022-03-01,LQD,0.26723898190518564,0.2500000000000005,0.017238981905185136,False,growth_up_inflation_up,True,optimal
oracle_regime_pooled_relative_active_te100bp,oracle_infeasible_diagnostic,2022-03-14,2022-03-14,2022-03-14,2022-03-01,AGG,0.0,0.0,0.0,False,growth_up_inflation_up,True,optimal
oracle_regime_pooled_relative_active_te100bp,oracle_infeasible_diagnostic,2022-03-21,2022-03-21,2022-03-21,2022-03-01,SPY,0.3177737097189094,0.349999999999999,-0.03222629028108959,False,growth_up_inflation_up,True,optimal
oracle_regime_pooled_relative_active_te100bp,oracle_infeasible_diagnostic,2022-03-21,2022-03-21,2022-03-21,2022-03-01,IEF,1.928815503536135e-16,0.0,1.928815503536135e-16,False,growth_up_inflation_up,True,optimal
oracle_regime_pooled_relative_active_te100bp,oracle_infeasible_diagnostic,2022-03-21,2022-03-21,2022-03-21,2022-03-01,TIP,0.0304286251790107,0.0,0.0304286251790107,False,growth_up_inflation_up,True,optimal
oracle_regime_pooled_relative_active_te100bp,oracle_infeasible_diagnostic,2022-03-21,2022-03-21,2022-03-21,2022-03-01,HYG,0.12476256645514074,0.1500000000000005,-0.025237433544859758,False,growth_up_inflation_up,True,optimal
oracle_regime_pooled_relative_active_te100bp,oracle_infeasible_diagnostic,2022-03-21,2022-03-21,2022-03-21,2022-03-01,BIL,0.019743527019860155,0.0,0.019743527019860155,False,growth_up_inflation_up,True,optimal
oracle_regime_pooled_relative_active_te100bp,oracle_infeasible_diagnostic,2022-03-21,2022-03-21,2022-03-21,2022-03-01,GLD,0.23974888653503879,0.2499999999999993,-0.01025111346496052,False,growth_up_inflation_up,True,optimal
oracle_regime_pooled_relative_active_te100bp,oracle_infeasible_diagnostic,2022-03-21,2022-03-21,2022-03-21,2022-03-01,LQD,0.2675426850920401,0.2500000000000012,0.01754268509203888,False,growth_up_inflation_up,True,optimal
oracle_regime_pooled_relative_active_te100bp,oracle_infeasible_diagnostic,2022-03-21,2022-03-21,2022-03-21,2022-03-01,AGG,0.0,0.0,0.0,False,growth_up_inflation_up,True,optimal
oracle_regime_pooled_relative_active_te100bp,oracle_infeasible_diagnostic,2022-03-28,2022-03-28,2022-03-28,2022-03-01,SPY,0.322275249139464,0.3500000000000002,-0.027724750860536218,False,growth_up_inflation_up,True,optimal
oracle_regime_pooled_relative_active_te100bp,oracle_infeasible_diagnostic,2022-03-28,2022-03-28,2022-03-28,2022-03-01,IEF,1.8810472741375177e-16,0.0,1.8810472741375177e-16,False,growth_up_inflation_up,True,optimal
oracle_regime_pooled_relative_active_te100bp,oracle_infeasible_diagnostic,2022-03-28,2022-03-28,2022-03-28,2022-03-01,TIP,0.030009460876217982,0.0,0.030009460876217982,False,growth_up_inflation_up,True,optimal
oracle_regime_pooled_relative_active_te100bp,oracle_infeasible_diagnostic,2022-03-28,2022-03-28,2022-03-28,2022-03-01,HYG,0.12258315174552338,0.149999999999999,-0.027416848254475615,False,growth_up_inflation_up,True,optimal
oracle_regime_pooled_relative_active_te100bp,oracle_infeasible_diagnostic,2022-03-28,2022-03-28,2022-03-28,2022-03-01,BIL,0.019653880466880252,0.0,0.019653880466880252,False,growth_up_inflation_up,True,optimal
oracle_regime_pooled_relative_active_te100bp,oracle_infeasible_diagnostic,2022-03-28,2022-03-28,2022-03-28,2022-03-01,GLD,0.24271937269211627,0.2500000000000001,-0.007280627307883841,False,growth_up_inflation_up,True,optimal
oracle_regime_pooled_relative_active_te100bp,oracle_infeasible_diagnostic,2022-03-28,2022-03-28,2022-03-28,2022-03-01,LQD,0.262758885079798,0.2500000000000006,0.012758885079797389,False,growth_up_inflation_up,True,optimal
oracle_regime_pooled_relative_active_te100bp,oracle_infeasible_diagnostic,2022-03-28,2022-03-28,2022-03-28,2022-03-01,AGG,0.0,0.0,0.0,False,growth_up_inflation_up,True,optimal
oracle_regime_pooled_relative_active_te100bp,oracle_infeasible_diagnostic,2022-04-04,2022-04-04,2022-04-04,2022-04-01,SPY,0.3213536256637132,0.3499999999999995,-0.02864637433628625,False,growth_up_inflation_up,True,optimal
oracle_regime_pooled_relative_active_te100bp,oracle_infeasible_diagnostic,2022-04-04,2022-04-04,2022-04-04,2022-04-01,IEF,1.8812723043526203e-16,0.0,1.8812723043526203e-16,False,growth_up_inflation_up,True,optimal
oracle_regime_pooled_relative_active_te100bp,oracle_infeasible_diagnostic,2022-04-04,2022-04-04,2022-04-04,2022-04-01,TIP,0.029595338352397763,0.0,0.029595338352397763,False,growth_up_inflation_up,True,optimal
oracle_regime_pooled_relative_active_te100bp,oracle_infeasible_diagnostic,2022-04-04,2022-04-04,2022-04-04,2022-04-01,HYG,0.12350750009181882,0.1500000000000005,-0.02649249990818167,False,growth_up_inflation_up,True,optimal
oracle_regime_pooled_relative_active_te100bp,oracle_infeasible_diagnostic,2022-04-04,2022-04-04,2022-04-04,2022-04-01,BIL,0.019562600636146146,0.0,0.019562600636146146,False,growth_up_inflation_up,True,optimal
oracle_regime_pooled_relative_active_te100bp,oracle_infeasible_diagnostic,2022-04-04,2022-04-04,2022-04-04,2022-04-01,GLD,0.24038722447146113,0.2474926505553131,-0.007105426083851979,False,growth_up_inflation_up,True,optimal
oracle_regime_pooled_relative_active_te100bp,oracle_infeasible_diagnostic,2022-04-04,2022-04-04,2022-04-04,2022-04-01,LQD,0.2655937107844627,0.2525073494446869,0.01308636133977581,False,growth_up_inflation_up,True,optimal
oracle_regime_pooled_relative_active_te100bp,oracle_infeasible_diagnostic,2022-04-04,2022-04-04,2022-04-04,2022-04-01,AGG,0.0,0.0,0.0,False,growth_up_inflation_up,True,optimal
oracle_regime_pooled_relative_active_te100bp,oracle_infeasible_diagnostic,2022-04-11,2022-04-11,2022-04-11,2022-04-01,SPY,0.3219400113781386,0.3499999999999998,-0.02805998862186121,False,growth_up_inflation_up,True,optimal
oracle_regime_pooled_relative_active_te100bp,oracle_infeasible_diagnostic,2022-04-11,2022-04-11,2022-04-11,2022-04-01,IEF,1.8614684640413647e-16,0.0,1.8614684640413647e-16,False,growth_up_inflation_up,True,optimal
oracle_regime_pooled_relative_active_te100bp,oracle_infeasible_diagnostic,2022-04-11,2022-04-11,2022-04-11,2022-04-01,TIP,0.029627919581042515,0.0,0.029627919581042515,False,growth_up_inflation_up,True,optimal
oracle_regime_pooled_relative_active_te100bp,oracle_infeasible_diagnostic,2022-04-11,2022-04-11,2022-04-11,2022-04-01,HYG,0.12255133776803882,0.1500000000000006,-0.027448662231961782,False,growth_up_inflation_up,True,optimal
oracle_regime_pooled_relative_active_te100bp,oracle_infeasible_diagnostic,2022-04-11,2022-04-11,2022-04-11,2022-04-01,BIL,0.01984176239664286,0.0,0.01984176239664286,False,growth_up_inflation_up,True,optimal
oracle_regime_pooled_relative_active_te100bp,oracle_infeasible_diagnostic,2022-04-11,2022-04-11,2022-04-11,2022-04-01,GLD,0.2454813833734079,0.2499999999999999,-0.004518616626591976,False,growth_up_inflation_up,True,optimal
oracle_regime_pooled_relative_active_te100bp,oracle_infeasible_diagnostic,2022-04-11,2022-04-11,2022-04-11,2022-04-01,LQD,0.2605575855027291,0.2499999999999997,0.010557585502729422,False,growth_up_inflation_up,True,optimal
oracle_regime_pooled_relative_active_te100bp,oracle_infeasible_diagnostic,2022-04-11,2022-04-11,2022-04-11,2022-04-01,AGG,0.0,0.0,0.0,False,growth_up_inflation_up,True,optimal
oracle_regime_pooled_relative_active_te100bp,oracle_infeasible_diagnostic,2022-04-18,2022-04-18,2022-04-18,2022-04-01,SPY,0.31910897420918344,0.35,-0.03089102579081654,False,growth_up_inflation_up,True,optimal
oracle_regime_pooled_relative_active_te100bp,oracle_infeasible_diagnostic,2022-04-18,2022-04-18,2022-04-18,2022-04-01,IEF,1.8656024123016557e-16,0.0,1.8656024123016557e-16,False,growth_up_inflation_up,True,optimal
oracle_regime_pooled_relative_active_te100bp,oracle_infeasible_diagnostic,2022-04-18,2022-04-18,2022-04-18,2022-04-01,TIP,0.02983071479803445,0.0,0.02983071479803445,False,growth_up_inflation_up,True,optimal
oracle_regime_pooled_relative_active_te100bp,oracle_infeasible_diagnostic,2022-04-18,2022-04-18,2022-04-18,2022-04-01,HYG,0.12362780810853302,0.1500000000000003,-0.026372191891467278,False,growth_up_inflation_up,True,optimal
oracle_regime_pooled_relative_active_te100bp,oracle_infeasible_diagnostic,2022-04-18,2022-04-18,2022-04-18,2022-04-01,BIL,0.019949018615051245,0.0,0.019949018615051245,False,growth_up_inflation_up,True,optimal
oracle_regime_pooled_relative_active_te100bp,oracle_infeasible_diagnostic,2022-04-18,2022-04-18,2022-04-18,2022-04-01,GLD,0.24800764909664527,0.25,-0.001992350903354728,False,growth_up_inflation_up,True,optimal
oracle_regime_pooled_relative_active_te100bp,oracle_infeasible_diagnostic,2022-04-18,2022-04-18,2022-04-18,2022-04-01,LQD,0.2594758351725524,0.2499999999999996,0.009475835172552793,False,growth_up_inflation_up,True,optimal
oracle_regime_pooled_relative_active_te100bp,oracle_infeasible_diagnostic,2022-04-18,2022-04-18,2022-04-18,2022-04-01,AGG,0.0,0.0,0.0,False,growth_up_inflation_up,True,optimal
oracle_regime_pooled_relative_active_te100bp,oracle_infeasible_diagnostic,2022-04-25,2022-04-25,2022-04-25,2022-04-01,SPY,0.3178058040643628,0.3500000000000001,-0.03219419593563727,False,growth_up_inflation_up,True,optimal
oracle_regime_pooled_relative_active_te100bp,oracle_infeasible_diagnostic,2022-04-25,2022-04-25,2022-04-25,2022-04-01,IEF,1.890416841463321e-16,0.0,1.890416841463321e-16,False,growth_up_inflation_up,True,optimal
oracle_regime_pooled_relative_active_te100bp,oracle_infeasible_diagnostic,2022-04-25,2022-04-25,2022-04-25,2022-04-01,TIP,0.030482516654892714,0.0,0.030482516654892714,False,growth_up_inflation_up,True,optimal
oracle_regime_pooled_relative_active_te100bp,oracle_infeasible_diagnostic,2022-04-25,2022-04-25,2022-04-25,2022-04-01,HYG,0.12481813535108761,0.1500000000000001,-0.02518186464891249,False,growth_up_inflation_up,True,optimal
oracle_regime_pooled_relative_active_te100bp,oracle_infeasible_diagnostic,2022-04-25,2022-04-25,2022-04-25,2022-04-01,BIL,0.020372019562601398,0.0,0.020372019562601398,False,growth_up_inflation_up,True,optimal
oracle_regime_pooled_relative_active_te100bp,oracle_infeasible_diagnostic,2022-04-25,2022-04-25,2022-04-25,2022-04-01,GLD,0.24553058003358172,0.2482828997442006,-0.0027523197106188724,False,growth_up_inflation_up,True,optimal
oracle_regime_pooled_relative_active_te100bp,oracle_infeasible_diagnostic,2022-04-25,2022-04-25,2022-04-25,2022-04-01,LQD,0.26099094433347364,0.2517171002557992,0.009273844077674454,False,growth_up_inflation_up,True,optimal
oracle_regime_pooled_relative_active_te100bp,oracle_infeasible_diagnostic,2022-04-25,2022-04-25,2022-04-25,2022-04-01,AGG,0.0,0.0,0.0,False,growth_up_inflation_up,True,optimal
oracle_regime_pooled_relative_active_te100bp,oracle_infeasible_diagnostic,2022-05-02,2022-05-02,2022-05-02,2022-05-01,SPY,0.30673955354153615,0.35,-0.04326044645846383,False,growth_down_inflation_up,True,optimal
oracle_regime_pooled_relative_active_te100bp,oracle_infeasible_diagnostic,2022-05-02,2022-05-02,2022-05-02,2022-05-01,IEF,1.8616530810499346e-16,0.0,1.8616530810499346e-16,False,growth_down_inflation_up,True,optimal
oracle_regime_pooled_relative_active_te100bp,oracle_infeasible_diagnostic,2022-05-02,2022-05-02,2022-05-02,2022-05-01,TIP,0.03604400420187403,0.0,0.03604400420187403,False,growth_down_inflation_up,True,optimal
oracle_regime_pooled_relative_active_te100bp,oracle_infeasible_diagnostic,2022-05-02,2022-05-02,2022-05-02,2022-05-01,HYG,0.12519481784034267,0.1499999999999998,-0.02480518215965713,False,growth_down_inflation_up,True,optimal
oracle_regime_pooled_relative_active_te100bp,oracle_infeasible_diagnostic,2022-05-02,2022-05-02,2022-05-02,2022-05-01,BIL,0.020662129497330126,0.0,0.020662129497330126,False,growth_down_inflation_up,True,optimal
oracle_regime_pooled_relative_active_te100bp,oracle_infeasible_diagnostic,2022-05-02,2022-05-02,2022-05-02,2022-05-01,GLD,0.25,0.25,0.0,False,growth_down_inflation_up,True,optimal
oracle_regime_pooled_relative_active_te100bp,oracle_infeasible_diagnostic,2022-05-02,2022-05-02,2022-05-02,2022-05-01,LQD,0.2613594949189168,0.2500000000000002,0.01135949491891658,False,growth_down_inflation_up,True,optimal
oracle_regime_pooled_relative_active_te100bp,oracle_infeasible_diagnostic,2022-05-02,2022-05-02,2022-05-02,2022-05-01,AGG,0.0,0.0,0.0,False,growth_down_inflation_up,True,optimal
oracle_regime_pooled_relative_active_te100bp,oracle_infeasible_diagnostic,2022-05-09,2022-05-09,2022-05-09,2022-05-01,SPY,0.30660155689710283,0.3500000000000002,-0.043398443102897366,False,growth_down_inflation_up,True,optimal
oracle_regime_pooled_relative_active_te100bp,oracle_infeasible_diagnostic,2022-05-09,2022-05-09,2022-05-09,2022-05-01,IEF,2.046146337179644e-16,0.0,2.046146337179644e-16,False,growth_down_inflation_up,True,optimal
oracle_regime_pooled_relative_active_te100bp,oracle_infeasible_diagnostic,2022-05-09,2022-05-09,2022-05-09,2022-05-01,TIP,0.03723359494042995,0.0,0.03723359494042995,False,growth_down_inflation_up,True,optimal
oracle_regime_pooled_relative_active_te100bp,oracle_infeasible_diagnostic,2022-05-09,2022-05-09,2022-05-09,2022-05-01,HYG,0.12583178096823014,0.149999999999998,-0.024168219031767857,False,growth_down_inflation_up,True,optimal
oracle_regime_pooled_relative_active_te100bp,oracle_infeasible_diagnostic,2022-05-09,2022-05-09,2022-05-09,2022-05-01,BIL,0.020689491710194585,0.0,0.020689491710194585,False,growth_down_inflation_up,True,optimal
oracle_regime_pooled_relative_active_te100bp,oracle_infeasible_diagnostic,2022-05-09,2022-05-09,2022-05-09,2022-05-01,GLD,0.25,0.2499999999999997,3.0531133177191805e-16,False,growth_down_inflation_up,True,optimal
oracle_regime_pooled_relative_active_te100bp,oracle_infeasible_diagnostic,2022-05-09,2022-05-09,2022-05-09,2022-05-01,LQD,0.2596435754840423,0.2500000000000021,0.009643575484040212,False,growth_down_inflation_up,True,optimal
oracle_regime_pooled_relative_active_te100bp,oracle_infeasible_diagnostic,2022-05-09,2022-05-09,2022-05-09,2022-05-01,AGG,0.0,0.0,0.0,False,growth_down_inflation_up,True,optimal
oracle_regime_pooled_relative_active_te100bp,oracle_infeasible_diagnostic,2022-05-16,2022-05-16,2022-05-16,2022-05-01,SPY,0.3065257900895891,0.35,-0.0434742099104109,False,growth_down_inflation_up,True,optimal
oracle_regime_pooled_relative_active_te100bp,oracle_infeasible_diagnostic,2022-05-16,2022-05-16,2022-05-16,2022-05-01,IEF,0.0,0.0,0.0,False,growth_down_inflation_up,True,optimal
oracle_regime_pooled_relative_active_te100bp,oracle_infeasible_diagnostic,2022-05-16,2022-05-16,2022-05-16,2022-05-01,TIP,0.03172494898202085,0.0,0.03172494898202085,False,growth_down_inflation_up,True,optimal
oracle_regime_pooled_relative_active_te100bp,oracle_infeasible_diagnostic,2022-05-16,2022-05-16,2022-05-16,2022-05-01,HYG,0.1262956225604252,0.1499999999999999,-0.02370437743957471,False,growth_down_inflation_up,True,optimal
oracle_regime_pooled_relative_active_te100bp,oracle_infeasible_diagnostic,2022-05-16,2022-05-16,2022-05-16,2022-05-01,BIL,0.020852276099758607,0.0,0.020852276099758607,False,growth_down_inflation_up,True,optimal
oracle_regime_pooled_relative_active_te100bp,oracle_infeasible_diagnostic,2022-05-16,2022-05-16,2022-05-16,2022-05-01,GLD,0.25,0.2450174483859519,0.004982551614048092,False,growth_down_inflation_up,True,optimal
oracle_regime_pooled_relative_active_te100bp,oracle_infeasible_diagnostic,2022-05-16,2022-05-16,2022-05-16,2022-05-01,LQD,0.2646013622682063,0.2549825516140482,0.009618810654158094,False,growth_down_inflation_up,True,optimal
oracle_regime_pooled_relative_active_te100bp,oracle_infeasible_diagnostic,2022-05-16,2022-05-16,2022-05-16,2022-05-01,AGG,0.0,0.0,0.0,False,growth_down_inflation_up,True,optimal
oracle_regime_pooled_relative_active_te100bp,oracle_infeasible_diagnostic,2022-05-23,2022-05-23,2022-05-23,2022-05-01,SPY,0.3057800741952435,0.3500000000000003,-0.04421992580475681,False,growth_down_inflation_up,True,optimal
oracle_regime_pooled_relative_active_te100bp,oracle_infeasible_diagnostic,2022-05-23,2022-05-23,2022-05-23,2022-05-01,IEF,0.0,0.0,0.0,False,growth_down_inflation_up,True,optimal
oracle_regime_pooled_relative_active_te100bp,oracle_infeasible_diagnostic,2022-05-23,2022-05-23,2022-05-23,2022-05-01,TIP,0.030930652141005002,0.0,0.030930652141005002,False,growth_down_inflation_up,True,optimal
oracle_regime_pooled_relative_active_te100bp,oracle_infeasible_diagnostic,2022-05-23,2022-05-23,2022-05-23,2022-05-01,HYG,0.12591828143366054,0.1497466300432758,-0.023828348609615246,False,growth_down_inflation_up,True,optimal
oracle_regime_pooled_relative_active_te100bp,oracle_infeasible_diagnostic,2022-05-23,2022-05-23,2022-05-23,2022-05-01,BIL,0.02089787800557202,0.0,0.02089787800557202,False,growth_down_inflation_up,True,optimal
oracle_regime_pooled_relative_active_te100bp,oracle_infeasible_diagnostic,2022-05-23,2022-05-23,2022-05-23,2022-05-01,GLD,0.25,0.25,0.0,False,growth_down_inflation_up,True,optimal
oracle_regime_pooled_relative_active_te100bp,oracle_infeasible_diagnostic,2022-05-23,2022-05-23,2022-05-23,2022-05-01,LQD,0.266473114224519,0.2502533699567238,0.01621974426779521,False,growth_down_inflation_up,True,optimal
oracle_regime_pooled_relative_active_te100bp,oracle_infeasible_diagnostic,2022-05-23,2022-05-23,2022-05-23,2022-05-01,AGG,0.0,0.0,0.0,False,growth_down_inflation_up,True,optimal
oracle_regime_pooled_relative_active_te100bp,oracle_infeasible_diagnostic,2022-05-30,2022-05-30,2022-05-31,2022-05-01,SPY,0.3049972554983019,0.3499999999999997,-0.04500274450169778,False,growth_down_inflation_up,True,optimal
oracle_regime_pooled_relative_active_te100bp,oracle_infeasible_diagnostic,2022-05-30,2022-05-30,2022-05-31,2022-05-01,IEF,0.0,0.0,0.0,False,growth_down_inflation_up,True,optimal
oracle_regime_pooled_relative_active_te100bp,oracle_infeasible_diagnostic,2022-05-30,2022-05-30,2022-05-31,2022-05-01,TIP,0.03101517175763758,0.0,0.03101517175763758,False,growth_down_inflation_up,True,optimal
oracle_regime_pooled_relative_active_te100bp,oracle_infeasible_diagnostic,2022-05-30,2022-05-30,2022-05-31,2022-05-01,HYG,0.12780155319555142,0.1500000000000002,-0.022198446804448768,False,growth_down_inflation_up,True,optimal
oracle_regime_pooled_relative_active_te100bp,oracle_infeasible_diagnostic,2022-05-30,2022-05-30,2022-05-31,2022-05-01,BIL,0.02027367372415578,0.0,0.02027367372415578,False,growth_down_inflation_up,True,optimal
oracle_regime_pooled_relative_active_te100bp,oracle_infeasible_diagnostic,2022-05-30,2022-05-30,2022-05-31,2022-05-01,GLD,0.25,0.2499999999999998,1.942890293094024e-16,False,growth_down_inflation_up,True,optimal
oracle_regime_pooled_relative_active_te100bp,oracle_infeasible_diagnostic,2022-05-30,2022-05-30,2022-05-31,2022-05-01,LQD,0.2659123458243534,0.25,0.015912345824353413,False,growth_down_inflation_up,True,optimal
oracle_regime_pooled_relative_active_te100bp,oracle_infeasible_diagnostic,2022-05-30,2022-05-30,2022-05-31,2022-05-01,AGG,0.0,0.0,0.0,False,growth_down_inflation_up,True,optimal
oracle_regime_pooled_relative_active_te100bp,oracle_infeasible_diagnostic,2022-06-06,2022-06-06,2022-06-06,2022-06-01,SPY,0.304998262846747,0.3500000000000003,-0.045001737153253285,False,growth_down_inflation_up,True,optimal
oracle_regime_pooled_relative_active_te100bp,oracle_infeasible_diagnostic,2022-06-06,2022-06-06,2022-06-06,2022-06-01,IEF,1.1487374712526576e-18,0.0,1.1487374712526576e-18,False,growth_down_inflation_up,True,optimal
oracle_regime_pooled_relative_active_te100bp,oracle_infeasible_diagnostic,2022-06-06,2022-06-06,2022-06-06,2022-06-01,TIP,0.03125021723315582,0.0,0.03125021723315582,False,growth_down_inflation_up,True,optimal
oracle_regime_pooled_relative_active_te100bp,oracle_infeasible_diagnostic,2022-06-06,2022-06-06,2022-06-06,2022-06-01,HYG,0.1278607011858842,0.150000000000001,-0.022139298814116803,False,growth_down_inflation_up,True,optimal
oracle_regime_pooled_relative_active_te100bp,oracle_infeasible_diagnostic,2022-06-06,2022-06-06,2022-06-06,2022-06-01,BIL,0.02038116069433471,0.0,0.02038116069433471,False,growth_down_inflation_up,True,optimal
oracle_regime_pooled_relative_active_te100bp,oracle_infeasible_diagnostic,2022-06-06,2022-06-06,2022-06-06,2022-06-01,GLD,0.25,0.2500000000000003,-2.7755575615628914e-16,False,growth_down_inflation_up,True,optimal
oracle_regime_pooled_relative_active_te100bp,oracle_infeasible_diagnostic,2022-06-06,2022-06-06,2022-06-06,2022-06-01,LQD,0.26550965803987825,0.2499999999999984,0.015509658039879859,False,growth_down_inflation_up,True,optimal
oracle_regime_pooled_relative_active_te100bp,oracle_infeasible_diagnostic,2022-06-06,2022-06-06,2022-06-06,2022-06-01,AGG,0.0,0.0,0.0,False,growth_down_inflation_up,True,optimal
oracle_regime_pooled_relative_active_te100bp,oracle_infeasible_diagnostic,2022-06-13,2022-06-13,2022-06-13,2022-06-01,SPY,0.3050695091566759,0.3499999999999985,-0.04493049084332257,False,growth_down_inflation_up,True,optimal
oracle_regime_pooled_relative_active_te100bp,oracle_infeasible_diagnostic,2022-06-13,2022-06-13,2022-06-13,2022-06-01,IEF,1.9695262850915428e-17,0.0,1.9695262850915428e-17,False,growth_down_inflation_up,True,optimal
oracle_regime_pooled_relative_active_te100bp,oracle_infeasible_diagnostic,2022-06-13,2022-06-13,2022-06-13,2022-06-01,TIP,0.031062301098615352,0.0,0.031062301098615352,False,growth_down_inflation_up,True,optimal
oracle_regime_pooled_relative_active_te100bp,oracle_infeasible_diagnostic,2022-06-13,2022-06-13,2022-06-13,2022-06-01,HYG,0.12619722208828277,0.1485016196205855,-0.022304397532302733,False,growth_down_inflation_up,True,optimal
oracle_regime_pooled_relative_active_te100bp,oracle_infeasible_diagnostic,2022-06-13,2022-06-13,2022-06-13,2022-06-01,BIL,0.020951540671758216,0.0,0.020951540671758216,False,growth_down_inflation_up,True,optimal
oracle_regime_pooled_relative_active_te100bp,oracle_infeasible_diagnostic,2022-06-13,2022-06-13,2022-06-13,2022-06-01,GLD,0.25000000000000006,0.2499999999999994,6.661338147750939e-16,False,growth_down_inflation_up,True,optimal
oracle_regime_pooled_relative_active_te100bp,oracle_infeasible_diagnostic,2022-06-13,2022-06-13,2022-06-13,2022-06-01,LQD,0.26671942698466783,0.2514983803794166,0.015221046605251254,False,growth_down_inflation_up,True,optimal
oracle_regime_pooled_relative_active_te100bp,oracle_infeasible_diagnostic,2022-06-13,2022-06-13,2022-06-13,2022-06-01,AGG,0.0,0.0,0.0,False,growth_down_inflation_up,True,optimal
oracle_regime_pooled_relative_active_te100bp,oracle_infeasible_diagnostic,2022-06-20,2022-06-20,2022-06-21,2022-06-01,SPY,0.30474442761794557,0.3499999999999997,-0.04525557238205413,False,growth_down_inflation_up,True,optimal
oracle_regime_pooled_relative_active_te100bp,oracle_infeasible_diagnostic,2022-06-20,2022-06-20,2022-06-21,2022-06-01,IEF,0.0,0.0,0.0,False,growth_down_inflation_up,True,optimal
oracle_regime_pooled_relative_active_te100bp,oracle_infeasible_diagnostic,2022-06-20,2022-06-20,2022-06-21,2022-06-01,TIP,0.02584233407292671,0.0,0.02584233407292671,False,growth_down_inflation_up,True,optimal
oracle_regime_pooled_relative_active_te100bp,oracle_infeasible_diagnostic,2022-06-20,2022-06-20,2022-06-21,2022-06-01,HYG,0.12684739924529145,0.1494832604140472,-0.02263586116875574,False,growth_down_inflation_up,True,optimal
oracle_regime_pooled_relative_active_te100bp,oracle_infeasible_diagnostic,2022-06-20,2022-06-20,2022-06-21,2022-06-01,BIL,0.021118677111395742,0.0,0.021118677111395742,False,growth_down_inflation_up,True,optimal
oracle_regime_pooled_relative_active_te100bp,oracle_infeasible_diagnostic,2022-06-20,2022-06-20,2022-06-21,2022-06-01,GLD,0.25000000000000006,0.25,5.551115123125783e-17,False,growth_down_inflation_up,True,optimal
oracle_regime_pooled_relative_active_te100bp,oracle_infeasible_diagnostic,2022-06-20,2022-06-20,2022-06-21,2022-06-01,LQD,0.27144716195244034,0.250516739585953,0.020930422366487345,False,growth_down_inflation_up,True,optimal
oracle_regime_pooled_relative_active_te100bp,oracle_infeasible_diagnostic,2022-06-20,2022-06-20,2022-06-21,2022-06-01,AGG,0.0,0.0,0.0,False,growth_down_inflation_up,True,optimal
oracle_regime_pooled_relative_active_te100bp,oracle_infeasible_diagnostic,2022-06-27,2022-06-27,2022-06-27,2022-06-01,SPY,0.30573248223268046,0.3500000000000007,-0.04426751776732024,False,growth_down_inflation_up,True,optimal
oracle_regime_pooled_relative_active_te100bp,oracle_infeasible_diagnostic,2022-06-27,2022-06-27,2022-06-27,2022-06-01,IEF,5.451271098252849e-18,0.0,5.451271098252849e-18,False,growth_down_inflation_up,True,optimal
oracle_regime_pooled_relative_active_te100bp,oracle_infeasible_diagnostic,2022-06-27,2022-06-27,2022-06-27,2022-06-01,TIP,0.028356823500970067,0.0,0.028356823500970067,False,growth_down_inflation_up,True,optimal
oracle_regime_pooled_relative_active_te100bp,oracle_infeasible_diagnostic,2022-06-27,2022-06-27,2022-06-27,2022-06-01,HYG,0.12556662711603025,0.1499999999999991,-0.02443337288396885,False,growth_down_inflation_up,True,optimal
oracle_regime_pooled_relative_active_te100bp,oracle_infeasible_diagnostic,2022-06-27,2022-06-27,2022-06-27,2022-06-01,BIL,0.02075501618067712,0.0,0.02075501618067712,False,growth_down_inflation_up,True,optimal
oracle_regime_pooled_relative_active_te100bp,oracle_infeasible_diagnostic,2022-06-27,2022-06-27,2022-06-27,2022-06-01,GLD,0.25,0.2499999999999985,1.4988010832439613e-15,False,growth_down_inflation_up,True,optimal
oracle_regime_pooled_relative_active_te100bp,oracle_infeasible_diagnostic,2022-06-27,2022-06-27,2022-06-27,2022-06-01,LQD,0.2695890509696422,0.2500000000000016,0.019589050969640587,False,growth_down_inflation_up,True,optimal
oracle_regime_pooled_relative_active_te100bp,oracle_infeasible_diagnostic,2022-06-27,2022-06-27,2022-06-27,2022-06-01,AGG,0.0,0.0,0.0,False,growth_down_inflation_up,True,optimal
oracle_regime_pooled_relative_active_te100bp,oracle_infeasible_diagnostic,2022-07-04,2022-07-04,2022-07-05,2022-07-01,SPY,0.3058212717604791,0.35,-0.044178728239520904,False,growth_up_inflation_up,True,optimal
oracle_regime_pooled_relative_active_te100bp,oracle_infeasible_diagnostic,2022-07-04,2022-07-04,2022-07-05,2022-07-01,IEF,0.0,0.0,0.0,False,growth_up_inflation_up,True,optimal
oracle_regime_pooled_relative_active_te100bp,oracle_infeasible_diagnostic,2022-07-04,2022-07-04,2022-07-05,2022-07-01,TIP,0.028730094017474894,0.0,0.028730094017474894,False,growth_up_inflation_up,True,optimal
oracle_regime_pooled_relative_active_te100bp,oracle_infeasible_diagnostic,2022-07-04,2022-07-04,2022-07-05,2022-07-01,HYG,0.12517345412683786,0.1498141394296469,-0.024640685302809023,False,growth_up_inflation_up,True,optimal
oracle_regime_pooled_relative_active_te100bp,oracle_infeasible_diagnostic,2022-07-04,2022-07-04,2022-07-05,2022-07-01,BIL,0.020914641601037984,0.0,0.020914641601037984,False,growth_up_inflation_up,True,optimal
oracle_regime_pooled_relative_active_te100bp,oracle_infeasible_diagnostic,2022-07-04,2022-07-04,2022-07-05,2022-07-01,GLD,0.24849341176503623,0.2489650678913883,-0.00047165612635208243,False,growth_up_inflation_up,True,optimal
oracle_regime_pooled_relative_active_te100bp,oracle_infeasible_diagnostic,2022-07-04,2022-07-04,2022-07-05,2022-07-01,LQD,0.27086712672913404,0.2512207926789647,0.019646334050169356,False,growth_up_inflation_up,True,optimal
oracle_regime_pooled_relative_active_te100bp,oracle_infeasible_diagnostic,2022-07-04,2022-07-04,2022-07-05,2022-07-01,AGG,0.0,0.0,0.0,False,growth_up_inflation_up,True,optimal
oracle_regime_pooled_relative_active_te100bp,oracle_infeasible_diagnostic,2022-07-11,2022-07-11,2022-07-11,2022-07-01,SPY,0.3152867403914336,0.3499999999999998,-0.034713259608566194,False,growth_up_inflation_up,True,optimal
oracle_regime_pooled_relative_active_te100bp,oracle_infeasible_diagnostic,2022-07-11,2022-07-11,2022-07-11,2022-07-01,IEF,0.0,0.0,0.0,False,growth_up_inflation_up,True,optimal
oracle_regime_pooled_relative_active_te100bp,oracle_infeasible_diagnostic,2022-07-11,2022-07-11,2022-07-11,2022-07-01,TIP,0.02819993043380161,0.0,0.02819993043380161,False,growth_up_inflation_up,True,optimal
oracle_regime_pooled_relative_active_te100bp,oracle_infeasible_diagnostic,2022-07-11,2022-07-11,2022-07-11,2022-07-01,HYG,0.12714393400250962,0.1499999999999998,-0.022856065997490183,False,growth_up_inflation_up,True,optimal
oracle_regime_pooled_relative_active_te100bp,oracle_infeasible_diagnostic,2022-07-11,2022-07-11,2022-07-11,2022-07-01,BIL,0.020850148877888025,0.0,0.020850148877888025,False,growth_up_inflation_up,True,optimal
oracle_regime_pooled_relative_active_te100bp,oracle_infeasible_diagnostic,2022-07-11,2022-07-11,2022-07-11,2022-07-01,GLD,0.240522235122923,0.2499999999999999,-0.009477764877076883,False,growth_up_inflation_up,True,optimal
oracle_regime_pooled_relative_active_te100bp,oracle_infeasible_diagnostic,2022-07-11,2022-07-11,2022-07-11,2022-07-01,LQD,0.2679970111714442,0.2500000000000005,0.0179970111714437,False,growth_up_inflation_up,True,optimal
oracle_regime_pooled_relative_active_te100bp,oracle_infeasible_diagnostic,2022-07-11,2022-07-11,2022-07-11,2022-07-01,AGG,0.0,0.0,0.0,False,growth_up_inflation_up,True,optimal
oracle_regime_pooled_relative_active_te100bp,oracle_infeasible_diagnostic,2022-07-18,2022-07-18,2022-07-18,2022-07-01,SPY,0.31504413764939465,0.3499999999999993,-0.03495586235060466,False,growth_up_inflation_up,True,optimal
oracle_regime_pooled_relative_active_te100bp,oracle_infeasible_diagnostic,2022-07-18,2022-07-18,2022-07-18,2022-07-01,IEF,0.0,0.0,0.0,False,growth_up_inflation_up,True,optimal
oracle_regime_pooled_relative_active_te100bp,oracle_infeasible_diagnostic,2022-07-18,2022-07-18,2022-07-18,2022-07-01,TIP,0.02842683394189112,0.0,0.02842683394189112,False,growth_up_inflation_up,True,optimal
oracle_regime_pooled_relative_active_te100bp,oracle_infeasible_diagnostic,2022-07-18,2022-07-18,2022-07-18,2022-07-01,HYG,0.12847482191313073,0.1499999999999998,-0.021525178086869073,False,growth_up_inflation_up,True,optimal
oracle_regime_pooled_relative_active_te100bp,oracle_infeasible_diagnostic,2022-07-18,2022-07-18,2022-07-18,2022-07-01,BIL,0.020873062470465203,0.0,0.020873062470465203,False,growth_up_inflation_up,True,optimal
oracle_regime_pooled_relative_active_te100bp,oracle_infeasible_diagnostic,2022-07-18,2022-07-18,2022-07-18,2022-07-01,GLD,0.23644451796882746,0.2473478631333658,-0.010903345164538336,False,growth_up_inflation_up,True,optimal
oracle_regime_pooled_relative_active_te100bp,oracle_infeasible_diagnostic,2022-07-18,2022-07-18,2022-07-18,2022-07-01,LQD,0.27073662605629084,0.2526521368666349,0.01808448918965594,False,growth_up_inflation_up,True,optimal
oracle_regime_pooled_relative_active_te100bp,oracle_infeasible_diagnostic,2022-07-18,2022-07-18,2022-07-18,2022-07-01,AGG,0.0,0.0,0.0,False,growth_up_inflation_up,True,optimal
oracle_regime_pooled_relative_active_te100bp,oracle_infeasible_diagnostic,2022-07-25,2022-07-25,2022-07-25,2022-07-01,SPY,0.31623396569069634,0.3499999999999996,-0.03376603430930325,False,growth_up_inflation_up,True,optimal
oracle_regime_pooled_relative_active_te100bp,oracle_infeasible_diagnostic,2022-07-25,2022-07-25,2022-07-25,2022-07-01,IEF,0.0,0.0,0.0,False,growth_up_inflation_up,True,optimal
oracle_regime_pooled_relative_active_te100bp,oracle_infeasible_diagnostic,2022-07-25,2022-07-25,2022-07-25,2022-07-01,TIP,0.028357795342222464,0.0,0.028357795342222464,False,growth_up_inflation_up,True,optimal
oracle_regime_pooled_relative_active_te100bp,oracle_infeasible_diagnostic,2022-07-25,2022-07-25,2022-07-25,2022-07-01,HYG,0.12877969548068802,0.1500000000000003,-0.021220304519312283,False,growth_up_inflation_up,True,optimal
oracle_regime_pooled_relative_active_te100bp,oracle_infeasible_diagnostic,2022-07-25,2022-07-25,2022-07-25,2022-07-01,BIL,0.020605072356017568,0.0,0.020605072356017568,False,growth_up_inflation_up,True,optimal
oracle_regime_pooled_relative_active_te100bp,oracle_infeasible_diagnostic,2022-07-25,2022-07-25,2022-07-25,2022-07-01,GLD,0.23416658243841323,0.2463887227136252,-0.012222140275211957,False,growth_up_inflation_up,True,optimal
oracle_regime_pooled_relative_active_te100bp,oracle_infeasible_diagnostic,2022-07-25,2022-07-25,2022-07-25,2022-07-01,LQD,0.27185688869196245,0.2536112772863748,0.01824561140558767,False,growth_up_inflation_up,True,optimal
oracle_regime_pooled_relative_active_te100bp,oracle_infeasible_diagnostic,2022-07-25,2022-07-25,2022-07-25,2022-07-01,AGG,0.0,0.0,0.0,False,growth_up_inflation_up,True,optimal
oracle_regime_pooled_relative_active_te100bp,oracle_infeasible_diagnostic,2022-08-01,2022-08-01,2022-08-01,2022-08-01,SPY,0.30471512453444577,0.3500000000000011,-0.04528487546555532,False,growth_down_inflation_up,True,optimal
oracle_regime_pooled_relative_active_te100bp,oracle_infeasible_diagnostic,2022-08-01,2022-08-01,2022-08-01,2022-08-01,IEF,2.4561611779383025e-18,0.0,2.4561611779383025e-18,False,growth_down_inflation_up,True,optimal
oracle_regime_pooled_relative_active_te100bp,oracle_infeasible_diagnostic,2022-08-01,2022-08-01,2022-08-01,2022-08-01,TIP,0.028134058921550107,0.0,0.028134058921550107,False,growth_down_inflation_up,True,optimal
oracle_regime_pooled_relative_active_te100bp,oracle_infeasible_diagnostic,2022-08-01,2022-08-01,2022-08-01,2022-08-01,HYG,0.12766151534037348,0.1489540220151221,-0.021292506674748607,False,growth_down_inflation_up,True,optimal
oracle_regime_pooled_relative_active_te100bp,oracle_infeasible_diagnostic,2022-08-01,2022-08-01,2022-08-01,2022-08-01,BIL,0.02010661917863046,0.0,0.02010661917863046,False,growth_down_inflation_up,True,optimal
oracle_regime_pooled_relative_active_te100bp,oracle_infeasible_diagnostic,2022-08-01,2022-08-01,2022-08-01,2022-08-01,GLD,0.25,0.2499999999999985,1.4988010832439613e-15,False,growth_down_inflation_up,True,optimal
oracle_regime_pooled_relative_active_te100bp,oracle_infeasible_diagnostic,2022-08-01,2022-08-01,2022-08-01,2022-08-01,LQD,0.2693826820250002,0.2510459779848781,0.01833670404012211,False,growth_down_inflation_up,True,optimal
oracle_regime_pooled_relative_active_te100bp,oracle_infeasible_diagnostic,2022-08-01,2022-08-01,2022-08-01,2022-08-01,AGG,0.0,0.0,0.0,False,growth_down_inflation_up,True,optimal
oracle_regime_pooled_relative_active_te100bp,oracle_infeasible_diagnostic,2022-08-08,2022-08-08,2022-08-08,2022-08-01,SPY,0.30498455058494894,0.3499999999999998,-0.04501544941505087,False,growth_down_inflation_up,True,optimal
oracle_regime_pooled_relative_active_te100bp,oracle_infeasible_diagnostic,2022-08-08,2022-08-08,2022-08-08,2022-08-01,IEF,1.542976098244244e-17,0.0,1.542976098244244e-17,False,growth_down_inflation_up,True,optimal
oracle_regime_pooled_relative_active_te100bp,oracle_infeasible_diagnostic,2022-08-08,2022-08-08,2022-08-08,2022-08-01,TIP,0.027665088048033103,0.0,0.027665088048033103,False,growth_down_inflation_up,True,optimal
oracle_regime_pooled_relative_active_te100bp,oracle_infeasible_diagnostic,2022-08-08,2022-08-08,2022-08-08,2022-08-01,HYG,0.12822908650666423,0.1499999999999997,-0.02177091349333546,False,growth_down_inflation_up,True,optimal
oracle_regime_pooled_relative_active_te100bp,oracle_infeasible_diagnostic,2022-08-08,2022-08-08,2022-08-08,2022-08-01,BIL,0.023128627339231534,0.0,0.023128627339231534,False,growth_down_inflation_up,True,optimal
oracle_regime_pooled_relative_active_te100bp,oracle_infeasible_diagnostic,2022-08-08,2022-08-08,2022-08-08,2022-08-01,GLD,0.25,0.2499999999999999,1.1102230246251565e-16,False,growth_down_inflation_up,True,optimal
oracle_regime_pooled_relative_active_te100bp,oracle_infeasible_diagnostic,2022-08-08,2022-08-08,2022-08-08,2022-08-01,LQD,0.2659926475211222,0.2500000000000005,0.015992647521121728,False,growth_down_inflation_up,True,optimal
oracle_regime_pooled_relative_active_te100bp,oracle_infeasible_diagnostic,2022-08-08,2022-08-08,2022-08-08,2022-08-01,AGG,0.0,0.0,0.0,False,growth_down_inflation_up,True,optimal
oracle_regime_pooled_relative_active_te100bp,oracle_infeasible_diagnostic,2022-08-15,2022-08-15,2022-08-15,2022-08-01,SPY,0.3054264167196737,0.3499999999999999,-0.044573583280326234,False,growth_down_inflation_up,True,optimal
oracle_regime_pooled_relative_active_te100bp,oracle_infeasible_diagnostic,2022-08-15,2022-08-15,2022-08-15,2022-08-01,IEF,5.111278644107354e-18,0.0,5.111278644107354e-18,False,growth_down_inflation_up,True,optimal
oracle_regime_pooled_relative_active_te100bp,oracle_infeasible_diagnostic,2022-08-15,2022-08-15,2022-08-15,2022-08-01,TIP,0.027223192296125163,0.0,0.027223192296125163,False,growth_down_inflation_up,True,optimal
oracle_regime_pooled_relative_active_te100bp,oracle_infeasible_diagnostic,2022-08-15,2022-08-15,2022-08-15,2022-08-01,HYG,0.12743348149201464,0.1499999999999997,-0.02256651850798505,False,growth_down_inflation_up,True,optimal
oracle_regime_pooled_relative_active_te100bp,oracle_infeasible_diagnostic,2022-08-15,2022-08-15,2022-08-15,2022-08-01,BIL,0.02605935944604877,0.0,0.02605935944604877,False,growth_down_inflation_up,True,optimal
oracle_regime_pooled_relative_active_te100bp,oracle_infeasible_diagnostic,2022-08-15,2022-08-15,2022-08-15,2022-08-01,GLD,0.25,0.2499999999999999,1.1102230246251565e-16,False,growth_down_inflation_up,True,optimal
oracle_regime_pooled_relative_active_te100bp,oracle_infeasible_diagnostic,2022-08-15,2022-08-15,2022-08-15,2022-08-01,LQD,0.2638575500461378,0.2500000000000003,0.013857550046137534,False,growth_down_inflation_up,True,optimal
oracle_regime_pooled_relative_active_te100bp,oracle_infeasible_diagnostic,2022-08-15,2022-08-15,2022-08-15,2022-08-01,AGG,0.0,0.0,0.0,False,growth_down_inflation_up,True,optimal
oracle_regime_pooled_relative_active_te100bp,oracle_infeasible_diagnostic,2022-08-22,2022-08-22,2022-08-22,2022-08-01,SPY,0.30601689629404877,0.35,-0.04398310370595121,False,growth_down_inflation_up,True,optimal
oracle_regime_pooled_relative_active_te100bp,oracle_infeasible_diagnostic,2022-08-22,2022-08-22,2022-08-22,2022-08-01,IEF,2.434597764341624e-17,0.0,2.434597764341624e-17,False,growth_down_inflation_up,True,optimal
oracle_regime_pooled_relative_active_te100bp,oracle_infeasible_diagnostic,2022-08-22,2022-08-22,2022-08-22,2022-08-01,TIP,0.027653052413197383,0.0,0.027653052413197383,False,growth_down_inflation_up,True,optimal
oracle_regime_pooled_relative_active_te100bp,oracle_infeasible_diagnostic,2022-08-22,2022-08-22,2022-08-22,2022-08-01,HYG,0.12648406192712477,0.1499999999999995,-0.02351593807287472,False,growth_down_inflation_up,True,optimal
oracle_regime_pooled_relative_active_te100bp,oracle_infeasible_diagnostic,2022-08-22,2022-08-22,2022-08-22,2022-08-01,BIL,0.028247161095255394,0.0,0.028247161095255394,False,growth_down_inflation_up,True,optimal
oracle_regime_pooled_relative_active_te100bp,oracle_infeasible_diagnostic,2022-08-22,2022-08-22,2022-08-22,2022-08-01,GLD,0.25000000000000006,0.25,5.551115123125783e-17,False,growth_down_inflation_up,True,optimal
oracle_regime_pooled_relative_active_te100bp,oracle_infeasible_diagnostic,2022-08-22,2022-08-22,2022-08-22,2022-08-01,LQD,0.2615988282703738,0.2500000000000006,0.011598828270373174,False,growth_down_inflation_up,True,optimal
oracle_regime_pooled_relative_active_te100bp,oracle_infeasible_diagnostic,2022-08-22,2022-08-22,2022-08-22,2022-08-01,AGG,0.0,0.0,0.0,False,growth_down_inflation_up,True,optimal
oracle_regime_pooled_relative_active_te100bp,oracle_infeasible_diagnostic,2022-08-29,2022-08-29,2022-08-29,2022-08-01,SPY,0.3055952570992796,0.3500000000000005,-0.044404742900720884,False,growth_down_inflation_up,True,optimal
oracle_regime_pooled_relative_active_te100bp,oracle_infeasible_diagnostic,2022-08-29,2022-08-29,2022-08-29,2022-08-01,IEF,0.0,0.0,0.0,False,growth_down_inflation_up,True,optimal
oracle_regime_pooled_relative_active_te100bp,oracle_infeasible_diagnostic,2022-08-29,2022-08-29,2022-08-29,2022-08-01,TIP,0.025308109824402847,0.0,0.025308109824402847,False,growth_down_inflation_up,True,optimal
oracle_regime_pooled_relative_active_te100bp,oracle_infeasible_diagnostic,2022-08-29,2022-08-29,2022-08-29,2022-08-01,HYG,0.12681008113432168,0.1499999999999997,-0.023189918865678005,False,growth_down_inflation_up,True,optimal
oracle_regime_pooled_relative_active_te100bp,oracle_infeasible_diagnostic,2022-08-29,2022-08-29,2022-08-29,2022-08-01,BIL,0.028537909083222762,0.0,0.028537909083222762,False,growth_down_inflation_up,True,optimal
oracle_regime_pooled_relative_active_te100bp,oracle_infeasible_diagnostic,2022-08-29,2022-08-29,2022-08-29,2022-08-01,GLD,0.25,0.2500000000000002,-2.220446049250313e-16,False,growth_down_inflation_up,True,optimal
oracle_regime_pooled_relative_active_te100bp,oracle_infeasible_diagnostic,2022-08-29,2022-08-29,2022-08-29,2022-08-01,LQD,0.26374864285877303,0.2499999999999995,0.01374864285877353,False,growth_down_inflation_up,True,optimal
oracle_regime_pooled_relative_active_te100bp,oracle_infeasible_diagnostic,2022-08-29,2022-08-29,2022-08-29,2022-08-01,AGG,0.0,0.0,0.0,False,growth_down_inflation_up,True,optimal
oracle_regime_pooled_relative_active_te100bp,oracle_infeasible_diagnostic,2022-09-05,2022-09-05,2022-09-06,2022-09-01,SPY,0.30515966070705597,0.3499999999999997,-0.04484033929294373,False,growth_up_inflation_up,True,optimal
oracle_regime_pooled_relative_active_te100bp,oracle_infeasible_diagnostic,2022-09-05,2022-09-05,2022-09-06,2022-09-01,IEF,2.7224168320345247e-18,0.0,2.7224168320345247e-18,False,growth_up_inflation_up,True,optimal
oracle_regime_pooled_relative_active_te100bp,oracle_infeasible_diagnostic,2022-09-05,2022-09-05,2022-09-06,2022-09-01,TIP,0.025424414754331,0.0,0.025424414754331,False,growth_up_inflation_up,True,optimal
oracle_regime_pooled_relative_active_te100bp,oracle_infeasible_diagnostic,2022-09-05,2022-09-05,2022-09-06,2022-09-01,HYG,0.12793599114513454,0.1500000000000004,-0.02206400885486587,False,growth_up_inflation_up,True,optimal
oracle_regime_pooled_relative_active_te100bp,oracle_infeasible_diagnostic,2022-09-05,2022-09-05,2022-09-06,2022-09-01,BIL,0.029069612357477532,0.0,0.029069612357477532,False,growth_up_inflation_up,True,optimal
oracle_regime_pooled_relative_active_te100bp,oracle_infeasible_diagnostic,2022-09-05,2022-09-05,2022-09-06,2022-09-01,GLD,0.25,0.2499999999999996,3.885780586188048e-16,False,growth_up_inflation_up,True,optimal
oracle_regime_pooled_relative_active_te100bp,oracle_infeasible_diagnostic,2022-09-05,2022-09-05,2022-09-06,2022-09-01,LQD,0.26241032103600104,0.2500000000000001,0.012410321036000926,False,growth_up_inflation_up,True,optimal
oracle_regime_pooled_relative_active_te100bp,oracle_infeasible_diagnostic,2022-09-05,2022-09-05,2022-09-06,2022-09-01,AGG,0.0,0.0,0.0,False,growth_up_inflation_up,True,optimal
oracle_regime_pooled_relative_active_te100bp,oracle_infeasible_diagnostic,2022-09-12,2022-09-12,2022-09-12,2022-09-01,SPY,0.310897452887975,0.3500000000000003,-0.03910254711202532,False,growth_up_inflation_up,True,optimal
oracle_regime_pooled_relative_active_te100bp,oracle_infeasible_diagnostic,2022-09-12,2022-09-12,2022-09-12,2022-09-01,IEF,2.6758154729552364e-18,0.0,2.6758154729552364e-18,False,growth_up_inflation_up,True,optimal
oracle_regime_pooled_relative_active_te100bp,oracle_infeasible_diagnostic,2022-09-12,2022-09-12,2022-09-12,2022-09-01,TIP,0.024885319800530152,0.0,0.024885319800530152,False,growth_up_inflation_up,True,optimal
oracle_regime_pooled_relative_active_te100bp,oracle_infeasible_diagnostic,2022-09-12,2022-09-12,2022-09-12,2022-09-01,HYG,0.1285673587547339,0.1500000000000004,-0.021432641245266504,False,growth_up_inflation_up,True,optimal
oracle_regime_pooled_relative_active_te100bp,oracle_infeasible_diagnostic,2022-09-12,2022-09-12,2022-09-12,2022-09-01,BIL,0.02864759168001672,0.0,0.02864759168001672,False,growth_up_inflation_up,True,optimal
oracle_regime_pooled_relative_active_te100bp,oracle_infeasible_diagnostic,2022-09-12,2022-09-12,2022-09-12,2022-09-01,GLD,0.24726851503146174,0.2499999999999993,-0.002731484968537562,False,growth_up_inflation_up,True,optimal
oracle_regime_pooled_relative_active_te100bp,oracle_infeasible_diagnostic,2022-09-12,2022-09-12,2022-09-12,2022-09-01,LQD,0.2597337618452825,0.2499999999999997,0.009733761845282823,False,growth_up_inflation_up,True,optimal
oracle_regime_pooled_relative_active_te100bp,oracle_infeasible_diagnostic,2022-09-12,2022-09-12,2022-09-12,2022-09-01,AGG,0.0,0.0,0.0,False,growth_up_inflation_up,True,optimal
oracle_regime_pooled_relative_active_te100bp,oracle_infeasible_diagnostic,2022-09-19,2022-09-19,2022-09-19,2022-09-01,SPY,0.30429213364395974,0.35,-0.04570786635604024,False,growth_up_inflation_up,True,optimal
oracle_regime_pooled_relative_active_te100bp,oracle_infeasible_diagnostic,2022-09-19,2022-09-19,2022-09-19,2022-09-01,IEF,5.140563547547544e-19,0.0,5.140563547547544e-19,False,growth_up_inflation_up,True,optimal
oracle_regime_pooled_relative_active_te100bp,oracle_infeasible_diagnostic,2022-09-19,2022-09-19,2022-09-19,2022-09-01,TIP,0.025361142531271606,0.0,0.025361142531271606,False,growth_up_inflation_up,True,optimal
oracle_regime_pooled_relative_active_te100bp,oracle_infeasible_diagnostic,2022-09-19,2022-09-19,2022-09-19,2022-09-01,HYG,0.12953520531458723,0.15,-0.020464794685412763,False,growth_up_inflation_up,True,optimal
oracle_regime_pooled_relative_active_te100bp,oracle_infeasible_diagnostic,2022-09-19,2022-09-19,2022-09-19,2022-09-01,BIL,0.029607516999110326,0.0,0.029607516999110326,False,growth_up_inflation_up,True,optimal
oracle_regime_pooled_relative_active_te100bp,oracle_infeasible_diagnostic,2022-09-19,2022-09-19,2022-09-19,2022-09-01,GLD,0.24719397806649232,0.2499999999999999,-0.0028060219335075687,False,growth_up_inflation_up,True,optimal
oracle_regime_pooled_relative_active_te100bp,oracle_infeasible_diagnostic,2022-09-19,2022-09-19,2022-09-19,2022-09-01,LQD,0.26401002344457886,0.2500000000000001,0.014010023444578745,False,growth_up_inflation_up,True,optimal
oracle_regime_pooled_relative_active_te100bp,oracle_infeasible_diagnostic,2022-09-19,2022-09-19,2022-09-19,2022-09-01,AGG,0.0,0.0,0.0,False,growth_up_inflation_up,True,optimal
oracle_regime_pooled_relative_active_te100bp,oracle_infeasible_diagnostic,2022-09-26,2022-09-26,2022-09-26,2022-09-01,SPY,0.3046481631368256,0.3500000000000001,-0.04535183686317451,False,growth_up_inflation_up,True,optimal
oracle_regime_pooled_relative_active_te100bp,oracle_infeasible_diagnostic,2022-09-26,2022-09-26,2022-09-26,2022-09-01,IEF,0.0,0.0,0.0,False,growth_up_inflation_up,True,optimal
oracle_regime_pooled_relative_active_te100bp,oracle_infeasible_diagnostic,2022-09-26,2022-09-26,2022-09-26,2022-09-01,TIP,0.02551648515490053,0.0,0.02551648515490053,False,growth_up_inflation_up,True,optimal
oracle_regime_pooled_relative_active_te100bp,oracle_infeasible_diagnostic,2022-09-26,2022-09-26,2022-09-26,2022-09-01,HYG,0.12930693186638742,0.1499812365762202,-0.02067430470983278,False,growth_up_inflation_up,True,optimal
oracle_regime_pooled_relative_active_te100bp,oracle_infeasible_diagnostic,2022-09-26,2022-09-26,2022-09-26,2022-09-01,BIL,0.030301246136369066,0.0,0.030301246136369066,False,growth_up_inflation_up,True,optimal
oracle_regime_pooled_relative_active_te100bp,oracle_infeasible_diagnostic,2022-09-26,2022-09-26,2022-09-26,2022-09-01,GLD,0.249811119847716,0.2500000000000004,-0.00018888015228438193,False,growth_up_inflation_up,True,optimal
oracle_regime_pooled_relative_active_te100bp,oracle_infeasible_diagnostic,2022-09-26,2022-09-26,2022-09-26,2022-09-01,LQD,0.2604160538578013,0.2500187634237791,0.01039729043402221,False,growth_up_inflation_up,True,optimal
oracle_regime_pooled_relative_active_te100bp,oracle_infeasible_diagnostic,2022-09-26,2022-09-26,2022-09-26,2022-09-01,AGG,0.0,0.0,0.0,False,growth_up_inflation_up,True,optimal
oracle_regime_pooled_relative_active_te100bp,oracle_infeasible_diagnostic,2022-10-03,2022-10-03,2022-10-03,2022-10-01,SPY,0.30353110649377163,0.3500000000000004,-0.04646889350622879,False,growth_down_inflation_up,True,optimal
oracle_regime_pooled_relative_active_te100bp,oracle_infeasible_diagnostic,2022-10-03,2022-10-03,2022-10-03,2022-10-01,IEF,2.7128710925988095e-17,0.0,2.7128710925988095e-17,False,growth_down_inflation_up,True,optimal
oracle_regime_pooled_relative_active_te100bp,oracle_infeasible_diagnostic,2022-10-03,2022-10-03,2022-10-03,2022-10-01,TIP,0.025228597243254356,0.0,0.025228597243254356,False,growth_down_inflation_up,True,optimal
oracle_regime_pooled_relative_active_te100bp,oracle_infeasible_diagnostic,2022-10-03,2022-10-03,2022-10-03,2022-10-01,HYG,0.1319731613800087,0.1499999999999991,-0.01802683861999041,False,growth_down_inflation_up,True,optimal
oracle_regime_pooled_relative_active_te100bp,oracle_infeasible_diagnostic,2022-10-03,2022-10-03,2022-10-03,2022-10-01,BIL,0.030672491934333527,0.0,0.030672491934333527,False,growth_down_inflation_up,True,optimal
oracle_regime_pooled_relative_active_te100bp,oracle_infeasible_diagnostic,2022-10-03,2022-10-03,2022-10-03,2022-10-01,GLD,0.25,0.2500000000000002,-2.220446049250313e-16,False,growth_down_inflation_up,True,optimal
oracle_regime_pooled_relative_active_te100bp,oracle_infeasible_diagnostic,2022-10-03,2022-10-03,2022-10-03,2022-10-01,LQD,0.25859464294863177,0.2500000000000001,0.008594642948631659,False,growth_down_inflation_up,True,optimal
oracle_regime_pooled_relative_active_te100bp,oracle_infeasible_diagnostic,2022-10-03,2022-10-03,2022-10-03,2022-10-01,AGG,0.0,0.0,0.0,False,growth_down_inflation_up,True,optimal
oracle_regime_pooled_relative_active_te100bp,oracle_infeasible_diagnostic,2022-10-10,2022-10-10,2022-10-10,2022-10-01,SPY,0.30360483630789714,0.3499999999999997,-0.04639516369210256,False,growth_down_inflation_up,True,optimal
oracle_regime_pooled_relative_active_te100bp,oracle_infeasible_diagnostic,2022-10-10,2022-10-10,2022-10-10,2022-10-01,IEF,1.6703147045805064e-16,0.0,1.6703147045805064e-16,False,growth_down_inflation_up,True,optimal
oracle_regime_pooled_relative_active_te100bp,oracle_infeasible_diagnostic,2022-10-10,2022-10-10,2022-10-10,2022-10-01,TIP,0.025120975184718376,0.0,0.025120975184718376,False,growth_down_inflation_up,True,optimal
oracle_regime_pooled_relative_active_te100bp,oracle_infeasible_diagnostic,2022-10-10,2022-10-10,2022-10-10,2022-10-01,HYG,0.13249001628459608,0.1499999999999993,-0.017509983715403216,False,growth_down_inflation_up,True,optimal
oracle_regime_pooled_relative_active_te100bp,oracle_infeasible_diagnostic,2022-10-10,2022-10-10,2022-10-10,2022-10-01,BIL,0.03400873857443613,0.0,0.03400873857443613,False,growth_down_inflation_up,True,optimal
oracle_regime_pooled_relative_active_te100bp,oracle_infeasible_diagnostic,2022-10-10,2022-10-10,2022-10-10,2022-10-01,GLD,0.25,0.2499999999999997,3.0531133177191805e-16,False,growth_down_inflation_up,True,optimal
oracle_regime_pooled_relative_active_te100bp,oracle_infeasible_diagnostic,2022-10-10,2022-10-10,2022-10-10,2022-10-01,LQD,0.25477543364835215,0.2500000000000011,0.004775433648351035,False,growth_down_inflation_up,True,optimal
oracle_regime_pooled_relative_active_te100bp,oracle_infeasible_diagnostic,2022-10-10,2022-10-10,2022-10-10,2022-10-01,AGG,0.0,0.0,0.0,False,growth_down_inflation_up,True,optimal
oracle_regime_pooled_relative_active_te100bp,oracle_infeasible_diagnostic,2022-10-17,2022-10-17,2022-10-17,2022-10-01,SPY,0.3031754393410012,0.3500000000000001,-0.04682456065899887,False,growth_down_inflation_up,True,optimal
oracle_regime_pooled_relative_active_te100bp,oracle_infeasible_diagnostic,2022-10-17,2022-10-17,2022-10-17,2022-10-01,IEF,4.2332078198359805e-18,0.0,4.2332078198359805e-18,False,growth_down_inflation_up,True,optimal
oracle_regime_pooled_relative_active_te100bp,oracle_infeasible_diagnostic,2022-10-17,2022-10-17,2022-10-17,2022-10-01,TIP,0.024827323584348984,0.0,0.024827323584348984,False,growth_down_inflation_up,True,optimal
oracle_regime_pooled_relative_active_te100bp,oracle_infeasible_diagnostic,2022-10-17,2022-10-17,2022-10-17,2022-10-01,HYG,0.13359640594967684,0.1499999999999999,-0.016403594050323073,False,growth_down_inflation_up,True,optimal
oracle_regime_pooled_relative_active_te100bp,oracle_infeasible_diagnostic,2022-10-17,2022-10-17,2022-10-17,2022-10-01,BIL,0.03456883809851349,0.0,0.03456883809851349,False,growth_down_inflation_up,True,optimal
oracle_regime_pooled_relative_active_te100bp,oracle_infeasible_diagnostic,2022-10-17,2022-10-17,2022-10-17,2022-10-01,GLD,0.25000000000000006,0.2500000000000001,-5.551115123125783e-17,False,growth_down_inflation_up,True,optimal
oracle_regime_pooled_relative_active_te100bp,oracle_infeasible_diagnostic,2022-10-17,2022-10-17,2022-10-17,2022-10-01,LQD,0.25383199302645953,0.2499999999999998,0.003831993026459729,False,growth_down_inflation_up,True,optimal
oracle_regime_pooled_relative_active_te100bp,oracle_infeasible_diagnostic,2022-10-17,2022-10-17,2022-10-17,2022-10-01,AGG,0.0,0.0,0.0,False,growth_down_inflation_up,True,optimal
oracle_regime_pooled_relative_active_te100bp,oracle_infeasible_diagnostic,2022-10-24,2022-10-24,2022-10-24,2022-10-01,SPY,0.3036330750811883,0.3500000000000002,-0.04636692491881189,False,growth_down_inflation_up,True,optimal
oracle_regime_pooled_relative_active_te100bp,oracle_infeasible_diagnostic,2022-10-24,2022-10-24,2022-10-24,2022-10-01,IEF,9.609498962024626e-18,0.0,9.609498962024626e-18,False,growth_down_inflation_up,True,optimal
oracle_regime_pooled_relative_active_te100bp,oracle_infeasible_diagnostic,2022-10-24,2022-10-24,2022-10-24,2022-10-01,TIP,0.02453171247919057,0.0,0.02453171247919057,False,growth_down_inflation_up,True,optimal
oracle_regime_pooled_relative_active_te100bp,oracle_infeasible_diagnostic,2022-10-24,2022-10-24,2022-10-24,2022-10-01,HYG,0.13378614953900736,0.1500000000000006,-0.016213850460993245,False,growth_down_inflation_up,True,optimal
oracle_regime_pooled_relative_active_te100bp,oracle_infeasible_diagnostic,2022-10-24,2022-10-24,2022-10-24,2022-10-01,BIL,0.03949607654399506,0.0,0.03949607654399506,False,growth_down_inflation_up,True,optimal
oracle_regime_pooled_relative_active_te100bp,oracle_infeasible_diagnostic,2022-10-24,2022-10-24,2022-10-24,2022-10-01,GLD,0.25,0.2499999999999991,8.881784197001252e-16,False,growth_down_inflation_up,True,optimal
oracle_regime_pooled_relative_active_te100bp,oracle_infeasible_diagnostic,2022-10-24,2022-10-24,2022-10-24,2022-10-01,LQD,0.2485529863566187,0.2500000000000001,-0.0014470136433814007,False,growth_down_inflation_up,True,optimal
oracle_regime_pooled_relative_active_te100bp,oracle_infeasible_diagnostic,2022-10-24,2022-10-24,2022-10-24,2022-10-01,AGG,0.0,0.0,0.0,False,growth_down_inflation_up,True,optimal
oracle_regime_pooled_relative_active_te100bp,oracle_infeasible_diagnostic,2022-10-31,2022-10-31,2022-10-31,2022-10-01,SPY,0.301886745394517,0.348589073950076,-0.046702328555559,False,growth_down_inflation_up,True,optimal
oracle_regime_pooled_relative_active_te100bp,oracle_infeasible_diagnostic,2022-10-31,2022-10-31,2022-10-31,2022-10-01,IEF,1.007461234082197e-17,0.0057675593008137,-0.005767559300813689,False,growth_down_inflation_up,True,optimal
oracle_regime_pooled_relative_active_te100bp,oracle_infeasible_diagnostic,2022-10-31,2022-10-31,2022-10-31,2022-10-01,TIP,0.02430158097793994,0.0,0.02430158097793994,False,growth_down_inflation_up,True,optimal
oracle_regime_pooled_relative_active_te100bp,oracle_infeasible_diagnostic,2022-10-31,2022-10-31,2022-10-31,2022-10-01,HYG,0.13470886132080534,0.1507658644666477,-0.016057003145842352,False,growth_down_inflation_up,True,optimal
oracle_regime_pooled_relative_active_te100bp,oracle_infeasible_diagnostic,2022-10-31,2022-10-31,2022-10-31,2022-10-01,BIL,0.039339315898670235,0.0,0.039339315898670235,False,growth_down_inflation_up,True,optimal
oracle_regime_pooled_relative_active_te100bp,oracle_infeasible_diagnostic,2022-10-31,2022-10-31,2022-10-31,2022-10-01,GLD,0.25,0.2441068317551292,0.0058931682448707945,False,growth_down_inflation_up,True,optimal
oracle_regime_pooled_relative_active_te100bp,oracle_infeasible_diagnostic,2022-10-31,2022-10-31,2022-10-31,2022-10-01,LQD,0.24976349640806755,0.2507706705273332,-0.0010071741192656525,False,growth_down_inflation_up,True,optimal
oracle_regime_pooled_relative_active_te100bp,oracle_infeasible_diagnostic,2022-10-31,2022-10-31,2022-10-31,2022-10-01,AGG,0.0,0.0,0.0,False,growth_down_inflation_up,True,optimal
oracle_regime_pooled_relative_active_te100bp,oracle_infeasible_diagnostic,2022-11-07,2022-11-07,2022-11-07,2022-11-01,SPY,0.29625530053527677,0.3458401624083689,-0.049584861873092134,False,growth_down_inflation_up,True,optimal
oracle_regime_pooled_relative_active_te100bp,oracle_infeasible_diagnostic,2022-11-07,2022-11-07,2022-11-07,2022-11-01,IEF,8.666384097453542e-16,0.0030994994169739,-0.0030994994169730337,False,growth_down_inflation_up,True,optimal
oracle_regime_pooled_relative_active_te100bp,oracle_infeasible_diagnostic,2022-11-07,2022-11-07,2022-11-07,2022-11-01,TIP,0.024140607556058218,0.0,0.024140607556058218,False,growth_down_inflation_up,True,optimal
oracle_regime_pooled_relative_active_te100bp,oracle_infeasible_diagnostic,2022-11-07,2022-11-07,2022-11-07,2022-11-01,HYG,0.13985273341497811,0.1494284432078277,-0.00957570979284958,False,growth_down_inflation_up,True,optimal
oracle_regime_pooled_relative_active_te100bp,oracle_infeasible_diagnostic,2022-11-07,2022-11-07,2022-11-07,2022-11-01,BIL,0.039494522420447556,0.0,0.039494522420447556,False,growth_down_inflation_up,True,optimal
oracle_regime_pooled_relative_active_te100bp,oracle_infeasible_diagnostic,2022-11-07,2022-11-07,2022-11-07,2022-11-01,GLD,0.25000000000000017,0.25,1.6653345369377348e-16,False,growth_down_inflation_up,True,optimal
oracle_regime_pooled_relative_active_te100bp,oracle_infeasible_diagnostic,2022-11-07,2022-11-07,2022-11-07,2022-11-01,LQD,0.2502568360732383,0.2516318949668295,-0.0013750588935911856,False,growth_down_inflation_up,True,optimal
oracle_regime_pooled_relative_active_te100bp,oracle_infeasible_diagnostic,2022-11-07,2022-11-07,2022-11-07,2022-11-01,AGG,0.0,0.0,0.0,False,growth_down_inflation_up,True,optimal
oracle_regime_pooled_relative_active_te100bp,oracle_infeasible_diagnostic,2022-11-14,2022-11-14,2022-11-14,2022-11-01,SPY,0.29854307477496145,0.3485430747749614,-0.04999999999999993,False,growth_down_inflation_up,True,optimal
oracle_regime_pooled_relative_active_te100bp,oracle_infeasible_diagnostic,2022-11-14,2022-11-14,2022-11-14,2022-11-01,IEF,8.332635796637344e-16,0.0063773181041824,-0.006377318104181567,False,growth_down_inflation_up,True,optimal
oracle_regime_pooled_relative_active_te100bp,oracle_infeasible_diagnostic,2022-11-14,2022-11-14,2022-11-14,2022-11-01,TIP,0.023505769707344314,0.0,0.023505769707344314,False,growth_down_inflation_up,True,optimal
oracle_regime_pooled_relative_active_te100bp,oracle_infeasible_diagnostic,2022-11-14,2022-11-14,2022-11-14,2022-11-01,HYG,0.13690557380082347,0.1459029457018626,-0.008997371901039136,False,growth_down_inflation_up,True,optimal
oracle_regime_pooled_relative_active_te100bp,oracle_infeasible_diagnostic,2022-11-14,2022-11-14,2022-11-14,2022-11-01,BIL,0.042591001923202323,0.0,0.042591001923202323,False,growth_down_inflation_up,True,optimal
oracle_regime_pooled_relative_active_te100bp,oracle_infeasible_diagnostic,2022-11-14,2022-11-14,2022-11-14,2022-11-01,GLD,0.25,0.2499999999999997,3.0531133177191805e-16,False,growth_down_inflation_up,True,optimal
oracle_regime_pooled_relative_active_te100bp,oracle_infeasible_diagnostic,2022-11-14,2022-11-14,2022-11-14,2022-11-01,LQD,0.24845457979366767,0.2491766614189938,-0.0007220816253261375,False,growth_down_inflation_up,True,optimal
oracle_regime_pooled_relative_active_te100bp,oracle_infeasible_diagnostic,2022-11-14,2022-11-14,2022-11-14,2022-11-01,AGG,0.0,0.0,0.0,False,growth_down_inflation_up,True,optimal
oracle_regime_pooled_relative_active_te100bp,oracle_infeasible_diagnostic,2022-11-21,2022-11-21,2022-11-21,2022-11-01,SPY,0.2988756083637627,0.3488756083637627,-0.04999999999999999,False,growth_down_inflation_up,True,optimal
oracle_regime_pooled_relative_active_te100bp,oracle_infeasible_diagnostic,2022-11-21,2022-11-21,2022-11-21,2022-11-01,IEF,0.0,0.0051191667519998,-0.0051191667519998,False,growth_down_inflation_up,True,optimal
oracle_regime_pooled_relative_active_te100bp,oracle_infeasible_diagnostic,2022-11-21,2022-11-21,2022-11-21,2022-11-01,TIP,0.020989320899577744,0.0,0.020989320899577744,False,growth_down_inflation_up,True,optimal
oracle_regime_pooled_relative_active_te100bp,oracle_infeasible_diagnostic,2022-11-21,2022-11-21,2022-11-21,2022-11-01,HYG,0.13673386811798371,0.1457026150111004,-0.008968746893116691,False,growth_down_inflation_up,True,optimal
oracle_regime_pooled_relative_active_te100bp,oracle_infeasible_diagnostic,2022-11-21,2022-11-21,2022-11-21,2022-11-01,BIL,0.042567624798290335,0.0,0.042567624798290335,False,growth_down_inflation_up,True,optimal
oracle_regime_pooled_relative_active_te100bp,oracle_infeasible_diagnostic,2022-11-21,2022-11-21,2022-11-21,2022-11-01,GLD,0.24999999999999994,0.2475795309651953,0.00242046903480464,False,growth_down_inflation_up,True,optimal
oracle_regime_pooled_relative_active_te100bp,oracle_infeasible_diagnostic,2022-11-21,2022-11-21,2022-11-21,2022-11-01,LQD,0.25083357782038557,0.2527230789079418,-0.0018895010875562557,False,growth_down_inflation_up,True,optimal
oracle_regime_pooled_relative_active_te100bp,oracle_infeasible_diagnostic,2022-11-21,2022-11-21,2022-11-21,2022-11-01,AGG,0.0,0.0,0.0,False,growth_down_inflation_up,True,optimal
oracle_regime_pooled_relative_active_te100bp,oracle_infeasible_diagnostic,2022-11-28,2022-11-28,2022-11-28,2022-11-01,SPY,0.29999999999999966,0.3499999999999996,-0.04999999999999993,False,growth_down_inflation_up,True,optimal
oracle_regime_pooled_relative_active_te100bp,oracle_infeasible_diagnostic,2022-11-28,2022-11-28,2022-11-28,2022-11-01,IEF,0.0,0.0059153087035424,-0.0059153087035424,False,growth_down_inflation_up,True,optimal
oracle_regime_pooled_relative_active_te100bp,oracle_infeasible_diagnostic,2022-11-28,2022-11-28,2022-11-28,2022-11-01,TIP,0.020729337791466906,0.0,0.020729337791466906,False,growth_down_inflation_up,True,optimal
oracle_regime_pooled_relative_active_te100bp,oracle_infeasible_diagnostic,2022-11-28,2022-11-28,2022-11-28,2022-11-01,HYG,0.13660502899565763,0.1454373161813985,-0.008832287185740861,False,growth_down_inflation_up,True,optimal
oracle_regime_pooled_relative_active_te100bp,oracle_infeasible_diagnostic,2022-11-28,2022-11-28,2022-11-28,2022-11-01,BIL,0.04205828333872369,0.0,0.04205828333872369,False,growth_down_inflation_up,True,optimal
oracle_regime_pooled_relative_active_te100bp,oracle_infeasible_diagnostic,2022-11-28,2022-11-28,2022-11-28,2022-11-01,GLD,0.25,0.2455900867478224,0.0044099132521776,False,growth_down_inflation_up,True,optimal
oracle_regime_pooled_relative_active_te100bp,oracle_infeasible_diagnostic,2022-11-28,2022-11-28,2022-11-28,2022-11-01,LQD,0.2506073498741522,0.2530572883672368,-0.0024499384930846135,False,growth_down_inflation_up,True,optimal
oracle_regime_pooled_relative_active_te100bp,oracle_infeasible_diagnostic,2022-11-28,2022-11-28,2022-11-28,2022-11-01,AGG,0.0,0.0,0.0,False,growth_down_inflation_up,True,optimal
oracle_regime_pooled_relative_active_te100bp,oracle_infeasible_diagnostic,2022-12-05,2022-12-05,2022-12-05,2022-12-01,SPY,0.3000000000000001,0.35,-0.04999999999999988,False,growth_down_inflation_up,True,optimal
oracle_regime_pooled_relative_active_te100bp,oracle_infeasible_diagnostic,2022-12-05,2022-12-05,2022-12-05,2022-12-01,IEF,0.0,0.005727136876406,-0.005727136876406,False,growth_down_inflation_up,True,optimal
oracle_regime_pooled_relative_active_te100bp,oracle_infeasible_diagnostic,2022-12-05,2022-12-05,2022-12-05,2022-12-01,TIP,0.020866328859153363,0.0,0.020866328859153363,False,growth_down_inflation_up,True,optimal
oracle_regime_pooled_relative_active_te100bp,oracle_infeasible_diagnostic,2022-12-05,2022-12-05,2022-12-05,2022-12-01,HYG,0.13592286628203473,0.1446312629448061,-0.008708396662771373,False,growth_down_inflation_up,True,optimal
oracle_regime_pooled_relative_active_te100bp,oracle_infeasible_diagnostic,2022-12-05,2022-12-05,2022-12-05,2022-12-01,BIL,0.043026928990418135,0.0,0.043026928990418135,False,growth_down_inflation_up,True,optimal
oracle_regime_pooled_relative_active_te100bp,oracle_infeasible_diagnostic,2022-12-05,2022-12-05,2022-12-05,2022-12-01,GLD,0.25,0.247151210299545,0.00284878970045499,False,growth_down_inflation_up,True,optimal
oracle_regime_pooled_relative_active_te100bp,oracle_infeasible_diagnostic,2022-12-05,2022-12-05,2022-12-05,2022-12-01,LQD,0.25018387586839363,0.2524903898792427,-0.002306514010849081,False,growth_down_inflation_up,True,optimal
oracle_regime_pooled_relative_active_te100bp,oracle_infeasible_diagnostic,2022-12-05,2022-12-05,2022-12-05,2022-12-01,AGG,0.0,0.0,0.0,False,growth_down_inflation_up,True,optimal
oracle_regime_pooled_relative_active_te100bp,oracle_infeasible_diagnostic,2022-12-12,2022-12-12,2022-12-12,2022-12-01,SPY,0.29884584778841317,0.3484113391965375,-0.04956549140812433,False,growth_down_inflation_up,True,optimal
oracle_regime_pooled_relative_active_te100bp,oracle_infeasible_diagnostic,2022-12-12,2022-12-12,2022-12-12,2022-12-01,IEF,0.0,0.0011298796204981,-0.0011298796204981,False,growth_down_inflation_up,True,optimal
oracle_regime_pooled_relative_active_te100bp,oracle_infeasible_diagnostic,2022-12-12,2022-12-12,2022-12-12,2022-12-01,TIP,0.018869727860624533,0.0,0.018869727860624533,False,growth_down_inflation_up,True,optimal
oracle_regime_pooled_relative_active_te100bp,oracle_infeasible_diagnostic,2022-12-12,2022-12-12,2022-12-12,2022-12-01,HYG,0.13650039749489473,0.1454229699282844,-0.008922572433389675,False,growth_down_inflation_up,True,optimal
oracle_regime_pooled_relative_active_te100bp,oracle_infeasible_diagnostic,2022-12-12,2022-12-12,2022-12-12,2022-12-01,BIL,0.04338586318610286,0.0,0.04338586318610286,False,growth_down_inflation_up,True,optimal
oracle_regime_pooled_relative_active_te100bp,oracle_infeasible_diagnostic,2022-12-12,2022-12-12,2022-12-12,2022-12-01,GLD,0.25,0.2500000000000003,-2.7755575615628914e-16,False,growth_down_inflation_up,True,optimal
oracle_regime_pooled_relative_active_te100bp,oracle_infeasible_diagnostic,2022-12-12,2022-12-12,2022-12-12,2022-12-01,LQD,0.2523981636699648,0.2550358112546795,-0.0026376475847146863,False,growth_down_inflation_up,True,optimal
oracle_regime_pooled_relative_active_te100bp,oracle_infeasible_diagnostic,2022-12-12,2022-12-12,2022-12-12,2022-12-01,AGG,0.0,0.0,0.0,False,growth_down_inflation_up,True,optimal
oracle_regime_pooled_relative_active_te100bp,oracle_infeasible_diagnostic,2022-12-19,2022-12-19,2022-12-19,2022-12-01,SPY,0.29825211831625975,0.347621898624455,-0.04936978030819522,False,growth_down_inflation_up,True,optimal
oracle_regime_pooled_relative_active_te100bp,oracle_infeasible_diagnostic,2022-12-19,2022-12-19,2022-12-19,2022-12-01,IEF,2.7190727937461194e-16,0.0,2.7190727937461194e-16,False,growth_down_inflation_up,True,optimal
oracle_regime_pooled_relative_active_te100bp,oracle_infeasible_diagnostic,2022-12-19,2022-12-19,2022-12-19,2022-12-01,TIP,0.01716172703572798,0.0,0.01716172703572798,False,growth_down_inflation_up,True,optimal
oracle_regime_pooled_relative_active_te100bp,oracle_infeasible_diagnostic,2022-12-19,2022-12-19,2022-12-19,2022-12-01,HYG,0.13710432674547107,0.1462213142776561,-0.009116987532185039,False,growth_down_inflation_up,True,optimal
oracle_regime_pooled_relative_active_te100bp,oracle_infeasible_diagnostic,2022-12-19,2022-12-19,2022-12-19,2022-12-01,BIL,0.043729141286386684,0.0,0.043729141286386684,False,growth_down_inflation_up,True,optimal
oracle_regime_pooled_relative_active_te100bp,oracle_infeasible_diagnostic,2022-12-19,2022-12-19,2022-12-19,2022-12-01,GLD,0.2499999999999999,0.2499999999999996,2.7755575615628914e-16,False,growth_down_inflation_up,True,optimal
oracle_regime_pooled_relative_active_te100bp,oracle_infeasible_diagnostic,2022-12-19,2022-12-19,2022-12-19,2022-12-01,LQD,0.2537526866161544,0.2561567870978893,-0.0024041004817348943,False,growth_down_inflation_up,True,optimal
oracle_regime_pooled_relative_active_te100bp,oracle_infeasible_diagnostic,2022-12-19,2022-12-19,2022-12-19,2022-12-01,AGG,0.0,0.0,0.0,False,growth_down_inflation_up,True,optimal
oracle_regime_pooled_relative_active_te100bp,oracle_infeasible_diagnostic,2022-12-26,2022-12-26,2022-12-27,2022-12-01,SPY,0.29620697078629477,0.3459558738403902,-0.04974890305409546,False,growth_down_inflation_up,True,optimal
oracle_regime_pooled_relative_active_te100bp,oracle_infeasible_diagnostic,2022-12-26,2022-12-26,2022-12-27,2022-12-01,IEF,2.796031656932867e-16,0.0036391605041513,-0.00363916050415102,False,growth_down_inflation_up,True,optimal
oracle_regime_pooled_relative_active_te100bp,oracle_infeasible_diagnostic,2022-12-26,2022-12-26,2022-12-27,2022-12-01,TIP,0.017117405554771727,0.0,0.017117405554771727,False,growth_down_inflation_up,True,optimal
oracle_regime_pooled_relative_active_te100bp,oracle_infeasible_diagnostic,2022-12-26,2022-12-26,2022-12-27,2022-12-01,HYG,0.1376272704593944,0.1467842075374885,-0.00915693707809409,False,growth_down_inflation_up,True,optimal
oracle_regime_pooled_relative_active_te100bp,oracle_infeasible_diagnostic,2022-12-26,2022-12-26,2022-12-27,2022-12-01,BIL,0.04781675280657795,0.0,0.04781675280657795,False,growth_down_inflation_up,True,optimal
oracle_regime_pooled_relative_active_te100bp,oracle_infeasible_diagnostic,2022-12-26,2022-12-26,2022-12-27,2022-12-01,GLD,0.25,0.2499999999999995,4.996003610813204e-16,False,growth_down_inflation_up,True,optimal
oracle_regime_pooled_relative_active_te100bp,oracle_infeasible_diagnostic,2022-12-26,2022-12-26,2022-12-27,2022-12-01,LQD,0.2512316003929609,0.2536207581179703,-0.0023891577250094165,False,growth_down_inflation_up,True,optimal
oracle_regime_pooled_relative_active_te100bp,oracle_infeasible_diagnostic,2022-12-26,2022-12-26,2022-12-27,2022-12-01,AGG,0.0,0.0,0.0,False,growth_down_inflation_up,True,optimal
oracle_regime_pooled_relative_active_te100bp,oracle_infeasible_diagnostic,2023-01-02,2023-01-02,2023-01-03,2023-01-01,SPY,0.2971981429529067,0.3471700791895662,-0.04997193623665952,False,growth_up_inflation_up,True,optimal
oracle_regime_pooled_relative_active_te100bp,oracle_infeasible_diagnostic,2023-01-02,2023-01-02,2023-01-03,2023-01-01,IEF,2.9022165393306134e-16,0.0054251423071852,-0.0054251423071849094,False,growth_up_inflation_up,True,optimal
oracle_regime_pooled_relative_active_te100bp,oracle_infeasible_diagnostic,2023-01-02,2023-01-02,2023-01-03,2023-01-01,TIP,0.019011384650724095,0.0,0.019011384650724095,False,growth_up_inflation_up,True,optimal
oracle_regime_pooled_relative_active_te100bp,oracle_infeasible_diagnostic,2023-01-02,2023-01-02,2023-01-03,2023-01-01,HYG,0.136495604847742,0.1455993601071377,-0.00910375525939569,False,growth_up_inflation_up,True,optimal
oracle_regime_pooled_relative_active_te100bp,oracle_infeasible_diagnostic,2023-01-02,2023-01-02,2023-01-03,2023-01-01,BIL,0.04789938850824315,0.0,0.04789938850824315,False,growth_up_inflation_up,True,optimal
oracle_regime_pooled_relative_active_te100bp,oracle_infeasible_diagnostic,2023-01-02,2023-01-02,2023-01-03,2023-01-01,GLD,0.25,0.2499999999999998,1.942890293094024e-16,False,growth_up_inflation_up,True,optimal
oracle_regime_pooled_relative_active_te100bp,oracle_infeasible_diagnostic,2023-01-02,2023-01-02,2023-01-03,2023-01-01,LQD,0.24939547904038384,0.2518054183961109,-0.0024099393557270865,False,growth_up_inflation_up,True,optimal
oracle_regime_pooled_relative_active_te100bp,oracle_infeasible_diagnostic,2023-01-02,2023-01-02,2023-01-03,2023-01-01,AGG,0.0,0.0,0.0,False,growth_up_inflation_up,True,optimal
oracle_regime_pooled_relative_active_te100bp,oracle_infeasible_diagnostic,2023-01-09,2023-01-09,2023-01-09,2023-01-01,SPY,0.29667490163148086,0.3465920568598675,-0.049917155228386634,False,growth_up_inflation_up,True,optimal
oracle_regime_pooled_relative_active_te100bp,oracle_infeasible_diagnostic,2023-01-09,2023-01-09,2023-01-09,2023-01-01,IEF,5.024604009149491e-16,0.004748570650733,-0.004748570650732498,False,growth_up_inflation_up,True,optimal
oracle_regime_pooled_relative_active_te100bp,oracle_infeasible_diagnostic,2023-01-09,2023-01-09,2023-01-09,2023-01-01,TIP,0.018890926254958324,0.0,0.018890926254958324,False,growth_up_inflation_up,True,optimal
oracle_regime_pooled_relative_active_te100bp,oracle_infeasible_diagnostic,2023-01-09,2023-01-09,2023-01-09,2023-01-01,HYG,0.13733273028430162,0.1463988286143114,-0.009066098330009764,False,growth_up_inflation_up,True,optimal
oracle_regime_pooled_relative_active_te100bp,oracle_infeasible_diagnostic,2023-01-09,2023-01-09,2023-01-09,2023-01-01,BIL,0.047292249052203965,0.0,0.047292249052203965,False,growth_up_inflation_up,True,optimal
oracle_regime_pooled_relative_active_te100bp,oracle_infeasible_diagnostic,2023-01-09,2023-01-09,2023-01-09,2023-01-01,GLD,0.25,0.2499999999999999,1.1102230246251565e-16,False,growth_up_inflation_up,True,optimal
oracle_regime_pooled_relative_active_te100bp,oracle_infeasible_diagnostic,2023-01-09,2023-01-09,2023-01-09,2023-01-01,LQD,0.24980919277705474,0.2522605438750882,-0.002451351098033433,False,growth_up_inflation_up,True,optimal
oracle_regime_pooled_relative_active_te100bp,oracle_infeasible_diagnostic,2023-01-09,2023-01-09,2023-01-09,2023-01-01,AGG,0.0,0.0,0.0,False,growth_up_inflation_up,True,optimal
oracle_regime_pooled_relative_active_te100bp,oracle_infeasible_diagnostic,2023-01-16,2023-01-16,2023-01-17,2023-01-01,SPY,0.2973099995349923,0.3473029658968406,-0.0499929663618483,False,growth_up_inflation_up,True,optimal
oracle_regime_pooled_relative_active_te100bp,oracle_infeasible_diagnostic,2023-01-16,2023-01-16,2023-01-17,2023-01-01,IEF,4.964404558660411e-16,0.0054545109883882,-0.005454510988387704,False,growth_up_inflation_up,True,optimal
oracle_regime_pooled_relative_active_te100bp,oracle_infeasible_diagnostic,2023-01-16,2023-01-16,2023-01-17,2023-01-01,TIP,0.01999248511928119,0.0,0.01999248511928119,False,growth_up_inflation_up,True,optimal
oracle_regime_pooled_relative_active_te100bp,oracle_infeasible_diagnostic,2023-01-16,2023-01-16,2023-01-17,2023-01-01,HYG,0.13640291678390165,0.1452452778020108,-0.008842361018109146,False,growth_up_inflation_up,True,optimal
oracle_regime_pooled_relative_active_te100bp,oracle_infeasible_diagnostic,2023-01-16,2023-01-16,2023-01-17,2023-01-01,BIL,0.04646720051930517,0.0,0.04646720051930517,False,growth_up_inflation_up,True,optimal
oracle_regime_pooled_relative_active_te100bp,oracle_infeasible_diagnostic,2023-01-16,2023-01-16,2023-01-17,2023-01-01,GLD,0.25,0.2499999999999997,3.0531133177191805e-16,False,growth_up_inflation_up,True,optimal
oracle_regime_pooled_relative_active_te100bp,oracle_infeasible_diagnostic,2023-01-16,2023-01-16,2023-01-17,2023-01-01,LQD,0.24982739804251922,0.2519972453127605,-0.002169847270241304,False,growth_up_inflation_up,True,optimal
oracle_regime_pooled_relative_active_te100bp,oracle_infeasible_diagnostic,2023-01-16,2023-01-16,2023-01-17,2023-01-01,AGG,0.0,0.0,0.0,False,growth_up_inflation_up,True,optimal
oracle_regime_pooled_relative_active_te100bp,oracle_infeasible_diagnostic,2023-01-23,2023-01-23,2023-01-23,2023-01-01,SPY,0.2972781969182394,0.3472541448539986,-0.04997594793575916,False,growth_up_inflation_up,True,optimal
oracle_regime_pooled_relative_active_te100bp,oracle_infeasible_diagnostic,2023-01-23,2023-01-23,2023-01-23,2023-01-01,IEF,4.828635459089471e-16,0.0048709769112436,-0.0048709769112431165,False,growth_up_inflation_up,True,optimal
oracle_regime_pooled_relative_active_te100bp,oracle_infeasible_diagnostic,2023-01-23,2023-01-23,2023-01-23,2023-01-01,TIP,0.02012995719278317,0.0,0.02012995719278317,False,growth_up_inflation_up,True,optimal
oracle_regime_pooled_relative_active_te100bp,oracle_infeasible_diagnostic,2023-01-23,2023-01-23,2023-01-23,2023-01-01,HYG,0.13573110243384517,0.1446025956602358,-0.008871493226390637,False,growth_up_inflation_up,True,optimal
oracle_regime_pooled_relative_active_te100bp,oracle_infeasible_diagnostic,2023-01-23,2023-01-23,2023-01-23,2023-01-01,BIL,0.04648126192006261,0.0,0.04648126192006261,False,growth_up_inflation_up,True,optimal
oracle_regime_pooled_relative_active_te100bp,oracle_infeasible_diagnostic,2023-01-23,2023-01-23,2023-01-23,2023-01-01,GLD,0.25,0.2499999999999999,1.1102230246251565e-16,False,growth_up_inflation_up,True,optimal
oracle_regime_pooled_relative_active_te100bp,oracle_infeasible_diagnostic,2023-01-23,2023-01-23,2023-01-23,2023-01-01,LQD,0.2503794815350691,0.253272282574522,-0.002892801039452886,False,growth_up_inflation_up,True,optimal
oracle_regime_pooled_relative_active_te100bp,oracle_infeasible_diagnostic,2023-01-23,2023-01-23,2023-01-23,2023-01-01,AGG,0.0,0.0,0.0,False,growth_up_inflation_up,True,optimal
oracle_regime_pooled_relative_active_te100bp,oracle_infeasible_diagnostic,2023-01-30,2023-01-30,2023-01-30,2023-01-01,SPY,0.30128862005271706,0.3499999999999995,-0.04871137994728242,False,growth_up_inflation_up,True,optimal
oracle_regime_pooled_relative_active_te100bp,oracle_infeasible_diagnostic,2023-01-30,2023-01-30,2023-01-30,2023-01-01,IEF,4.794405958337296e-16,0.005879179703267,-0.0058791797032665205,False,growth_up_inflation_up,True,optimal
oracle_regime_pooled_relative_active_te100bp,oracle_infeasible_diagnostic,2023-01-30,2023-01-30,2023-01-30,2023-01-01,TIP,0.020051966373408156,0.0,0.020051966373408156,False,growth_up_inflation_up,True,optimal
oracle_regime_pooled_relative_active_te100bp,oracle_infeasible_diagnostic,2023-01-30,2023-01-30,2023-01-30,2023-01-01,HYG,0.13462998797615083,0.1432851799357724,-0.008655191959621555,False,growth_up_inflation_up,True,optimal
oracle_regime_pooled_relative_active_te100bp,oracle_infeasible_diagnostic,2023-01-30,2023-01-30,2023-01-30,2023-01-01,BIL,0.046103032650871435,0.0,0.046103032650871435,False,growth_up_inflation_up,True,optimal
oracle_regime_pooled_relative_active_te100bp,oracle_infeasible_diagnostic,2023-01-30,2023-01-30,2023-01-30,2023-01-01,GLD,0.2489851687449322,0.2492716333652427,-0.0002864646203104837,False,growth_up_inflation_up,True,optimal
oracle_regime_pooled_relative_active_te100bp,oracle_infeasible_diagnostic,2023-01-30,2023-01-30,2023-01-30,2023-01-01,LQD,0.24894122420191975,0.2515640069957181,-0.0026227827937983783,False,growth_up_inflation_up,True,optimal
oracle_regime_pooled_relative_active_te100bp,oracle_infeasible_diagnostic,2023-01-30,2023-01-30,2023-01-30,2023-01-01,AGG,0.0,0.0,0.0,False,growth_up_inflation_up,True,optimal
oracle_regime_pooled_relative_active_te100bp,oracle_infeasible_diagnostic,2023-02-06,2023-02-06,2023-02-06,2023-02-01,SPY,0.29999999999999977,0.3499999999999997,-0.04999999999999993,False,growth_down_inflation_up,True,optimal
oracle_regime_pooled_relative_active_te100bp,oracle_infeasible_diagnostic,2023-02-06,2023-02-06,2023-02-06,2023-02-01,IEF,7.788467950003292e-19,0.0058628503754106,-0.0058628503754105995,False,growth_down_inflation_up,True,optimal
oracle_regime_pooled_relative_active_te100bp,oracle_infeasible_diagnostic,2023-02-06,2023-02-06,2023-02-06,2023-02-01,TIP,0.01987498222032964,0.0,0.01987498222032964,False,growth_down_inflation_up,True,optimal
oracle_regime_pooled_relative_active_te100bp,oracle_infeasible_diagnostic,2023-02-06,2023-02-06,2023-02-06,2023-02-01,HYG,0.13546616766924305,0.1444404589559068,-0.008974291286663744,False,growth_down_inflation_up,True,optimal
oracle_regime_pooled_relative_active_te100bp,oracle_infeasible_diagnostic,2023-02-06,2023-02-06,2023-02-06,2023-02-01,BIL,0.04604265104420136,0.0,0.04604265104420136,False,growth_down_inflation_up,True,optimal
oracle_regime_pooled_relative_active_te100bp,oracle_infeasible_diagnostic,2023-02-06,2023-02-06,2023-02-06,2023-02-01,GLD,0.25,0.2473688858198447,0.0026311141801552973,False,growth_down_inflation_up,True,optimal
oracle_regime_pooled_relative_active_te100bp,oracle_infeasible_diagnostic,2023-02-06,2023-02-06,2023-02-06,2023-02-01,LQD,0.24861619906622617,0.2523278048488379,-0.0037116057826117044,False,growth_down_inflation_up,True,optimal
oracle_regime_pooled_relative_active_te100bp,oracle_infeasible_diagnostic,2023-02-06,2023-02-06,2023-02-06,2023-02-01,AGG,0.0,0.0,0.0,False,growth_down_inflation_up,True,optimal
oracle_regime_pooled_relative_active_te100bp,oracle_infeasible_diagnostic,2023-02-13,2023-02-13,2023-02-13,2023-02-01,SPY,0.3,0.35,-0.04999999999999999,False,growth_down_inflation_up,True,optimal
oracle_regime_pooled_relative_active_te100bp,oracle_infeasible_diagnostic,2023-02-13,2023-02-13,2023-02-13,2023-02-01,IEF,0.0,0.0065701547333108,-0.0065701547333108,False,growth_down_inflation_up,True,optimal
oracle_regime_pooled_relative_active_te100bp,oracle_infeasible_diagnostic,2023-02-13,2023-02-13,2023-02-13,2023-02-01,TIP,0.020046365823700545,0.0,0.020046365823700545,False,growth_down_inflation_up,True,optimal
oracle_regime_pooled_relative_active_te100bp,oracle_infeasible_diagnostic,2023-02-13,2023-02-13,2023-02-13,2023-02-01,HYG,0.1344846167365353,0.1434644993248241,-0.008979882588288801,False,growth_down_inflation_up,True,optimal
oracle_regime_pooled_relative_active_te100bp,oracle_infeasible_diagnostic,2023-02-13,2023-02-13,2023-02-13,2023-02-01,BIL,0.04949680366717731,0.0,0.04949680366717731,False,growth_down_inflation_up,True,optimal
oracle_regime_pooled_relative_active_te100bp,oracle_infeasible_diagnostic,2023-02-13,2023-02-13,2023-02-13,2023-02-01,GLD,0.25,0.25,0.0,False,growth_down_inflation_up,True,optimal
oracle_regime_pooled_relative_active_te100bp,oracle_infeasible_diagnostic,2023-02-13,2023-02-13,2023-02-13,2023-02-01,LQD,0.24597221377258677,0.2499653459418651,-0.003993132169278324,False,growth_down_inflation_up,True,optimal
oracle_regime_pooled_relative_active_te100bp,oracle_infeasible_diagnostic,2023-02-13,2023-02-13,2023-02-13,2023-02-01,AGG,0.0,0.0,0.0,False,growth_down_inflation_up,True,optimal
oracle_regime_pooled_relative_active_te100bp,oracle_infeasible_diagnostic,2023-02-20,2023-02-20,2023-02-21,2023-02-01,SPY,0.30000000000000027,0.3500000000000002,-0.04999999999999993,False,growth_down_inflation_up,True,optimal
oracle_regime_pooled_relative_active_te100bp,oracle_infeasible_diagnostic,2023-02-20,2023-02-20,2023-02-21,2023-02-01,IEF,0.0,0.0067637905092054,-0.0067637905092054,False,growth_down_inflation_up,True,optimal
oracle_regime_pooled_relative_active_te100bp,oracle_infeasible_diagnostic,2023-02-20,2023-02-20,2023-02-21,2023-02-01,TIP,0.020005945504506625,0.0,0.020005945504506625,False,growth_down_inflation_up,True,optimal
oracle_regime_pooled_relative_active_te100bp,oracle_infeasible_diagnostic,2023-02-20,2023-02-20,2023-02-21,2023-02-01,HYG,0.13474267603226434,0.1437794318792155,-0.009036755846951156,False,growth_down_inflation_up,True,optimal
oracle_regime_pooled_relative_active_te100bp,oracle_infeasible_diagnostic,2023-02-20,2023-02-20,2023-02-21,2023-02-01,BIL,0.04981488262497671,0.0,0.04981488262497671,False,growth_down_inflation_up,True,optimal
oracle_regime_pooled_relative_active_te100bp,oracle_infeasible_diagnostic,2023-02-20,2023-02-20,2023-02-21,2023-02-01,GLD,0.25,0.2499469543969671,5.3045603032902955e-05,False,growth_down_inflation_up,True,optimal
oracle_regime_pooled_relative_active_te100bp,oracle_infeasible_diagnostic,2023-02-20,2023-02-20,2023-02-21,2023-02-01,LQD,0.2454364958382521,0.2495098232146116,-0.004073327376359487,False,growth_down_inflation_up,True,optimal
oracle_regime_pooled_relative_active_te100bp,oracle_infeasible_diagnostic,2023-02-20,2023-02-20,2023-02-21,2023-02-01,AGG,0.0,0.0,0.0,False,growth_down_inflation_up,True,optimal
oracle_regime_pooled_relative_active_te100bp,oracle_infeasible_diagnostic,2023-02-27,2023-02-27,2023-02-27,2023-02-01,SPY,0.30028711584054596,0.35,-0.04971288415945402,False,growth_down_inflation_up,True,optimal
oracle_regime_pooled_relative_active_te100bp,oracle_infeasible_diagnostic,2023-02-27,2023-02-27,2023-02-27,2023-02-01,IEF,2.0454486796949476e-16,0.004529273683952,-0.004529273683951796,False,growth_down_inflation_up,True,optimal
oracle_regime_pooled_relative_active_te100bp,oracle_infeasible_diagnostic,2023-02-27,2023-02-27,2023-02-27,2023-02-01,TIP,0.016114143069113313,0.0,0.016114143069113313,False,growth_down_inflation_up,True,optimal
oracle_regime_pooled_relative_active_te100bp,oracle_infeasible_diagnostic,2023-02-27,2023-02-27,2023-02-27,2023-02-01,HYG,0.13660800379945842,0.145882278999376,-0.009274275199917581,False,growth_down_inflation_up,True,optimal
oracle_regime_pooled_relative_active_te100bp,oracle_infeasible_diagnostic,2023-02-27,2023-02-27,2023-02-27,2023-02-01,BIL,0.04999999999999988,0.0,0.04999999999999988,False,growth_down_inflation_up,True,optimal
oracle_regime_pooled_relative_active_te100bp,oracle_infeasible_diagnostic,2023-02-27,2023-02-27,2023-02-27,2023-02-01,GLD,0.25000000000000006,0.2483049473329015,0.0016950526670985455,False,growth_down_inflation_up,True,optimal
oracle_regime_pooled_relative_active_te100bp,oracle_infeasible_diagnostic,2023-02-27,2023-02-27,2023-02-27,2023-02-01,LQD,0.24699073729088228,0.2512834999837705,-0.004292762692888197,False,growth_down_inflation_up,True,optimal
oracle_regime_pooled_relative_active_te100bp,oracle_infeasible_diagnostic,2023-02-27,2023-02-27,2023-02-27,2023-02-01,AGG,0.0,0.0,0.0,False,growth_down_inflation_up,True,optimal
oracle_regime_pooled_relative_active_te100bp,oracle_infeasible_diagnostic,2023-03-06,2023-03-06,2023-03-06,2023-03-01,SPY,0.3002350318335332,0.3499616595108574,-0.04972662767732422,False,growth_up_inflation_up,True,optimal
oracle_regime_pooled_relative_active_te100bp,oracle_infeasible_diagnostic,2023-03-06,2023-03-06,2023-03-06,2023-03-01,IEF,2.2450895362619254e-16,0.0050889230633016,-0.005088923063301375,False,growth_up_inflation_up,True,optimal
oracle_regime_pooled_relative_active_te100bp,oracle_infeasible_diagnostic,2023-03-06,2023-03-06,2023-03-06,2023-03-01,TIP,0.018695350022225554,0.0,0.018695350022225554,False,growth_up_inflation_up,True,optimal
oracle_regime_pooled_relative_active_te100bp,oracle_infeasible_diagnostic,2023-03-06,2023-03-06,2023-03-06,2023-03-01,HYG,0.13631014640352104,0.1455128327419507,-0.009202686338429661,False,growth_up_inflation_up,True,optimal
oracle_regime_pooled_relative_active_te100bp,oracle_infeasible_diagnostic,2023-03-06,2023-03-06,2023-03-06,2023-03-01,BIL,0.04949754901844796,0.0,0.04949754901844796,False,growth_up_inflation_up,True,optimal
oracle_regime_pooled_relative_active_te100bp,oracle_infeasible_diagnostic,2023-03-06,2023-03-06,2023-03-06,2023-03-01,GLD,0.25,0.2499999999999994,6.106226635438361e-16,False,growth_up_inflation_up,True,optimal
oracle_regime_pooled_relative_active_te100bp,oracle_infeasible_diagnostic,2023-03-06,2023-03-06,2023-03-06,2023-03-01,LQD,0.2452619227222721,0.2494365846838907,-0.004174661961618614,False,growth_up_inflation_up,True,optimal
oracle_regime_pooled_relative_active_te100bp,oracle_infeasible_diagnostic,2023-03-06,2023-03-06,2023-03-06,2023-03-01,AGG,0.0,0.0,0.0,False,growth_up_inflation_up,True,optimal
oracle_regime_pooled_relative_active_te100bp,oracle_infeasible_diagnostic,2023-03-13,2023-03-13,2023-03-13,2023-03-01,SPY,0.29994712927863015,0.3486893275135574,-0.04874219823492726,False,growth_up_inflation_up,True,optimal
oracle_regime_pooled_relative_active_te100bp,oracle_infeasible_diagnostic,2023-03-13,2023-03-13,2023-03-13,2023-03-01,IEF,2.3349407955401416e-16,0.0019382767386804,-0.0019382767386801664,False,growth_up_inflation_up,True,optimal
oracle_regime_pooled_relative_active_te100bp,oracle_infeasible_diagnostic,2023-03-13,2023-03-13,2023-03-13,2023-03-01,TIP,0.018974337715399543,0.0,0.018974337715399543,False,growth_up_inflation_up,True,optimal
oracle_regime_pooled_relative_active_te100bp,oracle_infeasible_diagnostic,2023-03-13,2023-03-13,2023-03-13,2023-03-01,HYG,0.13554016457589332,0.1450529335110955,-0.00951276893520217,False,growth_up_inflation_up,True,optimal
oracle_regime_pooled_relative_active_te100bp,oracle_infeasible_diagnostic,2023-03-13,2023-03-13,2023-03-13,2023-03-01,BIL,0.05,0.0,0.05,False,growth_up_inflation_up,True,optimal
oracle_regime_pooled_relative_active_te100bp,oracle_infeasible_diagnostic,2023-03-13,2023-03-13,2023-03-13,2023-03-01,GLD,0.25,0.2499999999999998,1.942890293094024e-16,False,growth_up_inflation_up,True,optimal
oracle_regime_pooled_relative_active_te100bp,oracle_infeasible_diagnostic,2023-03-13,2023-03-13,2023-03-13,2023-03-01,LQD,0.24553836843007665,0.2543194622366668,-0.008781093806590146,False,growth_up_inflation_up,True,optimal
oracle_regime_pooled_relative_active_te100bp,oracle_infeasible_diagnostic,2023-03-13,2023-03-13,2023-03-13,2023-03-01,AGG,0.0,0.0,0.0,False,growth_up_inflation_up,True,optimal
oracle_regime_pooled_relative_active_te100bp,oracle_infeasible_diagnostic,2023-03-20,2023-03-20,2023-03-20,2023-03-01,SPY,0.30171389749131633,0.3499999999999993,-0.04828610250868298,False,growth_up_inflation_up,True,optimal
oracle_regime_pooled_relative_active_te100bp,oracle_infeasible_diagnostic,2023-03-20,2023-03-20,2023-03-20,2023-03-01,IEF,2.5550266989564605e-16,0.0029161185935173,-0.0029161185935170446,False,growth_up_inflation_up,True,optimal
oracle_regime_pooled_relative_active_te100bp,oracle_infeasible_diagnostic,2023-03-20,2023-03-20,2023-03-20,2023-03-01,TIP,0.023701522842360358,0.0,0.023701522842360358,False,growth_up_inflation_up,True,optimal
oracle_regime_pooled_relative_active_te100bp,oracle_infeasible_diagnostic,2023-03-20,2023-03-20,2023-03-20,2023-03-01,HYG,0.1332983966433043,0.1424708590171828,-0.009172462373878476,False,growth_up_inflation_up,True,optimal
oracle_regime_pooled_relative_active_te100bp,oracle_infeasible_diagnostic,2023-03-20,2023-03-20,2023-03-20,2023-03-01,BIL,0.049100589304988604,0.0,0.049100589304988604,False,growth_up_inflation_up,True,optimal
oracle_regime_pooled_relative_active_te100bp,oracle_infeasible_diagnostic,2023-03-20,2023-03-20,2023-03-20,2023-03-01,GLD,0.25,0.2499999999999995,4.996003610813204e-16,False,growth_up_inflation_up,True,optimal
oracle_regime_pooled_relative_active_te100bp,oracle_infeasible_diagnostic,2023-03-20,2023-03-20,2023-03-20,2023-03-01,LQD,0.24218559371803006,0.254613022389301,-0.012427428671270946,False,growth_up_inflation_up,True,optimal
oracle_regime_pooled_relative_active_te100bp,oracle_infeasible_diagnostic,2023-03-20,2023-03-20,2023-03-20,2023-03-01,AGG,0.0,0.0,0.0,False,growth_up_inflation_up,True,optimal
oracle_regime_pooled_relative_active_te100bp,oracle_infeasible_diagnostic,2023-03-27,2023-03-27,2023-03-27,2023-03-01,SPY,0.30337328133588815,0.3499999999999995,-0.04662671866411133,False,growth_up_inflation_up,True,optimal
oracle_regime_pooled_relative_active_te100bp,oracle_infeasible_diagnostic,2023-03-27,2023-03-27,2023-03-27,2023-03-01,IEF,2.548938569575603e-16,0.0029074924553827,-0.002907492455382445,False,growth_up_inflation_up,True,optimal
oracle_regime_pooled_relative_active_te100bp,oracle_infeasible_diagnostic,2023-03-27,2023-03-27,2023-03-27,2023-03-01,TIP,0.023734643713896376,0.0,0.023734643713896376,False,growth_up_inflation_up,True,optimal
oracle_regime_pooled_relative_active_te100bp,oracle_infeasible_diagnostic,2023-03-27,2023-03-27,2023-03-27,2023-03-01,HYG,0.13302378405643492,0.1420953621647959,-0.009071578108360984,False,growth_up_inflation_up,True,optimal
oracle_regime_pooled_relative_active_te100bp,oracle_infeasible_diagnostic,2023-03-27,2023-03-27,2023-03-27,2023-03-01,BIL,0.04880094619718739,0.0,0.04880094619718739,False,growth_up_inflation_up,True,optimal
oracle_regime_pooled_relative_active_te100bp,oracle_infeasible_diagnostic,2023-03-27,2023-03-27,2023-03-27,2023-03-01,GLD,0.2475030307202791,0.249082316136417,-0.0015792854161378878,False,growth_up_inflation_up,True,optimal
oracle_regime_pooled_relative_active_te100bp,oracle_infeasible_diagnostic,2023-03-27,2023-03-27,2023-03-27,2023-03-01,LQD,0.24356431397631384,0.2559148292434048,-0.012350515267090967,False,growth_up_inflation_up,True,optimal
oracle_regime_pooled_relative_active_te100bp,oracle_infeasible_diagnostic,2023-03-27,2023-03-27,2023-03-27,2023-03-01,AGG,0.0,0.0,0.0,False,growth_up_inflation_up,True,optimal
oracle_regime_pooled_relative_active_te100bp,oracle_infeasible_diagnostic,2023-04-03,2023-04-03,2023-04-03,2023-04-01,SPY,0.3066320345127562,0.3500000000000003,-0.04336796548724409,False,growth_up_inflation_up,True,optimal
oracle_regime_pooled_relative_active_te100bp,oracle_infeasible_diagnostic,2023-04-03,2023-04-03,2023-04-03,2023-04-01,IEF,2.5099531580644584e-16,0.002858770009856,-0.002858770009855749,False,growth_up_inflation_up,True,optimal
oracle_regime_pooled_relative_active_te100bp,oracle_infeasible_diagnostic,2023-04-03,2023-04-03,2023-04-03,2023-04-01,TIP,0.023495413824847145,0.0,0.023495413824847145,False,growth_up_inflation_up,True,optimal
oracle_regime_pooled_relative_active_te100bp,oracle_infeasible_diagnostic,2023-04-03,2023-04-03,2023-04-03,2023-04-01,HYG,0.13394256762759563,0.1433554348117682,-0.009412867184172585,False,growth_up_inflation_up,True,optimal
oracle_regime_pooled_relative_active_te100bp,oracle_infeasible_diagnostic,2023-04-03,2023-04-03,2023-04-03,2023-04-01,BIL,0.047977732024781686,0.0,0.047977732024781686,False,growth_up_inflation_up,True,optimal
oracle_regime_pooled_relative_active_te100bp,oracle_infeasible_diagnostic,2023-04-03,2023-04-03,2023-04-03,2023-04-01,GLD,0.24605488443140378,0.2500000000000006,-0.003945115568596835,False,growth_up_inflation_up,True,optimal
oracle_regime_pooled_relative_active_te100bp,oracle_infeasible_diagnostic,2023-04-03,2023-04-03,2023-04-03,2023-04-01,LQD,0.24189736757861527,0.2537857951783747,-0.011888427599759416,False,growth_up_inflation_up,True,optimal
oracle_regime_pooled_relative_active_te100bp,oracle_infeasible_diagnostic,2023-04-03,2023-04-03,2023-04-03,2023-04-01,AGG,0.0,0.0,0.0,False,growth_up_inflation_up,True,optimal
oracle_regime_pooled_relative_active_te100bp,oracle_infeasible_diagnostic,2023-04-10,2023-04-10,2023-04-10,2023-04-01,SPY,0.30505087779564966,0.3499999999999992,-0.044949122204349545,False,growth_up_inflation_up,True,optimal
oracle_regime_pooled_relative_active_te100bp,oracle_infeasible_diagnostic,2023-04-10,2023-04-10,2023-04-10,2023-04-01,IEF,2.537103415941453e-16,0.0028895946810562,-0.002889594681055946,False,growth_up_inflation_up,True,optimal
oracle_regime_pooled_relative_active_te100bp,oracle_infeasible_diagnostic,2023-04-10,2023-04-10,2023-04-10,2023-04-01,TIP,0.023517766006071906,0.0,0.023517766006071906,False,growth_up_inflation_up,True,optimal
oracle_regime_pooled_relative_active_te100bp,oracle_infeasible_diagnostic,2023-04-10,2023-04-10,2023-04-10,2023-04-01,HYG,0.13260960766291333,0.1421712985906185,-0.009561690927705174,False,growth_up_inflation_up,True,optimal
oracle_regime_pooled_relative_active_te100bp,oracle_infeasible_diagnostic,2023-04-10,2023-04-10,2023-04-10,2023-04-01,BIL,0.04772196747644364,0.0,0.04772196747644364,False,growth_up_inflation_up,True,optimal
oracle_regime_pooled_relative_active_te100bp,oracle_infeasible_diagnostic,2023-04-10,2023-04-10,2023-04-10,2023-04-01,GLD,0.24809482365217975,0.2499999999999995,-0.0019051763478197536,False,growth_up_inflation_up,True,optimal
oracle_regime_pooled_relative_active_te100bp,oracle_infeasible_diagnostic,2023-04-10,2023-04-10,2023-04-10,2023-04-01,LQD,0.24300495740674138,0.2549391067283264,-0.011934149321585041,False,growth_up_inflation_up,True,optimal
oracle_regime_pooled_relative_active_te100bp,oracle_infeasible_diagnostic,2023-04-10,2023-04-10,2023-04-10,2023-04-01,AGG,0.0,0.0,0.0,False,growth_up_inflation_up,True,optimal
oracle_regime_pooled_relative_active_te100bp,oracle_infeasible_diagnostic,2023-04-17,2023-04-17,2023-04-17,2023-04-01,SPY,0.3075205874483225,0.3499999999999998,-0.04247941255167731,False,growth_up_inflation_up,True,optimal
oracle_regime_pooled_relative_active_te100bp,oracle_infeasible_diagnostic,2023-04-17,2023-04-17,2023-04-17,2023-04-01,IEF,2.501892639564467e-16,0.0028704287866031,-0.0028704287866028497,False,growth_up_inflation_up,True,optimal
oracle_regime_pooled_relative_active_te100bp,oracle_infeasible_diagnostic,2023-04-17,2023-04-17,2023-04-17,2023-04-01,TIP,0.023225996620252102,0.0,0.023225996620252102,False,growth_up_inflation_up,True,optimal
oracle_regime_pooled_relative_active_te100bp,oracle_infeasible_diagnostic,2023-04-17,2023-04-17,2023-04-17,2023-04-01,HYG,0.13302410994491723,0.1448708131429576,-0.011846703198040376,False,growth_up_inflation_up,True,optimal
oracle_regime_pooled_relative_active_te100bp,oracle_infeasible_diagnostic,2023-04-17,2023-04-17,2023-04-17,2023-04-01,BIL,0.047462222218662066,0.0,0.047462222218662066,False,growth_up_inflation_up,True,optimal
oracle_regime_pooled_relative_active_te100bp,oracle_infeasible_diagnostic,2023-04-17,2023-04-17,2023-04-17,2023-04-01,GLD,0.24812721413201272,0.25,-0.001872785867987281,False,growth_up_inflation_up,True,optimal
oracle_regime_pooled_relative_active_te100bp,oracle_infeasible_diagnostic,2023-04-17,2023-04-17,2023-04-17,2023-04-01,LQD,0.2406398696358332,0.2522587580704393,-0.011618888434606095,False,growth_up_inflation_up,True,optimal
oracle_regime_pooled_relative_active_te100bp,oracle_infeasible_diagnostic,2023-04-17,2023-04-17,2023-04-17,2023-04-01,AGG,0.0,0.0,0.0,False,growth_up_inflation_up,True,optimal
oracle_regime_pooled_relative_active_te100bp,oracle_infeasible_diagnostic,2023-04-24,2023-04-24,2023-04-24,2023-04-01,SPY,0.3081835164383128,0.3500000000000001,-0.04181648356168727,False,growth_up_inflation_up,True,optimal
oracle_regime_pooled_relative_active_te100bp,oracle_infeasible_diagnostic,2023-04-24,2023-04-24,2023-04-24,2023-04-01,IEF,2.5090827213964384e-16,0.0028789081699083,-0.002878908169908049,False,growth_up_inflation_up,True,optimal
oracle_regime_pooled_relative_active_te100bp,oracle_infeasible_diagnostic,2023-04-24,2023-04-24,2023-04-24,2023-04-01,TIP,0.02326658350470135,0.0,0.02326658350470135,False,growth_up_inflation_up,True,optimal
oracle_regime_pooled_relative_active_te100bp,oracle_infeasible_diagnostic,2023-04-24,2023-04-24,2023-04-24,2023-04-01,HYG,0.1332237264120409,0.1450998081788128,-0.011876081766771907,False,growth_up_inflation_up,True,optimal
oracle_regime_pooled_relative_active_te100bp,oracle_infeasible_diagnostic,2023-04-24,2023-04-24,2023-04-24,2023-04-01,BIL,0.04763087672686614,0.0,0.04763087672686614,False,growth_up_inflation_up,True,optimal
oracle_regime_pooled_relative_active_te100bp,oracle_infeasible_diagnostic,2023-04-24,2023-04-24,2023-04-24,2023-04-01,GLD,0.24656994764831344,0.2492333938909905,-0.002663446242677059,False,growth_up_inflation_up,True,optimal
oracle_regime_pooled_relative_active_te100bp,oracle_infeasible_diagnostic,2023-04-24,2023-04-24,2023-04-24,2023-04-01,LQD,0.24112534926976503,0.2527878897602881,-0.011662540490523066,False,growth_up_inflation_up,True,optimal
oracle_regime_pooled_relative_active_te100bp,oracle_infeasible_diagnostic,2023-04-24,2023-04-24,2023-04-24,2023-04-01,AGG,0.0,0.0,0.0,False,growth_up_inflation_up,True,optimal
oracle_regime_pooled_relative_active_te100bp,oracle_infeasible_diagnostic,2023-05-01,2023-05-01,2023-05-01,2023-05-01,SPY,0.3025092380873507,0.3500000000000002,-0.047490761912649504,False,growth_down_inflation_up,True,optimal
oracle_regime_pooled_relative_active_te100bp,oracle_infeasible_diagnostic,2023-05-01,2023-05-01,2023-05-01,2023-05-01,IEF,2.409092215579502e-16,0.003606190329979,-0.003606190329978759,False,growth_down_inflation_up,True,optimal
oracle_regime_pooled_relative_active_te100bp,oracle_infeasible_diagnostic,2023-05-01,2023-05-01,2023-05-01,2023-05-01,TIP,0.023168808428177364,0.0,0.023168808428177364,False,growth_down_inflation_up,True,optimal
oracle_regime_pooled_relative_active_te100bp,oracle_infeasible_diagnostic,2023-05-01,2023-05-01,2023-05-01,2023-05-01,HYG,0.1329571982389109,0.1447360271546423,-0.011778828915731399,False,growth_down_inflation_up,True,optimal
oracle_regime_pooled_relative_active_te100bp,oracle_infeasible_diagnostic,2023-05-01,2023-05-01,2023-05-01,2023-05-01,BIL,0.04995285053661509,0.0,0.04995285053661509,False,growth_down_inflation_up,True,optimal
oracle_regime_pooled_relative_active_te100bp,oracle_infeasible_diagnostic,2023-05-01,2023-05-01,2023-05-01,2023-05-01,GLD,0.25,0.2486979244163588,0.0013020755836412046,False,growth_down_inflation_up,True,optimal
oracle_regime_pooled_relative_active_te100bp,oracle_infeasible_diagnostic,2023-05-01,2023-05-01,2023-05-01,2023-05-01,LQD,0.24141190470894575,0.2529598580990194,-0.01154795339007364,False,growth_down_inflation_up,True,optimal
oracle_regime_pooled_relative_active_te100bp,oracle_infeasible_diagnostic,2023-05-01,2023-05-01,2023-05-01,2023-05-01,AGG,0.0,0.0,0.0,False,growth_down_inflation_up,True,optimal
oracle_regime_pooled_relative_active_te100bp,oracle_infeasible_diagnostic,2023-05-08,2023-05-08,2023-05-08,2023-05-01,SPY,0.3011768730425459,0.3494795084311018,-0.04830263538855589,False,growth_down_inflation_up,True,optimal
oracle_regime_pooled_relative_active_te100bp,oracle_infeasible_diagnostic,2023-05-08,2023-05-08,2023-05-08,2023-05-01,IEF,3.7718508239288464e-16,0.0033892210155118,-0.003389221015511423,False,growth_down_inflation_up,True,optimal
oracle_regime_pooled_relative_active_te100bp,oracle_infeasible_diagnostic,2023-05-08,2023-05-08,2023-05-08,2023-05-01,TIP,0.02328911656739546,0.0,0.02328911656739546,False,growth_down_inflation_up,True,optimal
oracle_regime_pooled_relative_active_te100bp,oracle_infeasible_diagnostic,2023-05-08,2023-05-08,2023-05-08,2023-05-01,HYG,0.13470649980950103,0.1446598895538841,-0.009953389744383062,False,growth_down_inflation_up,True,optimal
oracle_regime_pooled_relative_active_te100bp,oracle_infeasible_diagnostic,2023-05-08,2023-05-08,2023-05-08,2023-05-01,BIL,0.05,0.0,0.05,False,growth_down_inflation_up,True,optimal
oracle_regime_pooled_relative_active_te100bp,oracle_infeasible_diagnostic,2023-05-08,2023-05-08,2023-05-08,2023-05-01,GLD,0.25,0.2499999999999997,3.0531133177191805e-16,False,growth_down_inflation_up,True,optimal
oracle_regime_pooled_relative_active_te100bp,oracle_infeasible_diagnostic,2023-05-08,2023-05-08,2023-05-08,2023-05-01,LQD,0.2408275105805573,0.2524713809995024,-0.011643870418945101,False,growth_down_inflation_up,True,optimal
oracle_regime_pooled_relative_active_te100bp,oracle_infeasible_diagnostic,2023-05-08,2023-05-08,2023-05-08,2023-05-01,AGG,0.0,0.0,0.0,False,growth_down_inflation_up,True,optimal
oracle_regime_pooled_relative_active_te100bp,oracle_infeasible_diagnostic,2023-05-15,2023-05-15,2023-05-15,2023-05-01,SPY,0.3013786259755888,0.3496009109075096,-0.04822228493192082,False,growth_down_inflation_up,True,optimal
oracle_regime_pooled_relative_active_te100bp,oracle_infeasible_diagnostic,2023-05-15,2023-05-15,2023-05-15,2023-05-01,IEF,1.021719009927456e-18,0.0028722012185617,-0.002872201218561699,False,growth_down_inflation_up,True,optimal
oracle_regime_pooled_relative_active_te100bp,oracle_infeasible_diagnostic,2023-05-15,2023-05-15,2023-05-15,2023-05-01,TIP,0.022009665761521722,0.0,0.022009665761521722,False,growth_down_inflation_up,True,optimal
oracle_regime_pooled_relative_active_te100bp,oracle_infeasible_diagnostic,2023-05-15,2023-05-15,2023-05-15,2023-05-01,HYG,0.13446389105883613,0.1444284146270874,-0.009964523568251255,False,growth_down_inflation_up,True,optimal
oracle_regime_pooled_relative_active_te100bp,oracle_infeasible_diagnostic,2023-05-15,2023-05-15,2023-05-15,2023-05-01,BIL,0.05,0.0,0.05,False,growth_down_inflation_up,True,optimal
oracle_regime_pooled_relative_active_te100bp,oracle_infeasible_diagnostic,2023-05-15,2023-05-15,2023-05-15,2023-05-01,GLD,0.25,0.2491918616996209,0.0008081383003790965,False,growth_down_inflation_up,True,optimal
oracle_regime_pooled_relative_active_te100bp,oracle_infeasible_diagnostic,2023-05-15,2023-05-15,2023-05-15,2023-05-01,LQD,0.24214781720405332,0.2539066115472203,-0.011758794343166956,False,growth_down_inflation_up,True,optimal
oracle_regime_pooled_relative_active_te100bp,oracle_infeasible_diagnostic,2023-05-15,2023-05-15,2023-05-15,2023-05-01,AGG,0.0,0.0,0.0,False,growth_down_inflation_up,True,optimal
oracle_regime_pooled_relative_active_te100bp,oracle_infeasible_diagnostic,2023-05-22,2023-05-22,2023-05-22,2023-05-01,SPY,0.3015539424779293,0.35,-0.04844605752207065,False,growth_down_inflation_up,True,optimal
oracle_regime_pooled_relative_active_te100bp,oracle_infeasible_diagnostic,2023-05-22,2023-05-22,2023-05-22,2023-05-01,IEF,3.4577460469137086e-18,0.0040898906849678,-0.0040898906849677966,False,growth_down_inflation_up,True,optimal
oracle_regime_pooled_relative_active_te100bp,oracle_infeasible_diagnostic,2023-05-22,2023-05-22,2023-05-22,2023-05-01,TIP,0.023580513730142343,0.0,0.023580513730142343,False,growth_down_inflation_up,True,optimal
oracle_regime_pooled_relative_active_te100bp,oracle_infeasible_diagnostic,2023-05-22,2023-05-22,2023-05-22,2023-05-01,HYG,0.1345061031253213,0.1443669872772316,-0.009860884151910304,False,growth_down_inflation_up,True,optimal
oracle_regime_pooled_relative_active_te100bp,oracle_infeasible_diagnostic,2023-05-22,2023-05-22,2023-05-22,2023-05-01,BIL,0.05,0.0,0.05,False,growth_down_inflation_up,True,optimal
oracle_regime_pooled_relative_active_te100bp,oracle_infeasible_diagnostic,2023-05-22,2023-05-22,2023-05-22,2023-05-01,GLD,0.25,0.2496979850503678,0.00030201494963219555,False,growth_down_inflation_up,True,optimal
oracle_regime_pooled_relative_active_te100bp,oracle_infeasible_diagnostic,2023-05-22,2023-05-22,2023-05-22,2023-05-01,LQD,0.24035944066660703,0.2518451369874327,-0.011485696320825689,False,growth_down_inflation_up,True,optimal
oracle_regime_pooled_relative_active_te100bp,oracle_infeasible_diagnostic,2023-05-22,2023-05-22,2023-05-22,2023-05-01,AGG,0.0,0.0,0.0,False,growth_down_inflation_up,True,optimal
oracle_regime_pooled_relative_active_te100bp,oracle_infeasible_diagnostic,2023-05-29,2023-05-29,2023-05-30,2023-05-01,SPY,0.3014344418604931,0.3499999999999993,-0.04856555813950619,False,growth_down_inflation_up,True,optimal
oracle_regime_pooled_relative_active_te100bp,oracle_infeasible_diagnostic,2023-05-29,2023-05-29,2023-05-30,2023-05-01,IEF,3.3901589419328213e-16,0.0040715233528529,-0.004071523352852561,False,growth_down_inflation_up,True,optimal
oracle_regime_pooled_relative_active_te100bp,oracle_infeasible_diagnostic,2023-05-29,2023-05-29,2023-05-30,2023-05-01,TIP,0.02350933599542303,0.0,0.02350933599542303,False,growth_down_inflation_up,True,optimal
oracle_regime_pooled_relative_active_te100bp,oracle_infeasible_diagnostic,2023-05-29,2023-05-29,2023-05-30,2023-05-01,HYG,0.1345580813235713,0.1443961113399221,-0.009838030016350807,False,growth_down_inflation_up,True,optimal
oracle_regime_pooled_relative_active_te100bp,oracle_infeasible_diagnostic,2023-05-29,2023-05-29,2023-05-30,2023-05-01,BIL,0.04999999999999996,0.0,0.04999999999999996,False,growth_down_inflation_up,True,optimal
oracle_regime_pooled_relative_active_te100bp,oracle_infeasible_diagnostic,2023-05-29,2023-05-29,2023-05-30,2023-05-01,GLD,0.25,0.2494530485752073,0.000546951424792691,False,growth_down_inflation_up,True,optimal
oracle_regime_pooled_relative_active_te100bp,oracle_infeasible_diagnostic,2023-05-29,2023-05-29,2023-05-30,2023-05-01,LQD,0.2404981408205123,0.2520793167320182,-0.011581175911505925,False,growth_down_inflation_up,True,optimal
oracle_regime_pooled_relative_active_te100bp,oracle_infeasible_diagnostic,2023-05-29,2023-05-29,2023-05-30,2023-05-01,AGG,0.0,0.0,0.0,False,growth_down_inflation_up,True,optimal
oracle_regime_pooled_relative_active_te100bp,oracle_infeasible_diagnostic,2023-06-05,2023-06-05,2023-06-05,2023-06-01,SPY,0.30163247723047204,0.3499999999999998,-0.04836752276952777,False,growth_down_inflation_down,True,optimal
oracle_regime_pooled_relative_active_te100bp,oracle_infeasible_diagnostic,2023-06-05,2023-06-05,2023-06-05,2023-06-01,IEF,0.002186802691432801,0.004057726126696,-0.0018709234352631992,False,growth_down_inflation_down,True,optimal
oracle_regime_pooled_relative_active_te100bp,oracle_infeasible_diagnostic,2023-06-05,2023-06-05,2023-06-05,2023-06-01,TIP,0.023363104694936226,0.0,0.023363104694936226,False,growth_down_inflation_down,True,optimal
oracle_regime_pooled_relative_active_te100bp,oracle_infeasible_diagnostic,2023-06-05,2023-06-05,2023-06-05,2023-06-01,HYG,0.13481179350824946,0.1445510531480876,-0.009739259639838155,False,growth_down_inflation_down,True,optimal
oracle_regime_pooled_relative_active_te100bp,oracle_infeasible_diagnostic,2023-06-05,2023-06-05,2023-06-05,2023-06-01,BIL,0.04974052683572815,0.0,0.04974052683572815,False,growth_down_inflation_down,True,optimal
oracle_regime_pooled_relative_active_te100bp,oracle_infeasible_diagnostic,2023-06-05,2023-06-05,2023-06-05,2023-06-01,GLD,0.2475933550113971,0.2493343093488245,-0.0017409543374274083,False,growth_down_inflation_down,True,optimal
oracle_regime_pooled_relative_active_te100bp,oracle_infeasible_diagnostic,2023-06-05,2023-06-05,2023-06-05,2023-06-01,LQD,0.2406719400277843,0.252056911376392,-0.01138497134860772,False,growth_down_inflation_down,True,optimal
oracle_regime_pooled_relative_active_te100bp,oracle_infeasible_diagnostic,2023-06-05,2023-06-05,2023-06-05,2023-06-01,AGG,0.0,0.0,0.0,False,growth_down_inflation_down,True,optimal
oracle_regime_pooled_relative_active_te100bp,oracle_infeasible_diagnostic,2023-06-12,2023-06-12,2023-06-12,2023-06-01,SPY,0.30188519683454784,0.349999999999999,-0.04811480316545114,False,growth_down_inflation_down,True,optimal
oracle_regime_pooled_relative_active_te100bp,oracle_infeasible_diagnostic,2023-06-12,2023-06-12,2023-06-12,2023-06-01,IEF,0.002226806064861928,0.0040466592165596,-0.0018198531516976724,False,growth_down_inflation_down,True,optimal
oracle_regime_pooled_relative_active_te100bp,oracle_infeasible_diagnostic,2023-06-12,2023-06-12,2023-06-12,2023-06-01,TIP,0.023302421507641582,0.0,0.023302421507641582,False,growth_down_inflation_down,True,optimal
oracle_regime_pooled_relative_active_te100bp,oracle_infeasible_diagnostic,2023-06-12,2023-06-12,2023-06-12,2023-06-01,HYG,0.13479746983495297,0.1451290817112471,-0.010331611876294139,False,growth_down_inflation_down,True,optimal
oracle_regime_pooled_relative_active_te100bp,oracle_infeasible_diagnostic,2023-06-12,2023-06-12,2023-06-12,2023-06-01,BIL,0.04964550464259105,0.0,0.04964550464259105,False,growth_down_inflation_down,True,optimal
oracle_regime_pooled_relative_active_te100bp,oracle_infeasible_diagnostic,2023-06-12,2023-06-12,2023-06-12,2023-06-01,GLD,0.24861150076417027,0.2499999999999995,-0.0013884992358292325,False,growth_down_inflation_down,True,optimal
oracle_regime_pooled_relative_active_te100bp,oracle_infeasible_diagnostic,2023-06-12,2023-06-12,2023-06-12,2023-06-01,LQD,0.23953110035123434,0.2508242590721946,-0.011293158720960234,False,growth_down_inflation_down,True,optimal
oracle_regime_pooled_relative_active_te100bp,oracle_infeasible_diagnostic,2023-06-12,2023-06-12,2023-06-12,2023-06-01,AGG,0.0,0.0,0.0,False,growth_down_inflation_down,True,optimal
oracle_regime_pooled_relative_active_te100bp,oracle_infeasible_diagnostic,2023-06-19,2023-06-19,2023-06-20,2023-06-01,SPY,0.3031378511517001,0.3500000000000002,-0.04686214884830009,False,growth_down_inflation_down,True,optimal
oracle_regime_pooled_relative_active_te100bp,oracle_infeasible_diagnostic,2023-06-19,2023-06-19,2023-06-20,2023-06-01,IEF,0.005385671759251315,0.0039977837960814,0.0013878879631699153,False,growth_down_inflation_down,True,optimal
oracle_regime_pooled_relative_active_te100bp,oracle_infeasible_diagnostic,2023-06-19,2023-06-19,2023-06-20,2023-06-01,TIP,0.02312528604289593,0.0,0.02312528604289593,False,growth_down_inflation_down,True,optimal
oracle_regime_pooled_relative_active_te100bp,oracle_infeasible_diagnostic,2023-06-19,2023-06-19,2023-06-20,2023-06-01,HYG,0.13387393587077798,0.1460196510437893,-0.012145715173011329,False,growth_down_inflation_down,True,optimal
oracle_regime_pooled_relative_active_te100bp,oracle_infeasible_diagnostic,2023-06-19,2023-06-19,2023-06-20,2023-06-01,BIL,0.04926162367060648,0.0,0.04926162367060648,False,growth_down_inflation_down,True,optimal
oracle_regime_pooled_relative_active_te100bp,oracle_infeasible_diagnostic,2023-06-19,2023-06-19,2023-06-20,2023-06-01,GLD,0.24621645520257535,0.2500000000000002,-0.003783544797424876,False,growth_down_inflation_down,True,optimal
oracle_regime_pooled_relative_active_te100bp,oracle_infeasible_diagnostic,2023-06-19,2023-06-19,2023-06-20,2023-06-01,LQD,0.23899917630219292,0.2499825651601289,-0.010983388857935983,False,growth_down_inflation_down,True,optimal
oracle_regime_pooled_relative_active_te100bp,oracle_infeasible_diagnostic,2023-06-19,2023-06-19,2023-06-20,2023-06-01,AGG,0.0,0.0,0.0,False,growth_down_inflation_down,True,optimal
oracle_regime_pooled_relative_active_te100bp,oracle_infeasible_diagnostic,2023-06-26,2023-06-26,2023-06-26,2023-06-01,SPY,0.3032919799924159,0.35,-0.04670802000758406,False,growth_down_inflation_down,True,optimal
oracle_regime_pooled_relative_active_te100bp,oracle_infeasible_diagnostic,2023-06-26,2023-06-26,2023-06-26,2023-06-01,IEF,0.005425763237934729,0.0032678108819871,0.0021579523559476293,False,growth_down_inflation_down,True,optimal
oracle_regime_pooled_relative_active_te100bp,oracle_infeasible_diagnostic,2023-06-26,2023-06-26,2023-06-26,2023-06-01,TIP,0.02329623612728162,0.0,0.02329623612728162,False,growth_down_inflation_down,True,optimal
oracle_regime_pooled_relative_active_te100bp,oracle_infeasible_diagnostic,2023-06-26,2023-06-26,2023-06-26,2023-06-01,HYG,0.13368384786622703,0.1459082437373881,-0.012224395871161059,False,growth_down_inflation_down,True,optimal
oracle_regime_pooled_relative_active_te100bp,oracle_infeasible_diagnostic,2023-06-26,2023-06-26,2023-06-26,2023-06-01,BIL,0.04862195566068307,0.0,0.04862195566068307,False,growth_down_inflation_down,True,optimal
oracle_regime_pooled_relative_active_te100bp,oracle_infeasible_diagnostic,2023-06-26,2023-06-26,2023-06-26,2023-06-01,GLD,0.24536056811571777,0.2492948580166921,-0.00393428990097433,False,growth_down_inflation_down,True,optimal
oracle_regime_pooled_relative_active_te100bp,oracle_infeasible_diagnostic,2023-06-26,2023-06-26,2023-06-26,2023-06-01,LQD,0.24031964899973984,0.2515290873639325,-0.011209438364192637,False,growth_down_inflation_down,True,optimal
oracle_regime_pooled_relative_active_te100bp,oracle_infeasible_diagnostic,2023-06-26,2023-06-26,2023-06-26,2023-06-01,AGG,0.0,0.0,0.0,False,growth_down_inflation_down,True,optimal
oracle_regime_pooled_relative_active_te100bp,oracle_infeasible_diagnostic,2023-07-03,2023-07-03,2023-07-03,2023-07-01,SPY,0.30823070194520197,0.3499999999999997,-0.04176929805479773,False,growth_up_inflation_up,True,optimal
oracle_regime_pooled_relative_active_te100bp,oracle_infeasible_diagnostic,2023-07-03,2023-07-03,2023-07-03,2023-07-01,IEF,0.005340052177180703,0.0032118135876409,0.002128238589539803,False,growth_up_inflation_up,True,optimal
oracle_regime_pooled_relative_active_te100bp,oracle_infeasible_diagnostic,2023-07-03,2023-07-03,2023-07-03,2023-07-01,TIP,0.02300151182722365,0.0,0.02300151182722365,False,growth_up_inflation_up,True,optimal
oracle_regime_pooled_relative_active_te100bp,oracle_infeasible_diagnostic,2023-07-03,2023-07-03,2023-07-03,2023-07-01,HYG,0.13414820347260037,0.1472808446824203,-0.01313264120981994,False,growth_up_inflation_up,True,optimal
oracle_regime_pooled_relative_active_te100bp,oracle_infeasible_diagnostic,2023-07-03,2023-07-03,2023-07-03,2023-07-01,BIL,0.04826745374118932,0.0,0.04826745374118932,False,growth_up_inflation_up,True,optimal
oracle_regime_pooled_relative_active_te100bp,oracle_infeasible_diagnostic,2023-07-03,2023-07-03,2023-07-03,2023-07-01,GLD,0.24229931327499518,0.2499999999999998,-0.007700686725004624,False,growth_up_inflation_up,True,optimal
oracle_regime_pooled_relative_active_te100bp,oracle_infeasible_diagnostic,2023-07-03,2023-07-03,2023-07-03,2023-07-01,LQD,0.2387127635616087,0.2495073417299392,-0.010794578168330515,False,growth_up_inflation_up,True,optimal
oracle_regime_pooled_relative_active_te100bp,oracle_infeasible_diagnostic,2023-07-03,2023-07-03,2023-07-03,2023-07-01,AGG,0.0,0.0,0.0,False,growth_up_inflation_up,True,optimal
oracle_regime_pooled_relative_active_te100bp,oracle_infeasible_diagnostic,2023-07-10,2023-07-10,2023-07-10,2023-07-01,SPY,0.30827674114109316,0.3499999999999998,-0.04172325885890665,False,growth_up_inflation_up,True,optimal
oracle_regime_pooled_relative_active_te100bp,oracle_infeasible_diagnostic,2023-07-10,2023-07-10,2023-07-10,2023-07-01,IEF,0.0052971873599993915,0.0031875810631456,0.0021096062968537915,False,growth_up_inflation_up,True,optimal
oracle_regime_pooled_relative_active_te100bp,oracle_infeasible_diagnostic,2023-07-10,2023-07-10,2023-07-10,2023-07-01,TIP,0.022928753390538376,0.0,0.022928753390538376,False,growth_up_inflation_up,True,optimal
oracle_regime_pooled_relative_active_te100bp,oracle_infeasible_diagnostic,2023-07-10,2023-07-10,2023-07-10,2023-07-01,HYG,0.13399913313751213,0.1500000000000002,-0.016000866862488056,False,growth_up_inflation_up,True,optimal
oracle_regime_pooled_relative_active_te100bp,oracle_infeasible_diagnostic,2023-07-10,2023-07-10,2023-07-10,2023-07-01,BIL,0.04878770957388813,0.0,0.04878770957388813,False,growth_up_inflation_up,True,optimal
oracle_regime_pooled_relative_active_te100bp,oracle_infeasible_diagnostic,2023-07-10,2023-07-10,2023-07-10,2023-07-01,GLD,0.24479142758269948,0.2499999999999996,-0.0052085724173001335,False,growth_up_inflation_up,True,optimal
oracle_regime_pooled_relative_active_te100bp,oracle_infeasible_diagnostic,2023-07-10,2023-07-10,2023-07-10,2023-07-01,LQD,0.2359190478142695,0.2468124189368546,-0.010893371122585094,False,growth_up_inflation_up,True,optimal
oracle_regime_pooled_relative_active_te100bp,oracle_infeasible_diagnostic,2023-07-10,2023-07-10,2023-07-10,2023-07-01,AGG,0.0,0.0,0.0,False,growth_up_inflation_up,True,optimal
oracle_regime_pooled_relative_active_te100bp,oracle_infeasible_diagnostic,2023-07-17,2023-07-17,2023-07-17,2023-07-01,SPY,0.3103432370439519,0.3500000000000003,-0.03965676295604842,False,growth_up_inflation_up,True,optimal
oracle_regime_pooled_relative_active_te100bp,oracle_infeasible_diagnostic,2023-07-17,2023-07-17,2023-07-17,2023-07-01,IEF,0.005299210115673007,0.003184924493293,0.002114285622380007,False,growth_up_inflation_up,True,optimal
oracle_regime_pooled_relative_active_te100bp,oracle_infeasible_diagnostic,2023-07-17,2023-07-17,2023-07-17,2023-07-01,TIP,0.02276504119895526,0.0,0.02276504119895526,False,growth_up_inflation_up,True,optimal
oracle_regime_pooled_relative_active_te100bp,oracle_infeasible_diagnostic,2023-07-17,2023-07-17,2023-07-17,2023-07-01,HYG,0.1336647835125834,0.1500000000000001,-0.016335216487416704,False,growth_up_inflation_up,True,optimal
oracle_regime_pooled_relative_active_te100bp,oracle_infeasible_diagnostic,2023-07-17,2023-07-17,2023-07-17,2023-07-01,BIL,0.04794841107774332,0.0,0.04794841107774332,False,growth_up_inflation_up,True,optimal
oracle_regime_pooled_relative_active_te100bp,oracle_infeasible_diagnostic,2023-07-17,2023-07-17,2023-07-17,2023-07-01,GLD,0.24446711559856862,0.2499999999999988,-0.0055328844014301826,False,growth_up_inflation_up,True,optimal
oracle_regime_pooled_relative_active_te100bp,oracle_infeasible_diagnostic,2023-07-17,2023-07-17,2023-07-17,2023-07-01,LQD,0.23551220145252447,0.2468150755067078,-0.011302874054183343,False,growth_up_inflation_up,True,optimal
oracle_regime_pooled_relative_active_te100bp,oracle_infeasible_diagnostic,2023-07-17,2023-07-17,2023-07-17,2023-07-01,AGG,0.0,0.0,0.0,False,growth_up_inflation_up,True,optimal
oracle_regime_pooled_relative_active_te100bp,oracle_infeasible_diagnostic,2023-07-24,2023-07-24,2023-07-24,2023-07-01,SPY,0.3107220137384314,0.3500000000000002,-0.03927798626156881,False,growth_up_inflation_up,True,optimal
oracle_regime_pooled_relative_active_te100bp,oracle_infeasible_diagnostic,2023-07-24,2023-07-24,2023-07-24,2023-07-01,IEF,0.005261162381906376,0.0031610766139311,0.002100085767975276,False,growth_up_inflation_up,True,optimal
oracle_regime_pooled_relative_active_te100bp,oracle_infeasible_diagnostic,2023-07-24,2023-07-24,2023-07-24,2023-07-01,TIP,0.022723558213227517,0.0,0.022723558213227517,False,growth_up_inflation_up,True,optimal
oracle_regime_pooled_relative_active_te100bp,oracle_infeasible_diagnostic,2023-07-24,2023-07-24,2023-07-24,2023-07-01,HYG,0.1334742610541318,0.1500000000000006,-0.016525738945868812,False,growth_up_inflation_up,True,optimal
oracle_regime_pooled_relative_active_te100bp,oracle_infeasible_diagnostic,2023-07-24,2023-07-24,2023-07-24,2023-07-01,BIL,0.04771954935645304,0.0,0.04771954935645304,False,growth_up_inflation_up,True,optimal
oracle_regime_pooled_relative_active_te100bp,oracle_infeasible_diagnostic,2023-07-24,2023-07-24,2023-07-24,2023-07-01,GLD,0.2447130088264461,0.2500000000000002,-0.005286991173554134,False,growth_up_inflation_up,True,optimal
oracle_regime_pooled_relative_active_te100bp,oracle_infeasible_diagnostic,2023-07-24,2023-07-24,2023-07-24,2023-07-01,LQD,0.23538644642940382,0.2468389233860678,-0.011452476956663987,False,growth_up_inflation_up,True,optimal
oracle_regime_pooled_relative_active_te100bp,oracle_infeasible_diagnostic,2023-07-24,2023-07-24,2023-07-24,2023-07-01,AGG,0.0,0.0,0.0,False,growth_up_inflation_up,True,optimal
oracle_regime_pooled_relative_active_te100bp,oracle_infeasible_diagnostic,2023-07-31,2023-07-31,2023-07-31,2023-07-01,SPY,0.3130561743213788,0.3500000000000001,-0.03694382567862131,False,growth_up_inflation_up,True,optimal
oracle_regime_pooled_relative_active_te100bp,oracle_infeasible_diagnostic,2023-07-31,2023-07-31,2023-07-31,2023-07-01,IEF,0.005205604698445652,0.00312679691132,0.0020788077871256518,False,growth_up_inflation_up,True,optimal
oracle_regime_pooled_relative_active_te100bp,oracle_infeasible_diagnostic,2023-07-31,2023-07-31,2023-07-31,2023-07-01,TIP,0.02261715706852011,0.0,0.02261715706852011,False,growth_up_inflation_up,True,optimal
oracle_regime_pooled_relative_active_te100bp,oracle_infeasible_diagnostic,2023-07-31,2023-07-31,2023-07-31,2023-07-01,HYG,0.133237521246915,0.1500000000000003,-0.016762478753085286,False,growth_up_inflation_up,True,optimal
oracle_regime_pooled_relative_active_te100bp,oracle_infeasible_diagnostic,2023-07-31,2023-07-31,2023-07-31,2023-07-01,BIL,0.04774611136247106,0.0,0.04774611136247106,False,growth_up_inflation_up,True,optimal
oracle_regime_pooled_relative_active_te100bp,oracle_infeasible_diagnostic,2023-07-31,2023-07-31,2023-07-31,2023-07-01,GLD,0.2441524219116621,0.2500000000000007,-0.005847578088338634,False,growth_up_inflation_up,True,optimal
oracle_regime_pooled_relative_active_te100bp,oracle_infeasible_diagnostic,2023-07-31,2023-07-31,2023-07-31,2023-07-01,LQD,0.2339850093906073,0.2468732030886786,-0.012888193698071315,False,growth_up_inflation_up,True,optimal
oracle_regime_pooled_relative_active_te100bp,oracle_infeasible_diagnostic,2023-07-31,2023-07-31,2023-07-31,2023-07-01,AGG,0.0,0.0,0.0,False,growth_up_inflation_up,True,optimal
oracle_regime_pooled_relative_active_te100bp,oracle_infeasible_diagnostic,2023-08-07,2023-08-07,2023-08-07,2023-08-01,SPY,0.30488611267736504,0.3499999999999996,-0.04511388732263455,False,growth_down_inflation_up,True,optimal
oracle_regime_pooled_relative_active_te100bp,oracle_infeasible_diagnostic,2023-08-07,2023-08-07,2023-08-07,2023-08-01,IEF,0.005042116692386735,0.0024254442206354,0.002616672471751335,False,growth_down_inflation_up,True,optimal
oracle_regime_pooled_relative_active_te100bp,oracle_infeasible_diagnostic,2023-08-07,2023-08-07,2023-08-07,2023-08-01,TIP,0.02285027880412321,0.0,0.02285027880412321,False,growth_down_inflation_up,True,optimal
oracle_regime_pooled_relative_active_te100bp,oracle_infeasible_diagnostic,2023-08-07,2023-08-07,2023-08-07,2023-08-01,HYG,0.13437321522657086,0.1500000000000001,-0.015626784773429242,False,growth_down_inflation_up,True,optimal
oracle_regime_pooled_relative_active_te100bp,oracle_infeasible_diagnostic,2023-08-07,2023-08-07,2023-08-07,2023-08-01,BIL,0.04846886171124699,0.0,0.04846886171124699,False,growth_down_inflation_up,True,optimal
oracle_regime_pooled_relative_active_te100bp,oracle_infeasible_diagnostic,2023-08-07,2023-08-07,2023-08-07,2023-08-01,GLD,0.25,0.2499999999999997,3.0531133177191805e-16,False,growth_down_inflation_up,True,optimal
oracle_regime_pooled_relative_active_te100bp,oracle_infeasible_diagnostic,2023-08-07,2023-08-07,2023-08-07,2023-08-01,LQD,0.23437941488830719,0.247574555779365,-0.013195140891057805,False,growth_down_inflation_up,True,optimal
oracle_regime_pooled_relative_active_te100bp,oracle_infeasible_diagnostic,2023-08-07,2023-08-07,2023-08-07,2023-08-01,AGG,0.0,0.0,0.0,False,growth_down_inflation_up,True,optimal
oracle_regime_pooled_relative_active_te100bp,oracle_infeasible_diagnostic,2023-08-14,2023-08-14,2023-08-14,2023-08-01,SPY,0.30428257086417154,0.3499999999999993,-0.04571742913582777,False,growth_down_inflation_up,True,optimal
oracle_regime_pooled_relative_active_te100bp,oracle_infeasible_diagnostic,2023-08-14,2023-08-14,2023-08-14,2023-08-01,IEF,0.004098828026290539,0.002423528830853,0.0016752991954375389,False,growth_down_inflation_up,True,optimal
oracle_regime_pooled_relative_active_te100bp,oracle_infeasible_diagnostic,2023-08-14,2023-08-14,2023-08-14,2023-08-01,TIP,0.022881436537092206,0.0,0.022881436537092206,False,growth_down_inflation_up,True,optimal
oracle_regime_pooled_relative_active_te100bp,oracle_infeasible_diagnostic,2023-08-14,2023-08-14,2023-08-14,2023-08-01,HYG,0.13544289034079712,0.1500000000000002,-0.014557109659203066,False,growth_down_inflation_up,True,optimal
oracle_regime_pooled_relative_active_te100bp,oracle_infeasible_diagnostic,2023-08-14,2023-08-14,2023-08-14,2023-08-01,BIL,0.04887127268013155,0.0,0.04887127268013155,False,growth_down_inflation_up,True,optimal
oracle_regime_pooled_relative_active_te100bp,oracle_infeasible_diagnostic,2023-08-14,2023-08-14,2023-08-14,2023-08-01,GLD,0.25,0.249886758060527,0.00011324193947301331,False,growth_down_inflation_up,True,optimal
oracle_regime_pooled_relative_active_te100bp,oracle_infeasible_diagnostic,2023-08-14,2023-08-14,2023-08-14,2023-08-01,LQD,0.23442300155151702,0.2476897131086204,-0.013266711557103378,False,growth_down_inflation_up,True,optimal
oracle_regime_pooled_relative_active_te100bp,oracle_infeasible_diagnostic,2023-08-14,2023-08-14,2023-08-14,2023-08-01,AGG,0.0,0.0,0.0,False,growth_down_inflation_up,True,optimal
oracle_regime_pooled_relative_active_te100bp,oracle_infeasible_diagnostic,2023-08-21,2023-08-21,2023-08-21,2023-08-01,SPY,0.304088075774275,0.3500000000000002,-0.04591192422572521,False,growth_down_inflation_up,True,optimal
oracle_regime_pooled_relative_active_te100bp,oracle_infeasible_diagnostic,2023-08-21,2023-08-21,2023-08-21,2023-08-01,IEF,0.0026557227841314205,0.0014929437502228,0.0011627790339086206,False,growth_down_inflation_up,True,optimal
oracle_regime_pooled_relative_active_te100bp,oracle_infeasible_diagnostic,2023-08-21,2023-08-21,2023-08-21,2023-08-01,TIP,0.022986184471754656,0.0,0.022986184471754656,False,growth_down_inflation_up,True,optimal
oracle_regime_pooled_relative_active_te100bp,oracle_infeasible_diagnostic,2023-08-21,2023-08-21,2023-08-21,2023-08-01,HYG,0.13583798849600687,0.15,-0.014162011503993127,False,growth_down_inflation_up,True,optimal
oracle_regime_pooled_relative_active_te100bp,oracle_infeasible_diagnostic,2023-08-21,2023-08-21,2023-08-21,2023-08-01,BIL,0.04946593561392009,0.0,0.04946593561392009,False,growth_down_inflation_up,True,optimal
oracle_regime_pooled_relative_active_te100bp,oracle_infeasible_diagnostic,2023-08-21,2023-08-21,2023-08-21,2023-08-01,GLD,0.25,0.2500000000000002,-2.220446049250313e-16,False,growth_down_inflation_up,True,optimal
oracle_regime_pooled_relative_active_te100bp,oracle_infeasible_diagnostic,2023-08-21,2023-08-21,2023-08-21,2023-08-01,LQD,0.23496609285991202,0.2485070562497767,-0.013540963389864685,False,growth_down_inflation_up,True,optimal
oracle_regime_pooled_relative_active_te100bp,oracle_infeasible_diagnostic,2023-08-21,2023-08-21,2023-08-21,2023-08-01,AGG,0.0,0.0,0.0,False,growth_down_inflation_up,True,optimal
oracle_regime_pooled_relative_active_te100bp,oracle_infeasible_diagnostic,2023-08-28,2023-08-28,2023-08-28,2023-08-01,SPY,0.30408422503506677,0.3499999999999996,-0.04591577496493282,False,growth_down_inflation_up,True,optimal
oracle_regime_pooled_relative_active_te100bp,oracle_infeasible_diagnostic,2023-08-28,2023-08-28,2023-08-28,2023-08-01,IEF,0.002181310208541895,0.000699468722821,0.0014818414857208947,False,growth_down_inflation_up,True,optimal
oracle_regime_pooled_relative_active_te100bp,oracle_infeasible_diagnostic,2023-08-28,2023-08-28,2023-08-28,2023-08-01,TIP,0.022951418342457456,0.0,0.022951418342457456,False,growth_down_inflation_up,True,optimal
oracle_regime_pooled_relative_active_te100bp,oracle_infeasible_diagnostic,2023-08-28,2023-08-28,2023-08-28,2023-08-01,HYG,0.13568296287045026,0.1497809603545014,-0.014097997484051134,False,growth_down_inflation_up,True,optimal
oracle_regime_pooled_relative_active_te100bp,oracle_infeasible_diagnostic,2023-08-28,2023-08-28,2023-08-28,2023-08-01,BIL,0.04910127506823641,0.0,0.04910127506823641,False,growth_down_inflation_up,True,optimal
oracle_regime_pooled_relative_active_te100bp,oracle_infeasible_diagnostic,2023-08-28,2023-08-28,2023-08-28,2023-08-01,GLD,0.25,0.2499999999999997,3.0531133177191805e-16,False,growth_down_inflation_up,True,optimal
oracle_regime_pooled_relative_active_te100bp,oracle_infeasible_diagnostic,2023-08-28,2023-08-28,2023-08-28,2023-08-01,LQD,0.23599880847524723,0.2495195709226781,-0.013520762447430862,False,growth_down_inflation_up,True,optimal
oracle_regime_pooled_relative_active_te100bp,oracle_infeasible_diagnostic,2023-08-28,2023-08-28,2023-08-28,2023-08-01,AGG,0.0,0.0,0.0,False,growth_down_inflation_up,True,optimal
oracle_regime_pooled_relative_active_te100bp,oracle_infeasible_diagnostic,2023-09-04,2023-09-04,2023-09-05,2023-09-01,SPY,0.30700793584326685,0.3499999999999996,-0.042992064156732734,False,growth_up_inflation_up,True,optimal
oracle_regime_pooled_relative_active_te100bp,oracle_infeasible_diagnostic,2023-09-04,2023-09-04,2023-09-05,2023-09-01,IEF,0.0021657352040266938,0.0006937986575825,0.0014719365464441938,False,growth_up_inflation_up,True,optimal
oracle_regime_pooled_relative_active_te100bp,oracle_infeasible_diagnostic,2023-09-04,2023-09-04,2023-09-05,2023-09-01,TIP,0.023518218857763,0.0,0.023518218857763,False,growth_up_inflation_up,True,optimal
oracle_regime_pooled_relative_active_te100bp,oracle_infeasible_diagnostic,2023-09-04,2023-09-04,2023-09-05,2023-09-01,HYG,0.13520528604388,0.150000000000001,-0.014794713956121003,False,growth_up_inflation_up,True,optimal
oracle_regime_pooled_relative_active_te100bp,oracle_infeasible_diagnostic,2023-09-04,2023-09-04,2023-09-05,2023-09-01,BIL,0.04864035311042108,0.0,0.04864035311042108,False,growth_up_inflation_up,True,optimal
oracle_regime_pooled_relative_active_te100bp,oracle_infeasible_diagnostic,2023-09-04,2023-09-04,2023-09-05,2023-09-01,GLD,0.24999999999999994,0.2500000000000005,-5.551115123125783e-16,False,growth_up_inflation_up,True,optimal
oracle_regime_pooled_relative_active_te100bp,oracle_infeasible_diagnostic,2023-09-04,2023-09-04,2023-09-05,2023-09-01,LQD,0.23346247094064232,0.2493062013424163,-0.015843730401773976,False,growth_up_inflation_up,True,optimal
oracle_regime_pooled_relative_active_te100bp,oracle_infeasible_diagnostic,2023-09-04,2023-09-04,2023-09-05,2023-09-01,AGG,0.0,0.0,0.0,False,growth_up_inflation_up,True,optimal
oracle_regime_pooled_relative_active_te100bp,oracle_infeasible_diagnostic,2023-09-11,2023-09-11,2023-09-11,2023-09-01,SPY,0.3052278952637551,0.3499999999999997,-0.0447721047362446,False,growth_up_inflation_up,True,optimal
oracle_regime_pooled_relative_active_te100bp,oracle_infeasible_diagnostic,2023-09-11,2023-09-11,2023-09-11,2023-09-01,IEF,0.00217370944692111,0.0,0.00217370944692111,False,growth_up_inflation_up,True,optimal
oracle_regime_pooled_relative_active_te100bp,oracle_infeasible_diagnostic,2023-09-11,2023-09-11,2023-09-11,2023-09-01,TIP,0.023716019933093923,0.0,0.023716019933093923,False,growth_up_inflation_up,True,optimal
oracle_regime_pooled_relative_active_te100bp,oracle_infeasible_diagnostic,2023-09-11,2023-09-11,2023-09-11,2023-09-01,HYG,0.13537647195584893,0.1499999999999999,-0.014623528044150985,False,growth_up_inflation_up,True,optimal
oracle_regime_pooled_relative_active_te100bp,oracle_infeasible_diagnostic,2023-09-11,2023-09-11,2023-09-11,2023-09-01,BIL,0.04895592694051197,0.0,0.04895592694051197,False,growth_up_inflation_up,True,optimal
oracle_regime_pooled_relative_active_te100bp,oracle_infeasible_diagnostic,2023-09-11,2023-09-11,2023-09-11,2023-09-01,GLD,0.2497043789110573,0.2498681592951552,-0.0001637803840979224,False,growth_up_inflation_up,True,optimal
oracle_regime_pooled_relative_active_te100bp,oracle_infeasible_diagnostic,2023-09-11,2023-09-11,2023-09-11,2023-09-01,LQD,0.23484559754881176,0.2501318407048452,-0.015286243156033413,False,growth_up_inflation_up,True,optimal
oracle_regime_pooled_relative_active_te100bp,oracle_infeasible_diagnostic,2023-09-11,2023-09-11,2023-09-11,2023-09-01,AGG,0.0,0.0,0.0,False,growth_up_inflation_up,True,optimal
oracle_regime_pooled_relative_active_te100bp,oracle_infeasible_diagnostic,2023-09-18,2023-09-18,2023-09-18,2023-09-01,SPY,0.3043572251943742,0.3499999999999996,-0.0456427748056254,False,growth_up_inflation_up,True,optimal
oracle_regime_pooled_relative_active_te100bp,oracle_infeasible_diagnostic,2023-09-18,2023-09-18,2023-09-18,2023-09-01,IEF,0.002176787078135743,0.0,0.002176787078135743,False,growth_up_inflation_up,True,optimal
oracle_regime_pooled_relative_active_te100bp,oracle_infeasible_diagnostic,2023-09-18,2023-09-18,2023-09-18,2023-09-01,TIP,0.023774059011696755,0.0,0.023774059011696755,False,growth_up_inflation_up,True,optimal
oracle_regime_pooled_relative_active_te100bp,oracle_infeasible_diagnostic,2023-09-18,2023-09-18,2023-09-18,2023-09-01,HYG,0.13574305909508946,0.1500000000000004,-0.014256940904910947,False,growth_up_inflation_up,True,optimal
oracle_regime_pooled_relative_active_te100bp,oracle_infeasible_diagnostic,2023-09-18,2023-09-18,2023-09-18,2023-09-01,BIL,0.04917868146124195,0.0,0.04917868146124195,False,growth_up_inflation_up,True,optimal
oracle_regime_pooled_relative_active_te100bp,oracle_infeasible_diagnostic,2023-09-18,2023-09-18,2023-09-18,2023-09-01,GLD,0.2497665727142768,0.2499999999999997,-0.00023342728572289806,False,growth_up_inflation_up,True,optimal
oracle_regime_pooled_relative_active_te100bp,oracle_infeasible_diagnostic,2023-09-18,2023-09-18,2023-09-18,2023-09-01,LQD,0.2350036154451851,0.2500000000000002,-0.014996384554815112,False,growth_up_inflation_up,True,optimal
oracle_regime_pooled_relative_active_te100bp,oracle_infeasible_diagnostic,2023-09-18,2023-09-18,2023-09-18,2023-09-01,AGG,0.0,0.0,0.0,False,growth_up_inflation_up,True,optimal
oracle_regime_pooled_relative_active_te100bp,oracle_infeasible_diagnostic,2023-09-25,2023-09-25,2023-09-25,2023-09-01,SPY,0.3040909385532453,0.3500000000000005,-0.04590906144675516,False,growth_up_inflation_up,True,optimal
oracle_regime_pooled_relative_active_te100bp,oracle_infeasible_diagnostic,2023-09-25,2023-09-25,2023-09-25,2023-09-01,IEF,0.0013042889641734362,0.0,0.0013042889641734362,False,growth_up_inflation_up,True,optimal
oracle_regime_pooled_relative_active_te100bp,oracle_infeasible_diagnostic,2023-09-25,2023-09-25,2023-09-25,2023-09-01,TIP,0.023927945136793586,0.0,0.023927945136793586,False,growth_up_inflation_up,True,optimal
oracle_regime_pooled_relative_active_te100bp,oracle_infeasible_diagnostic,2023-09-25,2023-09-25,2023-09-25,2023-09-01,HYG,0.13620994937543282,0.1500000000000002,-0.013790050624567368,False,growth_up_inflation_up,True,optimal
oracle_regime_pooled_relative_active_te100bp,oracle_infeasible_diagnostic,2023-09-25,2023-09-25,2023-09-25,2023-09-01,BIL,0.04975261556629826,0.0,0.04975261556629826,False,growth_up_inflation_up,True,optimal
oracle_regime_pooled_relative_active_te100bp,oracle_infeasible_diagnostic,2023-09-25,2023-09-25,2023-09-25,2023-09-01,GLD,0.25,0.2500000000000004,-3.885780586188048e-16,False,growth_up_inflation_up,True,optimal
oracle_regime_pooled_relative_active_te100bp,oracle_infeasible_diagnostic,2023-09-25,2023-09-25,2023-09-25,2023-09-01,LQD,0.2347142624040566,0.2499999999999989,-0.01528573759594229,False,growth_up_inflation_up,True,optimal
oracle_regime_pooled_relative_active_te100bp,oracle_infeasible_diagnostic,2023-09-25,2023-09-25,2023-09-25,2023-09-01,AGG,0.0,0.0,0.0,False,growth_up_inflation_up,True,optimal
oracle_regime_pooled_relative_active_te100bp,oracle_infeasible_diagnostic,2023-10-02,2023-10-02,2023-10-02,2023-10-01,SPY,0.30319450506371487,0.3499999999999996,-0.04680549493628472,False,growth_down_inflation_up,True,optimal
oracle_regime_pooled_relative_active_te100bp,oracle_infeasible_diagnostic,2023-10-02,2023-10-02,2023-10-02,2023-10-01,IEF,5.978095829158305e-17,0.0,5.978095829158305e-17,False,growth_down_inflation_up,True,optimal
oracle_regime_pooled_relative_active_te100bp,oracle_infeasible_diagnostic,2023-10-02,2023-10-02,2023-10-02,2023-10-01,TIP,0.024167778067084686,0.0,0.024167778067084686,False,growth_down_inflation_up,True,optimal
oracle_regime_pooled_relative_active_te100bp,oracle_infeasible_diagnostic,2023-10-02,2023-10-02,2023-10-02,2023-10-01,HYG,0.13791087779076644,0.1500000000000008,-0.01208912220923436,False,growth_down_inflation_up,True,optimal
oracle_regime_pooled_relative_active_te100bp,oracle_infeasible_diagnostic,2023-10-02,2023-10-02,2023-10-02,2023-10-01,BIL,0.05,0.0,0.05,False,growth_down_inflation_up,True,optimal
oracle_regime_pooled_relative_active_te100bp,oracle_infeasible_diagnostic,2023-10-02,2023-10-02,2023-10-02,2023-10-01,GLD,0.25,0.2490503941572275,0.0009496058427725107,False,growth_down_inflation_up,True,optimal
oracle_regime_pooled_relative_active_te100bp,oracle_infeasible_diagnostic,2023-10-02,2023-10-02,2023-10-02,2023-10-01,LQD,0.23472683907843392,0.2509496058427721,-0.016222766764338176,False,growth_down_inflation_up,True,optimal
oracle_regime_pooled_relative_active_te100bp,oracle_infeasible_diagnostic,2023-10-02,2023-10-02,2023-10-02,2023-10-01,AGG,0.0,0.0,0.0,False,growth_down_inflation_up,True,optimal
oracle_regime_pooled_relative_active_te100bp,oracle_infeasible_diagnostic,2023-10-09,2023-10-09,2023-10-09,2023-10-01,SPY,0.30358822090574583,0.3499999999999997,-0.04641177909425387,False,growth_down_inflation_up,True,optimal
oracle_regime_pooled_relative_active_te100bp,oracle_infeasible_diagnostic,2023-10-09,2023-10-09,2023-10-09,2023-10-01,IEF,3.585953374177531e-17,0.0,3.585953374177531e-17,False,growth_down_inflation_up,True,optimal
oracle_regime_pooled_relative_active_te100bp,oracle_infeasible_diagnostic,2023-10-09,2023-10-09,2023-10-09,2023-10-01,TIP,0.026341789165796693,0.0,0.026341789165796693,False,growth_down_inflation_up,True,optimal
oracle_regime_pooled_relative_active_te100bp,oracle_infeasible_diagnostic,2023-10-09,2023-10-09,2023-10-09,2023-10-01,HYG,0.13746239044775974,0.1500000000000002,-0.012537609552240453,False,growth_down_inflation_up,True,optimal
oracle_regime_pooled_relative_active_te100bp,oracle_infeasible_diagnostic,2023-10-09,2023-10-09,2023-10-09,2023-10-01,BIL,0.04999999999999981,0.0,0.04999999999999981,False,growth_down_inflation_up,True,optimal
oracle_regime_pooled_relative_active_te100bp,oracle_infeasible_diagnostic,2023-10-09,2023-10-09,2023-10-09,2023-10-01,GLD,0.24999999999999997,0.2499999999999996,3.608224830031759e-16,False,growth_down_inflation_up,True,optimal
oracle_regime_pooled_relative_active_te100bp,oracle_infeasible_diagnostic,2023-10-09,2023-10-09,2023-10-09,2023-10-01,LQD,0.23260759948069795,0.2500000000000004,-0.017392400519302437,False,growth_down_inflation_up,True,optimal
oracle_regime_pooled_relative_active_te100bp,oracle_infeasible_diagnostic,2023-10-09,2023-10-09,2023-10-09,2023-10-01,AGG,0.0,0.0,0.0,False,growth_down_inflation_up,True,optimal
oracle_regime_pooled_relative_active_te100bp,oracle_infeasible_diagnostic,2023-10-16,2023-10-16,2023-10-16,2023-10-01,SPY,0.30174276604155,0.35,-0.048257233958449997,False,growth_down_inflation_up,True,optimal
oracle_regime_pooled_relative_active_te100bp,oracle_infeasible_diagnostic,2023-10-16,2023-10-16,2023-10-16,2023-10-01,IEF,0.0,0.0,0.0,False,growth_down_inflation_up,True,optimal
oracle_regime_pooled_relative_active_te100bp,oracle_infeasible_diagnostic,2023-10-16,2023-10-16,2023-10-16,2023-10-01,TIP,0.026163412248139326,0.0,0.026163412248139326,False,growth_down_inflation_up,True,optimal
oracle_regime_pooled_relative_active_te100bp,oracle_infeasible_diagnostic,2023-10-16,2023-10-16,2023-10-16,2023-10-01,HYG,0.14196136042265425,0.1499999999999996,-0.008038639577345352,False,growth_down_inflation_up,True,optimal
oracle_regime_pooled_relative_active_te100bp,oracle_infeasible_diagnostic,2023-10-16,2023-10-16,2023-10-16,2023-10-01,BIL,0.049234805022002066,0.0,0.049234805022002066,False,growth_down_inflation_up,True,optimal
oracle_regime_pooled_relative_active_te100bp,oracle_infeasible_diagnostic,2023-10-16,2023-10-16,2023-10-16,2023-10-01,GLD,0.25,0.25,0.0,False,growth_down_inflation_up,True,optimal
oracle_regime_pooled_relative_active_te100bp,oracle_infeasible_diagnostic,2023-10-16,2023-10-16,2023-10-16,2023-10-01,LQD,0.2308976562656545,0.2500000000000002,-0.019102343734345717,False,growth_down_inflation_up,True,optimal
oracle_regime_pooled_relative_active_te100bp,oracle_infeasible_diagnostic,2023-10-16,2023-10-16,2023-10-16,2023-10-01,AGG,0.0,0.0,0.0,False,growth_down_inflation_up,True,optimal
oracle_regime_pooled_relative_active_te100bp,oracle_infeasible_diagnostic,2023-10-23,2023-10-23,2023-10-23,2023-10-01,SPY,0.30039155887752894,0.35,-0.049608441122471036,False,growth_down_inflation_up,True,optimal
oracle_regime_pooled_relative_active_te100bp,oracle_infeasible_diagnostic,2023-10-23,2023-10-23,2023-10-23,2023-10-01,IEF,0.0,0.0,0.0,False,growth_down_inflation_up,True,optimal
oracle_regime_pooled_relative_active_te100bp,oracle_infeasible_diagnostic,2023-10-23,2023-10-23,2023-10-23,2023-10-01,TIP,0.02624693145871014,0.0,0.02624693145871014,False,growth_down_inflation_up,True,optimal
oracle_regime_pooled_relative_active_te100bp,oracle_infeasible_diagnostic,2023-10-23,2023-10-23,2023-10-23,2023-10-01,HYG,0.14610898856930477,0.1499999999999993,-0.0038910114306945354,False,growth_down_inflation_up,True,optimal
oracle_regime_pooled_relative_active_te100bp,oracle_infeasible_diagnostic,2023-10-23,2023-10-23,2023-10-23,2023-10-01,BIL,0.04963157658228622,0.0,0.04963157658228622,False,growth_down_inflation_up,True,optimal
oracle_regime_pooled_relative_active_te100bp,oracle_infeasible_diagnostic,2023-10-23,2023-10-23,2023-10-23,2023-10-01,GLD,0.25,0.25,0.0,False,growth_down_inflation_up,True,optimal
oracle_regime_pooled_relative_active_te100bp,oracle_infeasible_diagnostic,2023-10-23,2023-10-23,2023-10-23,2023-10-01,LQD,0.22762094451216996,0.2500000000000006,-0.022379055487830646,False,growth_down_inflation_up,True,optimal
oracle_regime_pooled_relative_active_te100bp,oracle_infeasible_diagnostic,2023-10-23,2023-10-23,2023-10-23,2023-10-01,AGG,0.0,0.0,0.0,False,growth_down_inflation_up,True,optimal
oracle_regime_pooled_relative_active_te100bp,oracle_infeasible_diagnostic,2023-10-30,2023-10-30,2023-10-30,2023-10-01,SPY,0.2999999999999997,0.3499999999999996,-0.04999999999999988,False,growth_down_inflation_up,True,optimal
oracle_regime_pooled_relative_active_te100bp,oracle_infeasible_diagnostic,2023-10-30,2023-10-30,2023-10-30,2023-10-01,IEF,1.8407347364864504e-18,0.0,1.8407347364864504e-18,False,growth_down_inflation_up,True,optimal
oracle_regime_pooled_relative_active_te100bp,oracle_infeasible_diagnostic,2023-10-30,2023-10-30,2023-10-30,2023-10-01,TIP,0.026382918109366327,0.0,0.026382918109366327,False,growth_down_inflation_up,True,optimal
oracle_regime_pooled_relative_active_te100bp,oracle_infeasible_diagnostic,2023-10-30,2023-10-30,2023-10-30,2023-10-01,HYG,0.1470911654596373,0.1500000000000002,-0.0029088345403628924,False,growth_down_inflation_up,True,optimal
oracle_regime_pooled_relative_active_te100bp,oracle_infeasible_diagnostic,2023-10-30,2023-10-30,2023-10-30,2023-10-01,BIL,0.04960103858171256,0.0,0.04960103858171256,False,growth_down_inflation_up,True,optimal
oracle_regime_pooled_relative_active_te100bp,oracle_infeasible_diagnostic,2023-10-30,2023-10-30,2023-10-30,2023-10-01,GLD,0.25000000000000006,0.2499999999999997,3.608224830031759e-16,False,growth_down_inflation_up,True,optimal
oracle_regime_pooled_relative_active_te100bp,oracle_infeasible_diagnostic,2023-10-30,2023-10-30,2023-10-30,2023-10-01,LQD,0.2269248778492842,0.2500000000000003,-0.023075122150716082,False,growth_down_inflation_up,True,optimal
oracle_regime_pooled_relative_active_te100bp,oracle_infeasible_diagnostic,2023-10-30,2023-10-30,2023-10-30,2023-10-01,AGG,0.0,0.0,0.0,False,growth_down_inflation_up,True,optimal
oracle_regime_pooled_relative_active_te100bp,oracle_infeasible_diagnostic,2023-11-06,2023-11-06,2023-11-06,2023-11-01,SPY,0.30716206765143494,0.3499999999999996,-0.042837932348564645,False,growth_up_inflation_up,True,optimal
oracle_regime_pooled_relative_active_te100bp,oracle_infeasible_diagnostic,2023-11-06,2023-11-06,2023-11-06,2023-11-01,IEF,1.8379799479690727e-18,0.0,1.8379799479690727e-18,False,growth_up_inflation_up,True,optimal
oracle_regime_pooled_relative_active_te100bp,oracle_infeasible_diagnostic,2023-11-06,2023-11-06,2023-11-06,2023-11-01,TIP,0.026159515737583787,0.0,0.026159515737583787,False,growth_up_inflation_up,True,optimal
oracle_regime_pooled_relative_active_te100bp,oracle_infeasible_diagnostic,2023-11-06,2023-11-06,2023-11-06,2023-11-01,HYG,0.14815375712655124,0.1499999999999997,-0.0018462428734484504,False,growth_up_inflation_up,True,optimal
oracle_regime_pooled_relative_active_te100bp,oracle_infeasible_diagnostic,2023-11-06,2023-11-06,2023-11-06,2023-11-01,BIL,0.04835776429435577,0.0,0.04835776429435577,False,growth_up_inflation_up,True,optimal
oracle_regime_pooled_relative_active_te100bp,oracle_infeasible_diagnostic,2023-11-06,2023-11-06,2023-11-06,2023-11-01,GLD,0.24254151982255834,0.2499166507560891,-0.00737513093353076,False,growth_up_inflation_up,True,optimal
oracle_regime_pooled_relative_active_te100bp,oracle_infeasible_diagnostic,2023-11-06,2023-11-06,2023-11-06,2023-11-01,LQD,0.22762537536751604,0.2500833492439115,-0.022457973876395476,False,growth_up_inflation_up,True,optimal
oracle_regime_pooled_relative_active_te100bp,oracle_infeasible_diagnostic,2023-11-06,2023-11-06,2023-11-06,2023-11-01,AGG,0.0,0.0,0.0,False,growth_up_inflation_up,True,optimal
oracle_regime_pooled_relative_active_te100bp,oracle_infeasible_diagnostic,2023-11-13,2023-11-13,2023-11-13,2023-11-01,SPY,0.3113833440720144,0.3500000000000003,-0.03861665592798591,False,growth_up_inflation_up,True,optimal
oracle_regime_pooled_relative_active_te100bp,oracle_infeasible_diagnostic,2023-11-13,2023-11-13,2023-11-13,2023-11-01,IEF,1.8392853205851208e-18,0.0,1.8392853205851208e-18,False,growth_up_inflation_up,True,optimal
oracle_regime_pooled_relative_active_te100bp,oracle_infeasible_diagnostic,2023-11-13,2023-11-13,2023-11-13,2023-11-01,TIP,0.026101372955389175,0.0,0.026101372955389175,False,growth_up_inflation_up,True,optimal
oracle_regime_pooled_relative_active_te100bp,oracle_infeasible_diagnostic,2023-11-13,2023-11-13,2023-11-13,2023-11-01,HYG,0.14807792057409813,0.149851355474939,-0.0017734349008408645,False,growth_up_inflation_up,True,optimal
oracle_regime_pooled_relative_active_te100bp,oracle_infeasible_diagnostic,2023-11-13,2023-11-13,2023-11-13,2023-11-01,BIL,0.048492834251093964,0.0,0.048492834251093964,False,growth_up_inflation_up,True,optimal
oracle_regime_pooled_relative_active_te100bp,oracle_infeasible_diagnostic,2023-11-13,2023-11-13,2023-11-13,2023-11-01,GLD,0.23689636129183508,0.2486227504496335,-0.011726389157798417,False,growth_up_inflation_up,True,optimal
oracle_regime_pooled_relative_active_te100bp,oracle_infeasible_diagnostic,2023-11-13,2023-11-13,2023-11-13,2023-11-01,LQD,0.2290481668555693,0.251525894075427,-0.02247772721985772,False,growth_up_inflation_up,True,optimal
oracle_regime_pooled_relative_active_te100bp,oracle_infeasible_diagnostic,2023-11-13,2023-11-13,2023-11-13,2023-11-01,AGG,0.0,0.0,0.0,False,growth_up_inflation_up,True,optimal
oracle_regime_pooled_relative_active_te100bp,oracle_infeasible_diagnostic,2023-11-20,2023-11-20,2023-11-20,2023-11-01,SPY,0.3127299736640526,0.3499999999999992,-0.037270026335946616,False,growth_up_inflation_up,True,optimal
oracle_regime_pooled_relative_active_te100bp,oracle_infeasible_diagnostic,2023-11-20,2023-11-20,2023-11-20,2023-11-01,IEF,1.8335563574240457e-18,0.0,1.8335563574240457e-18,False,growth_up_inflation_up,True,optimal
oracle_regime_pooled_relative_active_te100bp,oracle_infeasible_diagnostic,2023-11-20,2023-11-20,2023-11-20,2023-11-01,TIP,0.025828842315880167,0.0,0.025828842315880167,False,growth_up_inflation_up,True,optimal
oracle_regime_pooled_relative_active_te100bp,oracle_infeasible_diagnostic,2023-11-20,2023-11-20,2023-11-20,2023-11-01,HYG,0.1468290782587564,0.1483634904761224,-0.001534412217365999,False,growth_up_inflation_up,True,optimal
oracle_regime_pooled_relative_active_te100bp,oracle_infeasible_diagnostic,2023-11-20,2023-11-20,2023-11-20,2023-11-01,BIL,0.04750026857574341,0.0,0.04750026857574341,False,growth_up_inflation_up,True,optimal
oracle_regime_pooled_relative_active_te100bp,oracle_infeasible_diagnostic,2023-11-20,2023-11-20,2023-11-20,2023-11-01,GLD,0.23733734461217168,0.2496935086291109,-0.01235616401693923,False,growth_up_inflation_up,True,optimal
oracle_regime_pooled_relative_active_te100bp,oracle_infeasible_diagnostic,2023-11-20,2023-11-20,2023-11-20,2023-11-01,LQD,0.22977449257339574,0.2519430008947673,-0.022168508321371544,False,growth_up_inflation_up,True,optimal
oracle_regime_pooled_relative_active_te100bp,oracle_infeasible_diagnostic,2023-11-20,2023-11-20,2023-11-20,2023-11-01,AGG,0.0,0.0,0.0,False,growth_up_inflation_up,True,optimal
oracle_regime_pooled_relative_active_te100bp,oracle_infeasible_diagnostic,2023-11-27,2023-11-27,2023-11-27,2023-11-01,SPY,0.31316219731937506,0.35,-0.03683780268062492,False,growth_up_inflation_up,True,optimal
oracle_regime_pooled_relative_active_te100bp,oracle_infeasible_diagnostic,2023-11-27,2023-11-27,2023-11-27,2023-11-01,IEF,1.8154770310787675e-18,0.0,1.8154770310787675e-18,False,growth_up_inflation_up,True,optimal
oracle_regime_pooled_relative_active_te100bp,oracle_infeasible_diagnostic,2023-11-27,2023-11-27,2023-11-27,2023-11-01,TIP,0.02557148280507475,0.0,0.02557148280507475,False,growth_up_inflation_up,True,optimal
oracle_regime_pooled_relative_active_te100bp,oracle_infeasible_diagnostic,2023-11-27,2023-11-27,2023-11-27,2023-11-01,HYG,0.14617374242729794,0.1494250091944588,-0.0032512667671608653,False,growth_up_inflation_up,True,optimal
oracle_regime_pooled_relative_active_te100bp,oracle_infeasible_diagnostic,2023-11-27,2023-11-27,2023-11-27,2023-11-01,BIL,0.04710351836817496,0.0,0.04710351836817496,False,growth_up_inflation_up,True,optimal
oracle_regime_pooled_relative_active_te100bp,oracle_infeasible_diagnostic,2023-11-27,2023-11-27,2023-11-27,2023-11-01,GLD,0.23930312987452723,0.25,-0.010696870125472768,False,growth_up_inflation_up,True,optimal
oracle_regime_pooled_relative_active_te100bp,oracle_infeasible_diagnostic,2023-11-27,2023-11-27,2023-11-27,2023-11-01,LQD,0.2286859292055501,0.2505749908055413,-0.02188906159999121,False,growth_up_inflation_up,True,optimal
oracle_regime_pooled_relative_active_te100bp,oracle_infeasible_diagnostic,2023-11-27,2023-11-27,2023-11-27,2023-11-01,AGG,0.0,0.0,0.0,False,growth_up_inflation_up,True,optimal
oracle_regime_pooled_relative_active_te100bp,oracle_infeasible_diagnostic,2023-12-04,2023-12-04,2023-12-04,2023-12-01,SPY,0.31048412429174815,0.3500000000000003,-0.03951587570825216,False,growth_up_inflation_up,True,optimal
oracle_regime_pooled_relative_active_te100bp,oracle_infeasible_diagnostic,2023-12-04,2023-12-04,2023-12-04,2023-12-01,IEF,1.8160425637462288e-18,0.0,1.8160425637462288e-18,False,growth_up_inflation_up,True,optimal
oracle_regime_pooled_relative_active_te100bp,oracle_infeasible_diagnostic,2023-12-04,2023-12-04,2023-12-04,2023-12-01,TIP,0.025428699362250763,0.0,0.025428699362250763,False,growth_up_inflation_up,True,optimal
oracle_regime_pooled_relative_active_te100bp,oracle_infeasible_diagnostic,2023-12-04,2023-12-04,2023-12-04,2023-12-01,HYG,0.14607712933025654,0.149197251170029,-0.0031201218397724495,False,growth_up_inflation_up,True,optimal
oracle_regime_pooled_relative_active_te100bp,oracle_infeasible_diagnostic,2023-12-04,2023-12-04,2023-12-04,2023-12-01,BIL,0.04629292202543807,0.0,0.04629292202543807,False,growth_up_inflation_up,True,optimal
oracle_regime_pooled_relative_active_te100bp,oracle_infeasible_diagnostic,2023-12-04,2023-12-04,2023-12-04,2023-12-01,GLD,0.2418207856742949,0.2500000000000002,-0.008179214325705314,False,growth_up_inflation_up,True,optimal
oracle_regime_pooled_relative_active_te100bp,oracle_infeasible_diagnostic,2023-12-04,2023-12-04,2023-12-04,2023-12-01,LQD,0.22989633931601156,0.2508027488299705,-0.020906409513958946,False,growth_up_inflation_up,True,optimal
oracle_regime_pooled_relative_active_te100bp,oracle_infeasible_diagnostic,2023-12-04,2023-12-04,2023-12-04,2023-12-01,AGG,0.0,0.0,0.0,False,growth_up_inflation_up,True,optimal
oracle_regime_pooled_relative_active_te100bp,oracle_infeasible_diagnostic,2023-12-11,2023-12-11,2023-12-11,2023-12-01,SPY,0.31362129408339445,0.3500000000000001,-0.036378705916605636,False,growth_up_inflation_up,True,optimal
oracle_regime_pooled_relative_active_te100bp,oracle_infeasible_diagnostic,2023-12-11,2023-12-11,2023-12-11,2023-12-01,IEF,1.8212898336296414e-18,0.0,1.8212898336296414e-18,False,growth_up_inflation_up,True,optimal
oracle_regime_pooled_relative_active_te100bp,oracle_infeasible_diagnostic,2023-12-11,2023-12-11,2023-12-11,2023-12-01,TIP,0.025513538202270605,0.0,0.025513538202270605,False,growth_up_inflation_up,True,optimal
oracle_regime_pooled_relative_active_te100bp,oracle_infeasible_diagnostic,2023-12-11,2023-12-11,2023-12-11,2023-12-01,HYG,0.14667761998957313,0.149777100050675,-0.0030994800611018614,False,growth_up_inflation_up,True,optimal
oracle_regime_pooled_relative_active_te100bp,oracle_infeasible_diagnostic,2023-12-11,2023-12-11,2023-12-11,2023-12-01,BIL,0.046333772629619574,0.0,0.046333772629619574,False,growth_up_inflation_up,True,optimal
oracle_regime_pooled_relative_active_te100bp,oracle_infeasible_diagnostic,2023-12-11,2023-12-11,2023-12-11,2023-12-01,GLD,0.2367718740701675,0.2481830949582429,-0.01141122088807539,False,growth_up_inflation_up,True,optimal
oracle_regime_pooled_relative_active_te100bp,oracle_infeasible_diagnostic,2023-12-11,2023-12-11,2023-12-11,2023-12-01,LQD,0.2310819010249747,0.252039804991082,-0.020957903966107277,False,growth_up_inflation_up,True,optimal
oracle_regime_pooled_relative_active_te100bp,oracle_infeasible_diagnostic,2023-12-11,2023-12-11,2023-12-11,2023-12-01,AGG,0.0,0.0,0.0,False,growth_up_inflation_up,True,optimal
oracle_regime_pooled_relative_active_te100bp,oracle_infeasible_diagnostic,2023-12-18,2023-12-18,2023-12-18,2023-12-01,SPY,0.31449814291553807,0.3499999999999999,-0.03550185708446185,False,growth_up_inflation_up,True,optimal
oracle_regime_pooled_relative_active_te100bp,oracle_infeasible_diagnostic,2023-12-18,2023-12-18,2023-12-18,2023-12-01,IEF,1.829613557397206e-18,0.0,1.829613557397206e-18,False,growth_up_inflation_up,True,optimal
oracle_regime_pooled_relative_active_te100bp,oracle_infeasible_diagnostic,2023-12-18,2023-12-18,2023-12-18,2023-12-01,TIP,0.025529816530623705,0.0,0.025529816530623705,False,growth_up_inflation_up,True,optimal
oracle_regime_pooled_relative_active_te100bp,oracle_infeasible_diagnostic,2023-12-18,2023-12-18,2023-12-18,2023-12-01,HYG,0.14634284946077405,0.1492605873461988,-0.002917737885424737,False,growth_up_inflation_up,True,optimal
oracle_regime_pooled_relative_active_te100bp,oracle_infeasible_diagnostic,2023-12-18,2023-12-18,2023-12-18,2023-12-01,BIL,0.045364806986093235,0.0,0.045364806986093235,False,growth_up_inflation_up,True,optimal
oracle_regime_pooled_relative_active_te100bp,oracle_infeasible_diagnostic,2023-12-18,2023-12-18,2023-12-18,2023-12-01,GLD,0.23475636967318522,0.2463511494268848,-0.011594779753699574,False,growth_up_inflation_up,True,optimal
oracle_regime_pooled_relative_active_te100bp,oracle_infeasible_diagnostic,2023-12-18,2023-12-18,2023-12-18,2023-12-01,LQD,0.23350801443378566,0.2543882632269165,-0.02088024879313083,False,growth_up_inflation_up,True,optimal
oracle_regime_pooled_relative_active_te100bp,oracle_infeasible_diagnostic,2023-12-18,2023-12-18,2023-12-18,2023-12-01,AGG,0.0,0.0,0.0,False,growth_up_inflation_up,True,optimal
oracle_regime_pooled_relative_active_te100bp,oracle_infeasible_diagnostic,2023-12-25,2023-12-25,2023-12-26,2023-12-01,SPY,0.3143465210483143,0.35,-0.03565347895168569,False,growth_up_inflation_up,True,optimal
oracle_regime_pooled_relative_active_te100bp,oracle_infeasible_diagnostic,2023-12-25,2023-12-25,2023-12-26,2023-12-01,IEF,1.825635660079886e-18,0.0,1.825635660079886e-18,False,growth_up_inflation_up,True,optimal
oracle_regime_pooled_relative_active_te100bp,oracle_infeasible_diagnostic,2023-12-25,2023-12-25,2023-12-26,2023-12-01,TIP,0.025364224937976288,0.0,0.025364224937976288,False,growth_up_inflation_up,True,optimal
oracle_regime_pooled_relative_active_te100bp,oracle_infeasible_diagnostic,2023-12-25,2023-12-25,2023-12-26,2023-12-01,HYG,0.1461836696125186,0.1490443997169736,-0.002860730104455006,False,growth_up_inflation_up,True,optimal
oracle_regime_pooled_relative_active_te100bp,oracle_infeasible_diagnostic,2023-12-25,2023-12-25,2023-12-26,2023-12-01,BIL,0.04513184266233448,0.0,0.04513184266233448,False,growth_up_inflation_up,True,optimal
oracle_regime_pooled_relative_active_te100bp,oracle_infeasible_diagnostic,2023-12-25,2023-12-25,2023-12-26,2023-12-01,GLD,0.23676745690173956,0.2483718549564832,-0.011604398054743642,False,growth_up_inflation_up,True,optimal
oracle_regime_pooled_relative_active_te100bp,oracle_infeasible_diagnostic,2023-12-25,2023-12-25,2023-12-26,2023-12-01,LQD,0.23220628483711664,0.2525837453265432,-0.02037746048942657,False,growth_up_inflation_up,True,optimal
oracle_regime_pooled_relative_active_te100bp,oracle_infeasible_diagnostic,2023-12-25,2023-12-25,2023-12-26,2023-12-01,AGG,0.0,0.0,0.0,False,growth_up_inflation_up,True,optimal
oracle_regime_pooled_relative_active_te100bp,oracle_infeasible_diagnostic,2024-01-01,2024-01-01,2024-01-02,2024-01-01,SPY,0.30000000000000004,0.35,-0.04999999999999993,False,growth_down_inflation_up,True,optimal
oracle_regime_pooled_relative_active_te100bp,oracle_infeasible_diagnostic,2024-01-01,2024-01-01,2024-01-02,2024-01-01,IEF,0.0,0.0,0.0,False,growth_down_inflation_up,True,optimal
oracle_regime_pooled_relative_active_te100bp,oracle_infeasible_diagnostic,2024-01-01,2024-01-01,2024-01-02,2024-01-01,TIP,0.0253253658021749,0.0,0.0253253658021749,False,growth_down_inflation_up,True,optimal
oracle_regime_pooled_relative_active_te100bp,oracle_infeasible_diagnostic,2024-01-01,2024-01-01,2024-01-02,2024-01-01,HYG,0.1456847714743278,0.1485126002548831,-0.0028278287805553193,False,growth_down_inflation_up,True,optimal
oracle_regime_pooled_relative_active_te100bp,oracle_infeasible_diagnostic,2024-01-01,2024-01-01,2024-01-02,2024-01-01,BIL,0.04615306602438475,0.0,0.04615306602438475,False,growth_down_inflation_up,True,optimal
oracle_regime_pooled_relative_active_te100bp,oracle_infeasible_diagnostic,2024-01-01,2024-01-01,2024-01-02,2024-01-01,GLD,0.25,0.2482572645555233,0.0017427354444767007,False,growth_down_inflation_up,True,optimal
oracle_regime_pooled_relative_active_te100bp,oracle_infeasible_diagnostic,2024-01-01,2024-01-01,2024-01-02,2024-01-01,LQD,0.23283679669911247,0.2532301351895935,-0.020393338490481,False,growth_down_inflation_up,True,optimal
oracle_regime_pooled_relative_active_te100bp,oracle_infeasible_diagnostic,2024-01-01,2024-01-01,2024-01-02,2024-01-01,AGG,0.0,0.0,0.0,False,growth_down_inflation_up,True,optimal
oracle_regime_pooled_relative_active_te100bp,oracle_infeasible_diagnostic,2024-01-08,2024-01-08,2024-01-08,2024-01-01,SPY,0.29999999999999954,0.3499999999999995,-0.04999999999999993,False,growth_down_inflation_up,True,optimal
oracle_regime_pooled_relative_active_te100bp,oracle_infeasible_diagnostic,2024-01-08,2024-01-08,2024-01-08,2024-01-01,IEF,0.0,0.0,0.0,False,growth_down_inflation_up,True,optimal
oracle_regime_pooled_relative_active_te100bp,oracle_infeasible_diagnostic,2024-01-08,2024-01-08,2024-01-08,2024-01-01,TIP,0.025463405749517335,0.0,0.025463405749517335,False,growth_down_inflation_up,True,optimal
oracle_regime_pooled_relative_active_te100bp,oracle_infeasible_diagnostic,2024-01-08,2024-01-08,2024-01-08,2024-01-01,HYG,0.1457012616452244,0.1490874749172787,-0.003386213272054295,False,growth_down_inflation_up,True,optimal
oracle_regime_pooled_relative_active_te100bp,oracle_infeasible_diagnostic,2024-01-08,2024-01-08,2024-01-08,2024-01-01,BIL,0.04660980789271093,0.0,0.04660980789271093,False,growth_down_inflation_up,True,optimal
oracle_regime_pooled_relative_active_te100bp,oracle_infeasible_diagnostic,2024-01-08,2024-01-08,2024-01-08,2024-01-01,GLD,0.25,0.2481872774209268,0.001812722579073195,False,growth_down_inflation_up,True,optimal
oracle_regime_pooled_relative_active_te100bp,oracle_infeasible_diagnostic,2024-01-08,2024-01-08,2024-01-08,2024-01-01,LQD,0.23222552471254776,0.2527252476617949,-0.020499722949247123,False,growth_down_inflation_up,True,optimal
oracle_regime_pooled_relative_active_te100bp,oracle_infeasible_diagnostic,2024-01-08,2024-01-08,2024-01-08,2024-01-01,AGG,0.0,0.0,0.0,False,growth_down_inflation_up,True,optimal
oracle_regime_pooled_relative_active_te100bp,oracle_infeasible_diagnostic,2024-01-15,2024-01-15,2024-01-16,2024-01-01,SPY,0.3000000000000002,0.3500000000000002,-0.04999999999999999,False,growth_down_inflation_up,True,optimal
oracle_regime_pooled_relative_active_te100bp,oracle_infeasible_diagnostic,2024-01-15,2024-01-15,2024-01-16,2024-01-01,IEF,0.0,0.0,0.0,False,growth_down_inflation_up,True,optimal
oracle_regime_pooled_relative_active_te100bp,oracle_infeasible_diagnostic,2024-01-15,2024-01-15,2024-01-16,2024-01-01,TIP,0.02536250218132322,0.0,0.02536250218132322,False,growth_down_inflation_up,True,optimal
oracle_regime_pooled_relative_active_te100bp,oracle_infeasible_diagnostic,2024-01-15,2024-01-15,2024-01-16,2024-01-01,HYG,0.14550205554229897,0.1487514777418175,-0.0032494221995185146,False,growth_down_inflation_up,True,optimal
oracle_regime_pooled_relative_active_te100bp,oracle_infeasible_diagnostic,2024-01-15,2024-01-15,2024-01-16,2024-01-01,BIL,0.04667599540838319,0.0,0.04667599540838319,False,growth_down_inflation_up,True,optimal
oracle_regime_pooled_relative_active_te100bp,oracle_infeasible_diagnostic,2024-01-15,2024-01-15,2024-01-16,2024-01-01,GLD,0.25,0.2484932686437334,0.0015067313562666107,False,growth_down_inflation_up,True,optimal
oracle_regime_pooled_relative_active_te100bp,oracle_infeasible_diagnostic,2024-01-15,2024-01-15,2024-01-16,2024-01-01,LQD,0.23245944686799444,0.2527552536144488,-0.020295806746454342,False,growth_down_inflation_up,True,optimal
oracle_regime_pooled_relative_active_te100bp,oracle_infeasible_diagnostic,2024-01-15,2024-01-15,2024-01-16,2024-01-01,AGG,0.0,0.0,0.0,False,growth_down_inflation_up,True,optimal
oracle_regime_pooled_relative_active_te100bp,oracle_infeasible_diagnostic,2024-01-22,2024-01-22,2024-01-22,2024-01-01,SPY,0.3002710371627932,0.3499999999999997,-0.049728962837206514,False,growth_down_inflation_up,True,optimal
oracle_regime_pooled_relative_active_te100bp,oracle_infeasible_diagnostic,2024-01-22,2024-01-22,2024-01-22,2024-01-01,IEF,8.870912336897795e-19,0.0,8.870912336897795e-19,False,growth_down_inflation_up,True,optimal
oracle_regime_pooled_relative_active_te100bp,oracle_infeasible_diagnostic,2024-01-22,2024-01-22,2024-01-22,2024-01-01,TIP,0.025241602853026922,0.0,0.025241602853026922,False,growth_down_inflation_up,True,optimal
oracle_regime_pooled_relative_active_te100bp,oracle_infeasible_diagnostic,2024-01-22,2024-01-22,2024-01-22,2024-01-01,HYG,0.14474521171408108,0.1494665303359053,-0.004721318621824205,False,growth_down_inflation_up,True,optimal
oracle_regime_pooled_relative_active_te100bp,oracle_infeasible_diagnostic,2024-01-22,2024-01-22,2024-01-22,2024-01-01,BIL,0.049172488558657926,0.0,0.049172488558657926,False,growth_down_inflation_up,True,optimal
oracle_regime_pooled_relative_active_te100bp,oracle_infeasible_diagnostic,2024-01-22,2024-01-22,2024-01-22,2024-01-01,GLD,0.25000000000000006,0.2500000000000004,-3.3306690738754696e-16,False,growth_down_inflation_up,True,optimal
oracle_regime_pooled_relative_active_te100bp,oracle_infeasible_diagnostic,2024-01-22,2024-01-22,2024-01-22,2024-01-01,LQD,0.23056965971144094,0.2505334696640945,-0.019963809952653566,False,growth_down_inflation_up,True,optimal
oracle_regime_pooled_relative_active_te100bp,oracle_infeasible_diagnostic,2024-01-22,2024-01-22,2024-01-22,2024-01-01,AGG,0.0,0.0,0.0,False,growth_down_inflation_up,True,optimal
oracle_regime_pooled_relative_active_te100bp,oracle_infeasible_diagnostic,2024-01-29,2024-01-29,2024-01-29,2024-01-01,SPY,0.3002928972570898,0.35,-0.04970710274291018,False,growth_down_inflation_up,True,optimal
oracle_regime_pooled_relative_active_te100bp,oracle_infeasible_diagnostic,2024-01-29,2024-01-29,2024-01-29,2024-01-01,IEF,0.0,0.0,0.0,False,growth_down_inflation_up,True,optimal
oracle_regime_pooled_relative_active_te100bp,oracle_infeasible_diagnostic,2024-01-29,2024-01-29,2024-01-29,2024-01-01,TIP,0.025128187679376475,0.0,0.025128187679376475,False,growth_down_inflation_up,True,optimal
oracle_regime_pooled_relative_active_te100bp,oracle_infeasible_diagnostic,2024-01-29,2024-01-29,2024-01-29,2024-01-01,HYG,0.14532874482816335,0.1499999999999998,-0.004671255171836447,False,growth_down_inflation_up,True,optimal
oracle_regime_pooled_relative_active_te100bp,oracle_infeasible_diagnostic,2024-01-29,2024-01-29,2024-01-29,2024-01-01,BIL,0.04993372520990743,0.0,0.04993372520990743,False,growth_down_inflation_up,True,optimal
oracle_regime_pooled_relative_active_te100bp,oracle_infeasible_diagnostic,2024-01-29,2024-01-29,2024-01-29,2024-01-01,GLD,0.25,0.25,0.0,False,growth_down_inflation_up,True,optimal
oracle_regime_pooled_relative_active_te100bp,oracle_infeasible_diagnostic,2024-01-29,2024-01-29,2024-01-29,2024-01-01,LQD,0.229316445025463,0.25,-0.020683554974537,False,growth_down_inflation_up,True,optimal
oracle_regime_pooled_relative_active_te100bp,oracle_infeasible_diagnostic,2024-01-29,2024-01-29,2024-01-29,2024-01-01,AGG,0.0,0.0,0.0,False,growth_down_inflation_up,True,optimal
oracle_regime_pooled_relative_active_te100bp,oracle_infeasible_diagnostic,2024-02-05,2024-02-05,2024-02-05,2024-02-01,SPY,0.300752097635088,0.3499999999999996,-0.04924790236491161,False,growth_down_inflation_up,True,optimal
oracle_regime_pooled_relative_active_te100bp,oracle_infeasible_diagnostic,2024-02-05,2024-02-05,2024-02-05,2024-02-01,IEF,2.068186924874531e-18,0.0,2.068186924874531e-18,False,growth_down_inflation_up,True,optimal
oracle_regime_pooled_relative_active_te100bp,oracle_infeasible_diagnostic,2024-02-05,2024-02-05,2024-02-05,2024-02-01,TIP,0.02576398591546984,0.0,0.02576398591546984,False,growth_down_inflation_up,True,optimal
oracle_regime_pooled_relative_active_te100bp,oracle_infeasible_diagnostic,2024-02-05,2024-02-05,2024-02-05,2024-02-01,HYG,0.14439437808981445,0.1499999999999994,-0.00560562191018496,False,growth_down_inflation_up,True,optimal
oracle_regime_pooled_relative_active_te100bp,oracle_infeasible_diagnostic,2024-02-05,2024-02-05,2024-02-05,2024-02-01,BIL,0.05,0.0,0.05,False,growth_down_inflation_up,True,optimal
oracle_regime_pooled_relative_active_te100bp,oracle_infeasible_diagnostic,2024-02-05,2024-02-05,2024-02-05,2024-02-01,GLD,0.25,0.2499999999999995,4.996003610813204e-16,False,growth_down_inflation_up,True,optimal
oracle_regime_pooled_relative_active_te100bp,oracle_infeasible_diagnostic,2024-02-05,2024-02-05,2024-02-05,2024-02-01,LQD,0.2290895383596277,0.2500000000000012,-0.020910461640373523,False,growth_down_inflation_up,True,optimal
oracle_regime_pooled_relative_active_te100bp,oracle_infeasible_diagnostic,2024-02-05,2024-02-05,2024-02-05,2024-02-01,AGG,0.0,0.0,0.0,False,growth_down_inflation_up,True,optimal
oracle_regime_pooled_relative_active_te100bp,oracle_infeasible_diagnostic,2024-02-12,2024-02-12,2024-02-12,2024-02-01,SPY,0.3011432815618685,0.3499999999999993,-0.04885671843813083,False,growth_down_inflation_up,True,optimal
oracle_regime_pooled_relative_active_te100bp,oracle_infeasible_diagnostic,2024-02-12,2024-02-12,2024-02-12,2024-02-01,IEF,0.0,0.0,0.0,False,growth_down_inflation_up,True,optimal
oracle_regime_pooled_relative_active_te100bp,oracle_infeasible_diagnostic,2024-02-12,2024-02-12,2024-02-12,2024-02-01,TIP,0.027843790687772298,0.0,0.027843790687772298,False,growth_down_inflation_up,True,optimal
oracle_regime_pooled_relative_active_te100bp,oracle_infeasible_diagnostic,2024-02-12,2024-02-12,2024-02-12,2024-02-01,HYG,0.1444674904594944,0.1500000000000002,-0.005532509540505798,False,growth_down_inflation_up,True,optimal
oracle_regime_pooled_relative_active_te100bp,oracle_infeasible_diagnostic,2024-02-12,2024-02-12,2024-02-12,2024-02-01,BIL,0.049999999999999996,0.0,0.049999999999999996,False,growth_down_inflation_up,True,optimal
oracle_regime_pooled_relative_active_te100bp,oracle_infeasible_diagnostic,2024-02-12,2024-02-12,2024-02-12,2024-02-01,GLD,0.25,0.249999999999999,9.992007221626409e-16,False,growth_down_inflation_up,True,optimal
oracle_regime_pooled_relative_active_te100bp,oracle_infeasible_diagnostic,2024-02-12,2024-02-12,2024-02-12,2024-02-01,LQD,0.2265454372908647,0.2500000000000014,-0.023454562709136678,False,growth_down_inflation_up,True,optimal
oracle_regime_pooled_relative_active_te100bp,oracle_infeasible_diagnostic,2024-02-12,2024-02-12,2024-02-12,2024-02-01,AGG,0.0,0.0,0.0,False,growth_down_inflation_up,True,optimal
oracle_regime_pooled_relative_active_te100bp,oracle_infeasible_diagnostic,2024-02-19,2024-02-19,2024-02-20,2024-02-01,SPY,0.3012536599511378,0.3499999999999993,-0.048746340048861525,False,growth_down_inflation_up,True,optimal
oracle_regime_pooled_relative_active_te100bp,oracle_infeasible_diagnostic,2024-02-19,2024-02-19,2024-02-20,2024-02-01,IEF,4.0864898801396826e-17,0.0,4.0864898801396826e-17,False,growth_down_inflation_up,True,optimal
oracle_regime_pooled_relative_active_te100bp,oracle_infeasible_diagnostic,2024-02-19,2024-02-19,2024-02-20,2024-02-01,TIP,0.02842396902570749,0.0,0.02842396902570749,False,growth_down_inflation_up,True,optimal
oracle_regime_pooled_relative_active_te100bp,oracle_infeasible_diagnostic,2024-02-19,2024-02-19,2024-02-20,2024-02-01,HYG,0.144495519555572,0.1499999999999993,-0.0055044804444273066,False,growth_down_inflation_up,True,optimal
oracle_regime_pooled_relative_active_te100bp,oracle_infeasible_diagnostic,2024-02-19,2024-02-19,2024-02-20,2024-02-01,BIL,0.05000000000000001,0.0,0.05000000000000001,False,growth_down_inflation_up,True,optimal
oracle_regime_pooled_relative_active_te100bp,oracle_infeasible_diagnostic,2024-02-19,2024-02-19,2024-02-20,2024-02-01,GLD,0.25000000000000006,0.2499999999999995,5.551115123125783e-16,False,growth_down_inflation_up,True,optimal
oracle_regime_pooled_relative_active_te100bp,oracle_infeasible_diagnostic,2024-02-19,2024-02-19,2024-02-20,2024-02-01,LQD,0.22582685146758263,0.2500000000000016,-0.024173148532418975,False,growth_down_inflation_up,True,optimal
oracle_regime_pooled_relative_active_te100bp,oracle_infeasible_diagnostic,2024-02-19,2024-02-19,2024-02-20,2024-02-01,AGG,0.0,0.0,0.0,False,growth_down_inflation_up,True,optimal
oracle_regime_pooled_relative_active_te100bp,oracle_infeasible_diagnostic,2024-02-26,2024-02-26,2024-02-26,2024-02-01,SPY,0.30165717780208307,0.3499999999999996,-0.048342822197916524,False,growth_down_inflation_up,True,optimal
oracle_regime_pooled_relative_active_te100bp,oracle_infeasible_diagnostic,2024-02-26,2024-02-26,2024-02-26,2024-02-01,IEF,4.315395034021884e-17,0.0,4.315395034021884e-17,False,growth_down_inflation_up,True,optimal
oracle_regime_pooled_relative_active_te100bp,oracle_infeasible_diagnostic,2024-02-26,2024-02-26,2024-02-26,2024-02-01,TIP,0.02977813899676593,0.0,0.02977813899676593,False,growth_down_inflation_up,True,optimal
oracle_regime_pooled_relative_active_te100bp,oracle_infeasible_diagnostic,2024-02-26,2024-02-26,2024-02-26,2024-02-01,HYG,0.14415411272085688,0.15,-0.005845887279143119,False,growth_down_inflation_up,True,optimal
oracle_regime_pooled_relative_active_te100bp,oracle_infeasible_diagnostic,2024-02-26,2024-02-26,2024-02-26,2024-02-01,BIL,0.05,0.0,0.05,False,growth_down_inflation_up,True,optimal
oracle_regime_pooled_relative_active_te100bp,oracle_infeasible_diagnostic,2024-02-26,2024-02-26,2024-02-26,2024-02-01,GLD,0.25,0.2499999999999997,3.0531133177191805e-16,False,growth_down_inflation_up,True,optimal
oracle_regime_pooled_relative_active_te100bp,oracle_infeasible_diagnostic,2024-02-26,2024-02-26,2024-02-26,2024-02-01,LQD,0.224410570480294,0.2500000000000005,-0.025589429519706497,False,growth_down_inflation_up,True,optimal
oracle_regime_pooled_relative_active_te100bp,oracle_infeasible_diagnostic,2024-02-26,2024-02-26,2024-02-26,2024-02-01,AGG,0.0,0.0,0.0,False,growth_down_inflation_up,True,optimal
oracle_regime_pooled_relative_active_te100bp,oracle_infeasible_diagnostic,2024-03-04,2024-03-04,2024-03-04,2024-03-01,SPY,0.30231142203605543,0.3499999999999994,-0.04768857796394399,False,growth_up_inflation_up,True,optimal
oracle_regime_pooled_relative_active_te100bp,oracle_infeasible_diagnostic,2024-03-04,2024-03-04,2024-03-04,2024-03-01,IEF,2.3317923039645907e-17,0.0,2.3317923039645907e-17,False,growth_up_inflation_up,True,optimal
oracle_regime_pooled_relative_active_te100bp,oracle_infeasible_diagnostic,2024-03-04,2024-03-04,2024-03-04,2024-03-01,TIP,0.03253841910363294,0.0,0.03253841910363294,False,growth_up_inflation_up,True,optimal
oracle_regime_pooled_relative_active_te100bp,oracle_infeasible_diagnostic,2024-03-04,2024-03-04,2024-03-04,2024-03-01,HYG,0.14316525591739968,0.1500000000000001,-0.00683474408260043,False,growth_up_inflation_up,True,optimal
oracle_regime_pooled_relative_active_te100bp,oracle_infeasible_diagnostic,2024-03-04,2024-03-04,2024-03-04,2024-03-01,BIL,0.04951119985326186,0.0,0.04951119985326186,False,growth_up_inflation_up,True,optimal
oracle_regime_pooled_relative_active_te100bp,oracle_infeasible_diagnostic,2024-03-04,2024-03-04,2024-03-04,2024-03-01,GLD,0.25,0.2499999999999996,3.885780586188048e-16,False,growth_up_inflation_up,True,optimal
oracle_regime_pooled_relative_active_te100bp,oracle_infeasible_diagnostic,2024-03-04,2024-03-04,2024-03-04,2024-03-01,LQD,0.22247370308965014,0.2500000000000008,-0.027526296910350634,False,growth_up_inflation_up,True,optimal
oracle_regime_pooled_relative_active_te100bp,oracle_infeasible_diagnostic,2024-03-04,2024-03-04,2024-03-04,2024-03-01,AGG,0.0,0.0,0.0,False,growth_up_inflation_up,True,optimal
oracle_regime_pooled_relative_active_te100bp,oracle_infeasible_diagnostic,2024-03-11,2024-03-11,2024-03-11,2024-03-01,SPY,0.30293076862738866,0.35,-0.04706923137261132,False,growth_up_inflation_up,True,optimal
oracle_regime_pooled_relative_active_te100bp,oracle_infeasible_diagnostic,2024-03-11,2024-03-11,2024-03-11,2024-03-01,IEF,0.0,0.0,0.0,False,growth_up_inflation_up,True,optimal
oracle_regime_pooled_relative_active_te100bp,oracle_infeasible_diagnostic,2024-03-11,2024-03-11,2024-03-11,2024-03-01,TIP,0.03390273703779824,0.0,0.03390273703779824,False,growth_up_inflation_up,True,optimal
oracle_regime_pooled_relative_active_te100bp,oracle_infeasible_diagnostic,2024-03-11,2024-03-11,2024-03-11,2024-03-01,HYG,0.14182644618556903,0.1500000000000009,-0.008173553814431883,False,growth_up_inflation_up,True,optimal
oracle_regime_pooled_relative_active_te100bp,oracle_infeasible_diagnostic,2024-03-11,2024-03-11,2024-03-11,2024-03-01,BIL,0.048908142064716394,0.0,0.048908142064716394,False,growth_up_inflation_up,True,optimal
oracle_regime_pooled_relative_active_te100bp,oracle_infeasible_diagnostic,2024-03-11,2024-03-11,2024-03-11,2024-03-01,GLD,0.24999999999999978,0.25,-2.220446049250313e-16,False,growth_up_inflation_up,True,optimal
oracle_regime_pooled_relative_active_te100bp,oracle_infeasible_diagnostic,2024-03-11,2024-03-11,2024-03-11,2024-03-01,LQD,0.22243190608452781,0.2499999999999991,-0.027568093915471298,False,growth_up_inflation_up,True,optimal
oracle_regime_pooled_relative_active_te100bp,oracle_infeasible_diagnostic,2024-03-11,2024-03-11,2024-03-11,2024-03-01,AGG,0.0,0.0,0.0,False,growth_up_inflation_up,True,optimal
oracle_regime_pooled_relative_active_te100bp,oracle_infeasible_diagnostic,2024-03-18,2024-03-18,2024-03-18,2024-03-01,SPY,0.30510166641583114,0.3499999999999994,-0.04489833358416828,False,growth_up_inflation_up,True,optimal
oracle_regime_pooled_relative_active_te100bp,oracle_infeasible_diagnostic,2024-03-18,2024-03-18,2024-03-18,2024-03-01,IEF,0.0,0.0,0.0,False,growth_up_inflation_up,True,optimal
oracle_regime_pooled_relative_active_te100bp,oracle_infeasible_diagnostic,2024-03-18,2024-03-18,2024-03-18,2024-03-01,TIP,0.03366849358610587,0.0,0.03366849358610587,False,growth_up_inflation_up,True,optimal
oracle_regime_pooled_relative_active_te100bp,oracle_infeasible_diagnostic,2024-03-18,2024-03-18,2024-03-18,2024-03-01,HYG,0.14208418791978747,0.1500000000000001,-0.007915812080212636,False,growth_up_inflation_up,True,optimal
oracle_regime_pooled_relative_active_te100bp,oracle_infeasible_diagnostic,2024-03-18,2024-03-18,2024-03-18,2024-03-01,BIL,0.04921163019701216,0.0,0.04921163019701216,False,growth_up_inflation_up,True,optimal
oracle_regime_pooled_relative_active_te100bp,oracle_infeasible_diagnostic,2024-03-18,2024-03-18,2024-03-18,2024-03-01,GLD,0.2488396998010016,0.249999999999999,-0.0011603001989974049,False,growth_up_inflation_up,True,optimal
oracle_regime_pooled_relative_active_te100bp,oracle_infeasible_diagnostic,2024-03-18,2024-03-18,2024-03-18,2024-03-01,LQD,0.2210943220802618,0.2500000000000014,-0.02890567791973958,False,growth_up_inflation_up,True,optimal
oracle_regime_pooled_relative_active_te100bp,oracle_infeasible_diagnostic,2024-03-18,2024-03-18,2024-03-18,2024-03-01,AGG,0.0,0.0,0.0,False,growth_up_inflation_up,True,optimal
oracle_regime_pooled_relative_active_te100bp,oracle_infeasible_diagnostic,2024-03-25,2024-03-25,2024-03-25,2024-03-01,SPY,0.3069460862743648,0.35,-0.04305391372563516,False,growth_up_inflation_up,True,optimal
oracle_regime_pooled_relative_active_te100bp,oracle_infeasible_diagnostic,2024-03-25,2024-03-25,2024-03-25,2024-03-01,IEF,0.0,0.0,0.0,False,growth_up_inflation_up,True,optimal
oracle_regime_pooled_relative_active_te100bp,oracle_infeasible_diagnostic,2024-03-25,2024-03-25,2024-03-25,2024-03-01,TIP,0.03372708428717202,0.0,0.03372708428717202,False,growth_up_inflation_up,True,optimal
oracle_regime_pooled_relative_active_te100bp,oracle_infeasible_diagnostic,2024-03-25,2024-03-25,2024-03-25,2024-03-01,HYG,0.1417502539740765,0.1499999999999996,-0.0082497460259231,False,growth_up_inflation_up,True,optimal
oracle_regime_pooled_relative_active_te100bp,oracle_infeasible_diagnostic,2024-03-25,2024-03-25,2024-03-25,2024-03-01,BIL,0.04886155868290096,0.0,0.04886155868290096,False,growth_up_inflation_up,True,optimal
oracle_regime_pooled_relative_active_te100bp,oracle_infeasible_diagnostic,2024-03-25,2024-03-25,2024-03-25,2024-03-01,GLD,0.2477341540205789,0.2499999999999999,-0.0022658459794209773,False,growth_up_inflation_up,True,optimal
oracle_regime_pooled_relative_active_te100bp,oracle_infeasible_diagnostic,2024-03-25,2024-03-25,2024-03-25,2024-03-01,LQD,0.22098086276090678,0.2500000000000004,-0.029019137239093606,False,growth_up_inflation_up,True,optimal
oracle_regime_pooled_relative_active_te100bp,oracle_infeasible_diagnostic,2024-03-25,2024-03-25,2024-03-25,2024-03-01,AGG,0.0,0.0,0.0,False,growth_up_inflation_up,True,optimal
oracle_regime_pooled_relative_active_te100bp,oracle_infeasible_diagnostic,2024-04-01,2024-04-01,2024-04-01,2024-04-01,SPY,0.30598709528484147,0.3499999999999998,-0.04401290471515834,False,growth_down_inflation_up,True,optimal
oracle_regime_pooled_relative_active_te100bp,oracle_infeasible_diagnostic,2024-04-01,2024-04-01,2024-04-01,2024-04-01,IEF,0.0,0.0,0.0,False,growth_down_inflation_up,True,optimal
oracle_regime_pooled_relative_active_te100bp,oracle_infeasible_diagnostic,2024-04-01,2024-04-01,2024-04-01,2024-04-01,TIP,0.03347390571485991,0.0,0.03347390571485991,False,growth_down_inflation_up,True,optimal
oracle_regime_pooled_relative_active_te100bp,oracle_infeasible_diagnostic,2024-04-01,2024-04-01,2024-04-01,2024-04-01,HYG,0.14087640823515094,0.1500000000000011,-0.00912359176485017,False,growth_down_inflation_up,True,optimal
oracle_regime_pooled_relative_active_te100bp,oracle_infeasible_diagnostic,2024-04-01,2024-04-01,2024-04-01,2024-04-01,BIL,0.04999999999999984,0.0,0.04999999999999984,False,growth_down_inflation_up,True,optimal
oracle_regime_pooled_relative_active_te100bp,oracle_infeasible_diagnostic,2024-04-01,2024-04-01,2024-04-01,2024-04-01,GLD,0.25,0.2499999999999999,1.1102230246251565e-16,False,growth_down_inflation_up,True,optimal
oracle_regime_pooled_relative_active_te100bp,oracle_infeasible_diagnostic,2024-04-01,2024-04-01,2024-04-01,2024-04-01,LQD,0.21966259076514782,0.2499999999999991,-0.030337409234851287,False,growth_down_inflation_up,True,optimal
oracle_regime_pooled_relative_active_te100bp,oracle_infeasible_diagnostic,2024-04-01,2024-04-01,2024-04-01,2024-04-01,AGG,0.0,0.0,0.0,False,growth_down_inflation_up,True,optimal
oracle_regime_pooled_relative_active_te100bp,oracle_infeasible_diagnostic,2024-04-08,2024-04-08,2024-04-08,2024-04-01,SPY,0.3023706832201565,0.3499999999999994,-0.047629316779842945,False,growth_down_inflation_up,True,optimal
oracle_regime_pooled_relative_active_te100bp,oracle_infeasible_diagnostic,2024-04-08,2024-04-08,2024-04-08,2024-04-01,IEF,0.0,0.0,0.0,False,growth_down_inflation_up,True,optimal
oracle_regime_pooled_relative_active_te100bp,oracle_infeasible_diagnostic,2024-04-08,2024-04-08,2024-04-08,2024-04-01,TIP,0.03537639093018181,0.0,0.03537639093018181,False,growth_down_inflation_up,True,optimal
oracle_regime_pooled_relative_active_te100bp,oracle_infeasible_diagnostic,2024-04-08,2024-04-08,2024-04-08,2024-04-01,HYG,0.14493561086583082,0.1500000000000006,-0.005064389134169789,False,growth_down_inflation_up,True,optimal
oracle_regime_pooled_relative_active_te100bp,oracle_infeasible_diagnostic,2024-04-08,2024-04-08,2024-04-08,2024-04-01,BIL,0.049999999999999996,0.0,0.049999999999999996,False,growth_down_inflation_up,True,optimal
oracle_regime_pooled_relative_active_te100bp,oracle_infeasible_diagnostic,2024-04-08,2024-04-08,2024-04-08,2024-04-01,GLD,0.25,0.2500000000000002,-2.220446049250313e-16,False,growth_down_inflation_up,True,optimal
oracle_regime_pooled_relative_active_te100bp,oracle_infeasible_diagnostic,2024-04-08,2024-04-08,2024-04-08,2024-04-01,LQD,0.21731731498383094,0.2499999999999997,-0.03268268501616875,False,growth_down_inflation_up,True,optimal
oracle_regime_pooled_relative_active_te100bp,oracle_infeasible_diagnostic,2024-04-08,2024-04-08,2024-04-08,2024-04-01,AGG,0.0,0.0,0.0,False,growth_down_inflation_up,True,optimal
oracle_regime_pooled_relative_active_te100bp,oracle_infeasible_diagnostic,2024-04-15,2024-04-15,2024-04-15,2024-04-01,SPY,0.3022830664052131,0.3500000000000001,-0.047716933594787014,False,growth_down_inflation_up,True,optimal
oracle_regime_pooled_relative_active_te100bp,oracle_infeasible_diagnostic,2024-04-15,2024-04-15,2024-04-15,2024-04-01,IEF,1.2161507696887885e-16,0.0,1.2161507696887885e-16,False,growth_down_inflation_up,True,optimal
oracle_regime_pooled_relative_active_te100bp,oracle_infeasible_diagnostic,2024-04-15,2024-04-15,2024-04-15,2024-04-01,TIP,0.03548115917594467,0.0,0.03548115917594467,False,growth_down_inflation_up,True,optimal
oracle_regime_pooled_relative_active_te100bp,oracle_infeasible_diagnostic,2024-04-15,2024-04-15,2024-04-15,2024-04-01,HYG,0.14527414578134276,0.1500000000000003,-0.004725854218657538,False,growth_down_inflation_up,True,optimal
oracle_regime_pooled_relative_active_te100bp,oracle_infeasible_diagnostic,2024-04-15,2024-04-15,2024-04-15,2024-04-01,BIL,0.05,0.0,0.05,False,growth_down_inflation_up,True,optimal
oracle_regime_pooled_relative_active_te100bp,oracle_infeasible_diagnostic,2024-04-15,2024-04-15,2024-04-15,2024-04-01,GLD,0.25,0.2500000000000003,-2.7755575615628914e-16,False,growth_down_inflation_up,True,optimal
oracle_regime_pooled_relative_active_te100bp,oracle_infeasible_diagnostic,2024-04-15,2024-04-15,2024-04-15,2024-04-01,LQD,0.21696162863749935,0.2499999999999992,-0.033038371362499847,False,growth_down_inflation_up,True,optimal
oracle_regime_pooled_relative_active_te100bp,oracle_infeasible_diagnostic,2024-04-15,2024-04-15,2024-04-15,2024-04-01,AGG,0.0,0.0,0.0,False,growth_down_inflation_up,True,optimal
oracle_regime_pooled_relative_active_te100bp,oracle_infeasible_diagnostic,2024-04-22,2024-04-22,2024-04-22,2024-04-01,SPY,0.3017905305539262,0.3499999999999998,-0.04820946944607363,False,growth_down_inflation_up,True,optimal
oracle_regime_pooled_relative_active_te100bp,oracle_infeasible_diagnostic,2024-04-22,2024-04-22,2024-04-22,2024-04-01,IEF,0.0,0.0,0.0,False,growth_down_inflation_up,True,optimal
oracle_regime_pooled_relative_active_te100bp,oracle_infeasible_diagnostic,2024-04-22,2024-04-22,2024-04-22,2024-04-01,TIP,0.034218326847966246,0.0,0.034218326847966246,False,growth_down_inflation_up,True,optimal
oracle_regime_pooled_relative_active_te100bp,oracle_infeasible_diagnostic,2024-04-22,2024-04-22,2024-04-22,2024-04-01,HYG,0.14583768378003392,0.1499999999999996,-0.004162316219965684,False,growth_down_inflation_up,True,optimal
oracle_regime_pooled_relative_active_te100bp,oracle_infeasible_diagnostic,2024-04-22,2024-04-22,2024-04-22,2024-04-01,BIL,0.05,0.0,0.05,False,growth_down_inflation_up,True,optimal
oracle_regime_pooled_relative_active_te100bp,oracle_infeasible_diagnostic,2024-04-22,2024-04-22,2024-04-22,2024-04-01,GLD,0.25,0.2499999999999999,1.1102230246251565e-16,False,growth_down_inflation_up,True,optimal
oracle_regime_pooled_relative_active_te100bp,oracle_infeasible_diagnostic,2024-04-22,2024-04-22,2024-04-22,2024-04-01,LQD,0.21815345881807358,0.2500000000000006,-0.031846541181927035,False,growth_down_inflation_up,True,optimal
oracle_regime_pooled_relative_active_te100bp,oracle_infeasible_diagnostic,2024-04-22,2024-04-22,2024-04-22,2024-04-01,AGG,0.0,0.0,0.0,False,growth_down_inflation_up,True,optimal
oracle_regime_pooled_relative_active_te100bp,oracle_infeasible_diagnostic,2024-04-29,2024-04-29,2024-04-29,2024-04-01,SPY,0.3036403423316309,0.349999999999999,-0.04635965766836808,False,growth_down_inflation_up,True,optimal
oracle_regime_pooled_relative_active_te100bp,oracle_infeasible_diagnostic,2024-04-29,2024-04-29,2024-04-29,2024-04-01,IEF,0.0,0.0,0.0,False,growth_down_inflation_up,True,optimal
oracle_regime_pooled_relative_active_te100bp,oracle_infeasible_diagnostic,2024-04-29,2024-04-29,2024-04-29,2024-04-01,TIP,0.03400847922004031,0.0,0.03400847922004031,False,growth_down_inflation_up,True,optimal
oracle_regime_pooled_relative_active_te100bp,oracle_infeasible_diagnostic,2024-04-29,2024-04-29,2024-04-29,2024-04-01,HYG,0.14559510721064384,0.1499999999999997,-0.004404892789355852,False,growth_down_inflation_up,True,optimal
oracle_regime_pooled_relative_active_te100bp,oracle_infeasible_diagnostic,2024-04-29,2024-04-29,2024-04-29,2024-04-01,BIL,0.05,0.0,0.05,False,growth_down_inflation_up,True,optimal
oracle_regime_pooled_relative_active_te100bp,oracle_infeasible_diagnostic,2024-04-29,2024-04-29,2024-04-29,2024-04-01,GLD,0.25,0.2499999999999998,1.942890293094024e-16,False,growth_down_inflation_up,True,optimal
oracle_regime_pooled_relative_active_te100bp,oracle_infeasible_diagnostic,2024-04-29,2024-04-29,2024-04-29,2024-04-01,LQD,0.216756071237685,0.2500000000000014,-0.03324392876231638,False,growth_down_inflation_up,True,optimal
oracle_regime_pooled_relative_active_te100bp,oracle_infeasible_diagnostic,2024-04-29,2024-04-29,2024-04-29,2024-04-01,AGG,0.0,0.0,0.0,False,growth_down_inflation_up,True,optimal
oracle_regime_pooled_relative_active_te100bp,oracle_infeasible_diagnostic,2024-05-06,2024-05-06,2024-05-06,2024-05-01,SPY,0.30382019799299353,0.3499999999999998,-0.046179802007006276,False,growth_up_inflation_up,True,optimal
oracle_regime_pooled_relative_active_te100bp,oracle_infeasible_diagnostic,2024-05-06,2024-05-06,2024-05-06,2024-05-01,IEF,0.0,0.0,0.0,False,growth_up_inflation_up,True,optimal
oracle_regime_pooled_relative_active_te100bp,oracle_infeasible_diagnostic,2024-05-06,2024-05-06,2024-05-06,2024-05-01,TIP,0.034169946615964356,0.0,0.034169946615964356,False,growth_up_inflation_up,True,optimal
oracle_regime_pooled_relative_active_te100bp,oracle_infeasible_diagnostic,2024-05-06,2024-05-06,2024-05-06,2024-05-01,HYG,0.14679099541346252,0.1499999999999997,-0.0032090045865371675,False,growth_up_inflation_up,True,optimal
oracle_regime_pooled_relative_active_te100bp,oracle_infeasible_diagnostic,2024-05-06,2024-05-06,2024-05-06,2024-05-01,BIL,0.04996023303599292,0.0,0.04996023303599292,False,growth_up_inflation_up,True,optimal
oracle_regime_pooled_relative_active_te100bp,oracle_infeasible_diagnostic,2024-05-06,2024-05-06,2024-05-06,2024-05-01,GLD,0.24602586555456,0.2472248001608963,-0.0011989346063362993,False,growth_up_inflation_up,True,optimal
oracle_regime_pooled_relative_active_te100bp,oracle_infeasible_diagnostic,2024-05-06,2024-05-06,2024-05-06,2024-05-01,LQD,0.21923276138702671,0.2527751998391042,-0.03354243845207747,False,growth_up_inflation_up,True,optimal
oracle_regime_pooled_relative_active_te100bp,oracle_infeasible_diagnostic,2024-05-06,2024-05-06,2024-05-06,2024-05-01,AGG,0.0,0.0,0.0,False,growth_up_inflation_up,True,optimal
oracle_regime_pooled_relative_active_te100bp,oracle_infeasible_diagnostic,2024-05-13,2024-05-13,2024-05-13,2024-05-01,SPY,0.30574953653780224,0.3499999999999997,-0.044250463462197465,False,growth_up_inflation_up,True,optimal
oracle_regime_pooled_relative_active_te100bp,oracle_infeasible_diagnostic,2024-05-13,2024-05-13,2024-05-13,2024-05-01,IEF,0.0,0.0,0.0,False,growth_up_inflation_up,True,optimal
oracle_regime_pooled_relative_active_te100bp,oracle_infeasible_diagnostic,2024-05-13,2024-05-13,2024-05-13,2024-05-01,TIP,0.03395404916272087,0.0,0.03395404916272087,False,growth_up_inflation_up,True,optimal
oracle_regime_pooled_relative_active_te100bp,oracle_infeasible_diagnostic,2024-05-13,2024-05-13,2024-05-13,2024-05-01,HYG,0.14520245767185136,0.1497028859168818,-0.004500428245030441,False,growth_up_inflation_up,True,optimal
oracle_regime_pooled_relative_active_te100bp,oracle_infeasible_diagnostic,2024-05-13,2024-05-13,2024-05-13,2024-05-01,BIL,0.049631038813391544,0.0,0.049631038813391544,False,growth_up_inflation_up,True,optimal
oracle_regime_pooled_relative_active_te100bp,oracle_infeasible_diagnostic,2024-05-13,2024-05-13,2024-05-13,2024-05-01,GLD,0.24827034356825733,0.2499999999999998,-0.0017296564317424712,False,growth_up_inflation_up,True,optimal
oracle_regime_pooled_relative_active_te100bp,oracle_infeasible_diagnostic,2024-05-13,2024-05-13,2024-05-13,2024-05-01,LQD,0.21719257424597663,0.2502971140831185,-0.03310453983714187,False,growth_up_inflation_up,True,optimal
oracle_regime_pooled_relative_active_te100bp,oracle_infeasible_diagnostic,2024-05-13,2024-05-13,2024-05-13,2024-05-01,AGG,0.0,0.0,0.0,False,growth_up_inflation_up,True,optimal
oracle_regime_pooled_relative_active_te100bp,oracle_infeasible_diagnostic,2024-05-20,2024-05-20,2024-05-20,2024-05-01,SPY,0.30567051515282234,0.3499999999999998,-0.04432948484717747,False,growth_up_inflation_up,True,optimal
oracle_regime_pooled_relative_active_te100bp,oracle_infeasible_diagnostic,2024-05-20,2024-05-20,2024-05-20,2024-05-01,IEF,6.559423143537302e-18,0.0,6.559423143537302e-18,False,growth_up_inflation_up,True,optimal
oracle_regime_pooled_relative_active_te100bp,oracle_infeasible_diagnostic,2024-05-20,2024-05-20,2024-05-20,2024-05-01,TIP,0.036051529042082205,0.0,0.036051529042082205,False,growth_up_inflation_up,True,optimal
oracle_regime_pooled_relative_active_te100bp,oracle_infeasible_diagnostic,2024-05-20,2024-05-20,2024-05-20,2024-05-01,HYG,0.14368489594866254,0.1499999999999995,-0.0063151040513369505,False,growth_up_inflation_up,True,optimal
oracle_regime_pooled_relative_active_te100bp,oracle_infeasible_diagnostic,2024-05-20,2024-05-20,2024-05-20,2024-05-01,BIL,0.04901527556987516,0.0,0.04901527556987516,False,growth_up_inflation_up,True,optimal
oracle_regime_pooled_relative_active_te100bp,oracle_infeasible_diagnostic,2024-05-20,2024-05-20,2024-05-20,2024-05-01,GLD,0.24999999999999994,0.2499999999999999,5.551115123125783e-17,False,growth_up_inflation_up,True,optimal
oracle_regime_pooled_relative_active_te100bp,oracle_infeasible_diagnostic,2024-05-20,2024-05-20,2024-05-20,2024-05-01,LQD,0.21557778428655786,0.2500000000000006,-0.034422215713442755,False,growth_up_inflation_up,True,optimal
oracle_regime_pooled_relative_active_te100bp,oracle_infeasible_diagnostic,2024-05-20,2024-05-20,2024-05-20,2024-05-01,AGG,0.0,0.0,0.0,False,growth_up_inflation_up,True,optimal
oracle_regime_pooled_relative_active_te100bp,oracle_infeasible_diagnostic,2024-05-27,2024-05-27,2024-05-28,2024-05-01,SPY,0.3084795102004555,0.3499999999999998,-0.04152048979954431,False,growth_up_inflation_up,True,optimal
oracle_regime_pooled_relative_active_te100bp,oracle_infeasible_diagnostic,2024-05-27,2024-05-27,2024-05-28,2024-05-01,IEF,6.614204628198723e-18,0.0,6.614204628198723e-18,False,growth_up_inflation_up,True,optimal
oracle_regime_pooled_relative_active_te100bp,oracle_infeasible_diagnostic,2024-05-27,2024-05-27,2024-05-28,2024-05-01,TIP,0.03637809059251534,0.0,0.03637809059251534,False,growth_up_inflation_up,True,optimal
oracle_regime_pooled_relative_active_te100bp,oracle_infeasible_diagnostic,2024-05-27,2024-05-27,2024-05-28,2024-05-01,HYG,0.1447779345110231,0.1500000000000001,-0.005222065488976996,False,growth_up_inflation_up,True,optimal
oracle_regime_pooled_relative_active_te100bp,oracle_infeasible_diagnostic,2024-05-27,2024-05-27,2024-05-28,2024-05-01,BIL,0.049531800964993364,0.0,0.049531800964993364,False,growth_up_inflation_up,True,optimal
oracle_regime_pooled_relative_active_te100bp,oracle_infeasible_diagnostic,2024-05-27,2024-05-27,2024-05-28,2024-05-01,GLD,0.2434846032904637,0.2479205859506894,-0.004435982660225685,False,growth_up_inflation_up,True,optimal
oracle_regime_pooled_relative_active_te100bp,oracle_infeasible_diagnostic,2024-05-27,2024-05-27,2024-05-28,2024-05-01,LQD,0.21734806044054905,0.2520794140493105,-0.03473135360876145,False,growth_up_inflation_up,True,optimal
oracle_regime_pooled_relative_active_te100bp,oracle_infeasible_diagnostic,2024-05-27,2024-05-27,2024-05-28,2024-05-01,AGG,0.0,0.0,0.0,False,growth_up_inflation_up,True,optimal
oracle_regime_pooled_relative_active_te100bp,oracle_infeasible_diagnostic,2024-06-03,2024-06-03,2024-06-03,2024-06-01,SPY,0.35,0.35,0.0,False,growth_up_inflation_down,True,optimal
oracle_regime_pooled_relative_active_te100bp,oracle_infeasible_diagnostic,2024-06-03,2024-06-03,2024-06-03,2024-06-01,IEF,1.1146953585866592e-17,0.0,1.1146953585866592e-17,False,growth_up_inflation_down,True,optimal
oracle_regime_pooled_relative_active_te100bp,oracle_infeasible_diagnostic,2024-06-03,2024-06-03,2024-06-03,2024-06-01,TIP,0.03662320419362253,0.0,0.03662320419362253,False,growth_up_inflation_down,True,optimal
oracle_regime_pooled_relative_active_te100bp,oracle_infeasible_diagnostic,2024-06-03,2024-06-03,2024-06-03,2024-06-01,HYG,0.14849342440936983,0.1500000000000002,-0.0015065755906303602,False,growth_up_inflation_down,True,optimal
oracle_regime_pooled_relative_active_te100bp,oracle_infeasible_diagnostic,2024-06-03,2024-06-03,2024-06-03,2024-06-01,BIL,0.0498467119074682,0.0,0.0498467119074682,False,growth_up_inflation_down,True,optimal
oracle_regime_pooled_relative_active_te100bp,oracle_infeasible_diagnostic,2024-06-03,2024-06-03,2024-06-03,2024-06-01,GLD,0.19693927761564733,0.2469392776156473,-0.04999999999999996,False,growth_up_inflation_down,True,optimal
oracle_regime_pooled_relative_active_te100bp,oracle_infeasible_diagnostic,2024-06-03,2024-06-03,2024-06-03,2024-06-01,LQD,0.21809738187389205,0.2530607223843524,-0.03496334051046035,False,growth_up_inflation_down,True,optimal
oracle_regime_pooled_relative_active_te100bp,oracle_infeasible_diagnostic,2024-06-03,2024-06-03,2024-06-03,2024-06-01,AGG,0.0,0.0,0.0,False,growth_up_inflation_down,True,optimal
oracle_regime_pooled_relative_active_te100bp,oracle_infeasible_diagnostic,2024-06-10,2024-06-10,2024-06-10,2024-06-01,SPY,0.34999999999999976,0.3499999999999993,4.440892098500626e-16,False,growth_up_inflation_down,True,optimal
oracle_regime_pooled_relative_active_te100bp,oracle_infeasible_diagnostic,2024-06-10,2024-06-10,2024-06-10,2024-06-01,IEF,7.497914267199725e-17,0.0,7.497914267199725e-17,False,growth_up_inflation_down,True,optimal
oracle_regime_pooled_relative_active_te100bp,oracle_infeasible_diagnostic,2024-06-10,2024-06-10,2024-06-10,2024-06-01,TIP,0.036639431654334996,0.0,0.036639431654334996,False,growth_up_inflation_down,True,optimal
oracle_regime_pooled_relative_active_te100bp,oracle_infeasible_diagnostic,2024-06-10,2024-06-10,2024-06-10,2024-06-01,HYG,0.14874120102815558,0.1499999999999995,-0.0012587989718439163,False,growth_up_inflation_down,True,optimal
oracle_regime_pooled_relative_active_te100bp,oracle_infeasible_diagnostic,2024-06-10,2024-06-10,2024-06-10,2024-06-01,BIL,0.04989210216441143,0.0,0.04989210216441143,False,growth_up_inflation_down,True,optimal
oracle_regime_pooled_relative_active_te100bp,oracle_infeasible_diagnostic,2024-06-10,2024-06-10,2024-06-10,2024-06-01,GLD,0.196268001301142,0.2462680013011421,-0.0500000000000001,False,growth_up_inflation_down,True,optimal
oracle_regime_pooled_relative_active_te100bp,oracle_infeasible_diagnostic,2024-06-10,2024-06-10,2024-06-10,2024-06-01,LQD,0.21845926385195602,0.253731998698859,-0.035272734846902964,False,growth_up_inflation_down,True,optimal
oracle_regime_pooled_relative_active_te100bp,oracle_infeasible_diagnostic,2024-06-10,2024-06-10,2024-06-10,2024-06-01,AGG,0.0,0.0,0.0,False,growth_up_inflation_down,True,optimal
oracle_regime_pooled_relative_active_te100bp,oracle_infeasible_diagnostic,2024-06-17,2024-06-17,2024-06-17,2024-06-01,SPY,0.3499999999999997,0.3500000000000001,-3.885780586188048e-16,False,growth_up_inflation_down,True,optimal
oracle_regime_pooled_relative_active_te100bp,oracle_infeasible_diagnostic,2024-06-17,2024-06-17,2024-06-17,2024-06-01,IEF,0.0,0.0,0.0,False,growth_up_inflation_down,True,optimal
oracle_regime_pooled_relative_active_te100bp,oracle_infeasible_diagnostic,2024-06-17,2024-06-17,2024-06-17,2024-06-01,TIP,0.036481337270897314,0.0,0.036481337270897314,False,growth_up_inflation_down,True,optimal
oracle_regime_pooled_relative_active_te100bp,oracle_infeasible_diagnostic,2024-06-17,2024-06-17,2024-06-17,2024-06-01,HYG,0.14782026636691498,0.1484311172018844,-0.000610850834969423,False,growth_up_inflation_down,True,optimal
oracle_regime_pooled_relative_active_te100bp,oracle_infeasible_diagnostic,2024-06-17,2024-06-17,2024-06-17,2024-06-01,BIL,0.04930310846730807,0.0,0.04930310846730807,False,growth_up_inflation_down,True,optimal
oracle_regime_pooled_relative_active_te100bp,oracle_infeasible_diagnostic,2024-06-17,2024-06-17,2024-06-17,2024-06-01,GLD,0.19729634113649716,0.2472963411364972,-0.050000000000000044,False,growth_up_inflation_down,True,optimal
oracle_regime_pooled_relative_active_te100bp,oracle_infeasible_diagnostic,2024-06-17,2024-06-17,2024-06-17,2024-06-01,LQD,0.2190989467583826,0.2542725416616182,-0.03517359490323563,False,growth_up_inflation_down,True,optimal
oracle_regime_pooled_relative_active_te100bp,oracle_infeasible_diagnostic,2024-06-17,2024-06-17,2024-06-17,2024-06-01,AGG,0.0,0.0,0.0,False,growth_up_inflation_down,True,optimal
oracle_regime_pooled_relative_active_te100bp,oracle_infeasible_diagnostic,2024-06-24,2024-06-24,2024-06-24,2024-06-01,SPY,0.35,0.3499999999999998,1.6653345369377348e-16,False,growth_up_inflation_down,True,optimal
oracle_regime_pooled_relative_active_te100bp,oracle_infeasible_diagnostic,2024-06-24,2024-06-24,2024-06-24,2024-06-01,IEF,0.0,0.0,0.0,False,growth_up_inflation_down,True,optimal
oracle_regime_pooled_relative_active_te100bp,oracle_infeasible_diagnostic,2024-06-24,2024-06-24,2024-06-24,2024-06-01,TIP,0.03646021482468983,0.0,0.03646021482468983,False,growth_up_inflation_down,True,optimal
oracle_regime_pooled_relative_active_te100bp,oracle_infeasible_diagnostic,2024-06-24,2024-06-24,2024-06-24,2024-06-01,HYG,0.14823807178147297,0.1486835684716041,-0.00044549669013113635,False,growth_up_inflation_down,True,optimal
oracle_regime_pooled_relative_active_te100bp,oracle_infeasible_diagnostic,2024-06-24,2024-06-24,2024-06-24,2024-06-01,BIL,0.049132555626219064,0.0,0.049132555626219064,False,growth_up_inflation_down,True,optimal
oracle_regime_pooled_relative_active_te100bp,oracle_infeasible_diagnostic,2024-06-24,2024-06-24,2024-06-24,2024-06-01,GLD,0.19738783527213333,0.2473878352721333,-0.04999999999999996,False,growth_up_inflation_down,True,optimal
oracle_regime_pooled_relative_active_te100bp,oracle_infeasible_diagnostic,2024-06-24,2024-06-24,2024-06-24,2024-06-01,LQD,0.218781322495485,0.2539285962562627,-0.0351472737607777,False,growth_up_inflation_down,True,optimal
oracle_regime_pooled_relative_active_te100bp,oracle_infeasible_diagnostic,2024-06-24,2024-06-24,2024-06-24,2024-06-01,AGG,0.0,0.0,0.0,False,growth_up_inflation_down,True,optimal
oracle_regime_pooled_relative_active_te100bp,oracle_infeasible_diagnostic,2024-07-01,2024-07-01,2024-07-01,2024-07-01,SPY,0.3120099517836332,0.3499999999999999,-0.0379900482163667,False,growth_down_inflation_down,True,optimal
oracle_regime_pooled_relative_active_te100bp,oracle_infeasible_diagnostic,2024-07-01,2024-07-01,2024-07-01,2024-07-01,IEF,0.014190909417658779,0.0,0.014190909417658779,False,growth_down_inflation_down,True,optimal
oracle_regime_pooled_relative_active_te100bp,oracle_infeasible_diagnostic,2024-07-01,2024-07-01,2024-07-01,2024-07-01,TIP,0.03648174032113543,0.0,0.03648174032113543,False,growth_down_inflation_down,True,optimal
oracle_regime_pooled_relative_active_te100bp,oracle_infeasible_diagnostic,2024-07-01,2024-07-01,2024-07-01,2024-07-01,HYG,0.14830555365953155,0.1488140188273128,-0.0005084651677812468,False,growth_down_inflation_down,True,optimal
oracle_regime_pooled_relative_active_te100bp,oracle_infeasible_diagnostic,2024-07-01,2024-07-01,2024-07-01,2024-07-01,BIL,0.04932735026120599,0.0,0.04932735026120599,False,growth_down_inflation_down,True,optimal
oracle_regime_pooled_relative_active_te100bp,oracle_infeasible_diagnostic,2024-07-01,2024-07-01,2024-07-01,2024-07-01,GLD,0.2098694096952093,0.2489238167332735,-0.039054407038064176,False,growth_down_inflation_down,True,optimal
oracle_regime_pooled_relative_active_te100bp,oracle_infeasible_diagnostic,2024-07-01,2024-07-01,2024-07-01,2024-07-01,LQD,0.22981508486162577,0.2522621644394138,-0.02244707957778802,False,growth_down_inflation_down,True,optimal
oracle_regime_pooled_relative_active_te100bp,oracle_infeasible_diagnostic,2024-07-01,2024-07-01,2024-07-01,2024-07-01,AGG,0.0,0.0,0.0,False,growth_down_inflation_down,True,optimal
oracle_regime_pooled_relative_active_te100bp,oracle_infeasible_diagnostic,2024-07-08,2024-07-08,2024-07-08,2024-07-01,SPY,0.31144891871409863,0.3499999999999997,-0.03855108128590107,False,growth_down_inflation_down,True,optimal
oracle_regime_pooled_relative_active_te100bp,oracle_infeasible_diagnostic,2024-07-08,2024-07-08,2024-07-08,2024-07-01,IEF,0.01480278251143829,0.0,0.01480278251143829,False,growth_down_inflation_down,True,optimal
oracle_regime_pooled_relative_active_te100bp,oracle_infeasible_diagnostic,2024-07-08,2024-07-08,2024-07-08,2024-07-01,TIP,0.03624707913147538,0.0,0.03624707913147538,False,growth_down_inflation_down,True,optimal
oracle_regime_pooled_relative_active_te100bp,oracle_infeasible_diagnostic,2024-07-08,2024-07-08,2024-07-08,2024-07-01,HYG,0.14699659299871798,0.1479300426254453,-0.0009334496267273118,False,growth_down_inflation_down,True,optimal
oracle_regime_pooled_relative_active_te100bp,oracle_infeasible_diagnostic,2024-07-08,2024-07-08,2024-07-08,2024-07-01,BIL,0.048575536421743,0.0,0.048575536421743,False,growth_down_inflation_down,True,optimal
oracle_regime_pooled_relative_active_te100bp,oracle_infeasible_diagnostic,2024-07-08,2024-07-08,2024-07-08,2024-07-01,GLD,0.21196202404828945,0.2499999999999998,-0.03803797595171035,False,growth_down_inflation_down,True,optimal
oracle_regime_pooled_relative_active_te100bp,oracle_infeasible_diagnostic,2024-07-08,2024-07-08,2024-07-08,2024-07-01,LQD,0.2299670661742372,0.252069957374555,-0.022102891200317804,False,growth_down_inflation_down,True,optimal
oracle_regime_pooled_relative_active_te100bp,oracle_infeasible_diagnostic,2024-07-08,2024-07-08,2024-07-08,2024-07-01,AGG,0.0,0.0,0.0,False,growth_down_inflation_down,True,optimal
oracle_regime_pooled_relative_active_te100bp,oracle_infeasible_diagnostic,2024-07-15,2024-07-15,2024-07-15,2024-07-01,SPY,0.31079129909285624,0.3499999999999999,-0.03920870090714368,False,growth_down_inflation_down,True,optimal
oracle_regime_pooled_relative_active_te100bp,oracle_infeasible_diagnostic,2024-07-15,2024-07-15,2024-07-15,2024-07-01,IEF,0.015088557274730185,0.0,0.015088557274730185,False,growth_down_inflation_down,True,optimal
oracle_regime_pooled_relative_active_te100bp,oracle_infeasible_diagnostic,2024-07-15,2024-07-15,2024-07-15,2024-07-01,TIP,0.03610215142579311,0.0,0.03610215142579311,False,growth_down_inflation_down,True,optimal
oracle_regime_pooled_relative_active_te100bp,oracle_infeasible_diagnostic,2024-07-15,2024-07-15,2024-07-15,2024-07-01,HYG,0.14670499292519212,0.148264552370612,-0.0015595594454198836,False,growth_down_inflation_down,True,optimal
oracle_regime_pooled_relative_active_te100bp,oracle_infeasible_diagnostic,2024-07-15,2024-07-15,2024-07-15,2024-07-01,BIL,0.048166885466212284,0.0,0.048166885466212284,False,growth_down_inflation_down,True,optimal
oracle_regime_pooled_relative_active_te100bp,oracle_infeasible_diagnostic,2024-07-15,2024-07-15,2024-07-15,2024-07-01,GLD,0.21331288860590372,0.2499999999999999,-0.03668711139409617,False,growth_down_inflation_down,True,optimal
oracle_regime_pooled_relative_active_te100bp,oracle_infeasible_diagnostic,2024-07-15,2024-07-15,2024-07-15,2024-07-01,LQD,0.22983322520931246,0.2517354476293882,-0.02190222242007575,False,growth_down_inflation_down,True,optimal
oracle_regime_pooled_relative_active_te100bp,oracle_infeasible_diagnostic,2024-07-15,2024-07-15,2024-07-15,2024-07-01,AGG,0.0,0.0,0.0,False,growth_down_inflation_down,True,optimal
oracle_regime_pooled_relative_active_te100bp,oracle_infeasible_diagnostic,2024-07-22,2024-07-22,2024-07-22,2024-07-01,SPY,0.3065885918595175,0.3499999999999999,-0.043411408140482444,False,growth_down_inflation_down,True,optimal
oracle_regime_pooled_relative_active_te100bp,oracle_infeasible_diagnostic,2024-07-22,2024-07-22,2024-07-22,2024-07-01,IEF,0.015217150503468281,0.0,0.015217150503468281,False,growth_down_inflation_down,True,optimal
oracle_regime_pooled_relative_active_te100bp,oracle_infeasible_diagnostic,2024-07-22,2024-07-22,2024-07-22,2024-07-01,TIP,0.03642254175427193,0.0,0.03642254175427193,False,growth_down_inflation_down,True,optimal
oracle_regime_pooled_relative_active_te100bp,oracle_infeasible_diagnostic,2024-07-22,2024-07-22,2024-07-22,2024-07-01,HYG,0.1480447517680768,0.1498080413410327,-0.0017632895729559062,False,growth_down_inflation_down,True,optimal
oracle_regime_pooled_relative_active_te100bp,oracle_infeasible_diagnostic,2024-07-22,2024-07-22,2024-07-22,2024-07-01,BIL,0.04271684124003899,0.0,0.04271684124003899,False,growth_down_inflation_down,True,optimal
oracle_regime_pooled_relative_active_te100bp,oracle_infeasible_diagnostic,2024-07-22,2024-07-22,2024-07-22,2024-07-01,GLD,0.2197955703768896,0.2500000000000003,-0.03020442962311068,False,growth_down_inflation_down,True,optimal
oracle_regime_pooled_relative_active_te100bp,oracle_infeasible_diagnostic,2024-07-22,2024-07-22,2024-07-22,2024-07-01,LQD,0.23121455249773704,0.2501919586589671,-0.01897740616123006,False,growth_down_inflation_down,True,optimal
oracle_regime_pooled_relative_active_te100bp,oracle_infeasible_diagnostic,2024-07-22,2024-07-22,2024-07-22,2024-07-01,AGG,0.0,0.0,0.0,False,growth_down_inflation_down,True,optimal
oracle_regime_pooled_relative_active_te100bp,oracle_infeasible_diagnostic,2024-07-29,2024-07-29,2024-07-29,2024-07-01,SPY,0.3040058356915377,0.3500000000000001,-0.04599416430846237,False,growth_down_inflation_down,True,optimal
oracle_regime_pooled_relative_active_te100bp,oracle_infeasible_diagnostic,2024-07-29,2024-07-29,2024-07-29,2024-07-01,IEF,0.015354005597509164,0.0,0.015354005597509164,False,growth_down_inflation_down,True,optimal
oracle_regime_pooled_relative_active_te100bp,oracle_infeasible_diagnostic,2024-07-29,2024-07-29,2024-07-29,2024-07-01,TIP,0.03666388180601581,0.0,0.03666388180601581,False,growth_down_inflation_down,True,optimal
oracle_regime_pooled_relative_active_te100bp,oracle_infeasible_diagnostic,2024-07-29,2024-07-29,2024-07-29,2024-07-01,HYG,0.1491016340905595,0.1499999999999997,-0.0008983659094402019,False,growth_down_inflation_down,True,optimal
oracle_regime_pooled_relative_active_te100bp,oracle_infeasible_diagnostic,2024-07-29,2024-07-29,2024-07-29,2024-07-01,BIL,0.03864237703311492,0.0,0.03864237703311492,False,growth_down_inflation_down,True,optimal
oracle_regime_pooled_relative_active_te100bp,oracle_infeasible_diagnostic,2024-07-29,2024-07-29,2024-07-29,2024-07-01,GLD,0.22395923529821776,0.2500000000000001,-0.02604076470178235,False,growth_down_inflation_down,True,optimal
oracle_regime_pooled_relative_active_te100bp,oracle_infeasible_diagnostic,2024-07-29,2024-07-29,2024-07-29,2024-07-01,LQD,0.2322730304830452,0.25,-0.017726969516954794,False,growth_down_inflation_down,True,optimal
oracle_regime_pooled_relative_active_te100bp,oracle_infeasible_diagnostic,2024-07-29,2024-07-29,2024-07-29,2024-07-01,AGG,0.0,0.0,0.0,False,growth_down_inflation_down,True,optimal
oracle_regime_pooled_relative_active_te100bp,oracle_infeasible_diagnostic,2024-08-05,2024-08-05,2024-08-05,2024-08-01,SPY,0.3016601150215349,0.35,-0.048339884978465086,False,growth_up_inflation_up,True,optimal
oracle_regime_pooled_relative_active_te100bp,oracle_infeasible_diagnostic,2024-08-05,2024-08-05,2024-08-05,2024-08-01,IEF,0.010341060391818674,0.0,0.010341060391818674,False,growth_up_inflation_up,True,optimal
oracle_regime_pooled_relative_active_te100bp,oracle_infeasible_diagnostic,2024-08-05,2024-08-05,2024-08-05,2024-08-01,TIP,0.037032706639888634,0.0,0.037032706639888634,False,growth_up_inflation_up,True,optimal
oracle_regime_pooled_relative_active_te100bp,oracle_infeasible_diagnostic,2024-08-05,2024-08-05,2024-08-05,2024-08-01,HYG,0.14830952515125856,0.1493817021789808,-0.0010721770277222487,False,growth_up_inflation_up,True,optimal
oracle_regime_pooled_relative_active_te100bp,oracle_infeasible_diagnostic,2024-08-05,2024-08-05,2024-08-05,2024-08-01,BIL,0.038620198126598636,0.0,0.038620198126598636,False,growth_up_inflation_up,True,optimal
oracle_regime_pooled_relative_active_te100bp,oracle_infeasible_diagnostic,2024-08-05,2024-08-05,2024-08-05,2024-08-01,GLD,0.22772908390318422,0.2499999999999999,-0.02227091609681567,False,growth_up_inflation_up,True,optimal
oracle_regime_pooled_relative_active_te100bp,oracle_infeasible_diagnostic,2024-08-05,2024-08-05,2024-08-05,2024-08-01,LQD,0.23630731076571643,0.2506182978210191,-0.014310987055302649,False,growth_up_inflation_up,True,optimal
oracle_regime_pooled_relative_active_te100bp,oracle_infeasible_diagnostic,2024-08-05,2024-08-05,2024-08-05,2024-08-01,AGG,0.0,0.0,0.0,False,growth_up_inflation_up,True,optimal
oracle_regime_pooled_relative_active_te100bp,oracle_infeasible_diagnostic,2024-08-12,2024-08-12,2024-08-12,2024-08-01,SPY,0.30895081777834826,0.3499999999999993,-0.04104918222165105,False,growth_up_inflation_up,True,optimal
oracle_regime_pooled_relative_active_te100bp,oracle_infeasible_diagnostic,2024-08-12,2024-08-12,2024-08-12,2024-08-01,IEF,0.009987983224957754,0.0,0.009987983224957754,False,growth_up_inflation_up,True,optimal
oracle_regime_pooled_relative_active_te100bp,oracle_infeasible_diagnostic,2024-08-12,2024-08-12,2024-08-12,2024-08-01,TIP,0.03623432161652447,0.0,0.03623432161652447,False,growth_up_inflation_up,True,optimal
oracle_regime_pooled_relative_active_te100bp,oracle_infeasible_diagnostic,2024-08-12,2024-08-12,2024-08-12,2024-08-01,HYG,0.14833997565587095,0.1499999999999996,-0.0016600243441286522,False,growth_up_inflation_up,True,optimal
oracle_regime_pooled_relative_active_te100bp,oracle_infeasible_diagnostic,2024-08-12,2024-08-12,2024-08-12,2024-08-01,BIL,0.03799826581856,0.0,0.03799826581856,False,growth_up_inflation_up,True,optimal
oracle_regime_pooled_relative_active_te100bp,oracle_infeasible_diagnostic,2024-08-12,2024-08-12,2024-08-12,2024-08-01,GLD,0.22795077601168282,0.2499999999999992,-0.02204922398831638,False,growth_up_inflation_up,True,optimal
oracle_regime_pooled_relative_active_te100bp,oracle_infeasible_diagnostic,2024-08-12,2024-08-12,2024-08-12,2024-08-01,LQD,0.23053785989405576,0.2500000000000019,-0.01946214010594613,False,growth_up_inflation_up,True,optimal
oracle_regime_pooled_relative_active_te100bp,oracle_infeasible_diagnostic,2024-08-12,2024-08-12,2024-08-12,2024-08-01,AGG,0.0,0.0,0.0,False,growth_up_inflation_up,True,optimal
oracle_regime_pooled_relative_active_te100bp,oracle_infeasible_diagnostic,2024-08-19,2024-08-19,2024-08-19,2024-08-01,SPY,0.3135368003436627,0.3500000000000003,-0.0364631996563376,False,growth_up_inflation_up,True,optimal
oracle_regime_pooled_relative_active_te100bp,oracle_infeasible_diagnostic,2024-08-19,2024-08-19,2024-08-19,2024-08-01,IEF,0.009822316644566271,0.0,0.009822316644566271,False,growth_up_inflation_up,True,optimal
oracle_regime_pooled_relative_active_te100bp,oracle_infeasible_diagnostic,2024-08-19,2024-08-19,2024-08-19,2024-08-01,TIP,0.03553055324845338,0.0,0.03553055324845338,False,growth_up_inflation_up,True,optimal
oracle_regime_pooled_relative_active_te100bp,oracle_infeasible_diagnostic,2024-08-19,2024-08-19,2024-08-19,2024-08-01,HYG,0.1465703371145327,0.1500000000000001,-0.003429662885467394,False,growth_up_inflation_up,True,optimal
oracle_regime_pooled_relative_active_te100bp,oracle_infeasible_diagnostic,2024-08-19,2024-08-19,2024-08-19,2024-08-01,BIL,0.03720457257996825,0.0,0.03720457257996825,False,growth_up_inflation_up,True,optimal
oracle_regime_pooled_relative_active_te100bp,oracle_infeasible_diagnostic,2024-08-19,2024-08-19,2024-08-19,2024-08-01,GLD,0.22871332075865097,0.2500000000000002,-0.02128667924134925,False,growth_up_inflation_up,True,optimal
oracle_regime_pooled_relative_active_te100bp,oracle_infeasible_diagnostic,2024-08-19,2024-08-19,2024-08-19,2024-08-01,LQD,0.22862209931016572,0.2499999999999992,-0.021377900689833473,False,growth_up_inflation_up,True,optimal
oracle_regime_pooled_relative_active_te100bp,oracle_infeasible_diagnostic,2024-08-19,2024-08-19,2024-08-19,2024-08-01,AGG,0.0,0.0,0.0,False,growth_up_inflation_up,True,optimal
oracle_regime_pooled_relative_active_te100bp,oracle_infeasible_diagnostic,2024-08-26,2024-08-26,2024-08-26,2024-08-01,SPY,0.31468985691589624,0.3499999999999996,-0.03531014308410335,False,growth_up_inflation_up,True,optimal
oracle_regime_pooled_relative_active_te100bp,oracle_infeasible_diagnostic,2024-08-26,2024-08-26,2024-08-26,2024-08-01,IEF,0.009803851190694846,0.0,0.009803851190694846,False,growth_up_inflation_up,True,optimal
oracle_regime_pooled_relative_active_te100bp,oracle_infeasible_diagnostic,2024-08-26,2024-08-26,2024-08-26,2024-08-01,TIP,0.03551650379035977,0.0,0.03551650379035977,False,growth_up_inflation_up,True,optimal
oracle_regime_pooled_relative_active_te100bp,oracle_infeasible_diagnostic,2024-08-26,2024-08-26,2024-08-26,2024-08-01,HYG,0.14625962936980771,0.15,-0.00374037063019228,False,growth_up_inflation_up,True,optimal
oracle_regime_pooled_relative_active_te100bp,oracle_infeasible_diagnostic,2024-08-26,2024-08-26,2024-08-26,2024-08-01,BIL,0.036877966320495184,0.0,0.036877966320495184,False,growth_up_inflation_up,True,optimal
oracle_regime_pooled_relative_active_te100bp,oracle_infeasible_diagnostic,2024-08-26,2024-08-26,2024-08-26,2024-08-01,GLD,0.2283731152537472,0.2499999999999997,-0.02162688474625249,False,growth_up_inflation_up,True,optimal
oracle_regime_pooled_relative_active_te100bp,oracle_infeasible_diagnostic,2024-08-26,2024-08-26,2024-08-26,2024-08-01,LQD,0.22847907715899912,0.2500000000000006,-0.02152092284100149,False,growth_up_inflation_up,True,optimal
oracle_regime_pooled_relative_active_te100bp,oracle_infeasible_diagnostic,2024-08-26,2024-08-26,2024-08-26,2024-08-01,AGG,0.0,0.0,0.0,False,growth_up_inflation_up,True,optimal
oracle_regime_pooled_relative_active_te100bp,oracle_infeasible_diagnostic,2024-09-02,2024-09-02,2024-09-03,2024-09-01,SPY,0.2999999999999994,0.3499999999999993,-0.04999999999999993,False,growth_down_inflation_up,True,optimal
oracle_regime_pooled_relative_active_te100bp,oracle_infeasible_diagnostic,2024-09-02,2024-09-02,2024-09-03,2024-09-01,IEF,0.005069209821728939,0.0,0.005069209821728939,False,growth_down_inflation_up,True,optimal
oracle_regime_pooled_relative_active_te100bp,oracle_infeasible_diagnostic,2024-09-02,2024-09-02,2024-09-03,2024-09-01,TIP,0.0354568168537683,0.0,0.0354568168537683,False,growth_down_inflation_up,True,optimal
oracle_regime_pooled_relative_active_te100bp,oracle_infeasible_diagnostic,2024-09-02,2024-09-02,2024-09-03,2024-09-01,HYG,0.14684667397253948,0.1500000000000001,-0.003153326027460629,False,growth_down_inflation_up,True,optimal
oracle_regime_pooled_relative_active_te100bp,oracle_infeasible_diagnostic,2024-09-02,2024-09-02,2024-09-03,2024-09-01,BIL,0.037081636631350154,0.0,0.037081636631350154,False,growth_down_inflation_up,True,optimal
oracle_regime_pooled_relative_active_te100bp,oracle_infeasible_diagnostic,2024-09-02,2024-09-02,2024-09-03,2024-09-01,GLD,0.25,0.2499999999999996,3.885780586188048e-16,False,growth_down_inflation_up,True,optimal
oracle_regime_pooled_relative_active_te100bp,oracle_infeasible_diagnostic,2024-09-02,2024-09-02,2024-09-03,2024-09-01,LQD,0.22554566272061383,0.2500000000000008,-0.02445433727938695,False,growth_down_inflation_up,True,optimal
oracle_regime_pooled_relative_active_te100bp,oracle_infeasible_diagnostic,2024-09-02,2024-09-02,2024-09-03,2024-09-01,AGG,0.0,0.0,0.0,False,growth_down_inflation_up,True,optimal
oracle_regime_pooled_relative_active_te100bp,oracle_infeasible_diagnostic,2024-09-09,2024-09-09,2024-09-09,2024-09-01,SPY,0.29999999999999977,0.3499999999999997,-0.04999999999999993,False,growth_down_inflation_up,True,optimal
oracle_regime_pooled_relative_active_te100bp,oracle_infeasible_diagnostic,2024-09-09,2024-09-09,2024-09-09,2024-09-01,IEF,0.0051636364865937905,0.0,0.0051636364865937905,False,growth_down_inflation_up,True,optimal
oracle_regime_pooled_relative_active_te100bp,oracle_infeasible_diagnostic,2024-09-09,2024-09-09,2024-09-09,2024-09-01,TIP,0.03585288122913708,0.0,0.03585288122913708,False,growth_down_inflation_up,True,optimal
oracle_regime_pooled_relative_active_te100bp,oracle_infeasible_diagnostic,2024-09-09,2024-09-09,2024-09-09,2024-09-01,HYG,0.14847298899588673,0.1500000000000001,-0.001527011004113371,False,growth_down_inflation_up,True,optimal
oracle_regime_pooled_relative_active_te100bp,oracle_infeasible_diagnostic,2024-09-09,2024-09-09,2024-09-09,2024-09-01,BIL,0.037401834206999024,0.0,0.037401834206999024,False,growth_down_inflation_up,True,optimal
oracle_regime_pooled_relative_active_te100bp,oracle_infeasible_diagnostic,2024-09-09,2024-09-09,2024-09-09,2024-09-01,GLD,0.25,0.2499999999999998,1.942890293094024e-16,False,growth_down_inflation_up,True,optimal
oracle_regime_pooled_relative_active_te100bp,oracle_infeasible_diagnostic,2024-09-09,2024-09-09,2024-09-09,2024-09-01,LQD,0.22310865908138364,0.2500000000000003,-0.02689134091861664,False,growth_down_inflation_up,True,optimal
oracle_regime_pooled_relative_active_te100bp,oracle_infeasible_diagnostic,2024-09-09,2024-09-09,2024-09-09,2024-09-01,AGG,0.0,0.0,0.0,False,growth_down_inflation_up,True,optimal
oracle_regime_pooled_relative_active_te100bp,oracle_infeasible_diagnostic,2024-09-16,2024-09-16,2024-09-16,2024-09-01,SPY,0.30120342695770186,0.3500000000000006,-0.04879657304229873,False,growth_down_inflation_up,True,optimal
oracle_regime_pooled_relative_active_te100bp,oracle_infeasible_diagnostic,2024-09-16,2024-09-16,2024-09-16,2024-09-01,IEF,0.005090278254373871,0.0,0.005090278254373871,False,growth_down_inflation_up,True,optimal
oracle_regime_pooled_relative_active_te100bp,oracle_infeasible_diagnostic,2024-09-16,2024-09-16,2024-09-16,2024-09-01,TIP,0.03541843511647581,0.0,0.03541843511647581,False,growth_down_inflation_up,True,optimal
oracle_regime_pooled_relative_active_te100bp,oracle_infeasible_diagnostic,2024-09-16,2024-09-16,2024-09-16,2024-09-01,HYG,0.14616599074459627,0.1500000000000005,-0.003834009255404225,False,growth_down_inflation_up,True,optimal
oracle_regime_pooled_relative_active_te100bp,oracle_infeasible_diagnostic,2024-09-16,2024-09-16,2024-09-16,2024-09-01,BIL,0.041720800955588784,0.0,0.041720800955588784,False,growth_down_inflation_up,True,optimal
oracle_regime_pooled_relative_active_te100bp,oracle_infeasible_diagnostic,2024-09-16,2024-09-16,2024-09-16,2024-09-01,GLD,0.25,0.2499999999999995,4.996003610813204e-16,False,growth_down_inflation_up,True,optimal
oracle_regime_pooled_relative_active_te100bp,oracle_infeasible_diagnostic,2024-09-16,2024-09-16,2024-09-16,2024-09-01,LQD,0.22040106797126346,0.2499999999999994,-0.029598932028735925,False,growth_down_inflation_up,True,optimal
oracle_regime_pooled_relative_active_te100bp,oracle_infeasible_diagnostic,2024-09-16,2024-09-16,2024-09-16,2024-09-01,AGG,0.0,0.0,0.0,False,growth_down_inflation_up,True,optimal
oracle_regime_pooled_relative_active_te100bp,oracle_infeasible_diagnostic,2024-09-23,2024-09-23,2024-09-23,2024-09-01,SPY,0.3016736748178893,0.3499999999999995,-0.048326325182110164,False,growth_down_inflation_up,True,optimal
oracle_regime_pooled_relative_active_te100bp,oracle_infeasible_diagnostic,2024-09-23,2024-09-23,2024-09-23,2024-09-01,IEF,0.005014107114118417,0.0,0.005014107114118417,False,growth_down_inflation_up,True,optimal
oracle_regime_pooled_relative_active_te100bp,oracle_infeasible_diagnostic,2024-09-23,2024-09-23,2024-09-23,2024-09-01,TIP,0.035055610861359665,0.0,0.035055610861359665,False,growth_down_inflation_up,True,optimal
oracle_regime_pooled_relative_active_te100bp,oracle_infeasible_diagnostic,2024-09-23,2024-09-23,2024-09-23,2024-09-01,HYG,0.14590332948459686,0.1499999999999999,-0.00409667051540305,False,growth_down_inflation_up,True,optimal
oracle_regime_pooled_relative_active_te100bp,oracle_infeasible_diagnostic,2024-09-23,2024-09-23,2024-09-23,2024-09-01,BIL,0.0438003436818932,0.0,0.0438003436818932,False,growth_down_inflation_up,True,optimal
oracle_regime_pooled_relative_active_te100bp,oracle_infeasible_diagnostic,2024-09-23,2024-09-23,2024-09-23,2024-09-01,GLD,0.25,0.2499999999999996,3.885780586188048e-16,False,growth_down_inflation_up,True,optimal
oracle_regime_pooled_relative_active_te100bp,oracle_infeasible_diagnostic,2024-09-23,2024-09-23,2024-09-23,2024-09-01,LQD,0.21855293404014253,0.2500000000000008,-0.031447065959858245,False,growth_down_inflation_up,True,optimal
oracle_regime_pooled_relative_active_te100bp,oracle_infeasible_diagnostic,2024-09-23,2024-09-23,2024-09-23,2024-09-01,AGG,0.0,0.0,0.0,False,growth_down_inflation_up,True,optimal
oracle_regime_pooled_relative_active_te100bp,oracle_infeasible_diagnostic,2024-09-30,2024-09-30,2024-09-30,2024-09-01,SPY,0.30161062353931645,0.35,-0.04838937646068353,False,growth_down_inflation_up,True,optimal
oracle_regime_pooled_relative_active_te100bp,oracle_infeasible_diagnostic,2024-09-30,2024-09-30,2024-09-30,2024-09-01,IEF,0.005003019526283215,0.0,0.005003019526283215,False,growth_down_inflation_up,True,optimal
oracle_regime_pooled_relative_active_te100bp,oracle_infeasible_diagnostic,2024-09-30,2024-09-30,2024-09-30,2024-09-01,TIP,0.03497460463965875,0.0,0.03497460463965875,False,growth_down_inflation_up,True,optimal
oracle_regime_pooled_relative_active_te100bp,oracle_infeasible_diagnostic,2024-09-30,2024-09-30,2024-09-30,2024-09-01,HYG,0.14632123214717407,0.1499999999999992,-0.0036787678528251155,False,growth_down_inflation_up,True,optimal
oracle_regime_pooled_relative_active_te100bp,oracle_infeasible_diagnostic,2024-09-30,2024-09-30,2024-09-30,2024-09-01,BIL,0.04408969982923023,0.0,0.04408969982923023,False,growth_down_inflation_up,True,optimal
oracle_regime_pooled_relative_active_te100bp,oracle_infeasible_diagnostic,2024-09-30,2024-09-30,2024-09-30,2024-09-01,GLD,0.25,0.25,0.0,False,growth_down_inflation_up,True,optimal
oracle_regime_pooled_relative_active_te100bp,oracle_infeasible_diagnostic,2024-09-30,2024-09-30,2024-09-30,2024-09-01,LQD,0.2180008203183373,0.2500000000000006,-0.0319991796816633,False,growth_down_inflation_up,True,optimal
oracle_regime_pooled_relative_active_te100bp,oracle_infeasible_diagnostic,2024-09-30,2024-09-30,2024-09-30,2024-09-01,AGG,0.0,0.0,0.0,False,growth_down_inflation_up,True,optimal
oracle_regime_pooled_relative_active_te100bp,oracle_infeasible_diagnostic,2024-10-07,2024-10-07,2024-10-07,2024-10-01,SPY,0.3022791877884876,0.3499999999999998,-0.0477208122115122,False,growth_down_inflation_up,True,optimal
oracle_regime_pooled_relative_active_te100bp,oracle_infeasible_diagnostic,2024-10-07,2024-10-07,2024-10-07,2024-10-01,IEF,0.004928349249404036,0.0,0.004928349249404036,False,growth_down_inflation_up,True,optimal
oracle_regime_pooled_relative_active_te100bp,oracle_infeasible_diagnostic,2024-10-07,2024-10-07,2024-10-07,2024-10-01,TIP,0.034681894230349994,0.0,0.034681894230349994,False,growth_down_inflation_up,True,optimal
oracle_regime_pooled_relative_active_te100bp,oracle_infeasible_diagnostic,2024-10-07,2024-10-07,2024-10-07,2024-10-01,HYG,0.1458505898485085,0.1500000000000005,-0.004149410151492006,False,growth_down_inflation_up,True,optimal
oracle_regime_pooled_relative_active_te100bp,oracle_infeasible_diagnostic,2024-10-07,2024-10-07,2024-10-07,2024-10-01,BIL,0.04648626114947654,0.0,0.04648626114947654,False,growth_down_inflation_up,True,optimal
oracle_regime_pooled_relative_active_te100bp,oracle_infeasible_diagnostic,2024-10-07,2024-10-07,2024-10-07,2024-10-01,GLD,0.24999999999999994,0.2499999999999999,5.551115123125783e-17,False,growth_down_inflation_up,True,optimal
oracle_regime_pooled_relative_active_te100bp,oracle_infeasible_diagnostic,2024-10-07,2024-10-07,2024-10-07,2024-10-01,LQD,0.21577371773377327,0.2499999999999998,-0.03422628226622654,False,growth_down_inflation_up,True,optimal
oracle_regime_pooled_relative_active_te100bp,oracle_infeasible_diagnostic,2024-10-07,2024-10-07,2024-10-07,2024-10-01,AGG,0.0,0.0,0.0,False,growth_down_inflation_up,True,optimal
oracle_regime_pooled_relative_active_te100bp,oracle_infeasible_diagnostic,2024-10-14,2024-10-14,2024-10-14,2024-10-01,SPY,0.30293486672689823,0.3499999999999995,-0.047065133273101245,False,growth_down_inflation_up,True,optimal
oracle_regime_pooled_relative_active_te100bp,oracle_infeasible_diagnostic,2024-10-14,2024-10-14,2024-10-14,2024-10-01,IEF,0.004891768510661087,0.0,0.004891768510661087,False,growth_down_inflation_up,True,optimal
oracle_regime_pooled_relative_active_te100bp,oracle_infeasible_diagnostic,2024-10-14,2024-10-14,2024-10-14,2024-10-01,TIP,0.03459956971038926,0.0,0.03459956971038926,False,growth_down_inflation_up,True,optimal
oracle_regime_pooled_relative_active_te100bp,oracle_infeasible_diagnostic,2024-10-14,2024-10-14,2024-10-14,2024-10-01,HYG,0.14520030483084403,0.1500000000000001,-0.004799695169156071,False,growth_down_inflation_up,True,optimal
oracle_regime_pooled_relative_active_te100bp,oracle_infeasible_diagnostic,2024-10-14,2024-10-14,2024-10-14,2024-10-01,BIL,0.048241861876804744,0.0,0.048241861876804744,False,growth_down_inflation_up,True,optimal
oracle_regime_pooled_relative_active_te100bp,oracle_infeasible_diagnostic,2024-10-14,2024-10-14,2024-10-14,2024-10-01,GLD,0.25,0.2499999999999989,1.1102230246251565e-15,False,growth_down_inflation_up,True,optimal
oracle_regime_pooled_relative_active_te100bp,oracle_infeasible_diagnostic,2024-10-14,2024-10-14,2024-10-14,2024-10-01,LQD,0.21413162834440266,0.2500000000000015,-0.035868371655598835,False,growth_down_inflation_up,True,optimal
oracle_regime_pooled_relative_active_te100bp,oracle_infeasible_diagnostic,2024-10-14,2024-10-14,2024-10-14,2024-10-01,AGG,0.0,0.0,0.0,False,growth_down_inflation_up,True,optimal
oracle_regime_pooled_relative_active_te100bp,oracle_infeasible_diagnostic,2024-10-21,2024-10-21,2024-10-21,2024-10-01,SPY,0.3019903944746947,0.3499999999999995,-0.048009605525304755,False,growth_down_inflation_up,True,optimal
oracle_regime_pooled_relative_active_te100bp,oracle_infeasible_diagnostic,2024-10-21,2024-10-21,2024-10-21,2024-10-01,IEF,0.0048727847981859095,0.0,0.0048727847981859095,False,growth_down_inflation_up,True,optimal
oracle_regime_pooled_relative_active_te100bp,oracle_infeasible_diagnostic,2024-10-21,2024-10-21,2024-10-21,2024-10-01,TIP,0.034374586845405085,0.0,0.034374586845405085,False,growth_down_inflation_up,True,optimal
oracle_regime_pooled_relative_active_te100bp,oracle_infeasible_diagnostic,2024-10-21,2024-10-21,2024-10-21,2024-10-01,HYG,0.1478513032761913,0.1500000000000001,-0.002148696723808796,False,growth_down_inflation_up,True,optimal
oracle_regime_pooled_relative_active_te100bp,oracle_infeasible_diagnostic,2024-10-21,2024-10-21,2024-10-21,2024-10-01,BIL,0.04819726115030189,0.0,0.04819726115030189,False,growth_down_inflation_up,True,optimal
oracle_regime_pooled_relative_active_te100bp,oracle_infeasible_diagnostic,2024-10-21,2024-10-21,2024-10-21,2024-10-01,GLD,0.25,0.2499999999999995,4.996003610813204e-16,False,growth_down_inflation_up,True,optimal
oracle_regime_pooled_relative_active_te100bp,oracle_infeasible_diagnostic,2024-10-21,2024-10-21,2024-10-21,2024-10-01,LQD,0.2127136694552211,0.2500000000000008,-0.03728633054477967,False,growth_down_inflation_up,True,optimal
oracle_regime_pooled_relative_active_te100bp,oracle_infeasible_diagnostic,2024-10-21,2024-10-21,2024-10-21,2024-10-01,AGG,0.0,0.0,0.0,False,growth_down_inflation_up,True,optimal
oracle_regime_pooled_relative_active_te100bp,oracle_infeasible_diagnostic,2024-10-28,2024-10-28,2024-10-28,2024-10-01,SPY,0.3017710739041241,0.3499999999999995,-0.04822892609587537,False,growth_down_inflation_up,True,optimal
oracle_regime_pooled_relative_active_te100bp,oracle_infeasible_diagnostic,2024-10-28,2024-10-28,2024-10-28,2024-10-01,IEF,0.004860489845670796,0.0,0.004860489845670796,False,growth_down_inflation_up,True,optimal
oracle_regime_pooled_relative_active_te100bp,oracle_infeasible_diagnostic,2024-10-28,2024-10-28,2024-10-28,2024-10-01,TIP,0.03428340736081714,0.0,0.03428340736081714,False,growth_down_inflation_up,True,optimal
oracle_regime_pooled_relative_active_te100bp,oracle_infeasible_diagnostic,2024-10-28,2024-10-28,2024-10-28,2024-10-01,HYG,0.1486755687730746,0.1499999999999997,-0.0013244312269250769,False,growth_down_inflation_up,True,optimal
oracle_regime_pooled_relative_active_te100bp,oracle_infeasible_diagnostic,2024-10-28,2024-10-28,2024-10-28,2024-10-01,BIL,0.04845713067613555,0.0,0.04845713067613555,False,growth_down_inflation_up,True,optimal
oracle_regime_pooled_relative_active_te100bp,oracle_infeasible_diagnostic,2024-10-28,2024-10-28,2024-10-28,2024-10-01,GLD,0.25,0.2499999999999995,4.996003610813204e-16,False,growth_down_inflation_up,True,optimal
oracle_regime_pooled_relative_active_te100bp,oracle_infeasible_diagnostic,2024-10-28,2024-10-28,2024-10-28,2024-10-01,LQD,0.2119523294401778,0.2500000000000012,-0.038047670559823416,False,growth_down_inflation_up,True,optimal
oracle_regime_pooled_relative_active_te100bp,oracle_infeasible_diagnostic,2024-10-28,2024-10-28,2024-10-28,2024-10-01,AGG,0.0,0.0,0.0,False,growth_down_inflation_up,True,optimal
oracle_regime_pooled_relative_active_te100bp,oracle_infeasible_diagnostic,2024-11-04,2024-11-04,2024-11-04,2024-11-01,SPY,0.30122527081376926,0.3499999999999995,-0.048774729186230215,False,growth_down_inflation_up,True,optimal
oracle_regime_pooled_relative_active_te100bp,oracle_infeasible_diagnostic,2024-11-04,2024-11-04,2024-11-04,2024-11-01,IEF,0.003929508987647841,0.0,0.003929508987647841,False,growth_down_inflation_up,True,optimal
oracle_regime_pooled_relative_active_te100bp,oracle_infeasible_diagnostic,2024-11-04,2024-11-04,2024-11-04,2024-11-01,TIP,0.034484665318440653,0.0,0.034484665318440653,False,growth_down_inflation_up,True,optimal
oracle_regime_pooled_relative_active_te100bp,oracle_infeasible_diagnostic,2024-11-04,2024-11-04,2024-11-04,2024-11-01,HYG,0.14952987931192088,0.1499999999999994,-0.00047012068807852914,False,growth_down_inflation_up,True,optimal
oracle_regime_pooled_relative_active_te100bp,oracle_infeasible_diagnostic,2024-11-04,2024-11-04,2024-11-04,2024-11-01,BIL,0.04894709942153755,0.0,0.04894709942153755,False,growth_down_inflation_up,True,optimal
oracle_regime_pooled_relative_active_te100bp,oracle_infeasible_diagnostic,2024-11-04,2024-11-04,2024-11-04,2024-11-01,GLD,0.25,0.2499999999999996,3.885780586188048e-16,False,growth_down_inflation_up,True,optimal
oracle_regime_pooled_relative_active_te100bp,oracle_infeasible_diagnostic,2024-11-04,2024-11-04,2024-11-04,2024-11-01,LQD,0.2118835761466838,0.2500000000000015,-0.038116423853317705,False,growth_down_inflation_up,True,optimal
oracle_regime_pooled_relative_active_te100bp,oracle_infeasible_diagnostic,2024-11-04,2024-11-04,2024-11-04,2024-11-01,AGG,0.0,0.0,0.0,False,growth_down_inflation_up,True,optimal
oracle_regime_pooled_relative_active_te100bp,oracle_infeasible_diagnostic,2024-11-11,2024-11-11,2024-11-11,2024-11-01,SPY,0.301727735516829,0.3500000000000005,-0.048272264483171456,False,growth_down_inflation_up,True,optimal
oracle_regime_pooled_relative_active_te100bp,oracle_infeasible_diagnostic,2024-11-11,2024-11-11,2024-11-11,2024-11-01,IEF,0.0038765653535817223,0.0,0.0038765653535817223,False,growth_down_inflation_up,True,optimal
oracle_regime_pooled_relative_active_te100bp,oracle_infeasible_diagnostic,2024-11-11,2024-11-11,2024-11-11,2024-11-01,TIP,0.034170389054402894,0.0,0.034170389054402894,False,growth_down_inflation_up,True,optimal
oracle_regime_pooled_relative_active_te100bp,oracle_infeasible_diagnostic,2024-11-11,2024-11-11,2024-11-11,2024-11-01,HYG,0.14910445556835253,0.1500000000000002,-0.0008955444316476602,False,growth_down_inflation_up,True,optimal
oracle_regime_pooled_relative_active_te100bp,oracle_infeasible_diagnostic,2024-11-11,2024-11-11,2024-11-11,2024-11-01,BIL,0.05,0.0,0.05,False,growth_down_inflation_up,True,optimal
oracle_regime_pooled_relative_active_te100bp,oracle_infeasible_diagnostic,2024-11-11,2024-11-11,2024-11-11,2024-11-01,GLD,0.25,0.2500000000000004,-3.885780586188048e-16,False,growth_down_inflation_up,True,optimal
oracle_regime_pooled_relative_active_te100bp,oracle_infeasible_diagnostic,2024-11-11,2024-11-11,2024-11-11,2024-11-01,LQD,0.21112085450683385,0.2499999999999989,-0.03887914549316504,False,growth_down_inflation_up,True,optimal
oracle_regime_pooled_relative_active_te100bp,oracle_infeasible_diagnostic,2024-11-11,2024-11-11,2024-11-11,2024-11-01,AGG,0.0,0.0,0.0,False,growth_down_inflation_up,True,optimal
oracle_regime_pooled_relative_active_te100bp,oracle_infeasible_diagnostic,2024-11-18,2024-11-18,2024-11-18,2024-11-01,SPY,0.30080736330060276,0.35,-0.04919263669939722,False,growth_down_inflation_up,True,optimal
oracle_regime_pooled_relative_active_te100bp,oracle_infeasible_diagnostic,2024-11-18,2024-11-18,2024-11-18,2024-11-01,IEF,0.0018790244770081471,0.0,0.0018790244770081471,False,growth_down_inflation_up,True,optimal
oracle_regime_pooled_relative_active_te100bp,oracle_infeasible_diagnostic,2024-11-18,2024-11-18,2024-11-18,2024-11-01,TIP,0.034507986495853155,0.0,0.034507986495853155,False,growth_down_inflation_up,True,optimal
oracle_regime_pooled_relative_active_te100bp,oracle_infeasible_diagnostic,2024-11-18,2024-11-18,2024-11-18,2024-11-01,HYG,0.15067569511909085,0.1500000000000005,0.0006756951190903526,False,growth_down_inflation_up,True,optimal
oracle_regime_pooled_relative_active_te100bp,oracle_infeasible_diagnostic,2024-11-18,2024-11-18,2024-11-18,2024-11-01,BIL,0.05,0.0,0.05,False,growth_down_inflation_up,True,optimal
oracle_regime_pooled_relative_active_te100bp,oracle_infeasible_diagnostic,2024-11-18,2024-11-18,2024-11-18,2024-11-01,GLD,0.25,0.2484526510560488,0.001547348943951199,False,growth_down_inflation_up,True,optimal
oracle_regime_pooled_relative_active_te100bp,oracle_infeasible_diagnostic,2024-11-18,2024-11-18,2024-11-18,2024-11-01,LQD,0.21212993060744495,0.2515473489439506,-0.03941741833650564,False,growth_down_inflation_up,True,optimal
oracle_regime_pooled_relative_active_te100bp,oracle_infeasible_diagnostic,2024-11-18,2024-11-18,2024-11-18,2024-11-01,AGG,0.0,0.0,0.0,False,growth_down_inflation_up,True,optimal
oracle_regime_pooled_relative_active_te100bp,oracle_infeasible_diagnostic,2024-11-25,2024-11-25,2024-11-25,2024-11-01,SPY,0.3008744143217293,0.3500000000000001,-0.0491255856782708,False,growth_down_inflation_up,True,optimal
oracle_regime_pooled_relative_active_te100bp,oracle_infeasible_diagnostic,2024-11-25,2024-11-25,2024-11-25,2024-11-01,IEF,0.0018564713121797213,0.0,0.0018564713121797213,False,growth_down_inflation_up,True,optimal
oracle_regime_pooled_relative_active_te100bp,oracle_infeasible_diagnostic,2024-11-25,2024-11-25,2024-11-25,2024-11-01,TIP,0.036828766111580064,0.0,0.036828766111580064,False,growth_down_inflation_up,True,optimal
oracle_regime_pooled_relative_active_te100bp,oracle_infeasible_diagnostic,2024-11-25,2024-11-25,2024-11-25,2024-11-01,HYG,0.1510515436045996,0.1499999999999999,0.0010515436045996918,False,growth_down_inflation_up,True,optimal
oracle_regime_pooled_relative_active_te100bp,oracle_infeasible_diagnostic,2024-11-25,2024-11-25,2024-11-25,2024-11-01,BIL,0.04999999999999994,0.0,0.04999999999999994,False,growth_down_inflation_up,True,optimal
oracle_regime_pooled_relative_active_te100bp,oracle_infeasible_diagnostic,2024-11-25,2024-11-25,2024-11-25,2024-11-01,GLD,0.25,0.2500000000000001,-1.1102230246251565e-16,False,growth_down_inflation_up,True,optimal
oracle_regime_pooled_relative_active_te100bp,oracle_infeasible_diagnostic,2024-11-25,2024-11-25,2024-11-25,2024-11-01,LQD,0.20938880464991141,0.2499999999999998,-0.04061119535008839,False,growth_down_inflation_up,True,optimal
oracle_regime_pooled_relative_active_te100bp,oracle_infeasible_diagnostic,2024-11-25,2024-11-25,2024-11-25,2024-11-01,AGG,0.0,0.0,0.0,False,growth_down_inflation_up,True,optimal
oracle_regime_pooled_relative_active_te100bp,oracle_infeasible_diagnostic,2024-12-02,2024-12-02,2024-12-02,2024-12-01,SPY,0.3499999999999999,0.35,-5.551115123125783e-17,False,growth_up_inflation_down,True,optimal
oracle_regime_pooled_relative_active_te100bp,oracle_infeasible_diagnostic,2024-12-02,2024-12-02,2024-12-02,2024-12-01,IEF,0.001860436874619679,0.0,0.001860436874619679,False,growth_up_inflation_down,True,optimal
oracle_regime_pooled_relative_active_te100bp,oracle_infeasible_diagnostic,2024-12-02,2024-12-02,2024-12-02,2024-12-01,TIP,0.0367867540931879,0.0,0.0367867540931879,False,growth_up_inflation_down,True,optimal
oracle_regime_pooled_relative_active_te100bp,oracle_infeasible_diagnostic,2024-12-02,2024-12-02,2024-12-02,2024-12-01,HYG,0.15000000000000008,0.1497067576830648,0.0002932423169352827,False,growth_up_inflation_down,True,optimal
oracle_regime_pooled_relative_active_te100bp,oracle_infeasible_diagnostic,2024-12-02,2024-12-02,2024-12-02,2024-12-01,BIL,0.0497550645994351,0.0,0.0497550645994351,False,growth_up_inflation_down,True,optimal
oracle_regime_pooled_relative_active_te100bp,oracle_infeasible_diagnostic,2024-12-02,2024-12-02,2024-12-02,2024-12-01,GLD,0.19985655337052183,0.2498565533705219,-0.05000000000000007,False,growth_up_inflation_down,True,optimal
oracle_regime_pooled_relative_active_te100bp,oracle_infeasible_diagnostic,2024-12-02,2024-12-02,2024-12-02,2024-12-01,LQD,0.21174119106223546,0.2504366889464133,-0.03869549788417784,False,growth_up_inflation_down,True,optimal
oracle_regime_pooled_relative_active_te100bp,oracle_infeasible_diagnostic,2024-12-02,2024-12-02,2024-12-02,2024-12-01,AGG,0.0,0.0,0.0,False,growth_up_inflation_down,True,optimal
oracle_regime_pooled_relative_active_te100bp,oracle_infeasible_diagnostic,2024-12-09,2024-12-09,2024-12-09,2024-12-01,SPY,0.35000000000000003,0.3499999999999998,2.220446049250313e-16,False,growth_up_inflation_down,True,optimal
oracle_regime_pooled_relative_active_te100bp,oracle_infeasible_diagnostic,2024-12-09,2024-12-09,2024-12-09,2024-12-01,IEF,0.0016139193022640848,0.0,0.0016139193022640848,False,growth_up_inflation_down,True,optimal
oracle_regime_pooled_relative_active_te100bp,oracle_infeasible_diagnostic,2024-12-09,2024-12-09,2024-12-09,2024-12-01,TIP,0.036893695349057,0.0,0.036893695349057,False,growth_up_inflation_down,True,optimal
oracle_regime_pooled_relative_active_te100bp,oracle_infeasible_diagnostic,2024-12-09,2024-12-09,2024-12-09,2024-12-01,HYG,0.14999999999999986,0.149351249598093,0.0006487504019068446,False,growth_up_inflation_down,True,optimal
oracle_regime_pooled_relative_active_te100bp,oracle_infeasible_diagnostic,2024-12-09,2024-12-09,2024-12-09,2024-12-01,BIL,0.04967718197585251,0.0,0.04967718197585251,False,growth_up_inflation_down,True,optimal
oracle_regime_pooled_relative_active_te100bp,oracle_infeasible_diagnostic,2024-12-09,2024-12-09,2024-12-09,2024-12-01,GLD,0.19992027220722244,0.2499202722072224,-0.04999999999999996,False,growth_up_inflation_down,True,optimal
oracle_regime_pooled_relative_active_te100bp,oracle_infeasible_diagnostic,2024-12-09,2024-12-09,2024-12-09,2024-12-01,LQD,0.2118949311656041,0.2507284781946847,-0.038833547029080595,False,growth_up_inflation_down,True,optimal
oracle_regime_pooled_relative_active_te100bp,oracle_infeasible_diagnostic,2024-12-09,2024-12-09,2024-12-09,2024-12-01,AGG,0.0,0.0,0.0,False,growth_up_inflation_down,True,optimal
oracle_regime_pooled_relative_active_te100bp,oracle_infeasible_diagnostic,2024-12-16,2024-12-16,2024-12-16,2024-12-01,SPY,0.3499999999999999,0.3499999999999992,7.216449660063518e-16,False,growth_up_inflation_down,True,optimal
oracle_regime_pooled_relative_active_te100bp,oracle_infeasible_diagnostic,2024-12-16,2024-12-16,2024-12-16,2024-12-01,IEF,0.001602496096783918,0.0,0.001602496096783918,False,growth_up_inflation_down,True,optimal
oracle_regime_pooled_relative_active_te100bp,oracle_infeasible_diagnostic,2024-12-16,2024-12-16,2024-12-16,2024-12-01,TIP,0.0368851522646801,0.0,0.0368851522646801,False,growth_up_inflation_down,True,optimal
oracle_regime_pooled_relative_active_te100bp,oracle_infeasible_diagnostic,2024-12-16,2024-12-16,2024-12-16,2024-12-01,HYG,0.14999999999999997,0.15,-2.7755575615628914e-17,False,growth_up_inflation_down,True,optimal
oracle_regime_pooled_relative_active_te100bp,oracle_infeasible_diagnostic,2024-12-16,2024-12-16,2024-12-16,2024-12-01,BIL,0.04999999999999999,0.0,0.04999999999999999,False,growth_up_inflation_down,True,optimal
oracle_regime_pooled_relative_active_te100bp,oracle_infeasible_diagnostic,2024-12-16,2024-12-16,2024-12-16,2024-12-01,GLD,0.19999999999999946,0.2499999999999994,-0.04999999999999993,False,growth_up_inflation_down,True,optimal
oracle_regime_pooled_relative_active_te100bp,oracle_infeasible_diagnostic,2024-12-16,2024-12-16,2024-12-16,2024-12-01,LQD,0.21151235163853652,0.2500000000000011,-0.038487648361464594,False,growth_up_inflation_down,True,optimal
oracle_regime_pooled_relative_active_te100bp,oracle_infeasible_diagnostic,2024-12-16,2024-12-16,2024-12-16,2024-12-01,AGG,0.0,0.0,0.0,False,growth_up_inflation_down,True,optimal
oracle_regime_pooled_relative_active_te100bp,oracle_infeasible_diagnostic,2024-12-23,2024-12-23,2024-12-23,2024-12-01,SPY,0.35,0.3499999999999996,3.885780586188048e-16,False,growth_up_inflation_down,True,optimal
oracle_regime_pooled_relative_active_te100bp,oracle_infeasible_diagnostic,2024-12-23,2024-12-23,2024-12-23,2024-12-01,IEF,0.0015590803683789998,0.0,0.0015590803683789998,False,growth_up_inflation_down,True,optimal
oracle_regime_pooled_relative_active_te100bp,oracle_infeasible_diagnostic,2024-12-23,2024-12-23,2024-12-23,2024-12-01,TIP,0.0370396703153121,0.0,0.0370396703153121,False,growth_up_inflation_down,True,optimal
oracle_regime_pooled_relative_active_te100bp,oracle_infeasible_diagnostic,2024-12-23,2024-12-23,2024-12-23,2024-12-01,HYG,0.15000000000000002,0.1500000000000001,-8.326672684688674e-17,False,growth_up_inflation_down,True,optimal
oracle_regime_pooled_relative_active_te100bp,oracle_infeasible_diagnostic,2024-12-23,2024-12-23,2024-12-23,2024-12-01,BIL,0.05,0.0,0.05,False,growth_up_inflation_down,True,optimal
oracle_regime_pooled_relative_active_te100bp,oracle_infeasible_diagnostic,2024-12-23,2024-12-23,2024-12-23,2024-12-01,GLD,0.2000000000000003,0.2500000000000002,-0.04999999999999993,False,growth_up_inflation_down,True,optimal
oracle_regime_pooled_relative_active_te100bp,oracle_infeasible_diagnostic,2024-12-23,2024-12-23,2024-12-23,2024-12-01,LQD,0.21140124931630863,0.25,-0.03859875068369137,False,growth_up_inflation_down,True,optimal
oracle_regime_pooled_relative_active_te100bp,oracle_infeasible_diagnostic,2024-12-23,2024-12-23,2024-12-23,2024-12-01,AGG,0.0,0.0,0.0,False,growth_up_inflation_down,True,optimal
oracle_regime_pooled_relative_active_te100bp,oracle_infeasible_diagnostic,2024-12-30,2024-12-30,2024-12-30,2024-12-01,SPY,0.3499999999999999,0.3500000000000002,-2.7755575615628914e-16,False,growth_up_inflation_down,True,optimal
oracle_regime_pooled_relative_active_te100bp,oracle_infeasible_diagnostic,2024-12-30,2024-12-30,2024-12-30,2024-12-01,IEF,0.0015492176622119653,0.0,0.0015492176622119653,False,growth_up_inflation_down,True,optimal
oracle_regime_pooled_relative_active_te100bp,oracle_infeasible_diagnostic,2024-12-30,2024-12-30,2024-12-30,2024-12-01,TIP,0.03694408481841715,0.0,0.03694408481841715,False,growth_up_inflation_down,True,optimal
oracle_regime_pooled_relative_active_te100bp,oracle_infeasible_diagnostic,2024-12-30,2024-12-30,2024-12-30,2024-12-01,HYG,0.15000000000000013,0.1500000000000005,-3.608224830031759e-16,False,growth_up_inflation_down,True,optimal
oracle_regime_pooled_relative_active_te100bp,oracle_infeasible_diagnostic,2024-12-30,2024-12-30,2024-12-30,2024-12-01,BIL,0.04997563950228018,0.0,0.04997563950228018,False,growth_up_inflation_down,True,optimal
oracle_regime_pooled_relative_active_te100bp,oracle_infeasible_diagnostic,2024-12-30,2024-12-30,2024-12-30,2024-12-01,GLD,0.19999999999999984,0.2499999999999998,-0.04999999999999996,False,growth_up_inflation_down,True,optimal
oracle_regime_pooled_relative_active_te100bp,oracle_infeasible_diagnostic,2024-12-30,2024-12-30,2024-12-30,2024-12-01,LQD,0.2115310580170909,0.2499999999999994,-0.03846894198290848,False,growth_up_inflation_down,True,optimal
oracle_regime_pooled_relative_active_te100bp,oracle_infeasible_diagnostic,2024-12-30,2024-12-30,2024-12-30,2024-12-01,AGG,0.0,0.0,0.0,False,growth_up_inflation_down,True,optimal
oracle_regime_pooled_relative_active_te100bp,oracle_infeasible_diagnostic,2025-01-06,2025-01-06,2025-01-06,2025-01-01,SPY,0.30187359711558975,0.3499999999999985,-0.048126402884408725,False,growth_down_inflation_up,True,optimal
oracle_regime_pooled_relative_active_te100bp,oracle_infeasible_diagnostic,2025-01-06,2025-01-06,2025-01-06,2025-01-01,IEF,0.0015396914287821623,0.0,0.0015396914287821623,False,growth_down_inflation_up,True,optimal
oracle_regime_pooled_relative_active_te100bp,oracle_infeasible_diagnostic,2025-01-06,2025-01-06,2025-01-06,2025-01-01,TIP,0.036702316106998756,0.0,0.036702316106998756,False,growth_down_inflation_up,True,optimal
oracle_regime_pooled_relative_active_te100bp,oracle_infeasible_diagnostic,2025-01-06,2025-01-06,2025-01-06,2025-01-01,HYG,0.15009053744362252,0.150000000000001,9.053744362153004e-05,False,growth_down_inflation_up,True,optimal
oracle_regime_pooled_relative_active_te100bp,oracle_infeasible_diagnostic,2025-01-06,2025-01-06,2025-01-06,2025-01-01,BIL,0.05,0.0,0.05,False,growth_down_inflation_up,True,optimal
oracle_regime_pooled_relative_active_te100bp,oracle_infeasible_diagnostic,2025-01-06,2025-01-06,2025-01-06,2025-01-01,GLD,0.25,0.2499999999999993,6.938893903907228e-16,False,growth_down_inflation_up,True,optimal
oracle_regime_pooled_relative_active_te100bp,oracle_infeasible_diagnostic,2025-01-06,2025-01-06,2025-01-06,2025-01-01,LQD,0.20979385790500674,0.250000000000001,-0.04020614209499426,False,growth_down_inflation_up,True,optimal
oracle_regime_pooled_relative_active_te100bp,oracle_infeasible_diagnostic,2025-01-06,2025-01-06,2025-01-06,2025-01-01,AGG,0.0,0.0,0.0,False,growth_down_inflation_up,True,optimal
oracle_regime_pooled_relative_active_te100bp,oracle_infeasible_diagnostic,2025-01-13,2025-01-13,2025-01-13,2025-01-01,SPY,0.3001763771293054,0.3499999999999997,-0.049823622870694306,False,growth_down_inflation_up,True,optimal
oracle_regime_pooled_relative_active_te100bp,oracle_infeasible_diagnostic,2025-01-13,2025-01-13,2025-01-13,2025-01-01,IEF,0.0015326915330378399,0.0,0.0015326915330378399,False,growth_down_inflation_up,True,optimal
oracle_regime_pooled_relative_active_te100bp,oracle_infeasible_diagnostic,2025-01-13,2025-01-13,2025-01-13,2025-01-01,TIP,0.03683705455612204,0.0,0.03683705455612204,False,growth_down_inflation_up,True,optimal
oracle_regime_pooled_relative_active_te100bp,oracle_infeasible_diagnostic,2025-01-13,2025-01-13,2025-01-13,2025-01-01,HYG,0.15275070859219098,0.1499999999999998,0.0027507085921911756,False,growth_down_inflation_up,True,optimal
oracle_regime_pooled_relative_active_te100bp,oracle_infeasible_diagnostic,2025-01-13,2025-01-13,2025-01-13,2025-01-01,BIL,0.05000000000000001,0.0,0.05000000000000001,False,growth_down_inflation_up,True,optimal
oracle_regime_pooled_relative_active_te100bp,oracle_infeasible_diagnostic,2025-01-13,2025-01-13,2025-01-13,2025-01-01,GLD,0.25000000000000006,0.2499999999999997,3.608224830031759e-16,False,growth_down_inflation_up,True,optimal
oracle_regime_pooled_relative_active_te100bp,oracle_infeasible_diagnostic,2025-01-13,2025-01-13,2025-01-13,2025-01-01,LQD,0.20870316818934367,0.2500000000000005,-0.041296831810656826,False,growth_down_inflation_up,True,optimal
oracle_regime_pooled_relative_active_te100bp,oracle_infeasible_diagnostic,2025-01-13,2025-01-13,2025-01-13,2025-01-01,AGG,0.0,0.0,0.0,False,growth_down_inflation_up,True,optimal
oracle_regime_pooled_relative_active_te100bp,oracle_infeasible_diagnostic,2025-01-20,2025-01-20,2025-01-21,2025-01-01,SPY,0.30285725298104776,0.3500000000000003,-0.04714274701895255,False,growth_down_inflation_up,True,optimal
oracle_regime_pooled_relative_active_te100bp,oracle_infeasible_diagnostic,2025-01-20,2025-01-20,2025-01-21,2025-01-01,IEF,0.0015227667134824307,0.0,0.0015227667134824307,False,growth_down_inflation_up,True,optimal
oracle_regime_pooled_relative_active_te100bp,oracle_infeasible_diagnostic,2025-01-20,2025-01-20,2025-01-21,2025-01-01,TIP,0.03642078643991189,0.0,0.03642078643991189,False,growth_down_inflation_up,True,optimal
oracle_regime_pooled_relative_active_te100bp,oracle_infeasible_diagnostic,2025-01-20,2025-01-20,2025-01-21,2025-01-01,HYG,0.15169273350254528,0.1499999999999993,0.0016927335025459789,False,growth_down_inflation_up,True,optimal
oracle_regime_pooled_relative_active_te100bp,oracle_infeasible_diagnostic,2025-01-20,2025-01-20,2025-01-21,2025-01-01,BIL,0.05,0.0,0.05,False,growth_down_inflation_up,True,optimal
oracle_regime_pooled_relative_active_te100bp,oracle_infeasible_diagnostic,2025-01-20,2025-01-20,2025-01-21,2025-01-01,GLD,0.25,0.2500000000000003,-2.7755575615628914e-16,False,growth_down_inflation_up,True,optimal
oracle_regime_pooled_relative_active_te100bp,oracle_infeasible_diagnostic,2025-01-20,2025-01-20,2025-01-21,2025-01-01,LQD,0.20750646036301265,0.2499999999999999,-0.04249353963698724,False,growth_down_inflation_up,True,optimal
oracle_regime_pooled_relative_active_te100bp,oracle_infeasible_diagnostic,2025-01-20,2025-01-20,2025-01-21,2025-01-01,AGG,0.0,0.0,0.0,False,growth_down_inflation_up,True,optimal
oracle_regime_pooled_relative_active_te100bp,oracle_infeasible_diagnostic,2025-01-27,2025-01-27,2025-01-27,2025-01-01,SPY,0.3042595212621405,0.3499999999999996,-0.04574047873785908,False,growth_down_inflation_up,True,optimal
oracle_regime_pooled_relative_active_te100bp,oracle_infeasible_diagnostic,2025-01-27,2025-01-27,2025-01-27,2025-01-01,IEF,0.001506885480187129,0.0,0.001506885480187129,False,growth_down_inflation_up,True,optimal
oracle_regime_pooled_relative_active_te100bp,oracle_infeasible_diagnostic,2025-01-27,2025-01-27,2025-01-27,2025-01-01,TIP,0.03765072881317223,0.0,0.03765072881317223,False,growth_down_inflation_up,True,optimal
oracle_regime_pooled_relative_active_te100bp,oracle_infeasible_diagnostic,2025-01-27,2025-01-27,2025-01-27,2025-01-01,HYG,0.15083000284523582,0.1499999999999998,0.0008300028452360164,False,growth_down_inflation_up,True,optimal
oracle_regime_pooled_relative_active_te100bp,oracle_infeasible_diagnostic,2025-01-27,2025-01-27,2025-01-27,2025-01-01,BIL,0.05000000000000001,0.0,0.05000000000000001,False,growth_down_inflation_up,True,optimal
oracle_regime_pooled_relative_active_te100bp,oracle_infeasible_diagnostic,2025-01-27,2025-01-27,2025-01-27,2025-01-01,GLD,0.25000000000000006,0.2499999999999997,3.608224830031759e-16,False,growth_down_inflation_up,True,optimal
oracle_regime_pooled_relative_active_te100bp,oracle_infeasible_diagnostic,2025-01-27,2025-01-27,2025-01-27,2025-01-01,LQD,0.20575286159926434,0.2500000000000006,-0.04424713840073627,False,growth_down_inflation_up,True,optimal
oracle_regime_pooled_relative_active_te100bp,oracle_infeasible_diagnostic,2025-01-27,2025-01-27,2025-01-27,2025-01-01,AGG,0.0,0.0,0.0,False,growth_down_inflation_up,True,optimal
oracle_regime_pooled_relative_active_te100bp,oracle_infeasible_diagnostic,2025-02-03,2025-02-03,2025-02-03,2025-02-01,SPY,0.30539618867402873,0.3499999999999998,-0.04460381132597108,False,growth_up_inflation_up,True,optimal
oracle_regime_pooled_relative_active_te100bp,oracle_infeasible_diagnostic,2025-02-03,2025-02-03,2025-02-03,2025-02-01,IEF,0.001493933636210312,0.0,0.001493933636210312,False,growth_up_inflation_up,True,optimal
oracle_regime_pooled_relative_active_te100bp,oracle_infeasible_diagnostic,2025-02-03,2025-02-03,2025-02-03,2025-02-01,TIP,0.03999553226005728,0.0,0.03999553226005728,False,growth_up_inflation_up,True,optimal
oracle_regime_pooled_relative_active_te100bp,oracle_infeasible_diagnostic,2025-02-03,2025-02-03,2025-02-03,2025-02-01,HYG,0.14972398191334624,0.1500000000000014,-0.000276018086655172,False,growth_up_inflation_up,True,optimal
oracle_regime_pooled_relative_active_te100bp,oracle_infeasible_diagnostic,2025-02-03,2025-02-03,2025-02-03,2025-02-01,BIL,0.04963467769157673,0.0,0.04963467769157673,False,growth_up_inflation_up,True,optimal
oracle_regime_pooled_relative_active_te100bp,oracle_infeasible_diagnostic,2025-02-03,2025-02-03,2025-02-03,2025-02-01,GLD,0.25,0.2499999999999999,1.1102230246251565e-16,False,growth_up_inflation_up,True,optimal
oracle_regime_pooled_relative_active_te100bp,oracle_infeasible_diagnostic,2025-02-03,2025-02-03,2025-02-03,2025-02-01,LQD,0.20375568582478076,0.2499999999999988,-0.04624431417521804,False,growth_up_inflation_up,True,optimal
oracle_regime_pooled_relative_active_te100bp,oracle_infeasible_diagnostic,2025-02-03,2025-02-03,2025-02-03,2025-02-01,AGG,0.0,0.0,0.0,False,growth_up_inflation_up,True,optimal
oracle_regime_pooled_relative_active_te100bp,oracle_infeasible_diagnostic,2025-02-10,2025-02-10,2025-02-10,2025-02-01,SPY,0.3068746638822074,0.3499999999999988,-0.0431253361177914,False,growth_up_inflation_up,True,optimal
oracle_regime_pooled_relative_active_te100bp,oracle_infeasible_diagnostic,2025-02-10,2025-02-10,2025-02-10,2025-02-01,IEF,0.001483314789592525,0.0,0.001483314789592525,False,growth_up_inflation_up,True,optimal
oracle_regime_pooled_relative_active_te100bp,oracle_infeasible_diagnostic,2025-02-10,2025-02-10,2025-02-10,2025-02-01,TIP,0.041353357427693506,0.0,0.041353357427693506,False,growth_up_inflation_up,True,optimal
oracle_regime_pooled_relative_active_te100bp,oracle_infeasible_diagnostic,2025-02-10,2025-02-10,2025-02-10,2025-02-01,HYG,0.14875779653690668,0.1500000000000027,-0.0012422034630960033,False,growth_up_inflation_up,True,optimal
oracle_regime_pooled_relative_active_te100bp,oracle_infeasible_diagnostic,2025-02-10,2025-02-10,2025-02-10,2025-02-01,BIL,0.049229410010929564,0.0,0.049229410010929564,False,growth_up_inflation_up,True,optimal
oracle_regime_pooled_relative_active_te100bp,oracle_infeasible_diagnostic,2025-02-10,2025-02-10,2025-02-10,2025-02-01,GLD,0.25,0.249999999999999,9.992007221626409e-16,False,growth_up_inflation_up,True,optimal
oracle_regime_pooled_relative_active_te100bp,oracle_infeasible_diagnostic,2025-02-10,2025-02-10,2025-02-10,2025-02-01,LQD,0.20230145735267024,0.2499999999999995,-0.047698542647329256,False,growth_up_inflation_up,True,optimal
oracle_regime_pooled_relative_active_te100bp,oracle_infeasible_diagnostic,2025-02-10,2025-02-10,2025-02-10,2025-02-01,AGG,0.0,0.0,0.0,False,growth_up_inflation_up,True,optimal
oracle_regime_pooled_relative_active_te100bp,oracle_infeasible_diagnostic,2025-02-17,2025-02-17,2025-02-18,2025-02-01,SPY,0.3090114040152569,0.3500000000000001,-0.04098859598474319,False,growth_up_inflation_up,True,optimal
oracle_regime_pooled_relative_active_te100bp,oracle_infeasible_diagnostic,2025-02-17,2025-02-17,2025-02-18,2025-02-01,IEF,0.001481022471741536,0.0,0.001481022471741536,False,growth_up_inflation_up,True,optimal
oracle_regime_pooled_relative_active_te100bp,oracle_infeasible_diagnostic,2025-02-17,2025-02-17,2025-02-18,2025-02-01,TIP,0.04125405094216892,0.0,0.04125405094216892,False,growth_up_inflation_up,True,optimal
oracle_regime_pooled_relative_active_te100bp,oracle_infeasible_diagnostic,2025-02-17,2025-02-17,2025-02-18,2025-02-01,HYG,0.1488110559726571,0.1499737756578432,-0.0011627196851861088,False,growth_up_inflation_up,True,optimal
oracle_regime_pooled_relative_active_te100bp,oracle_infeasible_diagnostic,2025-02-17,2025-02-17,2025-02-18,2025-02-01,BIL,0.0491434020505338,0.0,0.0491434020505338,False,growth_up_inflation_up,True,optimal
oracle_regime_pooled_relative_active_te100bp,oracle_infeasible_diagnostic,2025-02-17,2025-02-17,2025-02-18,2025-02-01,GLD,0.2478083595635535,0.2499256470917231,-0.0021172875281696146,False,growth_up_inflation_up,True,optimal
oracle_regime_pooled_relative_active_te100bp,oracle_infeasible_diagnostic,2025-02-17,2025-02-17,2025-02-18,2025-02-01,LQD,0.20249070498408822,0.2501005772504334,-0.047609872266345166,False,growth_up_inflation_up,True,optimal
oracle_regime_pooled_relative_active_te100bp,oracle_infeasible_diagnostic,2025-02-17,2025-02-17,2025-02-18,2025-02-01,AGG,0.0,0.0,0.0,False,growth_up_inflation_up,True,optimal
oracle_regime_pooled_relative_active_te100bp,oracle_infeasible_diagnostic,2025-02-24,2025-02-24,2025-02-24,2025-02-01,SPY,0.30462070179613104,0.3499999999999999,-0.04537929820386888,False,growth_up_inflation_up,True,optimal
oracle_regime_pooled_relative_active_te100bp,oracle_infeasible_diagnostic,2025-02-24,2025-02-24,2025-02-24,2025-02-01,IEF,0.0014974681588510682,0.0,0.0014974681588510682,False,growth_up_inflation_up,True,optimal
oracle_regime_pooled_relative_active_te100bp,oracle_infeasible_diagnostic,2025-02-24,2025-02-24,2025-02-24,2025-02-01,TIP,0.041604272253182965,0.0,0.041604272253182965,False,growth_up_inflation_up,True,optimal
oracle_regime_pooled_relative_active_te100bp,oracle_infeasible_diagnostic,2025-02-24,2025-02-24,2025-02-24,2025-02-01,HYG,0.1491843772589634,0.1499999999999999,-0.000815622741036498,False,growth_up_inflation_up,True,optimal
oracle_regime_pooled_relative_active_te100bp,oracle_infeasible_diagnostic,2025-02-24,2025-02-24,2025-02-24,2025-02-01,BIL,0.04936623871123366,0.0,0.04936623871123366,False,growth_up_inflation_up,True,optimal
oracle_regime_pooled_relative_active_te100bp,oracle_infeasible_diagnostic,2025-02-24,2025-02-24,2025-02-24,2025-02-01,GLD,0.2497196037706209,0.25,-0.00028039622937908737,False,growth_up_inflation_up,True,optimal
oracle_regime_pooled_relative_active_te100bp,oracle_infeasible_diagnostic,2025-02-24,2025-02-24,2025-02-24,2025-02-01,LQD,0.204007338051017,0.2500000000000002,-0.045992661948983216,False,growth_up_inflation_up,True,optimal
oracle_regime_pooled_relative_active_te100bp,oracle_infeasible_diagnostic,2025-02-24,2025-02-24,2025-02-24,2025-02-01,AGG,0.0,0.0,0.0,False,growth_up_inflation_up,True,optimal
oracle_regime_pooled_relative_active_te100bp,oracle_infeasible_diagnostic,2025-03-03,2025-03-03,2025-03-03,2025-03-01,SPY,0.3021243630743883,0.35,-0.0478756369256117,False,growth_down_inflation_down,True,optimal
oracle_regime_pooled_relative_active_te100bp,oracle_infeasible_diagnostic,2025-03-03,2025-03-03,2025-03-03,2025-03-01,IEF,0.0023577776747060308,0.0,0.0023577776747060308,False,growth_down_inflation_down,True,optimal
oracle_regime_pooled_relative_active_te100bp,oracle_infeasible_diagnostic,2025-03-03,2025-03-03,2025-03-03,2025-03-01,TIP,0.04248751007894949,0.0,0.04248751007894949,False,growth_down_inflation_down,True,optimal
oracle_regime_pooled_relative_active_te100bp,oracle_infeasible_diagnostic,2025-03-03,2025-03-03,2025-03-03,2025-03-01,HYG,0.15118969153977446,0.1500000000000003,0.0011896915397741625,False,growth_down_inflation_down,True,optimal
oracle_regime_pooled_relative_active_te100bp,oracle_infeasible_diagnostic,2025-03-03,2025-03-03,2025-03-03,2025-03-01,BIL,0.04976974223814898,0.0,0.04976974223814898,False,growth_down_inflation_down,True,optimal
oracle_regime_pooled_relative_active_te100bp,oracle_infeasible_diagnostic,2025-03-03,2025-03-03,2025-03-03,2025-03-01,GLD,0.24404092716934214,0.2449011804396941,-0.0008602532703519683,False,growth_down_inflation_down,True,optimal
oracle_regime_pooled_relative_active_te100bp,oracle_infeasible_diagnostic,2025-03-03,2025-03-03,2025-03-03,2025-03-01,LQD,0.20802998822469063,0.2550988195603054,-0.047068831335614764,False,growth_down_inflation_down,True,optimal
oracle_regime_pooled_relative_active_te100bp,oracle_infeasible_diagnostic,2025-03-03,2025-03-03,2025-03-03,2025-03-01,AGG,0.0,0.0,0.0,False,growth_down_inflation_down,True,optimal
oracle_regime_pooled_relative_active_te100bp,oracle_infeasible_diagnostic,2025-03-10,2025-03-10,2025-03-10,2025-03-01,SPY,0.3003307872785489,0.3499999999999995,-0.049669212721450584,False,growth_down_inflation_down,True,optimal
oracle_regime_pooled_relative_active_te100bp,oracle_infeasible_diagnostic,2025-03-10,2025-03-10,2025-03-10,2025-03-01,IEF,0.0023713120069919344,0.0,0.0023713120069919344,False,growth_down_inflation_down,True,optimal
oracle_regime_pooled_relative_active_te100bp,oracle_infeasible_diagnostic,2025-03-10,2025-03-10,2025-03-10,2025-03-01,TIP,0.042531103713463525,0.0,0.042531103713463525,False,growth_down_inflation_down,True,optimal
oracle_regime_pooled_relative_active_te100bp,oracle_infeasible_diagnostic,2025-03-10,2025-03-10,2025-03-10,2025-03-01,HYG,0.15212964246404334,0.1499999999999999,0.0021296424640434297,False,growth_down_inflation_down,True,optimal
oracle_regime_pooled_relative_active_te100bp,oracle_infeasible_diagnostic,2025-03-10,2025-03-10,2025-03-10,2025-03-01,BIL,0.0444915246765143,0.0,0.0444915246765143,False,growth_down_inflation_down,True,optimal
oracle_regime_pooled_relative_active_te100bp,oracle_infeasible_diagnostic,2025-03-10,2025-03-10,2025-03-10,2025-03-01,GLD,0.24938485480845637,0.2499999999999995,-0.0006151451915431261,False,growth_down_inflation_down,True,optimal
oracle_regime_pooled_relative_active_te100bp,oracle_infeasible_diagnostic,2025-03-10,2025-03-10,2025-03-10,2025-03-01,LQD,0.20876077505198165,0.250000000000001,-0.04123922494801935,False,growth_down_inflation_down,True,optimal
oracle_regime_pooled_relative_active_te100bp,oracle_infeasible_diagnostic,2025-03-10,2025-03-10,2025-03-10,2025-03-01,AGG,0.0,0.0,0.0,False,growth_down_inflation_down,True,optimal
oracle_regime_pooled_relative_active_te100bp,oracle_infeasible_diagnostic,2025-03-17,2025-03-17,2025-03-17,2025-03-01,SPY,0.30071741433833993,0.3500000000000004,-0.049282585661660494,False,growth_down_inflation_down,True,optimal
oracle_regime_pooled_relative_active_te100bp,oracle_infeasible_diagnostic,2025-03-17,2025-03-17,2025-03-17,2025-03-01,IEF,0.0023553320832066407,0.0,0.0023553320832066407,False,growth_down_inflation_down,True,optimal
oracle_regime_pooled_relative_active_te100bp,oracle_infeasible_diagnostic,2025-03-17,2025-03-17,2025-03-17,2025-03-01,TIP,0.04223785910750473,0.0,0.04223785910750473,False,growth_down_inflation_down,True,optimal
oracle_regime_pooled_relative_active_te100bp,oracle_infeasible_diagnostic,2025-03-17,2025-03-17,2025-03-17,2025-03-01,HYG,0.15103593942500457,0.1499999999999996,0.0010359394250049614,False,growth_down_inflation_down,True,optimal
oracle_regime_pooled_relative_active_te100bp,oracle_infeasible_diagnostic,2025-03-17,2025-03-17,2025-03-17,2025-03-01,BIL,0.04444083238991384,0.0,0.04444083238991384,False,growth_down_inflation_down,True,optimal
oracle_regime_pooled_relative_active_te100bp,oracle_infeasible_diagnostic,2025-03-17,2025-03-17,2025-03-17,2025-03-01,GLD,0.24999999999999997,0.2499999999999995,4.718447854656915e-16,False,growth_down_inflation_down,True,optimal
oracle_regime_pooled_relative_active_te100bp,oracle_infeasible_diagnostic,2025-03-17,2025-03-17,2025-03-17,2025-03-01,LQD,0.20921262265603036,0.2500000000000003,-0.04078737734396992,False,growth_down_inflation_down,True,optimal
oracle_regime_pooled_relative_active_te100bp,oracle_infeasible_diagnostic,2025-03-17,2025-03-17,2025-03-17,2025-03-01,AGG,0.0,0.0,0.0,False,growth_down_inflation_down,True,optimal
oracle_regime_pooled_relative_active_te100bp,oracle_infeasible_diagnostic,2025-03-24,2025-03-24,2025-03-24,2025-03-01,SPY,0.300720978232962,0.3500000000000001,-0.04927902176703808,False,growth_down_inflation_down,True,optimal
oracle_regime_pooled_relative_active_te100bp,oracle_infeasible_diagnostic,2025-03-24,2025-03-24,2025-03-24,2025-03-01,IEF,0.0023506868291732594,0.0,0.0023506868291732594,False,growth_down_inflation_down,True,optimal
oracle_regime_pooled_relative_active_te100bp,oracle_infeasible_diagnostic,2025-03-24,2025-03-24,2025-03-24,2025-03-01,TIP,0.04220123021552057,0.0,0.04220123021552057,False,growth_down_inflation_down,True,optimal
oracle_regime_pooled_relative_active_te100bp,oracle_infeasible_diagnostic,2025-03-24,2025-03-24,2025-03-24,2025-03-01,HYG,0.15077923720127284,0.1500000000000003,0.0007792372012725424,False,growth_down_inflation_down,True,optimal
oracle_regime_pooled_relative_active_te100bp,oracle_infeasible_diagnostic,2025-03-24,2025-03-24,2025-03-24,2025-03-01,BIL,0.04420942864059312,0.0,0.04420942864059312,False,growth_down_inflation_down,True,optimal
oracle_regime_pooled_relative_active_te100bp,oracle_infeasible_diagnostic,2025-03-24,2025-03-24,2025-03-24,2025-03-01,GLD,0.24999999999999997,0.2499999999999996,3.608224830031759e-16,False,growth_down_inflation_down,True,optimal
oracle_regime_pooled_relative_active_te100bp,oracle_infeasible_diagnostic,2025-03-24,2025-03-24,2025-03-24,2025-03-01,LQD,0.20973843888047816,0.2499999999999998,-0.040261561119521644,False,growth_down_inflation_down,True,optimal
oracle_regime_pooled_relative_active_te100bp,oracle_infeasible_diagnostic,2025-03-24,2025-03-24,2025-03-24,2025-03-01,AGG,0.0,0.0,0.0,False,growth_down_inflation_down,True,optimal
oracle_regime_pooled_relative_active_te100bp,oracle_infeasible_diagnostic,2025-03-31,2025-03-31,2025-03-31,2025-03-01,SPY,0.30065969152165994,0.35,-0.049340308478340034,False,growth_down_inflation_down,True,optimal
oracle_regime_pooled_relative_active_te100bp,oracle_infeasible_diagnostic,2025-03-31,2025-03-31,2025-03-31,2025-03-01,IEF,0.0023696780275541673,0.0,0.0023696780275541673,False,growth_down_inflation_down,True,optimal
oracle_regime_pooled_relative_active_te100bp,oracle_infeasible_diagnostic,2025-03-31,2025-03-31,2025-03-31,2025-03-01,TIP,0.04264504472719314,0.0,0.04264504472719314,False,growth_down_inflation_down,True,optimal
oracle_regime_pooled_relative_active_te100bp,oracle_infeasible_diagnostic,2025-03-31,2025-03-31,2025-03-31,2025-03-01,HYG,0.1502874301183482,0.1497584846003193,0.0005289455180289004,False,growth_down_inflation_down,True,optimal
oracle_regime_pooled_relative_active_te100bp,oracle_infeasible_diagnostic,2025-03-31,2025-03-31,2025-03-31,2025-03-01,BIL,0.04364932375123087,0.0,0.04364932375123087,False,growth_down_inflation_down,True,optimal
oracle_regime_pooled_relative_active_te100bp,oracle_infeasible_diagnostic,2025-03-31,2025-03-31,2025-03-31,2025-03-01,GLD,0.25000000000000006,0.2500000000000005,-4.440892098500626e-16,False,growth_down_inflation_down,True,optimal
oracle_regime_pooled_relative_active_te100bp,oracle_infeasible_diagnostic,2025-03-31,2025-03-31,2025-03-31,2025-03-01,LQD,0.21038883185401366,0.2502415153996802,-0.03985268354566654,False,growth_down_inflation_down,True,optimal
oracle_regime_pooled_relative_active_te100bp,oracle_infeasible_diagnostic,2025-03-31,2025-03-31,2025-03-31,2025-03-01,AGG,0.0,0.0,0.0,False,growth_down_inflation_down,True,optimal
oracle_regime_pooled_relative_active_te100bp,oracle_infeasible_diagnostic,2025-04-07,2025-04-07,2025-04-07,2025-04-01,SPY,0.30000000000000027,0.3500000000000002,-0.04999999999999993,False,growth_down_inflation_up,True,optimal
oracle_regime_pooled_relative_active_te100bp,oracle_infeasible_diagnostic,2025-04-07,2025-04-07,2025-04-07,2025-04-01,IEF,6.680569535176458e-05,0.0,6.680569535176458e-05,False,growth_down_inflation_up,True,optimal
oracle_regime_pooled_relative_active_te100bp,oracle_infeasible_diagnostic,2025-04-07,2025-04-07,2025-04-07,2025-04-01,TIP,0.04418559274657173,0.0,0.04418559274657173,False,growth_down_inflation_up,True,optimal
oracle_regime_pooled_relative_active_te100bp,oracle_infeasible_diagnostic,2025-04-07,2025-04-07,2025-04-07,2025-04-01,HYG,0.152636542061806,0.1499999999999998,0.0026365420618061908,False,growth_down_inflation_up,True,optimal
oracle_regime_pooled_relative_active_te100bp,oracle_infeasible_diagnostic,2025-04-07,2025-04-07,2025-04-07,2025-04-01,BIL,0.0451635192214595,0.0,0.0451635192214595,False,growth_down_inflation_up,True,optimal
oracle_regime_pooled_relative_active_te100bp,oracle_infeasible_diagnostic,2025-04-07,2025-04-07,2025-04-07,2025-04-01,GLD,0.24999999999999994,0.2500000000000001,-1.6653345369377348e-16,False,growth_down_inflation_up,True,optimal
oracle_regime_pooled_relative_active_te100bp,oracle_infeasible_diagnostic,2025-04-07,2025-04-07,2025-04-07,2025-04-01,LQD,0.20794754027481066,0.2499999999999998,-0.042052459725189145,False,growth_down_inflation_up,True,optimal
oracle_regime_pooled_relative_active_te100bp,oracle_infeasible_diagnostic,2025-04-07,2025-04-07,2025-04-07,2025-04-01,AGG,0.0,0.0,0.0,False,growth_down_inflation_up,True,optimal
oracle_regime_pooled_relative_active_te100bp,oracle_infeasible_diagnostic,2025-04-14,2025-04-14,2025-04-14,2025-04-01,SPY,0.3099885161008583,0.3500000000000002,-0.040011483899141886,False,growth_down_inflation_up,True,optimal
oracle_regime_pooled_relative_active_te100bp,oracle_infeasible_diagnostic,2025-04-14,2025-04-14,2025-04-14,2025-04-01,IEF,6.222348177791344e-05,0.0,6.222348177791344e-05,False,growth_down_inflation_up,True,optimal
oracle_regime_pooled_relative_active_te100bp,oracle_infeasible_diagnostic,2025-04-14,2025-04-14,2025-04-14,2025-04-01,TIP,0.04156934433723055,0.0,0.04156934433723055,False,growth_down_inflation_up,True,optimal
oracle_regime_pooled_relative_active_te100bp,oracle_infeasible_diagnostic,2025-04-14,2025-04-14,2025-04-14,2025-04-01,HYG,0.14837991608013232,0.1499999999999991,-0.0016200839198667882,False,growth_down_inflation_up,True,optimal
oracle_regime_pooled_relative_active_te100bp,oracle_infeasible_diagnostic,2025-04-14,2025-04-14,2025-04-14,2025-04-01,BIL,0.0499999999999999,0.0,0.0499999999999999,False,growth_down_inflation_up,True,optimal
oracle_regime_pooled_relative_active_te100bp,oracle_infeasible_diagnostic,2025-04-14,2025-04-14,2025-04-14,2025-04-01,GLD,0.25,0.2499999999999997,3.0531133177191805e-16,False,growth_down_inflation_up,True,optimal
oracle_regime_pooled_relative_active_te100bp,oracle_infeasible_diagnostic,2025-04-14,2025-04-14,2025-04-14,2025-04-01,LQD,0.20000000000000095,0.2500000000000008,-0.04999999999999982,False,growth_down_inflation_up,True,optimal
oracle_regime_pooled_relative_active_te100bp,oracle_infeasible_diagnostic,2025-04-14,2025-04-14,2025-04-14,2025-04-01,AGG,0.0,0.0,0.0,False,growth_down_inflation_up,True,optimal
oracle_regime_pooled_relative_active_te100bp,oracle_infeasible_diagnostic,2025-04-21,2025-04-21,2025-04-21,2025-04-01,SPY,0.30000000000000016,0.3500000000000001,-0.04999999999999993,False,growth_down_inflation_up,True,optimal
oracle_regime_pooled_relative_active_te100bp,oracle_infeasible_diagnostic,2025-04-21,2025-04-21,2025-04-21,2025-04-01,IEF,6.263520704824903e-05,0.0,6.263520704824903e-05,False,growth_down_inflation_up,True,optimal
oracle_regime_pooled_relative_active_te100bp,oracle_infeasible_diagnostic,2025-04-21,2025-04-21,2025-04-21,2025-04-01,TIP,0.04256939746259041,0.0,0.04256939746259041,False,growth_down_inflation_up,True,optimal
oracle_regime_pooled_relative_active_te100bp,oracle_infeasible_diagnostic,2025-04-21,2025-04-21,2025-04-21,2025-04-01,HYG,0.15622862922720093,0.1500000000000004,0.006228629227200522,False,growth_down_inflation_up,True,optimal
oracle_regime_pooled_relative_active_te100bp,oracle_infeasible_diagnostic,2025-04-21,2025-04-21,2025-04-21,2025-04-01,BIL,0.049999999999999906,0.0,0.049999999999999906,False,growth_down_inflation_up,True,optimal
oracle_regime_pooled_relative_active_te100bp,oracle_infeasible_diagnostic,2025-04-21,2025-04-21,2025-04-21,2025-04-01,GLD,0.25,0.2500000000000001,-1.1102230246251565e-16,False,growth_down_inflation_up,True,optimal
oracle_regime_pooled_relative_active_te100bp,oracle_infeasible_diagnostic,2025-04-21,2025-04-21,2025-04-21,2025-04-01,LQD,0.20113933810316043,0.2499999999999993,-0.04886066189683888,False,growth_down_inflation_up,True,optimal
oracle_regime_pooled_relative_active_te100bp,oracle_infeasible_diagnostic,2025-04-21,2025-04-21,2025-04-21,2025-04-01,AGG,0.0,0.0,0.0,False,growth_down_inflation_up,True,optimal
oracle_regime_pooled_relative_active_te100bp,oracle_infeasible_diagnostic,2025-04-28,2025-04-28,2025-04-28,2025-04-01,SPY,0.3,0.3499999999999999,-0.04999999999999993,False,growth_down_inflation_up,True,optimal
oracle_regime_pooled_relative_active_te100bp,oracle_infeasible_diagnostic,2025-04-28,2025-04-28,2025-04-28,2025-04-01,IEF,6.222745868293256e-05,0.0,6.222745868293256e-05,False,growth_down_inflation_up,True,optimal
oracle_regime_pooled_relative_active_te100bp,oracle_infeasible_diagnostic,2025-04-28,2025-04-28,2025-04-28,2025-04-01,TIP,0.04232170181140537,0.0,0.04232170181140537,False,growth_down_inflation_up,True,optimal
oracle_regime_pooled_relative_active_te100bp,oracle_infeasible_diagnostic,2025-04-28,2025-04-28,2025-04-28,2025-04-01,HYG,0.15643315368457297,0.1499999999999998,0.006433153684573173,False,growth_down_inflation_up,True,optimal
oracle_regime_pooled_relative_active_te100bp,oracle_infeasible_diagnostic,2025-04-28,2025-04-28,2025-04-28,2025-04-01,BIL,0.04973250529846682,0.0,0.04973250529846682,False,growth_down_inflation_up,True,optimal
oracle_regime_pooled_relative_active_te100bp,oracle_infeasible_diagnostic,2025-04-28,2025-04-28,2025-04-28,2025-04-01,GLD,0.25,0.2499999999999995,4.996003610813204e-16,False,growth_down_inflation_up,True,optimal
oracle_regime_pooled_relative_active_te100bp,oracle_infeasible_diagnostic,2025-04-28,2025-04-28,2025-04-28,2025-04-01,LQD,0.20145041174687192,0.2500000000000005,-0.04854958825312858,False,growth_down_inflation_up,True,optimal
oracle_regime_pooled_relative_active_te100bp,oracle_infeasible_diagnostic,2025-04-28,2025-04-28,2025-04-28,2025-04-01,AGG,0.0,0.0,0.0,False,growth_down_inflation_up,True,optimal
oracle_regime_pooled_relative_active_te100bp,oracle_infeasible_diagnostic,2025-05-05,2025-05-05,2025-05-05,2025-05-01,SPY,0.30182931314972,0.3500000000000002,-0.0481706868502802,False,growth_down_inflation_up,True,optimal
oracle_regime_pooled_relative_active_te100bp,oracle_infeasible_diagnostic,2025-05-05,2025-05-05,2025-05-05,2025-05-01,IEF,6.201286853861152e-05,0.0,6.201286853861152e-05,False,growth_down_inflation_up,True,optimal
oracle_regime_pooled_relative_active_te100bp,oracle_infeasible_diagnostic,2025-05-05,2025-05-05,2025-05-05,2025-05-01,TIP,0.042096956685413474,0.0,0.042096956685413474,False,growth_down_inflation_up,True,optimal
oracle_regime_pooled_relative_active_te100bp,oracle_infeasible_diagnostic,2025-05-05,2025-05-05,2025-05-05,2025-05-01,HYG,0.1563644787020159,0.1500000000000006,0.006364478702015286,False,growth_down_inflation_up,True,optimal
oracle_regime_pooled_relative_active_te100bp,oracle_infeasible_diagnostic,2025-05-05,2025-05-05,2025-05-05,2025-05-01,BIL,0.04964723859431324,0.0,0.04964723859431324,False,growth_down_inflation_up,True,optimal
oracle_regime_pooled_relative_active_te100bp,oracle_infeasible_diagnostic,2025-05-05,2025-05-05,2025-05-05,2025-05-01,GLD,0.25,0.2500000000000002,-2.220446049250313e-16,False,growth_down_inflation_up,True,optimal
oracle_regime_pooled_relative_active_te100bp,oracle_infeasible_diagnostic,2025-05-05,2025-05-05,2025-05-05,2025-05-01,LQD,0.1999999999999989,0.2499999999999989,-0.04999999999999999,False,growth_down_inflation_up,True,optimal
oracle_regime_pooled_relative_active_te100bp,oracle_infeasible_diagnostic,2025-05-05,2025-05-05,2025-05-05,2025-05-01,AGG,0.0,0.0,0.0,False,growth_down_inflation_up,True,optimal
oracle_regime_pooled_relative_active_te100bp,oracle_infeasible_diagnostic,2025-05-12,2025-05-12,2025-05-12,2025-05-01,SPY,0.30205236877625746,0.3499999999999996,-0.047947631223742126,False,growth_down_inflation_up,True,optimal
oracle_regime_pooled_relative_active_te100bp,oracle_infeasible_diagnostic,2025-05-12,2025-05-12,2025-05-12,2025-05-01,IEF,6.168659658544602e-05,0.0,6.168659658544602e-05,False,growth_down_inflation_up,True,optimal
oracle_regime_pooled_relative_active_te100bp,oracle_infeasible_diagnostic,2025-05-12,2025-05-12,2025-05-12,2025-05-01,TIP,0.04207148776568842,0.0,0.04207148776568842,False,growth_down_inflation_up,True,optimal
oracle_regime_pooled_relative_active_te100bp,oracle_infeasible_diagnostic,2025-05-12,2025-05-12,2025-05-12,2025-05-01,HYG,0.15622843052360477,0.1500000000000017,0.006228430523603085,False,growth_down_inflation_up,True,optimal
oracle_regime_pooled_relative_active_te100bp,oracle_infeasible_diagnostic,2025-05-12,2025-05-12,2025-05-12,2025-05-01,BIL,0.04958602633786485,0.0,0.04958602633786485,False,growth_down_inflation_up,True,optimal
oracle_regime_pooled_relative_active_te100bp,oracle_infeasible_diagnostic,2025-05-12,2025-05-12,2025-05-12,2025-05-01,GLD,0.25000000000000006,0.2499999999999997,3.608224830031759e-16,False,growth_down_inflation_up,True,optimal
oracle_regime_pooled_relative_active_te100bp,oracle_infeasible_diagnostic,2025-05-12,2025-05-12,2025-05-12,2025-05-01,LQD,0.19999999999999907,0.249999999999999,-0.04999999999999993,False,growth_down_inflation_up,True,optimal
oracle_regime_pooled_relative_active_te100bp,oracle_infeasible_diagnostic,2025-05-12,2025-05-12,2025-05-12,2025-05-01,AGG,0.0,0.0,0.0,False,growth_down_inflation_up,True,optimal
oracle_regime_pooled_relative_active_te100bp,oracle_infeasible_diagnostic,2025-05-19,2025-05-19,2025-05-19,2025-05-01,SPY,0.30264772154744873,0.3500000000000003,-0.04735227845255158,False,growth_down_inflation_up,True,optimal
oracle_regime_pooled_relative_active_te100bp,oracle_infeasible_diagnostic,2025-05-19,2025-05-19,2025-05-19,2025-05-01,IEF,6.155605259728612e-05,0.0,6.155605259728612e-05,False,growth_down_inflation_up,True,optimal
oracle_regime_pooled_relative_active_te100bp,oracle_infeasible_diagnostic,2025-05-19,2025-05-19,2025-05-19,2025-05-01,TIP,0.04202577752403794,0.0,0.04202577752403794,False,growth_down_inflation_up,True,optimal
oracle_regime_pooled_relative_active_te100bp,oracle_infeasible_diagnostic,2025-05-19,2025-05-19,2025-05-19,2025-05-01,HYG,0.15585290024394777,0.1500000000000003,0.0058529002439474676,False,growth_down_inflation_up,True,optimal
oracle_regime_pooled_relative_active_te100bp,oracle_infeasible_diagnostic,2025-05-19,2025-05-19,2025-05-19,2025-05-01,BIL,0.04939246853804231,0.0,0.04939246853804231,False,growth_down_inflation_up,True,optimal
oracle_regime_pooled_relative_active_te100bp,oracle_infeasible_diagnostic,2025-05-19,2025-05-19,2025-05-19,2025-05-01,GLD,0.25,0.2500000000000005,-4.996003610813204e-16,False,growth_down_inflation_up,True,optimal
oracle_regime_pooled_relative_active_te100bp,oracle_infeasible_diagnostic,2025-05-19,2025-05-19,2025-05-19,2025-05-01,LQD,0.2000195760939259,0.2499999999999987,-0.049980423906072796,False,growth_down_inflation_up,True,optimal
oracle_regime_pooled_relative_active_te100bp,oracle_infeasible_diagnostic,2025-05-19,2025-05-19,2025-05-19,2025-05-01,AGG,0.0,0.0,0.0,False,growth_down_inflation_up,True,optimal
oracle_regime_pooled_relative_active_te100bp,oracle_infeasible_diagnostic,2025-05-26,2025-05-26,2025-05-27,2025-05-01,SPY,0.29999999999999905,0.3499999999999991,-0.050000000000000044,False,growth_down_inflation_up,True,optimal
oracle_regime_pooled_relative_active_te100bp,oracle_infeasible_diagnostic,2025-05-26,2025-05-26,2025-05-27,2025-05-01,IEF,6.144442546422402e-05,0.0,6.144442546422402e-05,False,growth_down_inflation_up,True,optimal
oracle_regime_pooled_relative_active_te100bp,oracle_infeasible_diagnostic,2025-05-26,2025-05-26,2025-05-27,2025-05-01,TIP,0.04183985740719147,0.0,0.04183985740719147,False,growth_down_inflation_up,True,optimal
oracle_regime_pooled_relative_active_te100bp,oracle_infeasible_diagnostic,2025-05-26,2025-05-26,2025-05-27,2025-05-01,HYG,0.15815360610151033,0.1499999999999997,0.008153606101510641,False,growth_down_inflation_up,True,optimal
oracle_regime_pooled_relative_active_te100bp,oracle_infeasible_diagnostic,2025-05-26,2025-05-26,2025-05-27,2025-05-01,BIL,0.04994509206583314,0.0,0.04994509206583314,False,growth_down_inflation_up,True,optimal
oracle_regime_pooled_relative_active_te100bp,oracle_infeasible_diagnostic,2025-05-26,2025-05-26,2025-05-27,2025-05-01,GLD,0.24999999999999994,0.2499999999999994,5.551115123125783e-16,False,growth_down_inflation_up,True,optimal
oracle_regime_pooled_relative_active_te100bp,oracle_infeasible_diagnostic,2025-05-26,2025-05-26,2025-05-27,2025-05-01,LQD,0.20000000000000176,0.2500000000000018,-0.05000000000000002,False,growth_down_inflation_up,True,optimal
oracle_regime_pooled_relative_active_te100bp,oracle_infeasible_diagnostic,2025-05-26,2025-05-26,2025-05-27,2025-05-01,AGG,0.0,0.0,0.0,False,growth_down_inflation_up,True,optimal
oracle_regime_pooled_relative_active_te100bp,oracle_infeasible_diagnostic,2025-06-02,2025-06-02,2025-06-02,2025-06-01,SPY,0.30051827016483634,0.35,-0.049481729835163635,False,growth_up_inflation_up,True,optimal
oracle_regime_pooled_relative_active_te100bp,oracle_infeasible_diagnostic,2025-06-02,2025-06-02,2025-06-02,2025-06-01,IEF,6.155073222712475e-05,0.0,6.155073222712475e-05,False,growth_up_inflation_up,True,optimal
oracle_regime_pooled_relative_active_te100bp,oracle_infeasible_diagnostic,2025-06-02,2025-06-02,2025-06-02,2025-06-01,TIP,0.041882992075324886,0.0,0.041882992075324886,False,growth_up_inflation_up,True,optimal
oracle_regime_pooled_relative_active_te100bp,oracle_infeasible_diagnostic,2025-06-02,2025-06-02,2025-06-02,2025-06-01,HYG,0.1581106757685771,0.1498972381738199,0.008213437594757206,False,growth_up_inflation_up,True,optimal
oracle_regime_pooled_relative_active_te100bp,oracle_infeasible_diagnostic,2025-06-02,2025-06-02,2025-06-02,2025-06-01,BIL,0.049680377528773995,0.0,0.049680377528773995,False,growth_up_inflation_up,True,optimal
oracle_regime_pooled_relative_active_te100bp,oracle_infeasible_diagnostic,2025-06-02,2025-06-02,2025-06-02,2025-06-01,GLD,0.24884907424951702,0.2492057023454365,-0.00035662809591946454,False,growth_up_inflation_up,True,optimal
oracle_regime_pooled_relative_active_te100bp,oracle_infeasible_diagnostic,2025-06-02,2025-06-02,2025-06-02,2025-06-01,LQD,0.20089705948074355,0.2508970594807435,-0.04999999999999993,False,growth_up_inflation_up,True,optimal
oracle_regime_pooled_relative_active_te100bp,oracle_infeasible_diagnostic,2025-06-02,2025-06-02,2025-06-02,2025-06-01,AGG,0.0,0.0,0.0,False,growth_up_inflation_up,True,optimal
oracle_regime_pooled_relative_active_te100bp,oracle_infeasible_diagnostic,2025-06-09,2025-06-09,2025-06-09,2025-06-01,SPY,0.3055452590063939,0.3499999999999998,-0.04445474099360591,False,growth_up_inflation_up,True,optimal
oracle_regime_pooled_relative_active_te100bp,oracle_infeasible_diagnostic,2025-06-09,2025-06-09,2025-06-09,2025-06-01,IEF,6.107167655744811e-05,0.0,6.107167655744811e-05,False,growth_up_inflation_up,True,optimal
oracle_regime_pooled_relative_active_te100bp,oracle_infeasible_diagnostic,2025-06-09,2025-06-09,2025-06-09,2025-06-01,TIP,0.04155559627675365,0.0,0.04155559627675365,False,growth_up_inflation_up,True,optimal
oracle_regime_pooled_relative_active_te100bp,oracle_infeasible_diagnostic,2025-06-09,2025-06-09,2025-06-09,2025-06-01,HYG,0.1580409286538018,0.1499999999999999,0.008040928653801876,False,growth_up_inflation_up,True,optimal
oracle_regime_pooled_relative_active_te100bp,oracle_infeasible_diagnostic,2025-06-09,2025-06-09,2025-06-09,2025-06-01,BIL,0.049579106301159685,0.0,0.049579106301159685,False,growth_up_inflation_up,True,optimal
oracle_regime_pooled_relative_active_te100bp,oracle_infeasible_diagnostic,2025-06-09,2025-06-09,2025-06-09,2025-06-01,GLD,0.24497116284309914,0.2499999999999995,-0.005028837156900362,False,growth_up_inflation_up,True,optimal
oracle_regime_pooled_relative_active_te100bp,oracle_infeasible_diagnostic,2025-06-09,2025-06-09,2025-06-09,2025-06-01,LQD,0.20024687524223447,0.2500000000000006,-0.04975312475776614,False,growth_up_inflation_up,True,optimal
oracle_regime_pooled_relative_active_te100bp,oracle_infeasible_diagnostic,2025-06-09,2025-06-09,2025-06-09,2025-06-01,AGG,0.0,0.0,0.0,False,growth_up_inflation_up,True,optimal
oracle_regime_pooled_relative_active_te100bp,oracle_infeasible_diagnostic,2025-06-16,2025-06-16,2025-06-16,2025-06-01,SPY,0.30137780787894386,0.3499999999999997,-0.04862219212105584,False,growth_up_inflation_up,True,optimal
oracle_regime_pooled_relative_active_te100bp,oracle_infeasible_diagnostic,2025-06-16,2025-06-16,2025-06-16,2025-06-01,IEF,6.1011405414561164e-05,0.0,6.1011405414561164e-05,False,growth_up_inflation_up,True,optimal
oracle_regime_pooled_relative_active_te100bp,oracle_infeasible_diagnostic,2025-06-16,2025-06-16,2025-06-16,2025-06-01,TIP,0.04264428475547344,0.0,0.04264428475547344,False,growth_up_inflation_up,True,optimal
oracle_regime_pooled_relative_active_te100bp,oracle_infeasible_diagnostic,2025-06-16,2025-06-16,2025-06-16,2025-06-01,HYG,0.15675362355431993,0.1499999999999998,0.006753623554320132,False,growth_up_inflation_up,True,optimal
oracle_regime_pooled_relative_active_te100bp,oracle_infeasible_diagnostic,2025-06-16,2025-06-16,2025-06-16,2025-06-01,BIL,0.049163272405847676,0.0,0.049163272405847676,False,growth_up_inflation_up,True,optimal
oracle_regime_pooled_relative_active_te100bp,oracle_infeasible_diagnostic,2025-06-16,2025-06-16,2025-06-16,2025-06-01,GLD,0.25,0.2499999999999998,1.942890293094024e-16,False,growth_up_inflation_up,True,optimal
oracle_regime_pooled_relative_active_te100bp,oracle_infeasible_diagnostic,2025-06-16,2025-06-16,2025-06-16,2025-06-01,LQD,0.20000000000000062,0.2500000000000005,-0.04999999999999988,False,growth_up_inflation_up,True,optimal
oracle_regime_pooled_relative_active_te100bp,oracle_infeasible_diagnostic,2025-06-16,2025-06-16,2025-06-16,2025-06-01,AGG,0.0,0.0,0.0,False,growth_up_inflation_up,True,optimal
oracle_regime_pooled_relative_active_te100bp,oracle_infeasible_diagnostic,2025-06-23,2025-06-23,2025-06-23,2025-06-01,SPY,0.30059316013112397,0.35,-0.04940683986887601,False,growth_up_inflation_up,True,optimal
oracle_regime_pooled_relative_active_te100bp,oracle_infeasible_diagnostic,2025-06-23,2025-06-23,2025-06-23,2025-06-01,IEF,6.15530066846079e-05,0.0,6.15530066846079e-05,False,growth_up_inflation_up,True,optimal
oracle_regime_pooled_relative_active_te100bp,oracle_infeasible_diagnostic,2025-06-23,2025-06-23,2025-06-23,2025-06-01,TIP,0.04314368850585861,0.0,0.04314368850585861,False,growth_up_inflation_up,True,optimal
oracle_regime_pooled_relative_active_te100bp,oracle_infeasible_diagnostic,2025-06-23,2025-06-23,2025-06-23,2025-06-01,HYG,0.15798684709730296,0.1499999999999995,0.007986847097303462,False,growth_up_inflation_up,True,optimal
oracle_regime_pooled_relative_active_te100bp,oracle_infeasible_diagnostic,2025-06-23,2025-06-23,2025-06-23,2025-06-01,BIL,0.048807911390153225,0.0,0.048807911390153225,False,growth_up_inflation_up,True,optimal
oracle_regime_pooled_relative_active_te100bp,oracle_infeasible_diagnostic,2025-06-23,2025-06-23,2025-06-23,2025-06-01,GLD,0.24737443169525766,0.2479675918263816,-0.0005931601311239265,False,growth_up_inflation_up,True,optimal
oracle_regime_pooled_relative_active_te100bp,oracle_infeasible_diagnostic,2025-06-23,2025-06-23,2025-06-23,2025-06-01,LQD,0.202032408173619,0.2520324081736188,-0.04999999999999982,False,growth_up_inflation_up,True,optimal
oracle_regime_pooled_relative_active_te100bp,oracle_infeasible_diagnostic,2025-06-23,2025-06-23,2025-06-23,2025-06-01,AGG,0.0,0.0,0.0,False,growth_up_inflation_up,True,optimal
oracle_regime_pooled_relative_active_te100bp,oracle_infeasible_diagnostic,2025-06-30,2025-06-30,2025-06-30,2025-06-01,SPY,0.3090261621335005,0.3499999999999991,-0.04097383786649861,False,growth_up_inflation_up,True,optimal
oracle_regime_pooled_relative_active_te100bp,oracle_infeasible_diagnostic,2025-06-30,2025-06-30,2025-06-30,2025-06-01,IEF,6.157066687568227e-05,0.0,6.157066687568227e-05,False,growth_up_inflation_up,True,optimal
oracle_regime_pooled_relative_active_te100bp,oracle_infeasible_diagnostic,2025-06-30,2025-06-30,2025-06-30,2025-06-01,TIP,0.04302273037586233,0.0,0.04302273037586233,False,growth_up_inflation_up,True,optimal
oracle_regime_pooled_relative_active_te100bp,oracle_infeasible_diagnostic,2025-06-30,2025-06-30,2025-06-30,2025-06-01,HYG,0.15829382703901437,0.1500000000000019,0.008293827039012464,False,growth_up_inflation_up,True,optimal
oracle_regime_pooled_relative_active_te100bp,oracle_infeasible_diagnostic,2025-06-30,2025-06-30,2025-06-30,2025-06-01,BIL,0.048592862056347406,0.0,0.048592862056347406,False,growth_up_inflation_up,True,optimal
oracle_regime_pooled_relative_active_te100bp,oracle_infeasible_diagnostic,2025-06-30,2025-06-30,2025-06-30,2025-06-01,GLD,0.2388644573500878,0.2482664442189185,-0.009401986868830703,False,growth_up_inflation_up,True,optimal
oracle_regime_pooled_relative_active_te100bp,oracle_infeasible_diagnostic,2025-06-30,2025-06-30,2025-06-30,2025-06-01,LQD,0.20213839037831188,0.2517335557810803,-0.049595165402768426,False,growth_up_inflation_up,True,optimal
oracle_regime_pooled_relative_active_te100bp,oracle_infeasible_diagnostic,2025-06-30,2025-06-30,2025-06-30,2025-06-01,AGG,0.0,0.0,0.0,False,growth_up_inflation_up,True,optimal
oracle_regime_pooled_relative_active_te100bp,oracle_infeasible_diagnostic,2025-07-07,2025-07-07,2025-07-07,2025-07-01,SPY,0.3017788274579574,0.3499999999999999,-0.0482211725420425,False,growth_down_inflation_up,True,optimal
oracle_regime_pooled_relative_active_te100bp,oracle_infeasible_diagnostic,2025-07-07,2025-07-07,2025-07-07,2025-07-01,IEF,0.0,0.0,0.0,False,growth_down_inflation_up,True,optimal
oracle_regime_pooled_relative_active_te100bp,oracle_infeasible_diagnostic,2025-07-07,2025-07-07,2025-07-07,2025-07-01,TIP,0.0425686159883092,0.0,0.0425686159883092,False,growth_down_inflation_up,True,optimal
oracle_regime_pooled_relative_active_te100bp,oracle_infeasible_diagnostic,2025-07-07,2025-07-07,2025-07-07,2025-07-01,HYG,0.15742344251563906,0.15,0.0074234425156390615,False,growth_down_inflation_up,True,optimal
oracle_regime_pooled_relative_active_te100bp,oracle_infeasible_diagnostic,2025-07-07,2025-07-07,2025-07-07,2025-07-01,BIL,0.04822911403809453,0.0,0.04822911403809453,False,growth_down_inflation_up,True,optimal
oracle_regime_pooled_relative_active_te100bp,oracle_infeasible_diagnostic,2025-07-07,2025-07-07,2025-07-07,2025-07-01,GLD,0.24999999999999997,0.2500000000000001,-1.3877787807814457e-16,False,growth_down_inflation_up,True,optimal
oracle_regime_pooled_relative_active_te100bp,oracle_infeasible_diagnostic,2025-07-07,2025-07-07,2025-07-07,2025-07-01,LQD,0.19999999999999984,0.2499999999999998,-0.04999999999999996,False,growth_down_inflation_up,True,optimal
oracle_regime_pooled_relative_active_te100bp,oracle_infeasible_diagnostic,2025-07-07,2025-07-07,2025-07-07,2025-07-01,AGG,0.0,0.0,0.0,False,growth_down_inflation_up,True,optimal
oracle_regime_pooled_relative_active_te100bp,oracle_infeasible_diagnostic,2025-07-14,2025-07-14,2025-07-14,2025-07-01,SPY,0.3014468893183785,0.35,-0.04855311068162149,False,growth_down_inflation_up,True,optimal
oracle_regime_pooled_relative_active_te100bp,oracle_infeasible_diagnostic,2025-07-14,2025-07-14,2025-07-14,2025-07-01,IEF,4.4738122403309086e-18,0.0,4.4738122403309086e-18,False,growth_down_inflation_up,True,optimal
oracle_regime_pooled_relative_active_te100bp,oracle_infeasible_diagnostic,2025-07-14,2025-07-14,2025-07-14,2025-07-01,TIP,0.04255077312048503,0.0,0.04255077312048503,False,growth_down_inflation_up,True,optimal
oracle_regime_pooled_relative_active_te100bp,oracle_infeasible_diagnostic,2025-07-14,2025-07-14,2025-07-14,2025-07-01,HYG,0.15659774644343882,0.149999999999999,0.006597746443439828,False,growth_down_inflation_up,True,optimal
oracle_regime_pooled_relative_active_te100bp,oracle_infeasible_diagnostic,2025-07-14,2025-07-14,2025-07-14,2025-07-01,BIL,0.049404591117696774,0.0,0.049404591117696774,False,growth_down_inflation_up,True,optimal
oracle_regime_pooled_relative_active_te100bp,oracle_infeasible_diagnostic,2025-07-14,2025-07-14,2025-07-14,2025-07-01,GLD,0.24999999999999994,0.25,-5.551115123125783e-17,False,growth_down_inflation_up,True,optimal
oracle_regime_pooled_relative_active_te100bp,oracle_infeasible_diagnostic,2025-07-14,2025-07-14,2025-07-14,2025-07-01,LQD,0.2000000000000009,0.2500000000000009,-0.04999999999999999,False,growth_down_inflation_up,True,optimal
oracle_regime_pooled_relative_active_te100bp,oracle_infeasible_diagnostic,2025-07-14,2025-07-14,2025-07-14,2025-07-01,AGG,0.0,0.0,0.0,False,growth_down_inflation_up,True,optimal
oracle_regime_pooled_relative_active_te100bp,oracle_infeasible_diagnostic,2025-07-21,2025-07-21,2025-07-21,2025-07-01,SPY,0.30147149259904493,0.349999999999999,-0.048528507400954046,False,growth_down_inflation_up,True,optimal
oracle_regime_pooled_relative_active_te100bp,oracle_infeasible_diagnostic,2025-07-21,2025-07-21,2025-07-21,2025-07-01,IEF,6.531783781640378e-17,0.0,6.531783781640378e-17,False,growth_down_inflation_up,True,optimal
oracle_regime_pooled_relative_active_te100bp,oracle_infeasible_diagnostic,2025-07-21,2025-07-21,2025-07-21,2025-07-01,TIP,0.04258954143646078,0.0,0.04258954143646078,False,growth_down_inflation_up,True,optimal
oracle_regime_pooled_relative_active_te100bp,oracle_infeasible_diagnostic,2025-07-21,2025-07-21,2025-07-21,2025-07-01,HYG,0.15663737741545516,0.1500000000000004,0.006637377415454754,False,growth_down_inflation_up,True,optimal
oracle_regime_pooled_relative_active_te100bp,oracle_infeasible_diagnostic,2025-07-21,2025-07-21,2025-07-21,2025-07-01,BIL,0.04930158854903787,0.0,0.04930158854903787,False,growth_down_inflation_up,True,optimal
oracle_regime_pooled_relative_active_te100bp,oracle_infeasible_diagnostic,2025-07-21,2025-07-21,2025-07-21,2025-07-01,GLD,0.25000000000000006,0.2499999999999993,7.494005416219807e-16,False,growth_down_inflation_up,True,optimal
oracle_regime_pooled_relative_active_te100bp,oracle_infeasible_diagnostic,2025-07-21,2025-07-21,2025-07-21,2025-07-01,LQD,0.20000000000000123,0.250000000000001,-0.04999999999999977,False,growth_down_inflation_up,True,optimal
oracle_regime_pooled_relative_active_te100bp,oracle_infeasible_diagnostic,2025-07-21,2025-07-21,2025-07-21,2025-07-01,AGG,0.0,0.0,0.0,False,growth_down_inflation_up,True,optimal
oracle_regime_pooled_relative_active_te100bp,oracle_infeasible_diagnostic,2025-07-28,2025-07-28,2025-07-28,2025-07-01,SPY,0.30140529660091403,0.3499999999999999,-0.04859470339908589,False,growth_down_inflation_up,True,optimal
oracle_regime_pooled_relative_active_te100bp,oracle_infeasible_diagnostic,2025-07-28,2025-07-28,2025-07-28,2025-07-01,IEF,4.487017188806565e-19,0.0,4.487017188806565e-19,False,growth_down_inflation_up,True,optimal
oracle_regime_pooled_relative_active_te100bp,oracle_infeasible_diagnostic,2025-07-28,2025-07-28,2025-07-28,2025-07-01,TIP,0.04249142915292403,0.0,0.04249142915292403,False,growth_down_inflation_up,True,optimal
oracle_regime_pooled_relative_active_te100bp,oracle_infeasible_diagnostic,2025-07-28,2025-07-28,2025-07-28,2025-07-01,HYG,0.1568212061587506,0.1500000000000005,0.006821206158750093,False,growth_down_inflation_up,True,optimal
oracle_regime_pooled_relative_active_te100bp,oracle_infeasible_diagnostic,2025-07-28,2025-07-28,2025-07-28,2025-07-01,BIL,0.049282068087411576,0.0,0.049282068087411576,False,growth_down_inflation_up,True,optimal
oracle_regime_pooled_relative_active_te100bp,oracle_infeasible_diagnostic,2025-07-28,2025-07-28,2025-07-28,2025-07-01,GLD,0.25,0.2499999999999995,4.996003610813204e-16,False,growth_down_inflation_up,True,optimal
oracle_regime_pooled_relative_active_te100bp,oracle_infeasible_diagnostic,2025-07-28,2025-07-28,2025-07-28,2025-07-01,LQD,0.1999999999999999,0.2499999999999999,-0.04999999999999999,False,growth_down_inflation_up,True,optimal
oracle_regime_pooled_relative_active_te100bp,oracle_infeasible_diagnostic,2025-07-28,2025-07-28,2025-07-28,2025-07-01,AGG,0.0,0.0,0.0,False,growth_down_inflation_up,True,optimal
oracle_regime_pooled_relative_active_te100bp,oracle_infeasible_diagnostic,2025-08-04,2025-08-04,2025-08-04,2025-08-01,SPY,0.3008431320409268,0.3500000000000001,-0.049156867959073314,False,growth_down_inflation_up,True,optimal
oracle_regime_pooled_relative_active_te100bp,oracle_infeasible_diagnostic,2025-08-04,2025-08-04,2025-08-04,2025-08-01,IEF,0.0,0.0,0.0,False,growth_down_inflation_up,True,optimal
oracle_regime_pooled_relative_active_te100bp,oracle_infeasible_diagnostic,2025-08-04,2025-08-04,2025-08-04,2025-08-01,TIP,0.04266971744180546,0.0,0.04266971744180546,False,growth_down_inflation_up,True,optimal
oracle_regime_pooled_relative_active_te100bp,oracle_infeasible_diagnostic,2025-08-04,2025-08-04,2025-08-04,2025-08-01,HYG,0.15702554328701304,0.1499999999999999,0.007025543287013131,False,growth_down_inflation_up,True,optimal
oracle_regime_pooled_relative_active_te100bp,oracle_infeasible_diagnostic,2025-08-04,2025-08-04,2025-08-04,2025-08-01,BIL,0.049461607230254556,0.0,0.049461607230254556,False,growth_down_inflation_up,True,optimal
oracle_regime_pooled_relative_active_te100bp,oracle_infeasible_diagnostic,2025-08-04,2025-08-04,2025-08-04,2025-08-01,GLD,0.25,0.2499999999999998,1.942890293094024e-16,False,growth_down_inflation_up,True,optimal
oracle_regime_pooled_relative_active_te100bp,oracle_infeasible_diagnostic,2025-08-04,2025-08-04,2025-08-04,2025-08-01,LQD,0.2000000000000003,0.2500000000000001,-0.04999999999999982,False,growth_down_inflation_up,True,optimal
oracle_regime_pooled_relative_active_te100bp,oracle_infeasible_diagnostic,2025-08-04,2025-08-04,2025-08-04,2025-08-01,AGG,0.0,0.0,0.0,False,growth_down_inflation_up,True,optimal
oracle_regime_pooled_relative_active_te100bp,oracle_infeasible_diagnostic,2025-08-11,2025-08-11,2025-08-11,2025-08-01,SPY,0.3022503738538653,0.35,-0.047749626146134705,False,growth_down_inflation_up,True,optimal
oracle_regime_pooled_relative_active_te100bp,oracle_infeasible_diagnostic,2025-08-11,2025-08-11,2025-08-11,2025-08-01,IEF,0.0,0.0,0.0,False,growth_down_inflation_up,True,optimal
oracle_regime_pooled_relative_active_te100bp,oracle_infeasible_diagnostic,2025-08-11,2025-08-11,2025-08-11,2025-08-01,TIP,0.042411701058993875,0.0,0.042411701058993875,False,growth_down_inflation_up,True,optimal
oracle_regime_pooled_relative_active_te100bp,oracle_infeasible_diagnostic,2025-08-11,2025-08-11,2025-08-11,2025-08-01,HYG,0.1561877447417135,0.149999999999999,0.006187744741714518,False,growth_down_inflation_up,True,optimal
oracle_regime_pooled_relative_active_te100bp,oracle_infeasible_diagnostic,2025-08-11,2025-08-11,2025-08-11,2025-08-01,BIL,0.049150180345426314,0.0,0.049150180345426314,False,growth_down_inflation_up,True,optimal
oracle_regime_pooled_relative_active_te100bp,oracle_infeasible_diagnostic,2025-08-11,2025-08-11,2025-08-11,2025-08-01,GLD,0.25,0.25,0.0,False,growth_down_inflation_up,True,optimal
oracle_regime_pooled_relative_active_te100bp,oracle_infeasible_diagnostic,2025-08-11,2025-08-11,2025-08-11,2025-08-01,LQD,0.20000000000000112,0.2500000000000011,-0.04999999999999999,False,growth_down_inflation_up,True,optimal
oracle_regime_pooled_relative_active_te100bp,oracle_infeasible_diagnostic,2025-08-11,2025-08-11,2025-08-11,2025-08-01,AGG,0.0,0.0,0.0,False,growth_down_inflation_up,True,optimal
oracle_regime_pooled_relative_active_te100bp,oracle_infeasible_diagnostic,2025-08-18,2025-08-18,2025-08-18,2025-08-01,SPY,0.30252315583277006,0.35,-0.047476844167229915,False,growth_down_inflation_up,True,optimal
oracle_regime_pooled_relative_active_te100bp,oracle_infeasible_diagnostic,2025-08-18,2025-08-18,2025-08-18,2025-08-01,IEF,0.0,0.0,0.0,False,growth_down_inflation_up,True,optimal
oracle_regime_pooled_relative_active_te100bp,oracle_infeasible_diagnostic,2025-08-18,2025-08-18,2025-08-18,2025-08-01,TIP,0.0421549746014856,0.0,0.0421549746014856,False,growth_down_inflation_up,True,optimal
oracle_regime_pooled_relative_active_te100bp,oracle_infeasible_diagnostic,2025-08-18,2025-08-18,2025-08-18,2025-08-01,HYG,0.15625857346419672,0.1500000000000003,0.006258573464196421,False,growth_down_inflation_up,True,optimal
oracle_regime_pooled_relative_active_te100bp,oracle_infeasible_diagnostic,2025-08-18,2025-08-18,2025-08-18,2025-08-01,BIL,0.04906329610154817,0.0,0.04906329610154817,False,growth_down_inflation_up,True,optimal
oracle_regime_pooled_relative_active_te100bp,oracle_infeasible_diagnostic,2025-08-18,2025-08-18,2025-08-18,2025-08-01,GLD,0.25,0.2500000000000001,-1.1102230246251565e-16,False,growth_down_inflation_up,True,optimal
oracle_regime_pooled_relative_active_te100bp,oracle_infeasible_diagnostic,2025-08-18,2025-08-18,2025-08-18,2025-08-01,LQD,0.19999999999999962,0.2499999999999996,-0.04999999999999999,False,growth_down_inflation_up,True,optimal
oracle_regime_pooled_relative_active_te100bp,oracle_infeasible_diagnostic,2025-08-18,2025-08-18,2025-08-18,2025-08-01,AGG,0.0,0.0,0.0,False,growth_down_inflation_up,True,optimal
oracle_regime_pooled_relative_active_te100bp,oracle_infeasible_diagnostic,2025-08-25,2025-08-25,2025-08-25,2025-08-01,SPY,0.30208277600419936,0.3500000000000001,-0.04791722399580073,False,growth_down_inflation_up,True,optimal
oracle_regime_pooled_relative_active_te100bp,oracle_infeasible_diagnostic,2025-08-25,2025-08-25,2025-08-25,2025-08-01,IEF,0.0,0.0,0.0,False,growth_down_inflation_up,True,optimal
oracle_regime_pooled_relative_active_te100bp,oracle_infeasible_diagnostic,2025-08-25,2025-08-25,2025-08-25,2025-08-01,TIP,0.042261465970918406,0.0,0.042261465970918406,False,growth_down_inflation_up,True,optimal
oracle_regime_pooled_relative_active_te100bp,oracle_infeasible_diagnostic,2025-08-25,2025-08-25,2025-08-25,2025-08-01,HYG,0.15623102289038687,0.1500000000000004,0.006231022890386462,False,growth_down_inflation_up,True,optimal
oracle_regime_pooled_relative_active_te100bp,oracle_infeasible_diagnostic,2025-08-25,2025-08-25,2025-08-25,2025-08-01,BIL,0.04942473513449604,0.0,0.04942473513449604,False,growth_down_inflation_up,True,optimal
oracle_regime_pooled_relative_active_te100bp,oracle_infeasible_diagnostic,2025-08-25,2025-08-25,2025-08-25,2025-08-01,GLD,0.25,0.2500000000000001,-1.1102230246251565e-16,False,growth_down_inflation_up,True,optimal
oracle_regime_pooled_relative_active_te100bp,oracle_infeasible_diagnostic,2025-08-25,2025-08-25,2025-08-25,2025-08-01,LQD,0.1999999999999993,0.2499999999999992,-0.049999999999999906,False,growth_down_inflation_up,True,optimal
oracle_regime_pooled_relative_active_te100bp,oracle_infeasible_diagnostic,2025-08-25,2025-08-25,2025-08-25,2025-08-01,AGG,0.0,0.0,0.0,False,growth_down_inflation_up,True,optimal
oracle_regime_pooled_relative_active_te100bp,oracle_infeasible_diagnostic,2025-09-01,2025-09-01,2025-09-02,2025-09-01,SPY,0.30067943565183375,0.3500000000000003,-0.04932056434816656,False,growth_down_inflation_up,True,optimal
oracle_regime_pooled_relative_active_te100bp,oracle_infeasible_diagnostic,2025-09-01,2025-09-01,2025-09-02,2025-09-01,IEF,1.1552747723275169e-16,0.0,1.1552747723275169e-16,False,growth_down_inflation_up,True,optimal
oracle_regime_pooled_relative_active_te100bp,oracle_infeasible_diagnostic,2025-09-01,2025-09-01,2025-09-02,2025-09-01,TIP,0.04211799691741665,0.0,0.04211799691741665,False,growth_down_inflation_up,True,optimal
oracle_regime_pooled_relative_active_te100bp,oracle_infeasible_diagnostic,2025-09-01,2025-09-01,2025-09-02,2025-09-01,HYG,0.15720256743075095,0.1500000000000006,0.007202567430750345,False,growth_down_inflation_up,True,optimal
oracle_regime_pooled_relative_active_te100bp,oracle_infeasible_diagnostic,2025-09-01,2025-09-01,2025-09-02,2025-09-01,BIL,0.05,0.0,0.05,False,growth_down_inflation_up,True,optimal
oracle_regime_pooled_relative_active_te100bp,oracle_infeasible_diagnostic,2025-09-01,2025-09-01,2025-09-02,2025-09-01,GLD,0.25,0.2500000000000004,-3.885780586188048e-16,False,growth_down_inflation_up,True,optimal
oracle_regime_pooled_relative_active_te100bp,oracle_infeasible_diagnostic,2025-09-01,2025-09-01,2025-09-02,2025-09-01,LQD,0.19999999999999862,0.2499999999999986,-0.04999999999999999,False,growth_down_inflation_up,True,optimal
oracle_regime_pooled_relative_active_te100bp,oracle_infeasible_diagnostic,2025-09-01,2025-09-01,2025-09-02,2025-09-01,AGG,0.0,0.0,0.0,False,growth_down_inflation_up,True,optimal
oracle_regime_pooled_relative_active_te100bp,oracle_infeasible_diagnostic,2025-09-08,2025-09-08,2025-09-08,2025-09-01,SPY,0.30046381713597475,0.3500000000000002,-0.049536182864025446,False,growth_down_inflation_up,True,optimal
oracle_regime_pooled_relative_active_te100bp,oracle_infeasible_diagnostic,2025-09-08,2025-09-08,2025-09-08,2025-09-01,IEF,1.7785450709235112e-16,0.0,1.7785450709235112e-16,False,growth_down_inflation_up,True,optimal
oracle_regime_pooled_relative_active_te100bp,oracle_infeasible_diagnostic,2025-09-08,2025-09-08,2025-09-08,2025-09-01,TIP,0.04172578064426037,0.0,0.04172578064426037,False,growth_down_inflation_up,True,optimal
oracle_regime_pooled_relative_active_te100bp,oracle_infeasible_diagnostic,2025-09-08,2025-09-08,2025-09-08,2025-09-01,HYG,0.15728430114161898,0.1496729738459252,0.007611327295693776,False,growth_down_inflation_up,True,optimal
oracle_regime_pooled_relative_active_te100bp,oracle_infeasible_diagnostic,2025-09-08,2025-09-08,2025-09-08,2025-09-01,BIL,0.05,0.0,0.05,False,growth_down_inflation_up,True,optimal
oracle_regime_pooled_relative_active_te100bp,oracle_infeasible_diagnostic,2025-09-08,2025-09-08,2025-09-08,2025-09-01,GLD,0.25,0.2500000000000001,-1.1102230246251565e-16,False,growth_down_inflation_up,True,optimal
oracle_regime_pooled_relative_active_te100bp,oracle_infeasible_diagnostic,2025-09-08,2025-09-08,2025-09-08,2025-09-01,LQD,0.20052610107814575,0.2503270261540744,-0.04980092507592862,False,growth_down_inflation_up,True,optimal
oracle_regime_pooled_relative_active_te100bp,oracle_infeasible_diagnostic,2025-09-08,2025-09-08,2025-09-08,2025-09-01,AGG,0.0,0.0,0.0,False,growth_down_inflation_up,True,optimal
oracle_regime_pooled_relative_active_te100bp,oracle_infeasible_diagnostic,2025-09-15,2025-09-15,2025-09-15,2025-09-01,SPY,0.302498927866287,0.35,-0.04750107213371296,False,growth_down_inflation_up,True,optimal
oracle_regime_pooled_relative_active_te100bp,oracle_infeasible_diagnostic,2025-09-15,2025-09-15,2025-09-15,2025-09-01,IEF,8.873728913672864e-19,0.0,8.873728913672864e-19,False,growth_down_inflation_up,True,optimal
oracle_regime_pooled_relative_active_te100bp,oracle_infeasible_diagnostic,2025-09-15,2025-09-15,2025-09-15,2025-09-01,TIP,0.04147350367595315,0.0,0.04147350367595315,False,growth_down_inflation_up,True,optimal
oracle_regime_pooled_relative_active_te100bp,oracle_infeasible_diagnostic,2025-09-15,2025-09-15,2025-09-15,2025-09-01,HYG,0.15631065821816795,0.1500000000000011,0.0063106582181668425,False,growth_down_inflation_up,True,optimal
oracle_regime_pooled_relative_active_te100bp,oracle_infeasible_diagnostic,2025-09-15,2025-09-15,2025-09-15,2025-09-01,BIL,0.049716910239593085,0.0,0.049716910239593085,False,growth_down_inflation_up,True,optimal
oracle_regime_pooled_relative_active_te100bp,oracle_infeasible_diagnostic,2025-09-15,2025-09-15,2025-09-15,2025-09-01,GLD,0.25,0.25,0.0,False,growth_down_inflation_up,True,optimal
oracle_regime_pooled_relative_active_te100bp,oracle_infeasible_diagnostic,2025-09-15,2025-09-15,2025-09-15,2025-09-01,LQD,0.19999999999999885,0.2499999999999988,-0.04999999999999996,False,growth_down_inflation_up,True,optimal
oracle_regime_pooled_relative_active_te100bp,oracle_infeasible_diagnostic,2025-09-15,2025-09-15,2025-09-15,2025-09-01,AGG,0.0,0.0,0.0,False,growth_down_inflation_up,True,optimal
oracle_regime_pooled_relative_active_te100bp,oracle_infeasible_diagnostic,2025-09-22,2025-09-22,2025-09-22,2025-09-01,SPY,0.30326721042221183,0.3500000000000001,-0.04673278957778826,False,growth_down_inflation_up,True,optimal
oracle_regime_pooled_relative_active_te100bp,oracle_infeasible_diagnostic,2025-09-22,2025-09-22,2025-09-22,2025-09-01,IEF,0.0,0.0,0.0,False,growth_down_inflation_up,True,optimal
oracle_regime_pooled_relative_active_te100bp,oracle_infeasible_diagnostic,2025-09-22,2025-09-22,2025-09-22,2025-09-01,TIP,0.041187310901856546,0.0,0.041187310901856546,False,growth_down_inflation_up,True,optimal
oracle_regime_pooled_relative_active_te100bp,oracle_infeasible_diagnostic,2025-09-22,2025-09-22,2025-09-22,2025-09-01,HYG,0.15599549250471753,0.1499999999999993,0.005995492504718231,False,growth_down_inflation_up,True,optimal
oracle_regime_pooled_relative_active_te100bp,oracle_infeasible_diagnostic,2025-09-22,2025-09-22,2025-09-22,2025-09-01,BIL,0.0495499861712137,0.0,0.0495499861712137,False,growth_down_inflation_up,True,optimal
oracle_regime_pooled_relative_active_te100bp,oracle_infeasible_diagnostic,2025-09-22,2025-09-22,2025-09-22,2025-09-01,GLD,0.25000000000000006,0.2500000000000001,-5.551115123125783e-17,False,growth_down_inflation_up,True,optimal
oracle_regime_pooled_relative_active_te100bp,oracle_infeasible_diagnostic,2025-09-22,2025-09-22,2025-09-22,2025-09-01,LQD,0.20000000000000048,0.2500000000000004,-0.049999999999999906,False,growth_down_inflation_up,True,optimal
oracle_regime_pooled_relative_active_te100bp,oracle_infeasible_diagnostic,2025-09-22,2025-09-22,2025-09-22,2025-09-01,AGG,0.0,0.0,0.0,False,growth_down_inflation_up,True,optimal
oracle_regime_pooled_relative_active_te100bp,oracle_infeasible_diagnostic,2025-09-29,2025-09-29,2025-09-29,2025-09-01,SPY,0.3025771074503122,0.3499999999999999,-0.047422892549687734,False,growth_down_inflation_up,True,optimal
oracle_regime_pooled_relative_active_te100bp,oracle_infeasible_diagnostic,2025-09-29,2025-09-29,2025-09-29,2025-09-01,IEF,1.3509315614203135e-17,0.0,1.3509315614203135e-17,False,growth_down_inflation_up,True,optimal
oracle_regime_pooled_relative_active_te100bp,oracle_infeasible_diagnostic,2025-09-29,2025-09-29,2025-09-29,2025-09-01,TIP,0.04190401539684506,0.0,0.04190401539684506,False,growth_down_inflation_up,True,optimal
oracle_regime_pooled_relative_active_te100bp,oracle_infeasible_diagnostic,2025-09-29,2025-09-29,2025-09-29,2025-09-01,HYG,0.1555188771528429,0.1500000000000001,0.005518877152842799,False,growth_down_inflation_up,True,optimal
oracle_regime_pooled_relative_active_te100bp,oracle_infeasible_diagnostic,2025-09-29,2025-09-29,2025-09-29,2025-09-01,BIL,0.04999999999999996,0.0,0.04999999999999996,False,growth_down_inflation_up,True,optimal
oracle_regime_pooled_relative_active_te100bp,oracle_infeasible_diagnostic,2025-09-29,2025-09-29,2025-09-29,2025-09-01,GLD,0.25,0.2500000000000001,-1.1102230246251565e-16,False,growth_down_inflation_up,True,optimal
oracle_regime_pooled_relative_active_te100bp,oracle_infeasible_diagnostic,2025-09-29,2025-09-29,2025-09-29,2025-09-01,LQD,0.19999999999999993,0.2499999999999998,-0.04999999999999988,False,growth_down_inflation_up,True,optimal
oracle_regime_pooled_relative_active_te100bp,oracle_infeasible_diagnostic,2025-09-29,2025-09-29,2025-09-29,2025-09-01,AGG,0.0,0.0,0.0,False,growth_down_inflation_up,True,optimal
