method,reference_week,start_date,end_date,gross_return,transaction_cost_rate,net_return,gross_turnover,one_way_turnover,nav_before_period,nav_after_period
oracle_regime_pooled_relative_active_te100bp,2018-01-01,2018-01-02,2018-01-08,0.007463130919063622,0.0005,0.006959399353604123,1.0,0.5,1.0,1.0069593993536041
oracle_regime_pooled_relative_active_te100bp,2018-01-08,2018-01-08,2018-01-16,0.008377868947896782,3.8001755097817373e-06,0.008374036935014706,0.007600351019563474,0.003800175509781737,1.0069593993536041,1.0153917145558515
oracle_regime_pooled_relative_active_te100bp,2018-01-15,2018-01-16,2018-01-22,-0.0031068837754378263,2.840717885916751e-06,-0.003109715667543367,0.005681435771833503,0.0028407178859167514,1.0153917145558515,1.0122341350324036
oracle_regime_pooled_relative_active_te100bp,2018-01-22,2018-01-22,2018-01-29,0.009092966580125459,2.362945992361063e-06,0.009090582147944115,0.0047258919847221244,0.0023629459923610622,1.0122341350324036,1.0214359325898688
oracle_regime_pooled_relative_active_te100bp,2018-01-29,2018-01-29,2018-02-05,-0.020947281226351894,2.5958977324307114e-06,-0.020949822747084568,0.005191795464861423,0.0025958977324307114,1.0214359325898688,1.000037030854608
oracle_regime_pooled_relative_active_te100bp,2018-02-05,2018-02-05,2018-02-12,-0.017241861538270422,2.9210456777640403e-06,-0.017244732219683145,0.00584209135552808,0.00292104567776404,1.000037030854608,0.9827916600477533
oracle_regime_pooled_relative_active_te100bp,2018-02-12,2018-02-12,2018-02-20,0.014231220051803993,3.1891401612760273e-06,0.014227985526287235,0.006378280322552055,0.0031891401612760273,0.9827916600477533,0.9967748055622685
oracle_regime_pooled_relative_active_te100bp,2018-02-19,2018-02-20,2018-02-26,0.004436067496679726,4.90352368997209e-07,0.0044355749690745405,0.000980704737994418,0.000490352368997209,0.9967748055622685,1.0011960749396247
oracle_regime_pooled_relative_active_te100bp,2018-02-26,2018-02-26,2018-03-05,-0.01342262770029899,5.511340562119571e-07,-0.01342317143668792,0.001102268112423914,0.000551134056211957,1.0011960749396247,0.987756848383971
oracle_regime_pooled_relative_active_te100bp,2018-03-05,2018-03-05,2018-03-12,0.012400023798272524,1.3176291035844334e-06,0.012398689830536602,0.002635258207168867,0.0013176291035844334,0.987756848383971,1.0000037391750722
oracle_regime_pooled_relative_active_te100bp,2018-03-12,2018-03-12,2018-03-19,-0.005818845140855684,7.726442322159456e-07,-0.005819613289190895,0.001545288464431891,0.0007726442322159455,1.0000037391750722,0.9941841041253284
oracle_regime_pooled_relative_active_te100bp,2018-03-19,2018-03-19,2018-03-26,-0.00929779277821005,4.22644010305279e-07,-0.009298211492564046,0.000845288020610558,0.000422644010305279,0.9941841041253284,0.9849399700626258
oracle_regime_pooled_relative_active_te100bp,2018-03-26,2018-03-26,2018-04-02,0.0020048881964008485,2.5921332919662066e-06,0.002002290866171208,0.005184266583932413,0.0025921332919662064,0.9849399700626258,0.9869121063684091
oracle_regime_pooled_relative_active_te100bp,2018-04-02,2018-04-02,2018-04-09,-0.001118691196479877,1.2734016012802014e-06,-0.0011199631735380189,0.0025468032025604027,0.0012734016012802014,0.9869121063684091,0.9858068011537576
oracle_regime_pooled_relative_active_te100bp,2018-04-09,2018-04-09,2018-04-16,0.00971722518298364,1.4396223235217369e-06,0.0097157715715257,0.002879244647043474,0.001439622323521737,0.9858068011537576,0.995384674847424
oracle_regime_pooled_relative_active_te100bp,2018-04-16,2018-04-16,2018-04-23,-0.007302543366576311,1.5095410074449366e-06,-0.007304041884095058,0.0030190820148898734,0.0015095410074449367,0.995384674847424,0.988114343491552
oracle_regime_pooled_relative_active_te100bp,2018-04-23,2018-04-23,2018-04-30,-0.002089280726707635,1.2650047734950963e-06,-0.0020905430885310716,0.0025300095469901925,0.0012650047734950962,0.988114343491552,0.9860486478800874
oracle_regime_pooled_relative_active_te100bp,2018-04-30,2018-04-30,2018-05-07,-0.0009372844286268961,1.4162230727062814e-06,-0.0009386993242957997,0.002832446145412563,0.0014162230727062814,0.9860486478800874,0.9851230446805995
oracle_regime_pooled_relative_active_te100bp,2018-05-07,2018-05-07,2018-05-14,0.009686003106790013,6.57434680420373e-07,0.009685339304195129,0.001314869360840746,0.000657434680420373,0.9851230446805995,0.9946642956247129
oracle_regime_pooled_relative_active_te100bp,2018-05-14,2018-05-14,2018-05-21,-0.008041078520874403,5.937439397398891e-07,-0.008041667490472637,0.0011874878794797782,0.0005937439397398891,0.9946642956247129,0.9866655360946538
oracle_regime_pooled_relative_active_te100bp,2018-05-21,2018-05-21,2018-05-29,0.0017037540604222818,1.5195291218140835e-06,0.0017022319423964927,0.003039058243628167,0.0015195291218140835,0.9866655360946538,0.9883450696866559
oracle_regime_pooled_relative_active_te100bp,2018-05-28,2018-05-29,2018-06-04,0.004743974534263032,1.2777378424750526e-06,0.004742690734864885,0.002555475684950105,0.0012777378424750525,0.9883450696866559,0.9930324846915082
oracle_regime_pooled_relative_active_te100bp,2018-06-04,2018-06-04,2018-06-11,0.0044124643177236265,4.993005388159127e-05,0.00436231394926101,0.09986010776318255,0.049930053881591274,0.9930324846915082,0.9973644041515473
oracle_regime_pooled_relative_active_te100bp,2018-06-11,2018-06-11,2018-06-18,-0.0024578290137559832,3.6374218265852247e-06,-0.002461457495421704,0.007274843653170449,0.0036374218265852244,0.9973644041515473,0.9949094340632816
oracle_regime_pooled_relative_active_te100bp,2018-06-18,2018-06-18,2018-06-25,-0.006115164875716865,1.4572085968314503e-06,-0.0061166131732427464,0.0029144171936629007,0.0014572085968314503,0.9949094340632816,0.9888239579127066
oracle_regime_pooled_relative_active_te100bp,2018-06-25,2018-06-25,2018-07-02,-0.006293754145153595,5.736985599129122e-07,-0.006294324232995696,0.0011473971198258243,0.0005736985599129121,0.9888239579127066,0.98259997931225
oracle_regime_pooled_relative_active_te100bp,2018-07-02,2018-07-02,2018-07-09,0.013999531235723074,1.667975703808262e-06,0.013997839909141385,0.003335951407616524,0.001667975703808262,0.98259997931225,0.9963542565173885
oracle_regime_pooled_relative_active_te100bp,2018-07-09,2018-07-09,2018-07-16,0.002934114172245544,3.388308887382309e-06,0.002930715921673155,0.006776617774764619,0.0033883088873823096,0.9963542565173885,0.9992742878005908
oracle_regime_pooled_relative_active_te100bp,2018-07-16,2018-07-16,2018-07-23,-0.002988740713407441,3.0053698712233877e-06,-0.002991737101007419,0.006010739742446775,0.0030053698712233876,0.9992742878005908,0.996284721839695
oracle_regime_pooled_relative_active_te100bp,2018-07-23,2018-07-23,2018-07-30,0.0031027122280965097,1.0860419043862735e-06,0.0031016228165166027,0.002172083808772547,0.0010860419043862736,0.996284721839695,0.9993748212646999
oracle_regime_pooled_relative_active_te100bp,2018-07-30,2018-07-30,2018-08-06,0.003547108776432604,1.6708592144747268e-06,0.0035454319904986153,0.0033417184289494545,0.0016708592144747273,0.9993748212646999,1.0029180367265107
oracle_regime_pooled_relative_active_te100bp,2018-08-06,2018-08-06,2018-08-13,-0.0016275643526125088,1.525952405330602e-06,-0.001629087821432007,0.003051904810661204,0.001525952405330602,1.0029180367265107,1.001284195166985
oracle_regime_pooled_relative_active_te100bp,2018-08-13,2018-08-13,2018-08-20,0.003927348713163148,7.96566448682817e-07,0.003926549018320236,0.0015931328973656338,0.0007965664486828169,1.001284195166985,1.0052157866405775
oracle_regime_pooled_relative_active_te100bp,2018-08-20,2018-08-20,2018-08-27,0.00607283366623863,1.1025051730703053e-06,0.006071724465734896,0.0022050103461406104,0.0011025051730703052,1.0052157866405775,1.011319179925666
oracle_regime_pooled_relative_active_te100bp,2018-08-27,2018-08-27,2018-09-04,-0.0029279233078786677,1.8952293336060718e-06,-0.0029298129881261126,0.003790458667212144,0.001895229333606072,1.011319179925666,1.0083562038571787
oracle_regime_pooled_relative_active_te100bp,2018-09-03,2018-09-04,2018-09-10,-0.001372593452830456,2.530755277063238e-06,-0.001375120734409374,0.005061510554126476,0.002530755277063238,1.0083562038571787,1.0069695923335844
oracle_regime_pooled_relative_active_te100bp,2018-09-10,2018-09-10,2018-09-17,0.004010995990403665,7.392892044155996e-07,0.004010253735913016,0.0014785784088311993,0.0007392892044155996,1.0069695923335844,1.011007795903191
oracle_regime_pooled_relative_active_te100bp,2018-09-17,2018-09-17,2018-09-24,0.0008856340694651671,6.93440164240655e-07,0.000884940015166702,0.00138688032848131,0.000693440164240655,1.011007795903191,1.0119024771574312
oracle_regime_pooled_relative_active_te100bp,2018-09-24,2018-09-24,2018-10-01,0.0010885171593056052,1.9735279464272144e-06,0.0010865414831402465,0.003947055892854429,0.0019735279464272145,1.0119024771574312,1.013001951175755
oracle_regime_pooled_relative_active_te100bp,2018-10-01,2018-10-01,2018-10-08,-0.01215753885741357,1.2099229956774092e-06,-0.012158734070723431,0.002419845991354819,0.0012099229956774094,1.013001951175755,1.000685129838285
oracle_regime_pooled_relative_active_te100bp,2018-10-08,2018-10-08,2018-10-15,-0.009108289556363862,1.5373325554049151e-06,-0.009109812886449187,0.00307466511080983,0.001537332555404915,1.000685129838285,0.9915690755472062
oracle_regime_pooled_relative_active_te100bp,2018-10-15,2018-10-15,2018-10-22,-0.00018531331041001333,1.5374120200046067e-06,-0.00018685043752719732,0.0030748240400092133,0.0015374120200046066,0.9915690755472062,0.9913838004316018
oracle_regime_pooled_relative_active_te100bp,2018-10-22,2018-10-22,2018-10-29,-0.010070443495335191,7.198841577775573e-07,-0.01007115612994014,0.0014397683155551147,0.0007198841577775574,0.9913838004316018,0.9813994193927618
oracle_regime_pooled_relative_active_te100bp,2018-10-29,2018-10-29,2018-11-05,0.002665149363947552,2.7557652340336596e-06,0.0026623862541876875,0.00551153046806732,0.00275576523403366,0.9813994193927618,0.9840122837168208
oracle_regime_pooled_relative_active_te100bp,2018-11-05,2018-11-05,2018-11-12,0.004966089321565274,6.199638309554952e-07,0.004965466278938679,0.0012399276619109903,0.0006199638309554951,0.9840122837168208,0.9888983635296781
oracle_regime_pooled_relative_active_te100bp,2018-11-12,2018-11-12,2018-11-19,-0.008057478901355494,9.781012942490665e-07,-0.008058449121619238,0.001956202588498133,0.0009781012942490664,0.9888983635296781,0.9809293763807216
oracle_regime_pooled_relative_active_te100bp,2018-11-19,2018-11-19,2018-11-26,-0.007829611671256499,1.8827388166967984e-07,-0.007829798471026828,0.0003765477633393597,0.00018827388166967984,0.9809293763807216,0.9732488970493506
oracle_regime_pooled_relative_active_te100bp,2018-11-26,2018-11-26,2018-12-03,0.02054187689605193,1.5762712030602498e-06,0.02054026824527999,0.003152542406120499,0.0015762712030602496,0.9732488970493506,0.9932396904641672
oracle_regime_pooled_relative_active_te100bp,2018-12-03,2018-12-03,2018-12-10,-0.015650400574050205,3.751377868228381e-05,-0.015687327247069116,0.07502755736456762,0.03751377868228381,0.9932396904641672,0.9776584144050782
oracle_regime_pooled_relative_active_te100bp,2018-12-10,2018-12-10,2018-12-17,-0.0034078688395412582,1.327331903413855e-05,-0.0034210969248450462,0.0265466380682771,0.01327331903413855,0.9776584144050782,0.9743137502100081
oracle_regime_pooled_relative_active_te100bp,2018-12-17,2018-12-17,2018-12-24,-0.023710357717988573,3.1239705596366292e-06,-0.023713407618088822,0.006247941119273258,0.003123970559636629,0.9743137502100081,0.9512094511033694
oracle_regime_pooled_relative_active_te100bp,2018-12-24,2018-12-24,2018-12-31,0.01791809457845649,1.6148559778348304e-05,0.017901656667256738,0.032297119556696605,0.016148559778348302,0.9512094511033694,0.9682376761156717
oracle_regime_pooled_relative_active_te100bp,2018-12-31,2018-12-31,2019-01-07,0.01086395776698303,6.894011279706059e-06,0.010856988859456074,0.013788022559412118,0.006894011279706059,0.9682376761156717,0.9787498217785652
oracle_regime_pooled_relative_active_te100bp,2019-01-07,2019-01-07,2019-01-14,0.007711691956841647,1.0796609444594906e-06,0.007710603969884655,0.0021593218889189815,0.0010796609444594907,0.9787498217785652,0.9862965740398949
oracle_regime_pooled_relative_active_te100bp,2019-01-14,2019-01-14,2019-01-22,0.011016193198552647,3.1842229537811885e-06,0.011012973897583711,0.006368445907562376,0.003184222953781188,0.9862965740398949,0.9971586324650725
oracle_regime_pooled_relative_active_te100bp,2019-01-21,2019-01-22,2019-01-28,0.001882596033967327,5.61215230573658e-06,0.0018769733162458113,0.011224304611473161,0.005612152305736581,0.9971586324650725,0.9990302726102737
oracle_regime_pooled_relative_active_te100bp,2019-01-28,2019-01-28,2019-02-04,0.014968338295990577,2.36072167602901e-06,0.014965942238233998,0.00472144335205802,0.00236072167602901,0.9990302726102737,1.0139817019644062
oracle_regime_pooled_relative_active_te100bp,2019-02-04,2019-02-04,2019-02-11,0.0017736875603573672,4.032000941094495e-05,0.001733296035847376,0.0806400188218899,0.04032000941094495,1.0139817019644062,1.0157392324288428
oracle_regime_pooled_relative_active_te100bp,2019-02-11,2019-02-11,2019-02-19,0.011406790884349101,7.979094278521907e-07,0.011405983873335357,0.0015958188557043812,0.0007979094278521906,1.0157392324288428,1.0273247377334402
oracle_regime_pooled_relative_active_te100bp,2019-02-18,2019-02-19,2019-02-25,0.005501494385827488,4.015940300491438e-06,0.0054974563518539465,0.008031880600982876,0.004015940300491438,1.0273247377334402,1.0329724106383096
oracle_regime_pooled_relative_active_te100bp,2019-02-25,2019-02-25,2019-03-04,-0.003158148997203971,3.444882908081251e-06,-0.0031615830006586076,0.006889765816162501,0.0034448829080812506,1.0329724106383096,1.029706582624686
oracle_regime_pooled_relative_active_te100bp,2019-03-04,2019-03-04,2019-03-11,-0.0061979383326759094,3.3455401331962916e-06,-0.006201263137357582,0.006691080266392584,0.003345540133196292,1.029706582624686,1.023321101151561
oracle_regime_pooled_relative_active_te100bp,2019-03-11,2019-03-11,2019-03-18,0.012947824218446298,6.1943382895719925e-06,0.012941549676953379,0.012388676579143984,0.006194338289571992,1.023321101151561,1.0365644620175887
oracle_regime_pooled_relative_active_te100bp,2019-03-18,2019-03-18,2019-03-25,0.003134355943416548,5.265433173789323e-06,0.003129074006500865,0.010530866347578646,0.005265433173789323,1.0365644620175887,1.0398079489317504
oracle_regime_pooled_relative_active_te100bp,2019-03-25,2019-03-25,2019-04-01,0.007241581528564895,4.920786003899628e-06,0.007236625108288042,0.009841572007799258,0.004920786003899629,1.0398079489317504,1.0473326492427875
oracle_regime_pooled_relative_active_te100bp,2019-04-01,2019-04-01,2019-04-08,0.005092941366235695,5.142440214664516e-06,0.005087772735874685,0.010284880429329034,0.005142440214664517,1.0473326492427875,1.0526612397409962
oracle_regime_pooled_relative_active_te100bp,2019-04-08,2019-04-08,2019-04-15,0.0031618470619069992,3.31965247240888e-06,0.003158516913201348,0.00663930494481776,0.00331965247240888,1.0526612397409962,1.0559860880705896
oracle_regime_pooled_relative_active_te100bp,2019-04-15,2019-04-15,2019-04-22,-0.0039697530951468465,1.7830131937355857e-06,-0.003971529030218357,0.0035660263874711714,0.0017830131937355857,1.0559860880705896,1.0517922086663105
oracle_regime_pooled_relative_active_te100bp,2019-04-22,2019-04-22,2019-04-29,0.008905977882905074,7.96451804799367e-07,0.008905174337918043,0.001592903609598734,0.000796451804799367,1.0517922086663105,1.0611586016517478
oracle_regime_pooled_relative_active_te100bp,2019-04-29,2019-04-29,2019-05-06,-0.0060456524234999065,2.257835381415469e-06,-0.006047896608793346,0.0045156707628309384,0.0022578353814154692,1.0611586016517478,1.0547408241434264
oracle_regime_pooled_relative_active_te100bp,2019-05-06,2019-05-06,2019-05-13,-0.007440564548018385,3.341355855825884e-06,-0.007443881042300204,0.006682711711651769,0.0033413558558258844,1.0547408241434264,1.046889458918045
oracle_regime_pooled_relative_active_te100bp,2019-05-13,2019-05-13,2019-05-20,0.0013860833985719547,4.739647898913051e-06,0.0013813371811257635,0.009479295797826102,0.004739647898913051,1.046889458918045,1.0483355662521772
oracle_regime_pooled_relative_active_te100bp,2019-05-20,2019-05-20,2019-05-28,0.0008691408178899394,1.739190573937793e-06,0.0008674001157145117,0.0034783811478755855,0.0017391905739377927,1.0483355662521772,1.049244892643652
oracle_regime_pooled_relative_active_te100bp,2019-05-27,2019-05-28,2019-06-03,-0.003960502424875677,5.700615333000557e-07,-0.003961070228678865,0.001140123066600111,0.0005700615333000556,1.049244892643652,1.0450887599368077
oracle_regime_pooled_relative_active_te100bp,2019-06-03,2019-06-03,2019-06-10,0.02179314211760447,5.079458320743901e-05,0.02174124056082638,0.10158916641487803,0.050794583207439015,1.0450887599368077,1.0678102860740095
oracle_regime_pooled_relative_active_te100bp,2019-06-10,2019-06-10,2019-06-17,0.0023653391242299707,6.57265048380576e-06,0.0023587509271989493,0.01314530096761152,0.00657265048380576,1.0678102860740095,1.070328984576359
oracle_regime_pooled_relative_active_te100bp,2019-06-17,2019-06-17,2019-06-24,0.02287847263374645,1.341797044384604e-06,0.022877100138435136,0.002683594088769208,0.001341797044384604,1.070328984576359,1.094815007937582
oracle_regime_pooled_relative_active_te100bp,2019-06-24,2019-06-24,2019-07-01,0.0027913502776218666,1.1114166876980461e-06,0.002790235758580728,0.0022228333753960923,0.0011114166876980461,1.094815007937582,1.0978697999217604
oracle_regime_pooled_relative_active_te100bp,2019-07-01,2019-07-01,2019-07-08,0.00033643333088199555,3.164513738137146e-06,0.0003332677524958694,0.006329027476274292,0.003164513738137146,1.0978697999217604,1.0982356845225134
oracle_regime_pooled_relative_active_te100bp,2019-07-08,2019-07-08,2019-07-15,0.003618346111082538,1.1883716335260187e-06,0.00361715343950908,0.0023767432670520373,0.0011883716335260187,1.0982356845225134,1.1022081715061756
oracle_regime_pooled_relative_active_te100bp,2019-07-15,2019-07-15,2019-07-22,0.000595129448922728,6.205900190380289e-07,0.0005945084895724317,0.0012411800380760576,0.0006205900190380288,1.1022081715061756,1.1028634436214122
oracle_regime_pooled_relative_active_te100bp,2019-07-22,2019-07-22,2019-07-29,0.0049763181722631625,4.057923480387227e-07,0.004975910360563107,0.0008115846960774454,0.0004057923480387227,1.1028634436214122,1.1083511932568142
oracle_regime_pooled_relative_active_te100bp,2019-07-29,2019-07-29,2019-08-05,-0.006920145521171435,5.432329262230282e-07,-0.006920684994846771,0.0010864658524460565,0.0005432329262230282,1.1083511932568142,1.1006806437846213
oracle_regime_pooled_relative_active_te100bp,2019-08-05,2019-08-05,2019-08-12,0.00956696151736219,4.749203109185061e-06,0.009562166878809508,0.009498406218370122,0.004749203109185061,1.1006806437846213,1.1112055357807653
oracle_regime_pooled_relative_active_te100bp,2019-08-12,2019-08-12,2019-08-19,0.00428993337945398,1.8679858861314036e-06,0.004288057380032795,0.003735971772262807,0.0018679858861314035,1.1112055357807653,1.1159704488792033
oracle_regime_pooled_relative_active_te100bp,2019-08-19,2019-08-19,2019-08-26,0.0032221297700812538,3.7161039179492567e-06,0.0032184016923941794,0.007432207835898513,0.0037161039179492567,1.1159704488792033,1.119562090060538
oracle_regime_pooled_relative_active_te100bp,2019-08-26,2019-08-26,2019-09-03,0.005253755091646068,1.0873421403758663e-06,0.005252662036876465,0.0021746842807517323,0.0010873421403758661,1.119562090060538,1.1254427713489252
oracle_regime_pooled_relative_active_te100bp,2019-09-02,2019-09-03,2019-09-09,0.006771117273671731,7.536352928322679e-05,0.0066952434490934465,0.15072705856645358,0.07536352928322679,1.1254427713489252,1.1329778846911287
oracle_regime_pooled_relative_active_te100bp,2019-09-09,2019-09-09,2019-09-16,-0.005513111696533803,9.391436456767614e-06,-0.005522451356952396,0.018782872913535226,0.009391436456767613,1.1329778846911287,1.1267210694344192
oracle_regime_pooled_relative_active_te100bp,2019-09-16,2019-09-16,2019-09-23,0.006032707225037347,5.228887703335125e-06,0.00602744679298528,0.01045777540667025,0.005228887703335125,1.1267210694344192,1.1335123207309705
oracle_regime_pooled_relative_active_te100bp,2019-09-23,2019-09-23,2019-09-30,-0.006227915716344109,3.2469545703884008e-06,-0.006231142449155125,0.0064939091407768025,0.0032469545703884013,1.1335123207309705,1.1264492439926235
oracle_regime_pooled_relative_active_te100bp,2019-09-30,2019-09-30,2019-10-07,0.000999811421222633,5.996982439151107e-07,0.0009992111233936285,0.0011993964878302215,0.0005996982439151107,1.1264492439926235,1.1275748046071592
oracle_regime_pooled_relative_active_te100bp,2019-10-07,2019-10-07,2019-10-14,-0.0002699807804437998,3.6028244550346554e-05,-0.000305999298060633,0.0720564891006931,0.03602824455034655,1.1275748046071592,1.1272297675084386
oracle_regime_pooled_relative_active_te100bp,2019-10-14,2019-10-14,2019-10-21,0.004500720098021577,5.750911603895003e-07,0.004500142418536912,0.0011501823207790006,0.0005750911603895003,1.1272297675084386,1.1323024620006408
oracle_regime_pooled_relative_active_te100bp,2019-10-21,2019-10-21,2019-10-28,0.0042857233511930035,1.5102284648801819e-06,0.004284206650306821,0.0030204569297603637,0.0015102284648801818,1.1323024620006408,1.1371534797385028
oracle_regime_pooled_relative_active_te100bp,2019-10-28,2019-10-28,2019-11-04,0.007759178359117734,1.577946089121477e-06,0.007757588169463592,0.003155892178242954,0.001577946089121477,1.1371534797385028,1.1459750481197866
oracle_regime_pooled_relative_active_te100bp,2019-11-04,2019-11-04,2019-11-11,-0.007556534604547733,1.6424111832563373e-06,-0.007558164604794082,0.003284822366512674,0.001642411183256337,1.1459750481197866,1.1373135800731105
oracle_regime_pooled_relative_active_te100bp,2019-11-11,2019-11-11,2019-11-18,0.008025971425675323,1.3250652235533048e-06,0.00802463572551626,0.0026501304471066092,0.0013250652235533046,1.1373135800731105,1.14644010725888
oracle_regime_pooled_relative_active_te100bp,2019-11-18,2019-11-18,2019-11-25,0.0012006577385961065,5.428735269425063e-07,0.0012001142132638254,0.0010857470538850125,0.0005428735269425063,1.14644010725888,1.147815966326257
oracle_regime_pooled_relative_active_te100bp,2019-11-25,2019-11-25,2019-12-02,0.0023301850015719034,6.789039058332502e-07,0.0023295045156943583,0.0013578078116665004,0.0006789039058332502,1.147815966326257,1.1504898088030002
oracle_regime_pooled_relative_active_te100bp,2019-12-02,2019-12-02,2019-12-09,0.0033777071627382545,1.2087346987838047e-06,0.0033764943452876395,0.0024174693975676093,0.0012087346987838046,1.1504898088030002,1.1543744311367345
oracle_regime_pooled_relative_active_te100bp,2019-12-09,2019-12-09,2019-12-16,0.008058315108369195,7.606198862966235e-07,0.008057548359168276,0.001521239772593247,0.0007606198862966235,1.1543744311367345,1.163675858940206
oracle_regime_pooled_relative_active_te100bp,2019-12-16,2019-12-16,2019-12-23,0.004549226882640798,1.3438350273509807e-06,0.00454787693420311,0.0026876700547019614,0.0013438350273509807,1.163675858940206,1.1689681135379693
oracle_regime_pooled_relative_active_te100bp,2019-12-23,2019-12-23,2019-12-30,0.004285363692102725,4.5345991674454127e-07,0.004284908288945344,0.0009069198334890824,0.0004534599167445412,1.1689681135379693,1.173977034697181
oracle_regime_pooled_relative_active_te100bp,2019-12-30,2019-12-30,2020-01-06,0.0046018505086252055,7.761396346357245e-07,0.004601070797311868,0.001552279269271449,0.0007761396346357245,1.173977034697181,1.1793785861482409
oracle_regime_pooled_relative_active_te100bp,2020-01-06,2020-01-06,2020-01-13,0.004251683484102961,2.057666541708695e-06,0.004249617069014278,0.00411533308341739,0.002057666541708695,1.1793785861482409,1.1843904935187664
oracle_regime_pooled_relative_active_te100bp,2020-01-13,2020-01-13,2020-01-21,0.006227615850720915,8.005499064830078e-07,0.006226810315297149,0.0016010998129660156,0.0008005499064830078,1.1843904935187664,1.191765468461149
oracle_regime_pooled_relative_active_te100bp,2020-01-20,2020-01-21,2020-01-27,-0.004748592911335831,1.3505488230063125e-06,-0.004749937046952257,0.002701097646012625,0.0013505488230063124,1.191765468461149,1.1861046575112268
oracle_regime_pooled_relative_active_te100bp,2020-01-27,2020-01-27,2020-02-03,0.002733290381237919,4.05014649795099e-06,0.002729229164513347,0.008100292995901981,0.0040501464979509905,1.1861046575112268,1.1893418089346717
oracle_regime_pooled_relative_active_te100bp,2020-02-03,2020-02-03,2020-02-10,0.009481972558793057,1.5033521528726376e-06,0.009480454951896311,0.0030067043057452753,0.0015033521528726376,1.1893418089346717,1.2006173103766837
oracle_regime_pooled_relative_active_te100bp,2020-02-10,2020-02-10,2020-02-18,0.007751787267958003,9.340923546048778e-07,0.007750845934718198,0.0018681847092097553,0.0009340923546048777,1.2006173103766837,1.209923110175969
oracle_regime_pooled_relative_active_te100bp,2020-02-17,2020-02-18,2020-02-24,-0.005952547461663297,8.3338096974306e-07,-0.005953375881893264,0.0016667619394861199,0.0008333809697430599,1.209923110175969,1.2027199831129023
oracle_regime_pooled_relative_active_te100bp,2020-02-24,2020-02-24,2020-03-02,-0.03303303836965361,6.556312441218569e-06,-0.03303937810717439,0.013112624882437139,0.006556312441218569,1.2027199831129023,1.1629828628337806
oracle_regime_pooled_relative_active_te100bp,2020-03-02,2020-03-02,2020-03-09,-0.026939040171596363,1.3874024504349606e-05,-0.02695254044319717,0.027748049008699212,0.013874024504349606,1.1629828628337806,1.1316375201885078
oracle_regime_pooled_relative_active_te100bp,2020-03-09,2020-03-09,2020-03-16,-0.10275462523493892,1.4581730987433803e-05,-0.10276770862562346,0.02916346197486761,0.014581730987433804,1.1316375201885078,1.0153417252439523
oracle_regime_pooled_relative_active_te100bp,2020-03-16,2020-03-16,2020-03-23,-0.036018454425196765,1.3369098318969686e-05,-0.03603134198925728,0.026738196637939367,0.013369098318969683,1.0153417252439523,0.9787576003057249
oracle_regime_pooled_relative_active_te100bp,2020-03-23,2020-03-23,2020-03-30,0.0966411217667106,1.190136488015792e-05,0.09662807024057796,0.02380272976031584,0.01190136488015792,0.9787576003057249,1.073333058456566
oracle_regime_pooled_relative_active_te100bp,2020-03-30,2020-03-30,2020-04-06,0.0016437111575871256,1.4976943591840931e-06,0.0016422110014508995,0.0029953887183681864,0.0014976943591840932,1.073333058456566,1.0750956978133843
oracle_regime_pooled_relative_active_te100bp,2020-04-06,2020-04-06,2020-04-13,0.06173761652261426,6.014636444325513e-05,0.06167375686498766,0.12029272888651027,0.060146364443255135,1.0750956978133843,1.1414008884869213
oracle_regime_pooled_relative_active_te100bp,2020-04-13,2020-04-13,2020-04-20,-0.00041469802479292533,1.958246599409207e-06,-0.0004166554593113547,0.003916493198818414,0.001958246599409207,1.1414008884869213,1.1409253175754703
oracle_regime_pooled_relative_active_te100bp,2020-04-20,2020-04-20,2020-04-27,0.0043416516982759746,7.381434718662955e-06,0.004334238215938591,0.01476286943732591,0.007381434718662955,1.1409253175754703,1.1458703596884379
oracle_regime_pooled_relative_active_te100bp,2020-04-27,2020-04-27,2020-05-04,-0.008897393017287557,2.0930834854303317e-06,-0.008899467477786582,0.004186166970860663,0.0020930834854303317,1.1458703596884379,1.135672723688631
oracle_regime_pooled_relative_active_te100bp,2020-05-04,2020-05-04,2020-05-11,0.00893996776365058,7.510796696199836e-05,0.008864188333885137,0.15021593392399674,0.07510796696199837,1.135672723688631,1.1457395405970634
oracle_regime_pooled_relative_active_te100bp,2020-05-11,2020-05-11,2020-05-18,0.013163841571606064,9.641746772535317e-06,0.013154072902406444,0.019283493545070633,0.009641746772535317,1.1457395405970634,1.160810682041247
oracle_regime_pooled_relative_active_te100bp,2020-05-18,2020-05-18,2020-05-26,0.01742408175357623,6.423130238205585e-06,0.017417546706191667,0.012846260476411171,0.0064231302382055855,1.160810682041247,1.1810291563127466
oracle_regime_pooled_relative_active_te100bp,2020-05-25,2020-05-26,2020-06-01,0.004921360638181841,4.430113000709205e-06,0.004916908722997437,0.00886022600141841,0.004430113000709205,1.1810291563127466,1.1868361688735352
oracle_regime_pooled_relative_active_te100bp,2020-06-01,2020-06-01,2020-06-08,0.023105411278156476,8.044065937090055e-07,0.023104588285417726,0.001608813187418011,0.0008044065937090055,1.1868361688735352,1.2142575299176006
oracle_regime_pooled_relative_active_te100bp,2020-06-08,2020-06-08,2020-06-15,-0.02889289260303289,1.2278647570823892e-05,-0.02890481648495813,0.024557295141647777,0.012278647570823888,1.2142575299176006,1.1791596388498538
oracle_regime_pooled_relative_active_te100bp,2020-06-15,2020-06-15,2020-06-22,0.023817919314965068,1.683769563351982e-05,0.02380068058045537,0.03367539126703964,0.01683769563351982,1.1791596388498538,1.2072244407674841
oracle_regime_pooled_relative_active_te100bp,2020-06-22,2020-06-22,2020-06-29,-0.009852969893665691,5.965437225972398e-06,-0.009858876553618279,0.011930874451944799,0.005965437225972399,1.2072244407674841,1.1953225640334466
oracle_regime_pooled_relative_active_te100bp,2020-06-29,2020-06-29,2020-07-06,0.025641365694877627,5.917083511394183e-06,0.025635296889264136,0.011834167022788368,0.005917083511394184,1.1953225640334466,1.2259650128408806
oracle_regime_pooled_relative_active_te100bp,2020-07-06,2020-07-06,2020-07-13,0.008216760407428534,8.187294220167841e-06,0.008208505840173519,0.016374588440335684,0.008187294220167842,1.2259650128408806,1.2360283538086334
oracle_regime_pooled_relative_active_te100bp,2020-07-13,2020-07-13,2020-07-20,0.007171225940151288,1.6070304315615858e-06,0.007169607385341337,0.0032140608631231714,0.0016070304315615857,1.2360283538086334,1.244890191822591
oracle_regime_pooled_relative_active_te100bp,2020-07-20,2020-07-20,2020-07-27,0.012413305867247128,7.441848803683808e-07,0.012412552444572178,0.0014883697607367616,0.0007441848803683808,1.244890191822591,1.2603424566163224
oracle_regime_pooled_relative_active_te100bp,2020-07-27,2020-07-27,2020-08-03,0.011009864343184827,1.597590649415579e-06,0.011008249163279027,0.003195181298831158,0.001597590649415579,1.2603424566163224,1.274216620409814
oracle_regime_pooled_relative_active_te100bp,2020-08-03,2020-08-03,2020-08-10,0.014603101072521742,1.7944843150022924e-06,0.01460128038317099,0.0035889686300045838,0.0017944843150022919,1.274216620409814,1.2928218145533141
oracle_regime_pooled_relative_active_te100bp,2020-08-10,2020-08-10,2020-08-17,-0.0109221599529127,6.32207883827654e-07,-0.01092278525572088,0.0012644157676553079,0.0006322078838276539,1.2928218145533141,1.2787005994990368
oracle_regime_pooled_relative_active_te100bp,2020-08-17,2020-08-17,2020-08-24,0.00587856757071584,6.601118580340381e-06,0.00587192764701383,0.013202237160680762,0.006601118580340381,1.2787005994990368,1.2862090369014885
oracle_regime_pooled_relative_active_te100bp,2020-08-24,2020-08-24,2020-08-31,0.0073186155558251755,2.413626373065578e-06,0.007316184265048431,0.004827252746131156,0.002413626373065578,1.2862090369014885,1.2956191792188303
oracle_regime_pooled_relative_active_te100bp,2020-08-31,2020-08-31,2020-09-08,-0.01823425014409073,5.998390949040015e-06,-0.018240139158878788,0.011996781898080029,0.005998390949040014,1.2956191792188303,1.2719869050929664
oracle_regime_pooled_relative_active_te100bp,2020-09-07,2020-09-08,2020-09-14,0.0059710637315269635,3.828229931616688e-06,0.005967212642990383,0.007656459863233376,0.003828229931616688,1.2719869050929664,1.2795771214347553
oracle_regime_pooled_relative_active_te100bp,2020-09-14,2020-09-14,2020-09-21,-0.014057489165910526,2.1701256526530506e-06,-0.014059628785045297,0.004340251305306101,0.0021701256526530507,1.2795771214347553,1.2615867421055458
oracle_regime_pooled_relative_active_te100bp,2020-09-21,2020-09-21,2020-09-28,0.00039917691556657503,3.990497452167261e-06,0.00039518482520017884,0.007980994904334522,0.003990497452167261,1.2615867421055458,1.2620853020416996
oracle_regime_pooled_relative_active_te100bp,2020-09-28,2020-09-28,2020-10-05,0.007792959096908866,2.3192520804674053e-06,0.007790621770991768,0.0046385041609348105,0.0023192520804674053,1.2620853020416996,1.2719177312726344
oracle_regime_pooled_relative_active_te100bp,2020-10-05,2020-10-05,2020-10-12,0.018903445390830755,9.158556962144452e-06,0.018894113705587134,0.018317113924288905,0.009158556962144453,1.2719177312726344,1.295949489511452
oracle_regime_pooled_relative_active_te100bp,2020-10-12,2020-10-12,2020-10-19,-0.0023061492637042043,7.336367427941834e-06,-0.0023134687123737008,0.014672734855883668,0.007336367427941834,1.295949489511452,1.2929513509146506
oracle_regime_pooled_relative_active_te100bp,2020-10-19,2020-10-19,2020-10-26,-0.008564296157533253,1.5630242250088682e-06,-0.00856584579555597,0.0031260484500177364,0.0015630242250088682,1.2929513509146506,1.28187612902156
oracle_regime_pooled_relative_active_te100bp,2020-10-26,2020-10-26,2020-11-02,-0.015216757837607032,3.5783169994972723e-06,-0.015220281704223293,0.007156633998994544,0.003578316999497272,1.28187612902156,1.2623656132279324
oracle_regime_pooled_relative_active_te100bp,2020-11-02,2020-11-02,2020-11-09,0.045481381606466496,8.511766374519882e-06,0.04547248271319737,0.017023532749039765,0.008511766374519883,1.2623656132279324,1.3197685117531743
oracle_regime_pooled_relative_active_te100bp,2020-11-09,2020-11-09,2020-11-16,-0.004740505646677947,1.9011756098201774e-05,-0.0047594272774390545,0.038023512196403556,0.019011756098201778,1.3197685117531743,1.3134871694984311
oracle_regime_pooled_relative_active_te100bp,2020-11-16,2020-11-16,2020-11-23,-0.0007422957417448136,3.5061545860242503e-06,-0.0007457992937272007,0.007012309172048501,0.0035061545860242504,1.3134871694984311,1.3125075716950996
oracle_regime_pooled_relative_active_te100bp,2020-11-23,2020-11-23,2020-11-30,-0.00016249806948362888,4.256324566354e-06,-0.0001667537024054866,0.008512649132708,0.004256324566354,1.3125075716950996,1.3122887061980841
oracle_regime_pooled_relative_active_te100bp,2020-11-30,2020-11-30,2020-12-07,0.010995913982418696,6.562310419428284e-06,0.010989279513398342,0.013124620838856568,0.006562310419428284,1.3122887061980841,1.3267098135927708
oracle_regime_pooled_relative_active_te100bp,2020-12-07,2020-12-07,2020-12-14,-0.001664860918980893,2.845040501473194e-06,-0.0016677012228856203,0.0056900810029463875,0.0028450405014731938,1.3267098135927708,1.3244972580142278
oracle_regime_pooled_relative_active_te100bp,2020-12-14,2020-12-14,2020-12-21,0.00248493804638531,1.9590762671793275e-06,0.002482974101934987,0.003918152534358656,0.001959076267179328,1.3244972580142278,1.327785950403961
oracle_regime_pooled_relative_active_te100bp,2020-12-21,2020-12-21,2020-12-28,0.009627924200742329,1.7884595955297975e-06,0.009626118521993465,0.003576919191059595,0.0017884595955297974,1.327785950403961,1.3405673753343874
oracle_regime_pooled_relative_active_te100bp,2020-12-28,2020-12-28,2021-01-04,0.008333002545737135,1.7988047918094448e-06,0.008331188751500296,0.0035976095836188896,0.0017988047918094448,1.3405673753343874,1.3517358951724014
oracle_regime_pooled_relative_active_te100bp,2021-01-04,2021-01-04,2021-01-11,-0.011602696817844163,2.375226059030156e-06,-0.011605044484875426,0.004750452118060312,0.002375226059030156,1.3517358951724014,1.336048939977123
oracle_regime_pooled_relative_active_te100bp,2021-01-11,2021-01-11,2021-01-19,0.0028901525105989594,7.143579635326141e-06,0.0028829882849290556,0.01428715927065228,0.00714357963532614,1.336048939977123,1.339900753419169
oracle_regime_pooled_relative_active_te100bp,2021-01-18,2021-01-19,2021-01-25,0.006291753773419776,1.7632168525967606e-06,0.006289979462840822,0.003526433705193521,0.0017632168525967605,1.339900753419169,1.3483287016404204
oracle_regime_pooled_relative_active_te100bp,2021-01-25,2021-01-25,2021-02-01,-0.009907782365954843,1.1231916803313896e-06,-0.009908894429296433,0.002246383360662779,0.0011231916803313895,1.3483287016404204,1.3349682548798751
oracle_regime_pooled_relative_active_te100bp,2021-02-01,2021-02-01,2021-02-08,0.00878965648200449,6.319189058648834e-05,0.008725909156407363,0.1263837811729767,0.06319189058648834,1.3349682548798751,1.3466170665986446
oracle_regime_pooled_relative_active_te100bp,2021-02-08,2021-02-08,2021-02-16,-0.002843804590915099,2.823045375514436e-06,-0.002846619608101064,0.005646090751028871,0.0028230453755144357,1.3466170665986446,1.3427837600522614
oracle_regime_pooled_relative_active_te100bp,2021-02-15,2021-02-16,2021-02-22,-0.007853311733513585,5.210357113994884e-06,-0.007858481172068887,0.010420714227989767,0.0052103571139948835,1.3427837600522614,1.3322315191557308
oracle_regime_pooled_relative_active_te100bp,2021-02-22,2021-02-22,2021-03-01,-0.010898206865798024,2.1997967157639353e-06,-0.010900382688674104,0.00439959343152787,0.002199796715763935,1.3322315191557308,1.3177096857670196
oracle_regime_pooled_relative_active_te100bp,2021-03-01,2021-03-01,2021-03-08,-0.01138499914313144,2.7905775974160456e-06,-0.01138775795000524,0.0055811551948320905,0.0027905775974160453,1.3177096857670196,1.3027039268171274
oracle_regime_pooled_relative_active_te100bp,2021-03-08,2021-03-08,2021-03-15,0.010272996991666962,9.863214479907534e-07,0.01027200053774191,0.0019726428959815066,0.0009863214479907533,1.3027039268171274,1.3160853022539114
oracle_regime_pooled_relative_active_te100bp,2021-03-15,2021-03-15,2021-03-22,-0.002167495056453105,7.331474916917557e-07,-0.0021682266148512763,0.0014662949833835115,0.0007331474916917557,1.3160853022539114,1.31323173107415
oracle_regime_pooled_relative_active_te100bp,2021-03-22,2021-03-22,2021-03-29,0.004935369858486895,1.3204460703316997e-06,0.00493404289552668,0.0026408921406633995,0.0013204460703316997,1.31323173107415,1.3197112727670366
oracle_regime_pooled_relative_active_te100bp,2021-03-29,2021-03-29,2021-04-05,0.009729308225996722,1.0931329475517242e-06,0.009728204457621903,0.002186265895103448,0.001093132947551724,1.3197112727670366,1.3325496938535428
oracle_regime_pooled_relative_active_te100bp,2021-04-05,2021-04-05,2021-04-12,0.008363321836604352,1.991386942995307e-06,0.008361313795051561,0.003982773885990614,0.001991386942995307,1.3325496938535428,1.3436915599913521
oracle_regime_pooled_relative_active_te100bp,2021-04-12,2021-04-12,2021-04-19,0.00836732553129268,3.7323986118330116e-07,0.008366949168411963,0.0007464797223666024,0.0003732398611833012,1.3436915599913521,1.354934158971824
oracle_regime_pooled_relative_active_te100bp,2021-04-19,2021-04-19,2021-04-26,0.004172344790452849,2.2360771460533675e-07,0.004172120249769762,0.00044721542921067356,0.00022360771460533678,1.354934158971824,1.3605871072135751
oracle_regime_pooled_relative_active_te100bp,2021-04-26,2021-04-26,2021-05-03,0.0021928548586083755,3.5062035785056817e-07,0.0021925034693908163,0.0007012407157011363,0.00035062035785056813,1.3605871072135751,1.3635701991665492
oracle_regime_pooled_relative_active_te100bp,2021-05-03,2021-05-03,2021-05-10,0.00958748039799784,1.5754254736571084e-06,0.009585889868163333,0.0031508509473142173,0.0015754254736571086,1.3635701991665492,1.3766412329232693
oracle_regime_pooled_relative_active_te100bp,2021-05-10,2021-05-10,2021-05-17,-0.005915061191242793,1.1311045835468896e-06,-0.005916185605273516,0.0022622091670937788,0.0011311045835468894,1.3766412329232693,1.3684967678774227
oracle_regime_pooled_relative_active_te100bp,2021-05-17,2021-05-17,2021-05-24,0.0058258434473142575,8.299923141494253e-07,0.005825008619594785,0.0016599846282988502,0.0008299923141494251,1.3684967678774227,1.3764682733461964
oracle_regime_pooled_relative_active_te100bp,2021-05-24,2021-05-24,2021-06-01,0.007672718872831774,9.590609563517246e-07,0.007671752453270342,0.0019181219127034493,0.0009590609563517247,1.3764682733461964,1.3870281971990888
oracle_regime_pooled_relative_active_te100bp,2021-05-31,2021-06-01,2021-06-07,-0.0005206861078498578,1.0715152173139793e-06,-0.0005217570651441239,0.0021430304346279584,0.0010715152173139792,1.3870281971990888,1.386304505437646
oracle_regime_pooled_relative_active_te100bp,2021-06-07,2021-06-07,2021-06-14,0.0008180104405882955,2.5961720908730954e-07,0.0008177506110096378,0.0005192344181746191,0.00025961720908730955,1.386304505437646,1.387438156794013
oracle_regime_pooled_relative_active_te100bp,2021-06-14,2021-06-14,2021-06-21,-0.011965429830169362,2.3286853598041563e-06,-0.011967730651807895,0.004657370719608313,0.0023286853598041566,1.387438156794013,1.3708336706374615
oracle_regime_pooled_relative_active_te100bp,2021-06-21,2021-06-21,2021-06-28,0.008666664050802483,2.249202321501573e-06,0.008664395355399979,0.004498404643003145,0.0022492023215015724,1.3708336706374615,1.3827111155263587
oracle_regime_pooled_relative_active_te100bp,2021-06-28,2021-06-28,2021-07-06,0.010761280821783778,3.3140461665109573e-07,0.010760945850829096,0.0006628092333021914,0.0003314046166510957,1.3827111155263587,1.3975903949678774
oracle_regime_pooled_relative_active_te100bp,2021-07-05,2021-07-06,2021-07-12,0.0013969029817296613,1.7825916197673308e-06,0.0013951179000022407,0.0035651832395346616,0.0017825916197673308,1.3975903949678774,1.3995401983447684
oracle_regime_pooled_relative_active_te100bp,2021-07-12,2021-07-12,2021-07-19,-0.004943444916519447,5.196356390844475e-07,-0.004943961983368328,0.0010392712781688949,0.0005196356390844474,1.3995401983447684,1.3926209248099561
oracle_regime_pooled_relative_active_te100bp,2021-07-19,2021-07-19,2021-07-26,0.009811185557354291,2.993025987724815e-06,0.00980816316623323,0.00598605197544963,0.002993025987724815,1.3926209248099561,1.4062799780692028
oracle_regime_pooled_relative_active_te100bp,2021-07-26,2021-07-26,2021-08-02,0.0022627582387628573,4.1085573584282425e-07,0.002262346453359765,0.0008217114716856485,0.00041085573584282424,1.4062799780692028,1.4094614705900186
oracle_regime_pooled_relative_active_te100bp,2021-08-02,2021-08-02,2021-08-09,-0.009021506680144667,9.346775632168921e-07,-0.009022432925508084,0.001869355126433784,0.000934677563216892,1.4094614705900186,1.396744699010532
oracle_regime_pooled_relative_active_te100bp,2021-08-09,2021-08-09,2021-08-16,0.007669543149744579,1.5311165015533466e-06,0.00766800029027892,0.003062233003106693,0.0015311165015533465,1.396744699010532,1.4074549377679904
oracle_regime_pooled_relative_active_te100bp,2021-08-16,2021-08-16,2021-08-23,0.0026505393940786763,1.0893352226192581e-06,0.0026494471715303725,0.0021786704452385164,0.0010893352226192582,1.4074549377679904,1.4111839152719161
oracle_regime_pooled_relative_active_te100bp,2021-08-23,2021-08-23,2021-08-30,0.005902365560127265,1.6493407087372629e-06,0.00590070648440677,0.003298681417474526,0.001649340708737263,1.4111839152719161,1.4195108973514516
oracle_regime_pooled_relative_active_te100bp,2021-08-30,2021-08-30,2021-09-07,0.00039788641601315217,7.254786511077924e-07,0.0003971606487038759,0.0014509573022155847,0.0007254786511077924,1.4195108973514516,1.4200746712202859
oracle_regime_pooled_relative_active_te100bp,2021-09-06,2021-09-07,2021-09-13,-0.0036178798327709113,5.565679217096579e-05,-0.0036733352653559592,0.11131358434193159,0.055656792170965794,1.4200746712202859,1.4148582608510536
oracle_regime_pooled_relative_active_te100bp,2021-09-13,2021-09-13,2021-09-20,-0.01404405938325397,2.31237035949631e-06,-0.014046339278546816,0.0046247407189926185,0.0023123703594963092,1.4148582608510536,1.394984681688085
oracle_regime_pooled_relative_active_te100bp,2021-09-20,2021-09-20,2021-09-27,0.0035323794115948324,3.913937970890612e-06,0.003528451648109998,0.007827875941781224,0.003913937970890612,1.394984681688085,1.3999068176872755
oracle_regime_pooled_relative_active_te100bp,2021-09-27,2021-09-27,2021-10-04,-0.009219792945530984,6.4656946207106e-06,-0.009226199027786097,0.012931389241421199,0.006465694620710599,1.3999068176872755,1.386990998766938
oracle_regime_pooled_relative_active_te100bp,2021-10-04,2021-10-04,2021-10-11,-0.0014506177227699732,2.6579587929748886e-06,-0.001453271825880842,0.005315917585949776,0.002657958792974888,1.386990998766938,1.3849753238256797
oracle_regime_pooled_relative_active_te100bp,2021-10-11,2021-10-11,2021-10-18,0.01037063884545901,1.097956147685725e-06,0.010369529502804564,0.00219591229537145,0.001097956147685725,1.3849753238256797,1.3993368663067463
oracle_regime_pooled_relative_active_te100bp,2021-10-18,2021-10-18,2021-10-25,0.0104645899989151,7.556128084017934e-07,0.010463826478928517,0.0015112256168035867,0.0007556128084017933,1.3993368663067463,1.4139792844613477
oracle_regime_pooled_relative_active_te100bp,2021-10-25,2021-10-25,2021-11-01,0.003569558995020282,1.2268161212968327e-06,0.0035683277997065055,0.0024536322425936655,0.0012268161212968328,1.4139792844613477,1.4190248260503002
oracle_regime_pooled_relative_active_te100bp,2021-11-01,2021-11-01,2021-11-08,0.0167071570039645,1.4764767687032489e-06,0.016705655859466706,0.0029529535374064977,0.0014764767687032488,1.4190248260503002,1.442730566450336
oracle_regime_pooled_relative_active_te100bp,2021-11-08,2021-11-08,2021-11-15,-0.0002870719042703234,8.038119013809551e-07,-0.00028787548541986396,0.0016076238027619102,0.0008038119013809551,1.442730566450336,1.442315239688189
oracle_regime_pooled_relative_active_te100bp,2021-11-15,2021-11-15,2021-11-22,-0.005592463542447541,2.4618248684454744e-06,-0.005594911599650199,0.004923649736890948,0.002461824868445474,1.442315239688189,1.4342456134233055
oracle_regime_pooled_relative_active_te100bp,2021-11-22,2021-11-22,2021-11-29,-0.01117822745510247,3.1533067105503816e-06,-0.011181345513433305,0.006306613421100764,0.003153306710550382,1.4342456134233055,1.4182088176684935
oracle_regime_pooled_relative_active_te100bp,2021-11-29,2021-11-29,2021-12-06,-0.0006419397716326313,2.7352275059847027e-06,-0.0006446732432872082,0.0054704550119694054,0.0027352275059847027,1.4182088176684935,1.4172945363903486
oracle_regime_pooled_relative_active_te100bp,2021-12-06,2021-12-06,2021-12-13,0.009339874849922556,7.668312045102643e-06,0.009332134916802515,0.015336624090205284,0.007668312045102642,1.4172945363903486,1.4305209202207905
oracle_regime_pooled_relative_active_te100bp,2021-12-13,2021-12-13,2021-12-20,-0.008496460253577188,7.158415505590046e-06,-0.00850355784788992,0.014316831011180092,0.007158415505590046,1.4305209202207905,1.4183564028230762
oracle_regime_pooled_relative_active_te100bp,2021-12-20,2021-12-20,2021-12-27,0.014781340774073571,6.511269109582907e-06,0.014774733259676376,0.013022538219165816,0.006511269109582908,1.4183564028230762,1.4393122403419412
oracle_regime_pooled_relative_active_te100bp,2021-12-27,2021-12-27,2022-01-03,0.00020023242747183728,7.065668926977082e-06,0.0001931653437690084,0.014131337853954165,0.0070656689269770825,1.4393122403419412,1.4395902655856379
oracle_regime_pooled_relative_active_te100bp,2022-01-03,2022-01-03,2022-01-10,-0.01800409278944408,2.531705930893658e-06,-0.01800657891430646,0.005063411861787315,0.0025317059308936577,1.4395902655856379,1.4136681698641027
oracle_regime_pooled_relative_active_te100bp,2022-01-10,2022-01-10,2022-01-18,-0.0005788876157785199,3.033419325510718e-06,-0.0005819192790951222,0.006066838651021435,0.0030334193255107176,1.4136681698641027,1.4128455291018156
oracle_regime_pooled_relative_active_te100bp,2022-01-17,2022-01-18,2022-01-24,-0.014712411200012787,3.971098008336773e-06,-0.014716323873594228,0.007942196016673545,0.003971098008336772,1.4128455291018156,1.3920536367121936
oracle_regime_pooled_relative_active_te100bp,2022-01-24,2022-01-24,2022-01-31,-0.0034736547959060187,1.3872301257188876e-05,-0.003487478909577346,0.027744602514377752,0.013872301257188876,1.3920536367121936,1.3871988790131593
oracle_regime_pooled_relative_active_te100bp,2022-01-31,2022-01-31,2022-02-07,0.0025928825402638427,1.043055766609541e-06,0.0025918367799762088,0.0020861115332190816,0.0010430557666095408,1.3871988790131593,1.3907942720889275
oracle_regime_pooled_relative_active_te100bp,2022-02-07,2022-02-07,2022-02-14,-0.004404170881097293,9.610003339958484e-07,-0.004405127649021678,0.0019220006679916968,0.0009610003339958484,1.3907942720889275,1.3846676457868476
oracle_regime_pooled_relative_active_te100bp,2022-02-14,2022-02-14,2022-02-22,-0.0015672695549541278,3.035263055175256e-06,-0.001570300060933949,0.006070526110350513,0.0030352630551752566,1.3846676457868476,1.3824933020982952
oracle_regime_pooled_relative_active_te100bp,2022-02-21,2022-02-22,2022-02-28,0.004244696132686811,6.19034105677473e-06,0.00423847951551326,0.012380682113549459,0.006190341056774729,1.3824933020982952,1.388352971639573
oracle_regime_pooled_relative_active_te100bp,2022-02-28,2022-02-28,2022-03-07,0.005362999600464906,4.531072520587366e-06,0.005358444227804293,0.009062145041174733,0.004531072520587366,1.388352971639573,1.39579238360661
oracle_regime_pooled_relative_active_te100bp,2022-03-07,2022-03-07,2022-03-14,-0.020138120269780825,3.7210760641165376e-06,-0.02014176641036769,0.007442152128233076,0.003721076064116538,1.39579238360661,1.3676786594586352
oracle_regime_pooled_relative_active_te100bp,2022-03-14,2022-03-14,2022-03-21,0.018989328478526475,3.7668324004583404e-06,0.018985490116508297,0.007533664800916681,0.0037668324004583404,1.3676786594586352,1.3936447091303465
oracle_regime_pooled_relative_active_te100bp,2022-03-21,2022-03-21,2022-03-28,0.0018602698313924509,1.4338003040136279e-06,0.001858833363832968,0.002867600608027256,0.001433800304013628,1.3936447091303465,1.3962352624130074
oracle_regime_pooled_relative_active_te100bp,2022-03-28,2022-03-28,2022-04-04,0.006232991180981999,2.014497764668867e-06,0.00623096412687052,0.004028995529337735,0.0020144977646688674,1.3962352624130074,1.4049351542457746
oracle_regime_pooled_relative_active_te100bp,2022-04-04,2022-04-04,2022-04-11,-0.016328156168903683,6.414354865631207e-07,-0.016328787130931555,0.0012828709731262412,0.0006414354865631206,1.4049351542457746,1.3819942671793328
oracle_regime_pooled_relative_active_te100bp,2022-04-11,2022-04-11,2022-04-18,-0.0042558787611062165,2.9164254860116933e-06,-0.004258782774638981,0.005832850972023386,0.002916425486011693,1.3819942671793328,1.3761086537996197
oracle_regime_pooled_relative_active_te100bp,2022-04-18,2022-04-18,2022-04-25,-0.024870015191391398,2.26708506422889e-06,-0.02487222589401572,0.00453417012845778,0.00226708506422889,1.3761086537996197,1.3418817685076057
oracle_regime_pooled_relative_active_te100bp,2022-04-25,2022-04-25,2022-05-02,-0.020203470575391458,3.608841720805779e-06,-0.020207006505984837,0.007217683441611558,0.003608841720805779,1.3418817685076057,1.31476635488111
oracle_regime_pooled_relative_active_te100bp,2022-05-02,2022-05-02,2022-05-09,-0.009342717611335967,9.708593990241446e-06,-0.009352335500674158,0.019417187980482892,0.009708593990241446,1.31476635488111,1.3024702188252633
oracle_regime_pooled_relative_active_te100bp,2022-05-09,2022-05-09,2022-05-16,-0.009034263911082651,4.667750627810298e-06,-0.009038889492019364,0.009335501255620599,0.004667750627810299,1.3024702188252633,1.2906973344506554
oracle_regime_pooled_relative_active_te100bp,2022-05-16,2022-05-16,2022-05-23,0.0015414541365650512,7.214566752872499e-06,0.0015342284488883973,0.014429133505744996,0.007214566752872498,1.2906973344506554,1.292677559020074
oracle_regime_pooled_relative_active_te100bp,2022-05-23,2022-05-23,2022-05-31,0.026090827234978107,7.177077967900907e-06,0.026083462901108856,0.014354155935801815,0.0071770779679009074,1.292677559020074,1.3263950661738702
oracle_regime_pooled_relative_active_te100bp,2022-05-30,2022-05-31,2022-06-06,-0.002058840312651281,8.823269308669613e-06,-0.0020676454162573688,0.017646538617339228,0.008823269308669614,1.3263950661738702,1.3236525514951494
oracle_regime_pooled_relative_active_te100bp,2022-06-06,2022-06-06,2022-06-13,-0.047151964799462986,2.198083819026946e-06,-0.04715405923931115,0.004396167638053891,0.0021980838190269456,1.3236525514951494,1.2612369606696818
oracle_regime_pooled_relative_active_te100bp,2022-06-13,2022-06-13,2022-06-21,-0.0037921927958409884,1.1934257700254253e-05,-0.0038040817965352414,0.023868515400508508,0.011934257700254254,1.2612369606696818,1.2564391121064808
oracle_regime_pooled_relative_active_te100bp,2022-06-20,2022-06-21,2022-06-27,0.017567284372607114,6.022847884815461e-06,0.017561155719640675,0.012045695769630924,0.006022847884815462,1.2564391121064808,1.2785036350064298
oracle_regime_pooled_relative_active_te100bp,2022-06-27,2022-06-27,2022-07-05,-0.013803525273518462,9.276503008964209e-06,-0.013812673728083702,0.018553006017928413,0.009276503008964206,1.2785036350064298,1.260844081435917
oracle_regime_pooled_relative_active_te100bp,2022-07-04,2022-07-05,2022-07-11,0.0012106428543630402,7.911940839639604e-06,0.0012027213349887766,0.015823881679279207,0.007911940839639604,1.260844081435917,1.2623605255127544
oracle_regime_pooled_relative_active_te100bp,2022-07-11,2022-07-11,2022-07-18,0.003071666396102335,1.856652940970741e-06,0.0030698040401428983,0.0037133058819414817,0.0018566529409707409,1.2623605255127544,1.2662357249540903
oracle_regime_pooled_relative_active_te100bp,2022-07-18,2022-07-18,2022-07-25,0.012037794855110284,1.9397596581761033e-06,0.012035831745023096,0.0038795193163522063,0.0019397596581761031,1.2662357249540903,1.2814759250891752
oracle_regime_pooled_relative_active_te100bp,2022-07-25,2022-07-25,2022-08-01,0.0237163959211564,1.5596682525305837e-06,0.023714799263194086,0.003119336505061167,0.0015596682525305834,1.2814759250891752,1.311865869413281
oracle_regime_pooled_relative_active_te100bp,2022-08-01,2022-08-01,2022-08-08,0.00509972378625345,1.5320298591655872e-05,0.005084325358370556,0.03064059718331174,0.01532029859165587,1.311865869413281,1.3185358223199197
oracle_regime_pooled_relative_active_te100bp,2022-08-08,2022-08-08,2022-08-15,0.009689019127506228,3.185366166640495e-06,0.009685802898266038,0.006370732333280989,0.0031853661666404946,1.3185358223199197,1.3313069004092135
oracle_regime_pooled_relative_active_te100bp,2022-08-15,2022-08-15,2022-08-22,-0.02331760786883289,5.603812987692428e-06,-0.02332308101430669,0.011207625975384855,0.0056038129876924275,1.3313069004092135,1.3002567217160639
oracle_regime_pooled_relative_active_te100bp,2022-08-22,2022-08-22,2022-08-29,-0.013849204480526133,2.342986753623229e-06,-0.013851515018777127,0.004685973507246458,0.002342986753623229,1.3002567217160639,1.282246196206948
oracle_regime_pooled_relative_active_te100bp,2022-08-29,2022-08-29,2022-09-06,-0.018494795455145596,6.649406394330002e-06,-0.018501321882128607,0.013298812788660002,0.006649406394330001,1.282246196206948,1.2585229465987882
oracle_regime_pooled_relative_active_te100bp,2022-09-05,2022-09-06,2022-09-12,0.02029337268085619,9.121555054814529e-07,0.02029244201463931,0.0018243110109629054,0.0009121555054814527,1.2585229465987882,1.2840614505167371
oracle_regime_pooled_relative_active_te100bp,2022-09-12,2022-09-12,2022-09-19,-0.03772646886941934,7.368568277111611e-07,-0.037727177927240785,0.001473713655422322,0.000736856827711161,1.2840614505167371,1.2356174357035814
oracle_regime_pooled_relative_active_te100bp,2022-09-19,2022-09-19,2022-09-26,-0.02470352529627176,1.0015831779523957e-06,-0.0247045021368143,0.002003166355904791,0.0010015831779523956,1.2356174357035814,1.2050921221229574
oracle_regime_pooled_relative_active_te100bp,2022-09-26,2022-09-26,2022-10-03,-0.002237856232611653,5.652084540915521e-06,-0.0022434956685999374,0.011304169081831041,0.005652084540915521,1.2050921221229574,1.2023885031667105
oracle_regime_pooled_relative_active_te100bp,2022-10-03,2022-10-03,2022-10-10,0.0010170506577495291,5.314297996039051e-06,0.001011730954843415,0.010628595992078101,0.005314297996039051,1.2023885031667105,1.2036049968351121
oracle_regime_pooled_relative_active_te100bp,2022-10-10,2022-10-10,2022-10-17,-0.004051615196842254,3.354005897941878e-06,-0.004054955613598921,0.006708011795883756,0.003354005897941878,1.2036049968351121,1.19872443199664
oracle_regime_pooled_relative_active_te100bp,2022-10-17,2022-10-17,2022-10-24,0.003381517177806638,2.2984426799711815e-06,0.0033792109629033895,0.004596885359942363,0.0022984426799711813,1.19872443199664,1.2027751747387432
oracle_regime_pooled_relative_active_te100bp,2022-10-24,2022-10-24,2022-10-31,0.015038430536695662,8.512461784133677e-06,0.015029790060846482,0.017024923568267354,0.008512461784133677,1.2027751747387432,1.2208526331054643
oracle_regime_pooled_relative_active_te100bp,2022-10-31,2022-10-31,2022-11-07,-0.001962870097938765,6.181563582271976e-06,-0.0019690395279146067,0.01236312716454395,0.006181563582271975,1.2208526331054643,1.218448726013121
oracle_regime_pooled_relative_active_te100bp,2022-11-07,2022-11-07,2022-11-14,0.03775772788917551,7.2170649164561045e-06,0.03775023832428559,0.014434129832912208,0.007217064916456104,1.218448726013121,1.2644454558060385
oracle_regime_pooled_relative_active_te100bp,2022-11-14,2022-11-14,2022-11-21,0.00028012287865471566,4.561215309112336e-06,0.0002755603856448019,0.009122430618224672,0.004561215309112336,1.2644454558060385,1.2647938868834672
oracle_regime_pooled_relative_active_te100bp,2022-11-21,2022-11-21,2022-11-28,0.009462232414211381,4.7359053701019375e-06,0.009457451696603947,0.009471810740203875,0.004735905370101937,1.2647938868834672,1.2767556139748275
oracle_regime_pooled_relative_active_te100bp,2022-11-28,2022-11-28,2022-12-05,0.0139116311493005,2.1837032454214702e-06,0.013909417067180962,0.00436740649084294,0.00218370324542147,1.2767556139748275,1.294514540302468
oracle_regime_pooled_relative_active_te100bp,2022-12-05,2022-12-05,2022-12-12,-0.00558306312112928,2.294721449745487e-06,-0.005585345031004385,0.004589442899490974,0.002294721449745487,1.294514540302468,1.2872842299472267
oracle_regime_pooled_relative_active_te100bp,2022-12-12,2022-12-12,2022-12-19,-0.009372716107539229,4.5804575632867e-06,-0.009377253633774063,0.0091609151265734,0.0045804575632867,1.2872842299472267,1.275213039224254
oracle_regime_pooled_relative_active_te100bp,2022-12-19,2022-12-19,2022-12-27,-0.0037665631919875852,4.606483090610766e-06,-0.003771152324468563,0.009212966181221532,0.004606483090610766,1.275213039224254,1.2704040166071908
oracle_regime_pooled_relative_active_te100bp,2022-12-26,2022-12-27,2023-01-03,0.0075402374170455465,5.377322432570025e-06,0.0075348195483251335,0.010754644865140049,0.005377322432570024,1.2704040166071908,1.2799762816257934
oracle_regime_pooled_relative_active_te100bp,2023-01-02,2023-01-03,2023-01-09,0.015924011053146416,4.63185827148404e-06,0.01591930543711273,0.009263716542968078,0.004631858271484039,1.2799762816257934,1.3003526150052542
oracle_regime_pooled_relative_active_te100bp,2023-01-09,2023-01-09,2023-01-17,0.016512831630666257,1.0949060520528536e-06,0.01651171864461487,0.0021898121041057073,0.0010949060520528537,1.3003526150052542,1.3218236715230103
oracle_regime_pooled_relative_active_te100bp,2023-01-16,2023-01-17,2023-01-23,-0.0013786508253855717,1.9318799687212814e-06,-0.001380580041966395,0.0038637599374425624,0.0019318799687212812,1.3218236715230103,1.3199987881431068
oracle_regime_pooled_relative_active_te100bp,2023-01-23,2023-01-23,2023-01-30,0.005604418196428537,8.727591070057356e-07,0.00560354054601464,0.001745518214011471,0.0008727591070057355,1.3199987881431068,1.3273954548731568
oracle_regime_pooled_relative_active_te100bp,2023-01-30,2023-01-30,2023-02-06,-0.000796298694584063,1.1821319375313942e-06,-0.000797479885191521,0.002364263875062788,0.001182131937531394,1.3273954548731568,1.3263368836982008
oracle_regime_pooled_relative_active_te100bp,2023-02-06,2023-02-06,2023-02-13,-0.009772335216747122,8.032777649624335e-06,-0.009780289495400885,0.01606555529924867,0.008032777649624335,1.3263368836982008,1.3133649250072046
oracle_regime_pooled_relative_active_te100bp,2023-02-13,2023-02-13,2023-02-21,-0.01198313433842712,2.9641666182153935e-06,-0.01198606298503857,0.0059283332364307864,0.0029641666182153932,1.3133649250072046,1.2976228502937277
oracle_regime_pooled_relative_active_te100bp,2023-02-20,2023-02-21,2023-02-27,-0.004684351982592766,1.3345384792845476e-06,-0.004685680269624015,0.002669076958569095,0.0013345384792845475,1.2976228502937277,1.2915426045066931
oracle_regime_pooled_relative_active_te100bp,2023-02-27,2023-02-27,2023-03-06,0.012459791613009698,4.006108115146593e-06,0.01245573558962243,0.008012216230293186,0.004006108115146593,1.2915426045066931,1.3076297176911609
oracle_regime_pooled_relative_active_te100bp,2023-03-06,2023-03-06,2023-03-13,-0.011713041772380337,2.6646621221637002e-06,-0.011715675223203714,0.0053293242443274,0.0026646621221637,1.3076297176911609,1.2923099526064816
oracle_regime_pooled_relative_active_te100bp,2023-03-13,2023-03-13,2023-03-20,0.020559033861443053,1.4329516825003649e-05,0.02054440974359628,0.0286590336500073,0.01432951682500365,1.2923099526064816,1.3188596977885567
oracle_regime_pooled_relative_active_te100bp,2023-03-20,2023-03-20,2023-03-27,0.0035195141221106892,5.664319166597231e-06,0.0035138298672927615,0.011328638333194462,0.005664319166597231,1.3188596977885567,1.323493946385415
oracle_regime_pooled_relative_active_te100bp,2023-03-27,2023-03-27,2023-04-03,0.017553484289438565,3.834406684077926e-06,0.017549582575556943,0.007668813368155851,0.0038344066840779257,1.323493946385415,1.3467207126857554
oracle_regime_pooled_relative_active_te100bp,2023-04-03,2023-04-03,2023-04-10,0.0005272006250311159,8.633110106877897e-07,0.0005263368588823703,0.0017266220213755794,0.0008633110106877897,1.3467207126857554,1.3474295414354622
oracle_regime_pooled_relative_active_te100bp,2023-04-10,2023-04-10,2023-04-17,0.004442852052512774,6.529160952802214e-07,0.00444219623560782,0.001305832190560443,0.0006529160952802215,1.3474295414354622,1.3534150878721736
oracle_regime_pooled_relative_active_te100bp,2023-04-17,2023-04-17,2023-04-24,-0.0026151528876379635,6.128726823545e-07,-0.002615764157564482,0.0012257453647089999,0.0006128726823544999,1.3534150878721736,1.3498748731950105
oracle_regime_pooled_relative_active_te100bp,2023-04-24,2023-04-24,2023-05-01,0.006137569329083432,3.6858830630106425e-07,0.006137198478540995,0.0007371766126021285,0.00036858830630106425,1.3498748731950105,1.3581593232130036
oracle_regime_pooled_relative_active_te100bp,2023-05-01,2023-05-01,2023-05-08,-0.002031467685457354,6.381676320429145e-06,-0.0020378363976085723,0.012763352640858289,0.006381676320429144,1.3581593232130036,1.3553916167104088
oracle_regime_pooled_relative_active_te100bp,2023-05-08,2023-05-08,2023-05-15,-0.0020613037576345935,3.092658126857771e-06,-0.00206439004085357,0.006185316253715541,0.0030926581268577707,1.3553916167104088,1.3525935597554153
oracle_regime_pooled_relative_active_te100bp,2023-05-15,2023-05-15,2023-05-22,-0.0037320533273057553,1.5078740923321964e-06,-0.003733555573931624,0.0030157481846643927,0.0015078740923321963,1.3525935597554153,1.3475435765311263
oracle_regime_pooled_relative_active_te100bp,2023-05-22,2023-05-22,2023-05-30,0.0011796462150152486,6.214049876083875e-06,0.0011734248347587961,0.01242809975216775,0.006214049876083875,1.3475435765311263,1.3491248176297477
oracle_regime_pooled_relative_active_te100bp,2023-05-29,2023-05-30,2023-06-05,0.005006431538890464,2.391186526636916e-06,0.0050040283810521835,0.004782373053273832,0.002391186526636916,1.3491248176297477,1.3558758765067487
oracle_regime_pooled_relative_active_te100bp,2023-06-05,2023-06-05,2023-06-12,0.0038526448176314917,2.824569766906062e-06,0.003849809365800594,0.005649139533812123,0.0028245697669060615,1.3558758765067487,1.3610957401549875
oracle_regime_pooled_relative_active_te100bp,2023-06-12,2023-06-12,2023-06-20,0.00538932452231884,7.038331666783336e-07,0.0053886168959669245,0.001407666333356667,0.0007038331666783335,1.3610957401549875,1.3684301636574152
oracle_regime_pooled_relative_active_te100bp,2023-06-19,2023-06-20,2023-06-26,-0.005413897121833172,4.476037814494439e-06,-0.005418348926839456,0.008952075628988879,0.004476037814494439,1.3684301636574152,1.3610155315487074
oracle_regime_pooled_relative_active_te100bp,2023-06-26,2023-06-26,2023-07-03,0.008669645645392347,2.047986339698685e-06,0.008667579903736788,0.00409597267939737,0.002047986339698685,1.3610155315487074,1.3728122424186326
oracle_regime_pooled_relative_active_te100bp,2023-07-03,2023-07-03,2023-07-10,-0.010169547679873811,4.422803741550448e-07,-0.01016998546245651,0.0008845607483100896,0.0004422803741550448,1.3728122424186326,1.3588507618705528
oracle_regime_pooled_relative_active_te100bp,2023-07-10,2023-07-10,2023-07-17,0.017704749598680916,5.434527862880736e-07,0.01770419652419908,0.001086905572576147,0.0005434527862880735,1.3588507618705528,1.3829081228057667
oracle_regime_pooled_relative_active_te100bp,2023-07-17,2023-07-17,2023-07-24,0.006975616092188493,4.0116449168616473e-07,0.0069752121293273905,0.0008023289833723295,0.00040116449168616473,1.3829081228057667,1.392554200317707
oracle_regime_pooled_relative_active_te100bp,2023-07-24,2023-07-24,2023-07-31,0.0016539823780551252,4.6631343027355273e-07,0.0016535152933505604,0.0009326268605471056,0.0004663134302735528,1.392554200317707,1.3948568099847518
oracle_regime_pooled_relative_active_te100bp,2023-07-31,2023-07-31,2023-08-07,-0.012609806889200992,4.380474321051932e-07,-0.012610239412939594,0.0008760948642103864,0.0004380474321051932,1.3948568099847518,1.377267331664075
oracle_regime_pooled_relative_active_te100bp,2023-08-07,2023-08-07,2023-08-14,-0.009351705692696197,6.4212461098772575e-06,-0.009358066889202155,0.012842492219754515,0.006421246109877258,1.377267331664075,1.3643787718500495
oracle_regime_pooled_relative_active_te100bp,2023-08-14,2023-08-14,2023-08-21,-0.01066344691973098,2.248733673769453e-06,-0.010665671674152555,0.004497467347538906,0.002248733673769453,1.3643787718500495,1.3498267558303134
oracle_regime_pooled_relative_active_te100bp,2023-08-21,2023-08-21,2023-08-28,0.01159413920938079,2.7740892961298052e-06,0.011591332956907063,0.00554817859225961,0.002774089296129805,1.3498267558303134,1.3654730471912844
oracle_regime_pooled_relative_active_te100bp,2023-08-28,2023-08-28,2023-09-05,0.008189261032533167,8.579657319744373e-07,0.008188396040695878,0.0017159314639488745,0.0008579657319744373,1.3654730471912844,1.3766540812845824
oracle_regime_pooled_relative_active_te100bp,2023-09-04,2023-09-05,2023-09-11,-0.0028495951581496816,9.4844820537889e-07,-0.002850540903661658,0.0018968964107577801,0.0009484482053788901,1.3766540812845824,1.372729872515688
oracle_regime_pooled_relative_active_te100bp,2023-09-11,2023-09-11,2023-09-18,-0.003928313313051438,1.4632447164811315e-06,-0.003929770809684263,0.002926489432962263,0.0014632447164811314,1.372729872515688,1.3673353587330943
oracle_regime_pooled_relative_active_te100bp,2023-09-18,2023-09-18,2023-09-25,-0.014158823492981127,7.311088535248232e-07,-0.014159544250193501,0.0014622177070496463,0.0007311088535248231,1.3673353587330943,1.3479745132162588
oracle_regime_pooled_relative_active_te100bp,2023-09-25,2023-09-25,2023-10-02,-0.017480102191248098,5.07172061927694e-06,-0.01748508525767256,0.010143441238553881,0.0050717206192769405,1.3479745132162588,1.324405063927503
oracle_regime_pooled_relative_active_te100bp,2023-10-02,2023-10-02,2023-10-09,-0.0002725074385336295,7.218528007066215e-06,-0.00027972399943809734,0.014437056014132432,0.007218528007066216,1.324405063927503,1.324034596046145
oracle_regime_pooled_relative_active_te100bp,2023-10-09,2023-10-09,2023-10-16,0.015190546222846317,2.572021384458105e-06,0.01518793513105221,0.00514404276891621,0.002572021384458105,1.324034596046145,1.3441439476021628
oracle_regime_pooled_relative_active_te100bp,2023-10-16,2023-10-16,2023-10-23,-0.009510103631984734,7.578097557425428e-06,-0.009517609661049087,0.015156195114850855,0.007578097557425428,1.3441439476021628,1.3313509101806238
oracle_regime_pooled_relative_active_te100bp,2023-10-23,2023-10-23,2023-10-30,0.0019590690167975563,1.0572284851463294e-05,0.0019484760201105011,0.02114456970292659,0.010572284851463295,1.3313509101806238,1.3339450155034631
oracle_regime_pooled_relative_active_te100bp,2023-10-30,2023-10-30,2023-11-06,0.025481702480022732,4.716083487687492e-06,0.025476866222698735,0.009432166975374983,0.004716083487687491,1.3339450155034631,1.3679297542118807
oracle_regime_pooled_relative_active_te100bp,2023-11-06,2023-11-06,2023-11-13,-0.004411451273661207,9.448276136878062e-07,-0.004412391933213855,0.001889655227375612,0.000944827613687806,1.3679297542118807,1.361893911999193
oracle_regime_pooled_relative_active_te100bp,2023-11-13,2023-11-13,2023-11-20,0.019364026808070083,5.758337903126899e-07,0.01936343982381894,0.0011516675806253797,0.0005758337903126898,1.361893911999193,1.388264862810615
oracle_regime_pooled_relative_active_te100bp,2023-11-20,2023-11-20,2023-11-27,0.01089449346850233,1.158500748163444e-06,0.010893322346475331,0.0023170014963268884,0.0011585007481634442,1.388264862810615,1.4033876794634963
oracle_regime_pooled_relative_active_te100bp,2023-11-27,2023-11-27,2023-12-04,0.01127174486296597,1.29372593213088e-06,0.01127043655448512,0.0025874518642617604,0.0012937259321308802,1.4033876794634963,1.4192044712662357
oracle_regime_pooled_relative_active_te100bp,2023-12-04,2023-12-04,2023-12-11,-0.002281594487758639,1.4943187064865441e-06,-0.002283085397035811,0.0029886374129730886,0.0014943187064865443,1.4192044712662357,1.4159643062624798
oracle_regime_pooled_relative_active_te100bp,2023-12-11,2023-12-11,2023-12-18,0.023587875305280427,9.249438659555235e-07,0.023586928543954055,0.001849887731911047,0.0009249438659555236,1.4159643062624798,1.4493625551750824
oracle_regime_pooled_relative_active_te100bp,2023-12-18,2023-12-18,2023-12-26,0.007467367978898225,1.1082415706536001e-06,0.007466251461679896,0.0022164831413072003,0.0011082415706536002,1.4493625551750824,1.4601838604711626
oracle_regime_pooled_relative_active_te100bp,2023-12-25,2023-12-26,2024-01-02,-0.0018347464360470279,5.612513587669888e-07,-0.0018353066576517474,0.0011225027175339776,0.0005612513587669888,1.4601838604711626,1.4575039753106442
oracle_regime_pooled_relative_active_te100bp,2024-01-01,2024-01-02,2024-01-08,-0.011278227473065281,1.374329395601692e-05,-0.011291815767025759,0.027486587912033837,0.013743293956016919,1.4575039753106442,1.4410461089417288
oracle_regime_pooled_relative_active_te100bp,2024-01-08,2024-01-08,2024-01-16,0.011158714923573869,2.735209709273153e-06,0.011155949192439119,0.005470419418546306,0.002735209709273153,1.4410461089417288,1.4571223461170448
oracle_regime_pooled_relative_active_te100bp,2024-01-15,2024-01-16,2024-01-22,0.00145712365953667,1.2169409440695116e-06,0.0014559049453592987,0.002433881888139023,0.0012169409440695115,1.4571223461170448,1.4592437777467502
oracle_regime_pooled_relative_active_te100bp,2024-01-22,2024-01-22,2024-01-29,0.004777871486227672,5.598596102965191e-06,0.004772246140752001,0.011197192205930382,0.005598596102965191,1.4592437777467502,1.4662076482335185
oracle_regime_pooled_relative_active_te100bp,2024-01-29,2024-01-29,2024-02-05,0.0005105085048371398,1.3342276754228191e-06,0.0005091735960272015,0.0026684553508456383,0.0013342276754228191,1.4662076482335185,1.466954202454292
oracle_regime_pooled_relative_active_te100bp,2024-02-05,2024-02-05,2024-02-12,0.0035471376962259702,3.3105266374650743e-06,0.0035438154266946853,0.006621053274930148,0.003310526637465074,1.466954202454292,1.4721528173872043
oracle_regime_pooled_relative_active_te100bp,2024-02-12,2024-02-12,2024-02-20,-0.0018372501160836966,3.620474147919985e-06,-0.0018408639385151249,0.007240948295839969,0.0036204741479199847,1.4721528173872043,1.4694427843536928
oracle_regime_pooled_relative_active_te100bp,2024-02-19,2024-02-20,2024-02-26,0.0075500434243123095,2.776383990088776e-06,0.007547246078502656,0.005552767980177553,0.0027763839900887765,1.4694427843536928,1.4805330306454902
oracle_regime_pooled_relative_active_te100bp,2024-02-26,2024-02-26,2024-03-04,0.011213234597268123,3.999079104909894e-06,0.01120919067555115,0.007998158209819788,0.003999079104909894,1.4805330306454902,1.4971286076874473
oracle_regime_pooled_relative_active_te100bp,2024-03-04,2024-03-04,2024-03-11,0.012428757006902935,5.600793955979312e-06,0.012423086602039835,0.011201587911958624,0.005600793955979312,1.4971286076874473,1.5157275660351397
oracle_regime_pooled_relative_active_te100bp,2024-03-11,2024-03-11,2024-03-18,-0.0023838909404402127,6.778949815552446e-06,-0.00239065372997882,0.013557899631104892,0.006778949815552446,1.5157275660351397,1.5121039862757661
oracle_regime_pooled_relative_active_te100bp,2024-03-18,2024-03-18,2024-03-25,0.007872519190828651,1.5967913517470587e-06,0.007870909828706418,0.0031935827034941175,0.0015967913517470587,1.5121039862757661,1.5240056204033703
oracle_regime_pooled_relative_active_te100bp,2024-03-25,2024-03-25,2024-04-01,0.01144272793661626,1.0727850903984384e-06,0.011441642875937852,0.002145570180796877,0.0010727850903984384,1.5240056204033703,1.5414427484529478
oracle_regime_pooled_relative_active_te100bp,2024-04-01,2024-04-01,2024-04-08,0.0027400573485137835,4.049886824194451e-06,0.0027359963647672902,0.008099773648388903,0.004049886824194451,1.5414427484529478,1.545660130209212
oracle_regime_pooled_relative_active_te100bp,2024-04-08,2024-04-08,2024-04-15,-0.003933512495120369,8.092365243367285e-06,-0.003941573028943934,0.01618473048673457,0.008092365243367285,1.545660130209212,1.5395677979280653
oracle_regime_pooled_relative_active_te100bp,2024-04-15,2024-04-15,2024-04-22,-0.01362125180056442,3.500806608118591e-06,-0.013624704921804232,0.007001613216237181,0.0035008066081185906,1.5395677979280653,1.5185916409741835
oracle_regime_pooled_relative_active_te100bp,2024-04-22,2024-04-22,2024-04-29,0.009274882555701405,5.6251180010294176e-06,0.009269205265391545,0.011250236002058834,0.005625118001029417,1.5185916409741835,1.532667778608681
oracle_regime_pooled_relative_active_te100bp,2024-04-29,2024-04-29,2024-05-06,0.0061743875230624475,3.091508659071377e-06,0.006171276926230762,0.006183017318142754,0.003091508659071377,1.532667778608681,1.5421262959063862
oracle_regime_pooled_relative_active_te100bp,2024-05-06,2024-05-06,2024-05-13,0.007403137035939343,1.5499692061021787e-06,0.0074015755920988635,0.0030999384122043575,0.0015499692061021787,1.5421262959063862,1.5535404602581007
oracle_regime_pooled_relative_active_te100bp,2024-05-13,2024-05-13,2024-05-20,0.013387570616295186,1.872955220578499e-06,0.013385672586754271,0.003745910441156998,0.001872955220578499,1.5535404602581007,1.5743356442093912
oracle_regime_pooled_relative_active_te100bp,2024-05-20,2024-05-20,2024-05-28,-0.005569762220081414,2.6873052484763655e-06,-0.0055724345576786405,0.005374610496952731,0.0026873052484763654,1.5743356442093912,1.5655627618602135
oracle_regime_pooled_relative_active_te100bp,2024-05-27,2024-05-28,2024-06-03,-0.0031318980276060226,1.8943418595509625e-06,-0.0031337864365801327,0.003788683719101925,0.0018943418595509624,1.5655627618602135,1.560656622511481
oracle_regime_pooled_relative_active_te100bp,2024-06-03,2024-06-03,2024-06-10,-9.990330066317435e-06,4.4612617049255224e-05,-5.460250142075296e-05,0.08922523409851044,0.04461261704925522,1.560656622511481,1.560571406756033
oracle_regime_pooled_relative_active_te100bp,2024-06-10,2024-06-10,2024-06-17,0.010205262120476163,2.7557502393354873e-06,0.010202478247083313,0.005511500478670975,0.0027557502393354876,1.560571406756033,1.5764931025864817
oracle_regime_pooled_relative_active_te100bp,2024-06-17,2024-06-17,2024-06-24,0.005015493949275832,2.4090752125830964e-06,0.005013072791361317,0.004818150425166193,0.0024090752125830966,1.5764931025864817,1.5843961772648267
oracle_regime_pooled_relative_active_te100bp,2024-06-24,2024-06-24,2024-07-01,-0.0028338455806330575,8.802611516489263e-07,-0.002834723347260537,0.0017605223032978526,0.0008802611516489263,1.5843961772648267,1.5799048524298238
oracle_regime_pooled_relative_active_te100bp,2024-07-01,2024-07-01,2024-07-08,0.015562098264271348,4.0014772105830944e-05,0.015521460778349816,0.08002954421166189,0.040014772105830945,1.5799048524298238,1.604427283630338
oracle_regime_pooled_relative_active_te100bp,2024-07-08,2024-07-08,2024-07-15,0.010044646799753166,1.731458083617216e-06,0.010042897949784857,0.003462916167234431,0.0017314580836172155,1.604427283630338,1.6205403831076879
oracle_regime_pooled_relative_active_te100bp,2024-07-15,2024-07-15,2024-07-22,-0.006645986041057996,1.357108324324693e-06,-0.006647334130059357,0.002714216648649386,0.001357108324324693,1.6205403831076879,1.6097681097099168
oracle_regime_pooled_relative_active_te100bp,2024-07-22,2024-07-22,2024-07-29,-0.003066547291220948,7.0752023792457114e-06,-0.003073600797157461,0.014150404758491423,0.007075202379245711,1.6097681097099168,1.6048203251646738
oracle_regime_pooled_relative_active_te100bp,2024-07-29,2024-07-29,2024-08-05,-0.01707487971672986,4.353566791865963e-06,-0.01707915894689238,0.008707133583731926,0.004353566791865963,1.6048203251646738,1.5774113437499828
oracle_regime_pooled_relative_active_te100bp,2024-08-05,2024-08-05,2024-08-12,0.01948571923587587,1.2447600426090276e-05,0.019473029085002702,0.02489520085218055,0.012447600426090276,1.5774113437499828,1.6081283207258394
oracle_regime_pooled_relative_active_te100bp,2024-08-12,2024-08-12,2024-08-19,0.02073192077541349,1.0769129308028726e-06,0.020730821536009136,0.002153825861605745,0.0010769129308028725,1.6081283207258394,1.6414661419498089
oracle_regime_pooled_relative_active_te100bp,2024-08-19,2024-08-19,2024-08-26,0.01217949421058792,1.4324107356197678e-06,0.0121780443538142,0.0028648214712395353,0.0014324107356197676,1.6414661419498089,1.661455989431758
oracle_regime_pooled_relative_active_te100bp,2024-08-26,2024-08-26,2024-09-03,-0.006313554687899546,8.280544642032583e-07,-0.006314377514396563,0.0016561089284065165,0.0008280544642032582,1.661455989431758,1.6509649290909305
oracle_regime_pooled_relative_active_te100bp,2024-09-02,2024-09-03,2024-09-09,-0.004488781965739922,2.3198187397009098e-05,-0.004511876021531691,0.0463963747940182,0.0231981873970091,1.6509649290909305,1.6435159800149755
oracle_regime_pooled_relative_active_te100bp,2024-09-09,2024-09-09,2024-09-16,0.02071831249938679,7.6170214383696885e-06,0.02071053766611808,0.015234042876739375,0.007617021438369688,1.6435159800149755,1.6775540796239425
oracle_regime_pooled_relative_active_te100bp,2024-09-16,2024-09-16,2024-09-23,0.009852502246062052,5.042112645168526e-06,0.00984741045599069,0.010084225290337052,0.005042112645168526,1.6775540796239425,1.6940736432081211
oracle_regime_pooled_relative_active_te100bp,2024-09-23,2024-09-23,2024-09-30,0.0021479495990698594,3.5114013747277894e-06,0.002144430655381946,0.007022802749455579,0.0035114013747277895,1.6940736432081211,1.6977064666610913
oracle_regime_pooled_relative_active_te100bp,2024-09-30,2024-09-30,2024-10-07,-0.0033106919470179776,8.389104078778127e-07,-0.003311528080051973,0.0016778208157556254,0.0008389104078778127,1.6977064666610913,1.6920844640250572
oracle_regime_pooled_relative_active_te100bp,2024-10-07,2024-10-07,2024-10-14,0.0047568069472912556,2.5019416487406456e-06,0.004754293104389129,0.00500388329748129,0.002501941648740645,1.6920844640250572,1.7001291295244154
oracle_regime_pooled_relative_active_te100bp,2024-10-14,2024-10-14,2024-10-21,0.008646446012618488,3.243004562182184e-06,0.00864317496759237,0.006486009124364368,0.003243004562182184,1.7001291295244154,1.7148236430583954
oracle_regime_pooled_relative_active_te100bp,2024-10-21,2024-10-21,2024-10-28,-0.0026002044260791026,5.520305140855475e-06,-0.002605710377298176,0.01104061028171095,0.005520305140855475,1.7148236430583954,1.7103553092964419
oracle_regime_pooled_relative_active_te100bp,2024-10-28,2024-10-28,2024-11-04,-0.005756268011423287,1.267508585728691e-06,-0.005757528223889863,0.002535017171457382,0.001267508585728691,1.7103553092964419,1.7005078903302877
oracle_regime_pooled_relative_active_te100bp,2024-11-04,2024-11-04,2024-11-11,0.007543256283648971,3.803064655397219e-06,0.007539424531502359,0.007606129310794438,0.003803064655397219,1.7005078903302877,1.7133287412346572
oracle_regime_pooled_relative_active_te100bp,2024-11-11,2024-11-11,2024-11-18,-0.01332360777898573,1.3626854550334622e-05,-0.013337053074670813,0.027253709100669245,0.013626854550334622,1.7133287412346572,1.6904779848784517
oracle_regime_pooled_relative_active_te100bp,2024-11-18,2024-11-18,2024-11-25,0.014781463434713205,3.748888755696935e-06,0.014777659131895549,0.007497777511393871,0.0037488887556969353,1.6904779848784517,1.715459292308959
oracle_regime_pooled_relative_active_te100bp,2024-11-25,2024-11-25,2024-12-02,0.005362255115268749,4.9727932015595045e-06,0.005357255656681437,0.009945586403119008,0.004972793201559504,1.715459292308959,1.724649446306488
oracle_regime_pooled_relative_active_te100bp,2024-12-02,2024-12-02,2024-12-09,0.004751902746216603,5.035202735996144e-05,0.004701311450919565,0.10070405471992289,0.05035202735996144,1.724649446306488,1.732757560497231
oracle_regime_pooled_relative_active_te100bp,2024-12-09,2024-12-09,2024-12-16,-0.005496163220601166,1.7917160659884913e-06,-0.005497945089103173,0.0035834321319769824,0.0017917160659884912,1.732757560497231,1.723230954576889
oracle_regime_pooled_relative_active_te100bp,2024-12-16,2024-12-16,2024-12-23,-0.01518457548879882,1.4396451413196528e-06,-0.015185993273539755,0.0028792902826393057,0.0014396451413196528,1.723230954576889,1.6970619808919287
oracle_regime_pooled_relative_active_te100bp,2024-12-23,2024-12-23,2024-12-30,-0.0021743118149526687,2.3677042976827852e-06,-0.0021766743711228997,0.004735408595365571,0.0023677042976827855,1.6970619808919287,1.6933680295719142
oracle_regime_pooled_relative_active_te100bp,2024-12-30,2024-12-30,2025-01-06,0.006016417189815209,1.018120921873312e-06,0.006015392943452991,0.002036241843746624,0.001018120921873312,1.6933680295719142,1.7035543036676701
oracle_regime_pooled_relative_active_te100bp,2025-01-06,2025-01-06,2025-01-13,-0.009790475505957269,5.108637819064485e-05,-0.009841061724213507,0.1021727563812897,0.05108637819064485,1.7035543036676701,1.686789520614727
oracle_regime_pooled_relative_active_te100bp,2025-01-13,2025-01-13,2025-01-21,0.024969336107822454,8.23929604532266e-06,0.024960891082024927,0.016478592090645318,0.008239296045322659,1.686789520614727,1.7288932901170921
oracle_regime_pooled_relative_active_te100bp,2025-01-20,2025-01-21,2025-01-27,0.0001164365421635875,2.6717150710085943e-06,0.00011376451600741966,0.005343430142017188,0.002671715071008594,1.7288932901170921,1.7290899768254708
oracle_regime_pooled_relative_active_te100bp,2025-01-27,2025-01-27,2025-02-03,0.004945793603755362,5.415417317474434e-06,0.0049403514029016105,0.010830834634948869,0.005415417317474434,1.7290899768254708,1.7376322889182236
oracle_regime_pooled_relative_active_te100bp,2025-02-03,2025-02-03,2025-02-10,0.015033544876348738,5.989577378944688e-06,0.015027465254389583,0.011979154757889377,0.005989577378944688,1.7376322889182236,1.7637444977648478
oracle_regime_pooled_relative_active_te100bp,2025-02-10,2025-02-10,2025-02-18,0.005811667045418529,4.120002772076652e-06,0.0058075230985621396,0.008240005544153304,0.004120002772076652,1.7637444977648478,1.773987484675579
oracle_regime_pooled_relative_active_te100bp,2025-02-17,2025-02-18,2025-02-24,-0.001913560121992793,2.3052209523535716e-06,-0.0019158609317663222,0.004610441904707144,0.002305220952353572,1.773987484675579,1.7705887713602466
oracle_regime_pooled_relative_active_te100bp,2025-02-24,2025-02-24,2025-03-03,-0.005492082474611486,6.862425366911139e-07,-0.005492764948247575,0.0013724850733822277,0.0006862425366911139,1.7705887713602466,1.7608633434191583
oracle_regime_pooled_relative_active_te100bp,2025-03-03,2025-03-03,2025-03-10,-0.01322186365536424,2.3632307315517436e-06,-0.013224195639781278,0.0047264614631034865,0.0023632307315517432,1.7608633434191583,1.737577342070864
oracle_regime_pooled_relative_active_te100bp,2025-03-10,2025-03-10,2025-03-17,0.0030264157719911374,8.840807939701061e-06,0.003017548208090748,0.017681615879402125,0.008840807939701063,1.737577342070864,1.742820565465849
oracle_regime_pooled_relative_active_te100bp,2025-03-17,2025-03-17,2025-03-24,0.010039978072616295,5.995056766516572e-06,0.010033922825611441,0.011990113533033144,0.005995056766516572,1.742820565465849,1.760307892518622
oracle_regime_pooled_relative_active_te100bp,2025-03-24,2025-03-24,2025-03-31,-0.004360181191991851,2.6952854238387947e-06,-0.004362864725482973,0.0053905708476775895,0.0026952854238387947,1.760307892518622,1.7526279073083633
oracle_regime_pooled_relative_active_te100bp,2025-03-31,2025-03-31,2025-04-07,-0.046103783543459724,1.028208948713638e-05,-0.04611359158971873,0.02056417897427276,0.01028208948713638,1.7526279073083633,1.671807939782002
oracle_regime_pooled_relative_active_te100bp,2025-04-07,2025-04-07,2025-04-14,0.04735803202463657,1.957078585494361e-05,0.04733753440487831,0.03914157170988722,0.01957078585494361,1.671807939782002,1.7509472056497812
oracle_regime_pooled_relative_active_te100bp,2025-04-14,2025-04-14,2025-04-21,0.004361782946463755,1.160533817205257e-05,0.004350126988325487,0.023210676344105147,0.011605338172052573,1.7509472056497812,1.7585640483442115
oracle_regime_pooled_relative_active_te100bp,2025-04-21,2025-04-21,2025-04-28,0.015014794540368796,1.5321021213714885e-05,0.0149992434771693,0.030642042427429773,0.015321021213714887,1.7585640483442115,1.784941178675523
oracle_regime_pooled_relative_active_te100bp,2025-04-28,2025-04-28,2025-05-05,0.006073527658927074,1.2783541351048193e-05,0.006060666476384036,0.025567082702096386,0.012783541351048193,1.784941178675523,1.7957591118394391
oracle_regime_pooled_relative_active_te100bp,2025-05-05,2025-05-05,2025-05-12,0.005236202389103706,2.4057052840699368e-06,0.005233784087059767,0.004811410568139874,0.002405705284069937,1.7957591118394391,1.805157727303177
oracle_regime_pooled_relative_active_te100bp,2025-05-12,2025-05-12,2025-05-19,0.0019023417100395125,9.140077275886435e-06,0.0018931842452132308,0.018280154551772863,0.009140077275886432,1.805157727303177,1.8085752234726322
oracle_regime_pooled_relative_active_te100bp,2025-05-19,2025-05-19,2025-05-27,0.0059885461734129125,2.405891576924947e-06,0.0059861258740430134,0.004811783153849895,0.0024058915769249473,1.8085752234726322,1.819401582413015
oracle_regime_pooled_relative_active_te100bp,2025-05-26,2025-05-27,2025-06-02,0.006732021261527714,3.788196274782217e-06,0.006728207563035049,0.007576392549564433,0.0037881962747822167,1.819401582413015,1.8316428939000042
oracle_regime_pooled_relative_active_te100bp,2025-06-02,2025-06-02,2025-06-09,0.0031800260638117236,3.89302230121197e-06,0.003176120661598114,0.0077860446024239395,0.0038930223012119698,1.8316428939000042,1.8374604127399894
oracle_regime_pooled_relative_active_te100bp,2025-06-09,2025-06-09,2025-06-16,0.0100712926464582,1.5641592333378657e-07,0.010071134655224245,0.00031283184666757314,0.00015641592333378657,1.8374604127399894,1.8559657239803378
oracle_regime_pooled_relative_active_te100bp,2025-06-16,2025-06-16,2025-06-23,-0.003336374884372478,1.650658496644588e-06,-0.0033380200356535328,0.003301316993289176,0.001650658496644588,1.8559657239803378,1.8497704732082052
oracle_regime_pooled_relative_active_te100bp,2025-06-23,2025-06-23,2025-06-30,0.00852571862089067,5.900608378098144e-07,0.00852512352936019,0.001180121675619629,0.0005900608378098145,1.8497704732082052,1.8655399949932683
oracle_regime_pooled_relative_active_te100bp,2025-06-30,2025-06-30,2025-07-07,0.00513430536225139,3.5127964058400235e-07,0.005133952279033904,0.0007025592811680047,0.00035127964058400237,1.8655399949932683,1.8751175883021929
oracle_regime_pooled_relative_active_te100bp,2025-07-07,2025-07-07,2025-07-14,0.001087950483083282,1.024951028186628e-05,0.001077689821841643,0.02049902056373256,0.01024951028186628,1.8751175883021929,1.8771383834418625
oracle_regime_pooled_relative_active_te100bp,2025-07-14,2025-07-14,2025-07-21,0.007456710407902923,3.037519248167828e-06,0.00745365023875344,0.006075038496335655,0.0030375192481678277,1.8771383834418625,1.8911299164017772
oracle_regime_pooled_relative_active_te100bp,2025-07-21,2025-07-21,2025-07-28,0.0001385507887814566,9.071996568130279e-07,0.00013764346343148048,0.0018143993136260554,0.0009071996568130277,1.8911299164017772,1.8913902180732696
oracle_regime_pooled_relative_active_te100bp,2025-07-28,2025-07-28,2025-08-04,0.0007872247748130423,4.434708138534468e-06,0.0007827865755625218,0.008869416277068939,0.004434708138534469,1.8913902180732696,1.8928707729451275
oracle_regime_pooled_relative_active_te100bp,2025-08-04,2025-08-04,2025-08-11,0.003895392323905477,5.812749951227094e-06,0.003889556931012672,0.011625499902454185,0.005812749951227093,1.8928707729451275,1.9002332015795476
oracle_regime_pooled_relative_active_te100bp,2025-08-11,2025-08-11,2025-08-18,0.002668165984749422,3.8739529187664e-06,0.0026642816954811632,0.007747905837532799,0.0038739529187663997,1.9002332015795476,1.9052959581156614
oracle_regime_pooled_relative_active_te100bp,2025-08-18,2025-08-18,2025-08-25,0.0033192324834388155,1.478646662224782e-06,0.0033177489288045425,0.002957293324449564,0.001478646662224782,1.9052959581156614,1.9116172517397554
oracle_regime_pooled_relative_active_te100bp,2025-08-25,2025-08-25,2025-09-02,0.004508157310503135,8.774640503758438e-07,0.004507275890706541,0.0017549281007516876,0.0008774640503758438,1.9116172517397554,1.9202334380907806
oracle_regime_pooled_relative_active_te100bp,2025-09-01,2025-09-02,2025-09-08,0.021893615278640133,7.852195670572984e-06,0.021885591170018426,0.015704391341145967,0.007852195670572984,1.9202334380907806,1.9622588820678344
oracle_regime_pooled_relative_active_te100bp,2025-09-08,2025-09-08,2025-09-15,0.008707920207141239,4.4351033242363526e-06,0.008703446483291133,0.008870206648472705,0.004435103324236352,1.9622588820678344,1.9793372972342744
oracle_regime_pooled_relative_active_te100bp,2025-09-15,2025-09-15,2025-09-22,0.005855107053577774,5.104494732292343e-07,0.00585459361536822,0.0010208989464584686,0.0005104494732292343,1.9793372972342744,1.9909255127373224
oracle_regime_pooled_relative_active_te100bp,2025-09-22,2025-09-22,2025-09-29,0.007190846588866198,3.3041288852563028e-06,0.007187518700497053,0.006608257770512605,0.0033041288852563027,1.9909255127373224,2.0052353270914187
oracle_regime_pooled_relative_active_te100bp,2025-09-29,2025-09-29,2025-10-06,0.011233796992964281,4.761780525805392e-06,0.01122898171956277,0.009523561051610785,0.0047617805258053925,2.0052353270914187,2.0277520779227496
pooled_relative_posterior_active_te100bp,2018-01-01,2018-01-02,2018-01-08,0.007302391294663599,0.0005,0.006798740099016376,1.0,0.5,1.0,1.0067987400990164
pooled_relative_posterior_active_te100bp,2018-01-08,2018-01-08,2018-01-16,0.008057310857082778,3.1159453868610803e-06,0.0080541698055554,0.006231890773722161,0.0031159453868610807,1.0067987400990164,1.014907668111793
pooled_relative_posterior_active_te100bp,2018-01-15,2018-01-16,2018-01-22,-0.0032585828168885437,2.0299762564537707e-06,-0.0032606061782991524,0.0040599525129075414,0.0020299762564537707,1.014907668111793,1.0115984538987446
pooled_relative_posterior_active_te100bp,2018-01-22,2018-01-22,2018-01-29,0.008865726971634659,2.3199557720443327e-06,0.008863386447768073,0.004639911544088665,0.0023199557720443324,1.0115984538987446,1.0205646419256138
pooled_relative_posterior_active_te100bp,2018-01-29,2018-01-29,2018-02-05,-0.021041285808420778,1.8206520238931322e-06,-0.021043068151585076,0.0036413040477862643,0.0018206520238931321,1.0205646419256138,0.9990888306124751
pooled_relative_posterior_active_te100bp,2018-02-05,2018-02-05,2018-02-12,-0.017016168152306884,1.4476837978936226e-06,-0.0170175912020738,0.0028953675957872453,0.0014476837978936227,0.9990888306124751,0.982086745318554
pooled_relative_posterior_active_te100bp,2018-02-12,2018-02-12,2018-02-20,0.013934394823233881,2.9157618844361427e-06,0.013931438431971976,0.005831523768872285,0.0029157618844361426,0.982086745318554,0.9957686263458152
pooled_relative_posterior_active_te100bp,2018-02-19,2018-02-20,2018-02-26,0.004578167330354023,4.829305125391417e-07,0.0045776821889047525,0.0009658610250782834,0.0004829305125391417,0.9957686263458152,1.0003269386509086
pooled_relative_posterior_active_te100bp,2018-02-26,2018-02-26,2018-03-05,-0.013223599244931591,5.467744458723503e-07,-0.013224138789051265,0.0010935488917447004,0.0005467744458723502,1.0003269386509086,0.9870984763797622
pooled_relative_posterior_active_te100bp,2018-03-05,2018-03-05,2018-03-12,0.012282982535722046,1.3376291813413837e-06,0.012281628476464856,0.0026752583626827673,0.0013376291813413837,0.9870984763797622,0.999221653136343
pooled_relative_posterior_active_te100bp,2018-03-12,2018-03-12,2018-03-19,-0.0057384535159562145,7.504392389607144e-07,-0.005739199648834514,0.0015008784779214288,0.0007504392389607144,0.999221653136343,0.9934869205755551
pooled_relative_posterior_active_te100bp,2018-03-19,2018-03-19,2018-03-26,-0.009432857574495928,4.0660685833416715e-07,-0.009433260345889649,0.0008132137166683342,0.0004066068583341671,0.9934869205755551,0.9841150998035297
pooled_relative_posterior_active_te100bp,2018-03-26,2018-03-26,2018-04-02,0.00222426957838208,2.5535061329672972e-06,0.0022217103925630255,0.005107012265934595,0.0025535061329672974,0.9841150998035297,0.9863015185482414
pooled_relative_posterior_active_te100bp,2018-04-02,2018-04-02,2018-04-09,-0.0011179416901623217,1.349887015613516e-06,-0.0011192900680829787,0.0026997740312270316,0.0013498870156135158,0.9863015185482414,0.9851975610543953
pooled_relative_posterior_active_te100bp,2018-04-09,2018-04-09,2018-04-16,0.009528119903590341,1.4846098538216815e-06,0.009526621148195913,0.0029692197076433627,0.0014846098538216813,0.9851975610543953,0.9945831649746871
pooled_relative_posterior_active_te100bp,2018-04-16,2018-04-16,2018-04-23,-0.00725003455463162,1.5368008283849376e-06,-0.0072515602136008495,0.003073601656769875,0.0015368008283849375,0.9945831649746871,0.9873708852664395
pooled_relative_posterior_active_te100bp,2018-04-23,2018-04-23,2018-04-30,-0.0019584185031600184,1.2011180074096944e-06,-0.001959617268875724,0.002402236014819389,0.0012011180074096945,0.9873708852664395,0.9854360162288862
pooled_relative_posterior_active_te100bp,2018-04-30,2018-04-30,2018-05-07,-0.0009068898597687171,1.3743250911293108e-06,-0.0009082629384984386,0.0027486501822586214,0.0013743250911293107,0.9854360162288862,0.984540981217084
pooled_relative_posterior_active_te100bp,2018-05-07,2018-05-07,2018-05-14,0.009513215321319239,6.147572562702225e-07,0.009512594715744838,0.0012295145125404451,0.0006147572562702226,0.984540981217084,0.9939065205524439
pooled_relative_posterior_active_te100bp,2018-05-14,2018-05-14,2018-05-21,-0.007887322005747786,6.019217707730999e-07,-0.007887919179967784,0.0012038435415461998,0.0006019217707730999,0.9939065205524439,0.9860666662458832
pooled_relative_posterior_active_te100bp,2018-05-21,2018-05-21,2018-05-29,0.0019196032733655537,1.5089521825268738e-06,0.0019180914245933156,0.0030179043650537477,0.0015089521825268739,0.9860666662458832,0.9879580322624868
pooled_relative_posterior_active_te100bp,2018-05-28,2018-05-29,2018-06-04,0.004670627163973933,1.3218002607052636e-06,0.004669299190077192,0.002643600521410527,0.0013218002607052635,0.9879580322624868,0.9925711039023603
pooled_relative_posterior_active_te100bp,2018-06-04,2018-06-04,2018-06-11,0.0037679530197152963,7.76339909393695e-07,0.003767173754593456,0.0015526798187873898,0.0007763399093936949,0.9925711039023603,0.9963102917145491
pooled_relative_posterior_active_te100bp,2018-06-11,2018-06-11,2018-06-18,-0.0023668087869154093,5.667352497622183e-07,-0.0023673741808112325,0.0011334704995244367,0.0005667352497622184,0.9963102917145491,0.9939516524538675
pooled_relative_posterior_active_te100bp,2018-06-18,2018-06-18,2018-06-25,-0.005994017003556984,1.2200941588447233e-06,-0.005995229784450662,0.002440188317689447,0.0012200941588447235,0.9939516524538675,0.9879926839027722
pooled_relative_posterior_active_te100bp,2018-06-25,2018-06-25,2018-07-02,-0.006063929950523817,9.487039015382039e-07,-0.0060648729015514435,0.0018974078030764077,0.0009487039015382039,0.9879926839027722,0.9820006338472391
pooled_relative_posterior_active_te100bp,2018-07-02,2018-07-02,2018-07-09,0.013153705622874955,1.966824703684517e-06,0.013151712927138126,0.0039336494073690335,0.0019668247036845167,0.9820006338472391,0.9949156242778657
pooled_relative_posterior_active_te100bp,2018-07-09,2018-07-09,2018-07-16,0.0020006288504886074,1.3666811247747536e-06,0.00199925943514212,0.0027333622495495074,0.0013666811247747537,0.9949156242778657,0.9969047187268736
pooled_relative_posterior_active_te100bp,2018-07-16,2018-07-16,2018-07-23,-0.0032347029566665094,4.2742656804291117e-07,-0.003235129000636494,0.0008548531360858223,0.00042742656804291117,0.9969047187268736,0.9936796033604489
pooled_relative_posterior_active_te100bp,2018-07-23,2018-07-23,2018-07-30,0.0026543700466532018,4.1019913792913686e-07,0.0026539587586951185,0.0008203982758582737,0.00041019913792913684,0.9936796033604489,0.9963167880471241
pooled_relative_posterior_active_te100bp,2018-07-30,2018-07-30,2018-08-06,0.003061577850445774,4.849842508903691e-07,0.0030610913813777785,0.0009699685017807384,0.0004849842508903692,0.9963167880471241,0.9993666047801372
pooled_relative_posterior_active_te100bp,2018-08-06,2018-08-06,2018-08-13,-0.0016523160193903266,5.334986721942894e-07,-0.0016528486365541273,0.0010669973443885785,0.0005334986721942893,0.9993666047801372,0.9977148030500086
pooled_relative_posterior_active_te100bp,2018-08-13,2018-08-13,2018-08-20,0.0033536819690934716,1.023741270136727e-06,0.0033526547945208485,0.0020474825402734542,0.0010237412701367271,0.9977148030500086,1.0010597963680186
pooled_relative_posterior_active_te100bp,2018-08-20,2018-08-20,2018-08-27,0.006050644523303278,2.463803328740625e-07,0.006050396652210521,0.0004927606657481251,0.00024638033287406255,1.0010597963680186,1.0071166052086262
pooled_relative_posterior_active_te100bp,2018-08-27,2018-08-27,2018-09-04,-0.00336089393999265,1.2067684423146064e-06,-0.0033620966526141105,0.0024135368846292127,0.0012067684423146064,1.0071166052086262,1.0037305818414621
pooled_relative_posterior_active_te100bp,2018-09-03,2018-09-04,2018-09-10,-0.0011818150361006716,6.53672090995672e-07,-0.0011824679356722267,0.001307344181991344,0.000653672090995672,1.0037305818414621,1.002543702612381
pooled_relative_posterior_active_te100bp,2018-09-10,2018-09-10,2018-09-17,0.003837721897797383,7.002354035594553e-07,0.003837018975085149,0.0014004708071189108,0.0007002354035594554,1.002543702612381,1.0063904818226568
pooled_relative_posterior_active_te100bp,2018-09-17,2018-09-17,2018-09-24,0.0005955931696047898,7.555517934301108e-07,0.0005948371678099473,0.0015111035868602216,0.0007555517934301108,1.0063904818226568,1.006989120286575
pooled_relative_posterior_active_te100bp,2018-09-24,2018-09-24,2018-10-01,0.0007949981361397773,5.848362118168107e-07,0.0007944128349841595,0.0011696724236336213,0.0005848362118168107,1.006989120286575,1.0077890853684202
pooled_relative_posterior_active_te100bp,2018-10-01,2018-10-01,2018-10-08,-0.011739464785998324,1.2461246785868407e-06,-0.011740696281840046,0.0024922493571736815,0.0012461246785868407,1.0077890853684202,0.9959569398009561
pooled_relative_posterior_active_te100bp,2018-10-08,2018-10-08,2018-10-15,-0.006865354077991447,1.6965084309290461e-06,-0.006867038939291414,0.0033930168618580923,0.0016965084309290461,0.9959569398009561,0.9891176647134854
pooled_relative_posterior_active_te100bp,2018-10-15,2018-10-15,2018-10-22,-0.0004725430569751084,1.1600651417641666e-06,-0.0004737025739360856,0.002320130283528333,0.0011600651417641664,0.9891176647134854,0.988649117129785
pooled_relative_posterior_active_te100bp,2018-10-22,2018-10-22,2018-10-29,-0.00887793753104114,7.976128704443976e-07,-0.00887872806275436,0.0015952257408887952,0.0007976128704443976,0.988649117129785,0.9798711704693074
pooled_relative_posterior_active_te100bp,2018-10-29,2018-10-29,2018-11-05,0.0022535888663412114,4.378215943515686e-06,0.002249200783698946,0.008756431887031372,0.004378215943515686,0.9798711704693074,0.9820750974738509
pooled_relative_posterior_active_te100bp,2018-11-05,2018-11-05,2018-11-12,0.00404385766979581,6.607566916181049e-07,0.004043194241098336,0.00132151338323621,0.000660756691618105,0.9820750974738509,0.9860458178522833
pooled_relative_posterior_active_te100bp,2018-11-12,2018-11-12,2018-11-19,-0.007458315761292373,9.932594469109932e-07,-0.0074593016126967004,0.0019865188938219865,0.0009932594469109933,0.9860458178522833,0.978690604692985
pooled_relative_posterior_active_te100bp,2018-11-19,2018-11-19,2018-11-26,-0.006947517914514031,1.9871029907962865e-07,-0.0069477152442697365,0.00039742059815925726,0.00019871029907962863,0.978690604692985,0.9718909410593359
pooled_relative_posterior_active_te100bp,2018-11-26,2018-11-26,2018-12-03,0.019358578820371203,2.9277195335546977e-06,0.0193555944243482,0.005855439067109397,0.0029277195335546983,0.9718909410593359,0.9907024679391785
pooled_relative_posterior_active_te100bp,2018-12-03,2018-12-03,2018-12-10,-0.015813829762207954,2.9202434666829118e-06,-0.015816703825441536,0.005840486933365823,0.0029202434666829114,0.9907024679391785,0.9750328204246506
pooled_relative_posterior_active_te100bp,2018-12-10,2018-12-10,2018-12-17,-0.0032087262840141367,5.756993351738854e-06,-0.0032144648047499613,0.011513986703477709,0.005756993351738854,0.9750328204246506,0.9718986117399194
pooled_relative_posterior_active_te100bp,2018-12-17,2018-12-17,2018-12-24,-0.02365521512065588,4.0251690953952445e-06,-0.023659145073510413,0.00805033819079049,0.004025169095395245,0.9718986117399194,0.9489043214880213
pooled_relative_posterior_active_te100bp,2018-12-24,2018-12-24,2018-12-31,0.017659879477051867,1.569488819975212e-05,0.017643907419018223,0.03138977639950424,0.01569488819975212,0.9489043214880213,0.9656467014858623
pooled_relative_posterior_active_te100bp,2018-12-31,2018-12-31,2019-01-07,0.010983726138397381,1.5062615462048974e-06,0.010982203332486895,0.0030125230924097947,0.0015062615462048973,0.9656467014858623,0.9762516299089253
pooled_relative_posterior_active_te100bp,2019-01-07,2019-01-07,2019-01-14,0.007788077006565528,7.353844500440398e-07,0.007787335894884784,0.0014707689000880795,0.0007353844500440397,0.9762516299089253,0.9838540292689549
pooled_relative_posterior_active_te100bp,2019-01-14,2019-01-14,2019-01-22,0.011193210527086377,1.7145101632130809e-06,0.01119147682605015,0.0034290203264261618,0.0017145101632130809,0.9838540292689549,0.9948648088377345
pooled_relative_posterior_active_te100bp,2019-01-21,2019-01-22,2019-01-28,0.001619681971478805,1.5642208659042214e-06,0.0016181152170726687,0.003128441731808443,0.0015642208659042214,0.9948648088377345,0.996474614723845
pooled_relative_posterior_active_te100bp,2019-01-28,2019-01-28,2019-02-04,0.015077664434466197,1.6651717232283497e-06,0.015075974155842387,0.0033303434464566992,0.0016651717232283496,0.996474614723845,1.0114974402623746
pooled_relative_posterior_active_te100bp,2019-02-04,2019-02-04,2019-02-11,0.0015248696858607223,1.2945104777746458e-06,0.0015235732014231562,0.0025890209555492916,0.0012945104777746458,1.0114974402623746,1.0130385306556666
pooled_relative_posterior_active_te100bp,2019-02-11,2019-02-11,2019-02-19,0.011341981234094396,1.2365144605328126e-06,0.011340730695110102,0.002473028921065625,0.0012365144605328126,1.0130385306556666,1.0245271278156025
pooled_relative_posterior_active_te100bp,2019-02-18,2019-02-19,2019-02-25,0.004966596954863514,2.5267124341100845e-06,0.004964057693267243,0.0050534248682201684,0.0025267124341100842,1.0245271278156025,1.0296129395863964
pooled_relative_posterior_active_te100bp,2019-02-25,2019-02-25,2019-03-04,-0.004082311252676225,2.55981236706084e-06,-0.0040848606150925,0.00511962473412168,0.00255981236706084,1.0296129395863964,1.0254071142406904
pooled_relative_posterior_active_te100bp,2019-03-04,2019-03-04,2019-03-11,-0.005317435309708447,9.402978803657288e-07,-0.005318370607615641,0.0018805957607314575,0.0009402978803657288,1.0254071142406904,1.0199536191834728
pooled_relative_posterior_active_te100bp,2019-03-11,2019-03-11,2019-03-18,0.01219962070649296,7.88540447317244e-07,0.012198822546151344,0.0015770808946344878,0.0007885404473172439,1.0199536191834728,1.0323958523891967
pooled_relative_posterior_active_te100bp,2019-03-18,2019-03-18,2019-03-25,0.003741669822166005,4.746320142953375e-07,0.0037411934142355108,0.000949264028590675,0.0004746320142953375,1.0323958523891967,1.0362582449530393
pooled_relative_posterior_active_te100bp,2019-03-25,2019-03-25,2019-04-01,0.005928804681820475,7.093052770210056e-07,0.0059280911712109585,0.0014186105540420109,0.0007093052770210054,1.0362582449530393,1.04240127830604
pooled_relative_posterior_active_te100bp,2019-04-01,2019-04-01,2019-04-08,0.004831613049184084,1.8191933171254783e-06,0.004829785066228887,0.003638386634250956,0.001819193317125478,1.04240127830604,1.0474358524330203
pooled_relative_posterior_active_te100bp,2019-04-08,2019-04-08,2019-04-15,0.0024334721139608554,1.1525433706435383e-06,0.00243231676590816,0.0023050867412870765,0.0011525433706435382,1.0474358524330203,1.0499835482181064
pooled_relative_posterior_active_te100bp,2019-04-15,2019-04-15,2019-04-22,-0.0040764533870328076,6.681866244677261e-07,-0.004077118849825645,0.0013363732489354522,0.0006681866244677261,1.0499835482181064,1.0457026405016594
pooled_relative_posterior_active_te100bp,2019-04-22,2019-04-22,2019-04-29,0.00858146788171451,5.377301329881641e-07,0.008580925537067685,0.001075460265976328,0.000537730132988164,1.0457026405016594,1.0546757369937192
pooled_relative_posterior_active_te100bp,2019-04-29,2019-04-29,2019-05-06,-0.005740788093850231,7.195049375663242e-07,-0.00574150346826241,0.0014390098751326484,0.0007195049375663242,1.0546757369937192,1.0486203125918776
pooled_relative_posterior_active_te100bp,2019-05-06,2019-05-06,2019-05-13,-0.006250207155715595,3.44714404341851e-06,-0.006253632754394611,0.00689428808683702,0.00344714404341851,1.0486203125918776,1.0420626262581296
pooled_relative_posterior_active_te100bp,2019-05-13,2019-05-13,2019-05-20,0.0006582553756613837,4.626229995205106e-06,0.0006536261004252975,0.009252459990410213,0.004626229995205107,1.0420626262581296,1.0427437455889297
pooled_relative_posterior_active_te100bp,2019-05-20,2019-05-20,2019-05-28,0.0010199018395215908,1.2744146780486768e-06,0.001018626125065758,0.0025488293560973537,0.0012744146780486769,1.0427437455889297,1.0438059116099354
pooled_relative_posterior_active_te100bp,2019-05-27,2019-05-28,2019-06-03,-0.002440222780798675,6.879343068200697e-07,-0.0024409090363926023,0.0013758686136401393,0.0006879343068200696,1.0438059116099354,1.0412580763280468
pooled_relative_posterior_active_te100bp,2019-06-03,2019-06-03,2019-06-10,0.022366319849722278,7.416724201977781e-07,0.022365561588819638,0.0014833448403955563,0.0007416724201977781,1.0412580763280468,1.0645463979640175
pooled_relative_posterior_active_te100bp,2019-06-10,2019-06-10,2019-06-17,0.002225740336822177,2.1380241362885443e-06,0.002223597553999257,0.004276048272577089,0.0021380241362885443,1.0645463979640175,1.066913520730649
pooled_relative_posterior_active_te100bp,2019-06-17,2019-06-17,2019-06-24,0.022417619232133423,4.220810502300852e-07,0.022417187689030893,0.0008441621004601704,0.0004220810502300852,1.066913520730649,1.0908307213728328
pooled_relative_posterior_active_te100bp,2019-06-24,2019-06-24,2019-07-01,0.0031570443913625807,7.561105491059613e-07,0.0031562858937390637,0.0015122210982119223,0.0007561105491059612,1.0908307213728328,1.0942736949911591
pooled_relative_posterior_active_te100bp,2019-07-01,2019-07-01,2019-07-08,0.00021503020465044216,3.0846791814433426e-06,0.00021194486216979946,0.006169358362886686,0.003084679181443343,1.0942736949911591,1.0945056206786201
pooled_relative_posterior_active_te100bp,2019-07-08,2019-07-08,2019-07-15,0.003566170462958801,1.2223980825313677e-06,0.0035649437055964572,0.002444796165062735,0.0012223980825313676,1.0945056206786201,1.0984074716017984
pooled_relative_posterior_active_te100bp,2019-07-15,2019-07-15,2019-07-22,0.0002660573008590253,5.911245734823615e-07,0.00026546601901245026,0.0011822491469647232,0.0005911245734823616,1.0984074716017984,1.098699061460538
pooled_relative_posterior_active_te100bp,2019-07-22,2019-07-22,2019-07-29,0.005298896573048929,5.669494155663372e-07,0.005298326619427085,0.0011338988311326743,0.0005669494155663372,1.098699061460538,1.104520327944614
pooled_relative_posterior_active_te100bp,2019-07-29,2019-07-29,2019-08-05,-0.00805225192273712,5.333001181680123e-07,-0.008052780928588299,0.0010666002363360245,0.0005333001181680123,1.104520327944614,1.0956258677125037
pooled_relative_posterior_active_te100bp,2019-08-05,2019-08-05,2019-08-12,0.009171847326439055,4.73616518115692e-06,0.009167067721874034,0.009472330362313841,0.004736165181156921,1.0956258677125037,1.1056695442396611
pooled_relative_posterior_active_te100bp,2019-08-12,2019-08-12,2019-08-19,0.004540706911774993,1.9019603634278792e-06,0.004538796315166849,0.0038039207268557584,0.0019019603634278792,1.1056695442396611,1.1106879530928484
pooled_relative_posterior_active_te100bp,2019-08-19,2019-08-19,2019-08-26,0.0026828999875019247,3.7364048134345435e-06,0.002679153558287961,0.0074728096268690865,0.0037364048134345433,1.1106879530928484,1.1136636566745246
pooled_relative_posterior_active_te100bp,2019-08-26,2019-08-26,2019-09-03,0.005371488190989241,1.5258470996219915e-06,0.005369954147819822,0.003051694199243983,0.0015258470996219915,1.1136636566745246,1.1196439794469601
pooled_relative_posterior_active_te100bp,2019-09-02,2019-09-03,2019-09-09,0.0045598890892148,1.7048615765677667e-06,0.0045581764536586356,0.0034097231531355337,0.0017048615765677668,1.1196439794469601,1.1247475142705559
pooled_relative_posterior_active_te100bp,2019-09-09,2019-09-09,2019-09-16,-0.006137369766676962,1.7064216084900809e-06,-0.00613906571534506,0.0034128432169801617,0.0017064216084900809,1.1247475142705559,1.1178426153672778
pooled_relative_posterior_active_te100bp,2019-09-16,2019-09-16,2019-09-23,0.006884431264549922,2.0216533753045685e-06,0.006882395693240895,0.004043306750609137,0.0020216533753045687,1.1178426153672778,1.1255360505690026
pooled_relative_posterior_active_te100bp,2019-09-23,2019-09-23,2019-09-30,-0.007402622452902561,8.833321684796024e-07,-0.007403499246096512,0.0017666643369592047,0.0008833321684796024,1.1255360505690026,1.1172031452671605
pooled_relative_posterior_active_te100bp,2019-09-30,2019-09-30,2019-10-07,0.0019314828907577915,1.2862963478860118e-06,0.0019301941099505449,0.0025725926957720236,0.0012862963478860118,1.1172031452671605,1.1193595641977734
pooled_relative_posterior_active_te100bp,2019-10-07,2019-10-07,2019-10-14,-0.0003582051409365002,4.3935569573837205e-07,-0.0003586443392528116,0.0008787113914767442,0.0004393556957383721,1.1193595641977734,1.1189581122264853
pooled_relative_posterior_active_te100bp,2019-10-14,2019-10-14,2019-10-21,0.004611762604777176,8.684920382835762e-07,0.004610890107459964,0.0017369840765671524,0.0008684920382835762,1.1189581122264853,1.1241175051168124
pooled_relative_posterior_active_te100bp,2019-10-21,2019-10-21,2019-10-28,0.004539176095121173,1.243696969061611e-06,0.0045379267527925204,0.0024873939381232224,0.0012436969690616112,1.1241175051168124,1.1292186680165643
pooled_relative_posterior_active_te100bp,2019-10-28,2019-10-28,2019-11-04,0.008083666087310714,1.626122615437633e-06,0.00808202681966308,0.003252245230875266,0.001626122615437633,1.1292186680165643,1.1383450435767384
pooled_relative_posterior_active_te100bp,2019-11-04,2019-11-04,2019-11-11,-0.009113918390936724,1.6857231708607424e-06,-0.009115588750564063,0.0033714463417214846,0.0016857231708607423,1.1383450435767384,1.1279683583032498
pooled_relative_posterior_active_te100bp,2019-11-11,2019-11-11,2019-11-18,0.008212062188911507,1.3536878517830685e-06,0.008210697384490873,0.0027073757035661374,0.0013536878517830687,1.1279683583032498,1.1372297651525587
pooled_relative_posterior_active_te100bp,2019-11-18,2019-11-18,2019-11-25,0.0006609254198995661,5.660950753704139e-07,0.0006603589506775087,0.0011321901507408277,0.0005660950753704139,1.1372297651525587,1.1379807450069541
pooled_relative_posterior_active_te100bp,2019-11-25,2019-11-25,2019-12-02,0.002376212183669122,8.021905302728225e-07,0.002375408086963793,0.001604381060545645,0.0008021905302728225,1.1379807450069541,1.1406839136714526
pooled_relative_posterior_active_te100bp,2019-12-02,2019-12-02,2019-12-09,0.003372310031093739,1.2175057539674275e-06,0.0033710884195330415,0.0024350115079348547,0.0012175057539674274,1.1406839136714526,1.144529260003178
pooled_relative_posterior_active_te100bp,2019-12-09,2019-12-09,2019-12-16,0.008612107243594718,7.555863332101799e-07,0.008611345150071115,0.0015111726664203597,0.0007555863332101799,1.144529260003178,1.1543851964954208
pooled_relative_posterior_active_te100bp,2019-12-16,2019-12-16,2019-12-23,0.004739968310072621,1.332923741449503e-06,0.0047386290683149035,0.002665847482899006,0.001332923741449503,1.1543851964954208,1.1598553997435663
pooled_relative_posterior_active_te100bp,2019-12-23,2019-12-23,2019-12-30,0.005390653963772019,4.6376893341595593e-07,0.005390187694820803,0.0009275378668319118,0.0004637689334159559,1.1598553997435663,1.1661072380470356
pooled_relative_posterior_active_te100bp,2019-12-30,2019-12-30,2020-01-06,0.006632546271845388,7.804165448665012e-07,0.006631760679151499,0.0015608330897330025,0.0007804165448665012,1.1661072380470356,1.1738405821759899
pooled_relative_posterior_active_te100bp,2020-01-06,2020-01-06,2020-01-13,0.0035923744138633544,2.725783353495762e-06,0.0035896388384755173,0.005451566706991524,0.002725783353495762,1.1738405821759899,1.1780542459199475
pooled_relative_posterior_active_te100bp,2020-01-13,2020-01-13,2020-01-21,0.005903449862984238,8.81618386592099e-07,0.00590256304000758,0.0017632367731841977,0.0008816183865920989,1.1780542459199475,1.1850077853710386
pooled_relative_posterior_active_te100bp,2020-01-20,2020-01-21,2020-01-27,-0.003761402556696422,1.432563288162749e-06,-0.0037628297315374093,0.0028651265763254977,0.0014325632881627488,1.1850077853710386,1.180548802844141
pooled_relative_posterior_active_te100bp,2020-01-27,2020-01-27,2020-02-03,0.0024136230049091184,4.282641103290824e-06,0.0024093300271248452,0.008565282206581648,0.004282641103290824,1.180548802844141,1.1833931345233197
pooled_relative_posterior_active_te100bp,2020-02-03,2020-02-03,2020-02-10,0.009376064670218806,1.6215262886266135e-06,0.009374427940394892,0.0032430525772532267,0.0016215262886266134,1.1833931345233197,1.1944867681880666
pooled_relative_posterior_active_te100bp,2020-02-10,2020-02-10,2020-02-18,0.008364985429391887,9.963960839854646e-07,0.00836398069846922,0.001992792167970929,0.0009963960839854645,1.1944867681880666,1.2044774324617684
pooled_relative_posterior_active_te100bp,2020-02-17,2020-02-18,2020-02-24,-0.0034520864759775526,1.2532757572736174e-06,-0.003453335425318449,0.0025065515145472348,0.0012532757572736174,1.2044774324617684,1.2003179678752516
pooled_relative_posterior_active_te100bp,2020-02-24,2020-02-24,2020-03-02,-0.036197167575810416,8.485195521261193e-06,-0.03620534563128741,0.016970391042522383,0.008485195521261191,1.2003179678752516,1.1568600409808836
pooled_relative_posterior_active_te100bp,2020-03-02,2020-03-02,2020-03-09,-0.026215977915695007,1.9038161641838185e-06,-0.02621783182145665,0.003807632328367637,0.0019038161641838185,1.1568600409808836,1.1265296789854833
pooled_relative_posterior_active_te100bp,2020-03-09,2020-03-09,2020-03-16,-0.10709116108336494,1.572526592951274e-05,-0.10710520231230769,0.03145053185902548,0.01572526592951274,1.1265296789854833,1.005872489806924
pooled_relative_posterior_active_te100bp,2020-03-16,2020-03-16,2020-03-23,-0.034780358651310926,1.3659926726606298e-05,-0.03479354348088681,0.027319853453212594,0.013659926726606297,1.005872489806924,0.9708746215965989
pooled_relative_posterior_active_te100bp,2020-03-23,2020-03-23,2020-03-30,0.09890057190503475,8.15159249804893e-06,0.09889161411537661,0.016303184996097862,0.008151592498048931,0.9708746215965989,1.066885980029942
pooled_relative_posterior_active_te100bp,2020-03-30,2020-03-30,2020-04-06,0.0021167735740432805,1.5668192778339564e-06,0.0021152034381637375,0.003133638555667913,0.0015668192778339565,1.066885980029942,1.06914266092303
pooled_relative_posterior_active_te100bp,2020-04-06,2020-04-06,2020-04-13,0.06279965710458345,3.242479642538678e-05,0.06276519604206077,0.06484959285077356,0.03242479642538678,1.06914266092303,1.1362476096327945
pooled_relative_posterior_active_te100bp,2020-04-13,2020-04-13,2020-04-20,-0.0006989520568607879,1.390431225077767e-06,-0.0007003415162410986,0.0027808624501555338,0.0013904312250777669,1.1362476096327945,1.135451848259039
pooled_relative_posterior_active_te100bp,2020-04-20,2020-04-20,2020-04-27,0.004253259010570555,6.646922991711513e-06,0.0042465838164937875,0.013293845983423022,0.006646922991711511,1.135451848259039,1.1402736397022637
pooled_relative_posterior_active_te100bp,2020-04-27,2020-04-27,2020-05-04,-0.008977506071214829,1.8786831733343952e-06,-0.008979367888498624,0.0037573663466687907,0.0018786831733343954,1.1402736397022637,1.1300347031978197
pooled_relative_posterior_active_te100bp,2020-05-04,2020-05-04,2020-05-11,0.007457926200904179,3.8850130024903936e-06,0.007454012213761407,0.007770026004980787,0.0038850130024903934,1.1300347031978197,1.1384579956774306
pooled_relative_posterior_active_te100bp,2020-05-11,2020-05-11,2020-05-18,0.014473980141944216,1.7774223544244486e-05,0.014455948654641393,0.03554844708848897,0.017774223544244485,1.1384579956774306,1.1549154860084094
pooled_relative_posterior_active_te100bp,2020-05-18,2020-05-18,2020-05-26,0.014897411918422178,4.701721458586482e-06,0.01489264015348235,0.009403442917172964,0.004701721458586482,1.1549154860084094,1.1721152267492168
pooled_relative_posterior_active_te100bp,2020-05-25,2020-05-26,2020-06-01,0.00475567015175765,4.7334918755353985e-06,0.00475091414895612,0.009466983751070798,0.004733491875535399,1.1721152267492168,1.1776838455641865
pooled_relative_posterior_active_te100bp,2020-06-01,2020-06-01,2020-06-08,0.01830512232423628,6.535878970706945e-07,0.018304456772332944,0.0013071757941413892,0.0006535878970706946,1.1776838455641865,1.1992407086067909
pooled_relative_posterior_active_te100bp,2020-06-08,2020-06-08,2020-06-15,-0.025211277918851353,1.0781917302024621e-05,-0.025221788010239776,0.02156383460404924,0.01078191730202462,1.1992407086067909,1.1689937136810606
pooled_relative_posterior_active_te100bp,2020-06-15,2020-06-15,2020-06-22,0.024218517091832835,4.0185624419422585e-06,0.024214401205767677,0.008037124883884517,0.004018562441942259,1.1689937136810606,1.197300196471154
pooled_relative_posterior_active_te100bp,2020-06-22,2020-06-22,2020-06-29,-0.007961953286172831,1.3047415476789096e-06,-0.00796324763942935,0.002609483095357819,0.0013047415476789095,1.197300196471154,1.1877657985079169
pooled_relative_posterior_active_te100bp,2020-06-29,2020-06-29,2020-07-06,0.025516973479098787,8.436924391932592e-05,0.02543045138741995,0.16873848783865183,0.08436924391932592,1.1877657985079169,1.2179712189065124
pooled_relative_posterior_active_te100bp,2020-07-06,2020-07-06,2020-07-13,0.008254256780681183,8.230741293540616e-06,0.008245958100735473,0.01646148258708123,0.008230741293540615,1.2179712189065124,1.228014558545517
pooled_relative_posterior_active_te100bp,2020-07-13,2020-07-13,2020-07-20,0.007245838624119849,1.6122536027665981e-06,0.007244214688387762,0.003224507205533196,0.001612253602766598,1.228014558545517,1.2369105596480865
pooled_relative_posterior_active_te100bp,2020-07-20,2020-07-20,2020-07-27,0.012813066364411062,7.549408363449645e-07,0.01281230175046777,0.0015098816726899292,0.0007549408363449646,1.2369105596480865,1.2527582309766376
pooled_relative_posterior_active_te100bp,2020-07-27,2020-07-27,2020-08-03,0.011286653077418229,2.0335435364662417e-06,0.011284596581981443,0.0040670870729324834,0.0020335435364662417,1.2527582309766376,1.2668951022279658
pooled_relative_posterior_active_te100bp,2020-08-03,2020-08-03,2020-08-10,0.014794496553086962,1.4440024977241155e-06,0.014793031187299466,0.0028880049954482304,0.0014440024977241152,1.2668951022279658,1.285636320986261
pooled_relative_posterior_active_te100bp,2020-08-10,2020-08-10,2020-08-17,-0.010913982378408085,1.2187991440310365e-07,-0.010914102928127223,0.00024375982880620733,0.00012187991440310367,1.285636320986261,1.2716047538508781
pooled_relative_posterior_active_te100bp,2020-08-17,2020-08-17,2020-08-24,0.005860765014440755,6.53387466009361e-06,0.005854192846276529,0.01306774932018722,0.00653387466009361,1.2716047538508781,1.2790489733041632
pooled_relative_posterior_active_te100bp,2020-08-24,2020-08-24,2020-08-31,0.007699274613819343,2.264635154864088e-06,0.007696992542616465,0.004529270309728176,0.002264635154864088,1.2790489733041632,1.2888938037133266
pooled_relative_posterior_active_te100bp,2020-08-31,2020-08-31,2020-09-08,-0.01873842194967556,5.877876648982139e-06,-0.01874418968419167,0.011755753297964279,0.0058778766489821395,1.2888938037133266,1.2647345337737448
pooled_relative_posterior_active_te100bp,2020-09-07,2020-09-08,2020-09-14,0.006216605836056243,3.7867158950097433e-06,0.006212795579641162,0.007573431790019486,0.003786715895009743,1.2647345337737448,1.272592070894594
pooled_relative_posterior_active_te100bp,2020-09-14,2020-09-14,2020-09-21,-0.014364679538065594,1.838403560558165e-06,-0.014366491533548187,0.0036768071211163295,0.0018384035605581647,1.272592070894594,1.2543093876824263
pooled_relative_posterior_active_te100bp,2020-09-21,2020-09-21,2020-09-28,0.0002944387793666664,3.978014756596298e-06,0.00029045959332818505,0.007956029513192596,0.003978014756596298,1.2543093876824263,1.2546737138770803
pooled_relative_posterior_active_te100bp,2020-09-28,2020-09-28,2020-10-05,0.008048373202915064,2.2976199874210415e-06,0.00804605709082451,0.004595239974842083,0.0022976199874210415,1.2546737138770803,1.2647688902092922
pooled_relative_posterior_active_te100bp,2020-10-05,2020-10-05,2020-10-12,0.018712745689274092,1.53722527952152e-06,0.018711179698288838,0.0030744505590430404,0.0015372252795215202,1.2647688902092922,1.2884342081908036
pooled_relative_posterior_active_te100bp,2020-10-12,2020-10-12,2020-10-19,-0.0023917591452503662,1.6646340523382537e-06,-0.002393419797898977,0.003329268104676507,0.0016646340523382534,1.2884342081908036,1.2853504442486294
pooled_relative_posterior_active_te100bp,2020-10-19,2020-10-19,2020-10-26,-0.008550022212268147,1.117305913868296e-06,-0.008551129965191695,0.002234611827736592,0.001117305913868296,1.2853504442486294,1.2743592455490425
pooled_relative_posterior_active_te100bp,2020-10-26,2020-10-26,2020-11-02,-0.015217823710320821,2.3731516995967214e-06,-0.015220160747816291,0.0047463033991934425,0.0023731516995967213,1.2743592455490425,1.2549632929813201
pooled_relative_posterior_active_te100bp,2020-11-02,2020-11-02,2020-11-09,0.04383398965297257,1.644545406213331e-06,0.043832273020580015,0.003289090812426662,0.001644545406213331,1.2549632929813201,1.3099711866700836
pooled_relative_posterior_active_te100bp,2020-11-09,2020-11-09,2020-11-16,-0.004411479469299852,1.1196513172407321e-05,-0.004422626589284273,0.022393026344814645,0.011196513172407323,1.3099711866700836,1.3041776732687203
pooled_relative_posterior_active_te100bp,2020-11-16,2020-11-16,2020-11-23,-0.0010805409876830474,1.7390607807729572e-06,-0.0010822781693374806,0.0034781215615459146,0.0017390607807729573,1.3041776732687203,1.3027661902440042
pooled_relative_posterior_active_te100bp,2020-11-23,2020-11-23,2020-11-30,-0.0008170724642482602,1.319355577646158e-06,-0.0008183907418167768,0.0026387111552923156,0.0013193555776461578,1.3027661902440042,1.3017000184551566
pooled_relative_posterior_active_te100bp,2020-11-30,2020-11-30,2020-12-07,0.011602523515838254,1.0345709468108956e-06,0.011601476941257793,0.002069141893621791,0.0010345709468108956,1.3017000184551566,1.316801661203699
pooled_relative_posterior_active_te100bp,2020-12-07,2020-12-07,2020-12-14,-0.0015770486435743854,9.399380049470545e-07,-0.0015779870992513878,0.001879876009894109,0.0009399380049470545,1.316801661203699,1.3147237651700467
pooled_relative_posterior_active_te100bp,2020-12-14,2020-12-14,2020-12-21,0.0028480329259819703,1.8332442429678762e-06,0.002846194460598861,0.0036664884859357524,0.0018332442429678762,1.3147237651700467,1.3184657246676914
pooled_relative_posterior_active_te100bp,2020-12-21,2020-12-21,2020-12-28,0.009591694673275334,2.3585950808192004e-06,0.009589313455270476,0.0047171901616384,0.0023585950808192,1.3184657246676914,1.3311089057815602
pooled_relative_posterior_active_te100bp,2020-12-28,2020-12-28,2021-01-04,0.008655044520946058,1.7739248860292116e-06,0.00865325524266125,0.003547849772058423,0.0017739248860292114,1.3311089057815602,1.3426273308990675
pooled_relative_posterior_active_te100bp,2021-01-04,2021-01-04,2021-01-11,-0.01197061061840097,2.5349995693975633e-06,-0.011973115272477575,0.005069999138795127,0.0025349995693975634,1.3426273308990675,1.3265518990982341
pooled_relative_posterior_active_te100bp,2021-01-11,2021-01-11,2021-01-19,0.0030117767808560936,7.207730672501551e-06,0.003004547342107866,0.014415461345003102,0.007207730672501551,1.3265518990982341,1.3305375870808378
pooled_relative_posterior_active_te100bp,2021-01-18,2021-01-19,2021-01-25,0.006638761431612453,1.741882155096009e-06,0.0066370079855171404,0.003483764310192018,0.001741882155096009,1.3305375870808378,1.339368375671324
pooled_relative_posterior_active_te100bp,2021-01-25,2021-01-25,2021-02-01,-0.009842106782697799,1.5235924433279817e-06,-0.009843615379781623,0.003047184886655963,0.0015235924433279816,1.339368375671324,1.3261841485293726
pooled_relative_posterior_active_te100bp,2021-02-01,2021-02-01,2021-02-08,0.011916472549552705,2.6189804757417652e-06,0.011913822360067883,0.005237960951483531,0.0026189804757417653,1.3261841485293726,1.3419840708916895
pooled_relative_posterior_active_te100bp,2021-02-08,2021-02-08,2021-02-16,-0.001015271822239622,3.4430414725968376e-06,-0.0010187113680891757,0.006886082945193675,0.0034430414725968375,1.3419840708916895,1.3406169764628775
pooled_relative_posterior_active_te100bp,2021-02-15,2021-02-16,2021-02-22,-0.008990145870501521,5.055566968886541e-06,-0.00899515598718581,0.010111133937773083,0.005055566968886541,1.3406169764628775,1.3285579176405244
pooled_relative_posterior_active_te100bp,2021-02-22,2021-02-22,2021-03-01,-0.009360160996437213,1.986429358761362e-06,-0.00936212883249743,0.0039728587175227245,0.0019864293587613623,1.3285579176405244,1.3161197872541393
pooled_relative_posterior_active_te100bp,2021-03-01,2021-03-01,2021-03-08,-0.009780142124963441,2.9089018113018437e-06,-0.009783022577301681,0.005817803622603687,0.0029089018113018436,1.3161197872541393,1.3032441576609985
pooled_relative_posterior_active_te100bp,2021-03-08,2021-03-08,2021-03-15,0.010520233833230338,3.6468051174989585e-06,0.010516548662870218,0.007293610234997918,0.003646805117498959,1.3032441576609985,1.3169497882646417
pooled_relative_posterior_active_te100bp,2021-03-15,2021-03-15,2021-03-22,-0.0025720954172873153,3.4089480308632596e-06,-0.002575495597178512,0.006817896061726519,0.0034089480308632596,1.3169497882646417,1.313557989883261
pooled_relative_posterior_active_te100bp,2021-03-22,2021-03-22,2021-03-29,0.005831106110185887,1.0984536394514806e-06,0.005830001251346584,0.002196907278902961,0.0010984536394514806,1.313557989883261,1.3212160346079966
pooled_relative_posterior_active_te100bp,2021-03-29,2021-03-29,2021-04-05,0.010363323427486554,1.081208620255773e-06,0.010362231013951506,0.0021624172405115463,0.0010812086202557731,1.3212160346079966,1.3349067803779417
pooled_relative_posterior_active_te100bp,2021-04-05,2021-04-05,2021-04-12,0.008770085218896316,3.822544107384645e-06,0.008766229150751315,0.007645088214769289,0.0038225441073846443,1.3349067803779417,1.3466088791096265
pooled_relative_posterior_active_te100bp,2021-04-12,2021-04-12,2021-04-19,0.008388455987001475,2.546730658954717e-06,0.008385887893204602,0.005093461317909434,0.002546730658954717,1.3466088791096265,1.3579013902058337
pooled_relative_posterior_active_te100bp,2021-04-19,2021-04-19,2021-04-26,0.003978120570559281,1.8872132738457443e-06,0.003976225849723569,0.0037744265476914885,0.0018872132738457443,1.3579013902058337,1.3633007128149457
pooled_relative_posterior_active_te100bp,2021-04-26,2021-04-26,2021-05-03,0.0023918113778790538,3.72546846954612e-07,0.00239143793997032,0.000745093693909224,0.000372546846954612,1.3633007128149457,1.36656096186316
pooled_relative_posterior_active_te100bp,2021-05-03,2021-05-03,2021-05-10,0.009060759798700798,1.4709179832266238e-06,0.009059275553082946,0.0029418359664532476,0.0014709179832266238,1.36656096186316,1.3789410141767644
pooled_relative_posterior_active_te100bp,2021-05-10,2021-05-10,2021-05-17,-0.006628903090559056,9.720206893698952e-07,-0.006629868667817562,0.00194404137873979,0.000972020689369895,1.3789410141767644,1.3697988163521053
pooled_relative_posterior_active_te100bp,2021-05-17,2021-05-17,2021-05-24,0.005206792960214426,8.498222050947121e-07,0.005205938713161107,0.0016996444101894242,0.0008498222050947121,1.3697988163521053,1.376929905039395
pooled_relative_posterior_active_te100bp,2021-05-24,2021-05-24,2021-06-01,0.007682739584653229,1.0200165486478308e-06,0.007681711731583052,0.0020400330972956612,0.0010200165486478306,1.376929905039395,1.3875070836445038
pooled_relative_posterior_active_te100bp,2021-05-31,2021-06-01,2021-06-07,-0.00017091091310836672,1.1345462401413515e-06,-0.0001720452654422333,0.002269092480282703,0.0011345462401413514,1.3875070836445038,1.3872683696199952
pooled_relative_posterior_active_te100bp,2021-06-07,2021-06-07,2021-06-14,0.0014810059814274411,2.5609371558807384e-07,0.0014807495084354638,0.0005121874311761476,0.0002560937155880738,1.3872683696199952,1.3893225665763782
pooled_relative_posterior_active_te100bp,2021-06-14,2021-06-14,2021-06-21,-0.011402285269705154,2.02038590888118e-06,-0.011404282618597494,0.00404077181776236,0.00202038590888118,1.3893225665763782,1.373478339378746
pooled_relative_posterior_active_te100bp,2021-06-21,2021-06-21,2021-06-28,0.009809873590670015,2.1069016412686022e-06,0.00980774602058987,0.004213803282537204,0.002106901641268602,1.373478339378746,1.3869490660961543
pooled_relative_posterior_active_te100bp,2021-06-28,2021-06-28,2021-07-06,0.0108594258111844,3.013621602075828e-07,0.010859121176404196,0.0006027243204151655,0.0003013621602075828,1.3869490660961543,1.402010114070393
pooled_relative_posterior_active_te100bp,2021-07-05,2021-07-06,2021-07-12,0.0015350840342195624,7.687283876838813e-07,0.0015343141257693205,0.0015374567753677626,0.0007687283876838813,1.402010114070393,1.4041612379928827
pooled_relative_posterior_active_te100bp,2021-07-12,2021-07-12,2021-07-19,-0.0057577087410548315,1.208229544074952e-06,-0.005758910013965113,0.002416459088149904,0.001208229544074952,1.4041612379928827,1.396074799778184
pooled_relative_posterior_active_te100bp,2021-07-19,2021-07-19,2021-07-26,0.011216968779153303,3.1394343283115603e-06,0.01121379412988821,0.00627886865662312,0.00313943432831156,1.396074799778184,1.4117300951728213
pooled_relative_posterior_active_te100bp,2021-07-26,2021-07-26,2021-08-02,0.002336427057182625,4.81368568094623e-06,0.002331602124676202,0.00962737136189246,0.00481368568094623,1.4117300951728213,1.4150216880621955
pooled_relative_posterior_active_te100bp,2021-08-02,2021-08-02,2021-08-09,-0.0077985063456295104,9.461698179847773e-07,-0.007799445136736138,0.0018923396359695546,0.0009461698179847773,1.4150216880621955,1.4039853040388626
pooled_relative_posterior_active_te100bp,2021-08-09,2021-08-09,2021-08-16,0.0071820053449112,4.282629115860618e-06,0.007177691957930055,0.008565258231721235,0.004282629115860618,1.4039853040388626,1.4140626780647143
pooled_relative_posterior_active_te100bp,2021-08-16,2021-08-16,2021-08-23,0.002290872955050402,8.896388553321192e-07,0.002289981278145392,0.0017792777106642387,0.0008896388553321194,1.4140626780647143,1.4173008551236066
pooled_relative_posterior_active_te100bp,2021-08-23,2021-08-23,2021-08-30,0.006523196412655357,1.4747103105188057e-06,0.006521712082519837,0.0029494206210376114,0.0014747103105188057,1.4173008551236066,1.426544083235032
pooled_relative_posterior_active_te100bp,2021-08-30,2021-08-30,2021-09-07,0.0004582300613501257,2.0624119719342285e-06,0.00045616670431880557,0.004124823943868456,0.002062411971934228,1.426544083235032,1.4271948251480469
pooled_relative_posterior_active_te100bp,2021-09-06,2021-09-07,2021-09-13,-0.0029448339834700042,1.69536806041423e-06,-0.002946524358952929,0.00339073612082846,0.00169536806041423,1.4271948251480469,1.4229895608307765
pooled_relative_posterior_active_te100bp,2021-09-13,2021-09-13,2021-09-20,-0.013911776221532944,1.2208744737773667e-06,-0.013912980111474238,0.002441748947554733,0.0012208744737773666,1.4229895608307765,1.4031915353721025
pooled_relative_posterior_active_te100bp,2021-09-20,2021-09-20,2021-09-27,0.004308233213221301,3.3380624837391314e-06,0.004304880769586017,0.006676124967478263,0.0033380624837391314,1.4031915353721025,1.4092321076287717
pooled_relative_posterior_active_te100bp,2021-09-27,2021-09-27,2021-10-04,-0.009899158502215835,5.278623536891773e-07,-0.009899681139176386,0.0010557247073783547,0.0005278623536891774,1.4092321076287717,1.3952811591121574
pooled_relative_posterior_active_te100bp,2021-10-04,2021-10-04,2021-10-11,-0.0010473494854017513,1.0717873542555305e-06,-0.0010484201502199975,0.002143574708511061,0.0010717873542555306,1.3952811591121574,1.393818318229722
pooled_relative_posterior_active_te100bp,2021-10-11,2021-10-11,2021-10-18,0.010319923566468993,4.134802435320573e-06,0.010315746093188638,0.008269604870641146,0.004134802435320573,1.393818318229722,1.408196594100615
pooled_relative_posterior_active_te100bp,2021-10-18,2021-10-18,2021-10-25,0.01004592149679834,1.5703943397670577e-06,0.010044335326400144,0.003140788679534115,0.0015703943397670575,1.408196594100615,1.4223409928972561
pooled_relative_posterior_active_te100bp,2021-10-25,2021-10-25,2021-11-01,0.004448243248791894,4.511368067237025e-06,0.0044437118130620235,0.00902273613447405,0.004511368067237025,1.4223409928972561,1.428661466369596
pooled_relative_posterior_active_te100bp,2021-11-01,2021-11-01,2021-11-08,0.01624084421650148,2.5434036458136108e-06,0.01623825950583324,0.005086807291627221,0.0025434036458136106,1.428661466369596,1.4518604420064898
pooled_relative_posterior_active_te100bp,2021-11-08,2021-11-08,2021-11-15,-0.001425361252862497,9.810664077162697e-07,-0.0014263409208961075,0.0019621328154325393,0.0009810664077162697,1.4518604420064898,1.4497895940466257
pooled_relative_posterior_active_te100bp,2021-11-15,2021-11-15,2021-11-22,-0.004198286908425609,1.9530627090807753e-06,-0.004200231771617102,0.0039061254181615504,0.0019530627090807752,1.4497895940466257,1.4437001417315511
pooled_relative_posterior_active_te100bp,2021-11-22,2021-11-22,2021-11-29,-0.010438992653869794,3.532320167403449e-06,-0.010442488100172898,0.007064640334806898,0.003532320167403449,1.4437001417315511,1.4286243201813016
pooled_relative_posterior_active_te100bp,2021-11-29,2021-11-29,2021-12-06,-0.0009969735266621219,2.8151579388346233e-06,-0.000999785877963122,0.005630315877669247,0.0028151579388346233,1.4286243201813016,1.4271960017610696
pooled_relative_posterior_active_te100bp,2021-12-06,2021-12-06,2021-12-13,0.010017536545592103,1.605944672196838e-06,0.01001591451331052,0.003211889344393676,0.001605944672196838,1.4271960017610696,1.441490674908447
pooled_relative_posterior_active_te100bp,2021-12-13,2021-12-13,2021-12-20,-0.009849511426292555,7.20739755759111e-06,-0.009856647834505461,0.014414795115182219,0.0072073975575911095,1.441490674908447,1.427282408969151
pooled_relative_posterior_active_te100bp,2021-12-20,2021-12-20,2021-12-27,0.015731959249684454,1.7957026358592403e-06,0.015730135297127967,0.003591405271718481,0.0017957026358592404,1.427282408969151,1.4497337543694464
pooled_relative_posterior_active_te100bp,2021-12-27,2021-12-27,2022-01-03,0.0006319496747418704,6.93071065076848e-06,0.0006250145842308097,0.013861421301536957,0.006930710650768479,1.4497337543694464,1.450639859109179
pooled_relative_posterior_active_te100bp,2022-01-03,2022-01-03,2022-01-10,-0.018558345510885817,2.438895306156581e-06,-0.018560739144330318,0.004877790612313162,0.002438895306156581,1.450639859109179,1.4237149110918854
pooled_relative_posterior_active_te100bp,2022-01-10,2022-01-10,2022-01-18,-0.0013206466250307823,1.1606524774069663e-06,-0.0013218057446964249,0.0023213049548139325,0.0011606524774069663,1.4237149110918854,1.4218330365435943
pooled_relative_posterior_active_te100bp,2022-01-17,2022-01-18,2022-01-24,-0.01703843563598324,1.7450357779587467e-06,-0.01704015093908151,0.0034900715559174934,0.0017450357779587467,1.4218330365435943,1.3976047869907189
pooled_relative_posterior_active_te100bp,2022-01-24,2022-01-24,2022-01-31,-0.00215007167856292,3.110994239302154e-06,-0.002153175983941713,0.006221988478604307,0.0031109942393021534,1.3976047869907189,1.3945954979283286
pooled_relative_posterior_active_te100bp,2022-01-31,2022-01-31,2022-02-07,0.0024186055023921156,9.245412960898342e-07,0.002417678724995209,0.0018490825921796683,0.0009245412960898342,1.3945954979283286,1.397967181793644
pooled_relative_posterior_active_te100bp,2022-02-07,2022-02-07,2022-02-14,-0.005868366875039945,9.416013923693439e-07,-0.005869302950770039,0.0018832027847386877,0.0009416013923693439,1.397967181793644,1.389762088888463
pooled_relative_posterior_active_te100bp,2022-02-14,2022-02-14,2022-02-22,-0.0025537902458543336,9.813517241127285e-07,-0.002554769091411946,0.0019627034482254564,0.0009813517241127282,1.389762088888463,1.3862115676593547
pooled_relative_posterior_active_te100bp,2022-02-21,2022-02-22,2022-02-28,0.0041096301820505755,1.4509034476379614e-06,0.0041081733159265,0.0029018068952759227,0.0014509034476379613,1.3862115676593547,1.3919063650318415
pooled_relative_posterior_active_te100bp,2022-02-28,2022-02-28,2022-03-07,0.0043701360201431685,4.458528290596259e-06,0.004365658007477569,0.008917056581192517,0.004458528290596259,1.3919063650318415,1.3979829522000018
pooled_relative_posterior_active_te100bp,2022-03-07,2022-03-07,2022-03-14,-0.020125364884534445,1.3072240236792801e-06,-0.02012664580019763,0.0026144480473585603,0.0013072240236792802,1.3979829522000018,1.3698462444863577
pooled_relative_posterior_active_te100bp,2022-03-14,2022-03-14,2022-03-21,0.02023164421002831,2.664032600912213e-06,0.020228926279667547,0.005328065201824425,0.0026640326009122126,1.3698462444863577,1.3975567631805517
pooled_relative_posterior_active_te100bp,2022-03-21,2022-03-21,2022-03-28,0.0017730454992843526,1.3875233528459384e-06,0.0017716555157893943,0.0027750467056918767,0.0013875233528459383,1.3975567631805517,1.4000327523286693
pooled_relative_posterior_active_te100bp,2022-03-28,2022-03-28,2022-04-04,0.006233179292402807,1.8358168324293605e-06,0.00623133203259485,0.003671633664858721,0.0018358168324293606,1.4000327523286693,1.4087568212649368
pooled_relative_posterior_active_te100bp,2022-04-04,2022-04-04,2022-04-11,-0.016959172033795447,5.881472799971043e-07,-0.01695975020658458,0.0011762945599942086,0.0005881472799971043,1.4087568212649368,1.3848646574744614
pooled_relative_posterior_active_te100bp,2022-04-11,2022-04-11,2022-04-18,-0.004663354228426865,2.6928470481594072e-06,-0.004666034517775364,0.005385694096318814,0.002692847048159407,1.3848646574744614,1.3784028311802383
pooled_relative_posterior_active_te100bp,2022-04-18,2022-04-18,2022-04-25,-0.023826288578137744,2.081085587507447e-06,-0.023828320079179455,0.004162171175014894,0.002081085587507447,1.3784028311802383,1.3455578073208285
pooled_relative_posterior_active_te100bp,2022-04-25,2022-04-25,2022-05-02,-0.019901526929076055,3.469344646691434e-06,-0.019904927228466818,0.006938689293382869,0.0034693446466914344,1.3455578073208285,1.3187745770844121
pooled_relative_posterior_active_te100bp,2022-05-02,2022-05-02,2022-05-09,-0.00980389526999802,2.8608328123484044e-06,-0.009806728055505087,0.005721665624696809,0.0028608328123484045,1.3187745770844121,1.3058417134404317
pooled_relative_posterior_active_te100bp,2022-05-09,2022-05-09,2022-05-16,-0.008560736413697438,2.2949521709075763e-06,-0.00856301171938767,0.004589904341815152,0.002294952170907576,1.3058417134404317,1.294659775544576
pooled_relative_posterior_active_te100bp,2022-05-16,2022-05-16,2022-05-23,0.00022930905599214898,1.1747304551079435e-06,0.00022813405616073368,0.002349460910215887,0.0011747304551079434,1.294659775544576,1.294955131530519
pooled_relative_posterior_active_te100bp,2022-05-23,2022-05-23,2022-05-31,0.027089374618250193,2.122254922194221e-06,0.027087194872769338,0.004244509844388442,0.002122254922194221,1.294955131530519,1.3300318335297787
pooled_relative_posterior_active_te100bp,2022-05-30,2022-05-31,2022-06-06,-0.0020468530828772367,1.2190157288294176e-06,-0.0020480696034599344,0.0024380314576588347,0.0012190157288294173,1.3300318335297787,1.3273078357598922
pooled_relative_posterior_active_te100bp,2022-06-06,2022-06-06,2022-06-13,-0.048710311681265474,2.161780167883891e-06,-0.04871236816044766,0.004323560335767782,0.002161780167883891,1.3273078357598922,1.2626515278021093
pooled_relative_posterior_active_te100bp,2022-06-13,2022-06-13,2022-06-21,-0.003978324124213571,1.6915853745205944e-06,-0.003980008979913241,0.003383170749041189,0.0016915853745205944,1.2626515278021093,1.2576261633829557
pooled_relative_posterior_active_te100bp,2022-06-20,2022-06-21,2022-06-27,0.01776953305603148,3.935442137182159e-06,0.017765527682925164,0.007870884274364318,0.003935442137182159,1.2576261633829557,1.2799685558033067
pooled_relative_posterior_active_te100bp,2022-06-27,2022-06-27,2022-07-05,-0.0140003630363752,1.5387888008709593e-06,-0.01400188028157412,0.0030775776017419186,0.0015387888008709593,1.2799685558033067,1.2620465893207695
pooled_relative_posterior_active_te100bp,2022-07-04,2022-07-05,2022-07-11,0.00236515018074376,2.4157415041016e-06,0.0023627287256482443,0.0048314830082032,0.0024157415041016,1.2620465893207695,1.265028463050464
pooled_relative_posterior_active_te100bp,2022-07-11,2022-07-11,2022-07-18,0.0035734054494298852,1.8640388703839652e-06,0.0035715347495928196,0.0037280777407679303,0.0018640388703839651,1.265028463050464,1.2695465561654729
pooled_relative_posterior_active_te100bp,2022-07-18,2022-07-18,2022-07-25,0.012209394610648282,1.938722790897442e-06,0.012207432217225866,0.003877445581794884,0.001938722790897442,1.2695465561654729,1.2850444596964754
pooled_relative_posterior_active_te100bp,2022-07-25,2022-07-25,2022-08-01,0.023295033718143537,1.5413946172102709e-06,0.023293456416686675,0.0030827892344205414,0.0015413946172102707,1.2850444596964754,1.31497758681192
pooled_relative_posterior_active_te100bp,2022-08-01,2022-08-01,2022-08-08,0.005216688551942637,1.993841767333131e-06,0.0052146843089238,0.0039876835346662615,0.0019938417673331307,1.31497758681192,1.3218347798004546
pooled_relative_posterior_active_te100bp,2022-08-08,2022-08-08,2022-08-15,0.010219028871048419,2.141215976563405e-07,0.010218812561336055,0.000428243195312681,0.0002141215976563405,1.3218347798004546,1.3353423616522904
pooled_relative_posterior_active_te100bp,2022-08-15,2022-08-15,2022-08-22,-0.022871453259665095,2.042033985313377e-06,-0.022873448589365575,0.004084067970626754,0.002042033985313377,1.3353423616522904,1.3047984767938348
pooled_relative_posterior_active_te100bp,2022-08-22,2022-08-22,2022-08-29,-0.015090512273478442,1.7280819253935095e-06,-0.015092214277762417,0.0034561638507870193,0.0017280819253935097,1.3047984767938348,1.2851061785927642
pooled_relative_posterior_active_te100bp,2022-08-29,2022-08-29,2022-09-06,-0.018433360019808668,1.2887768436677923e-06,-0.018434625040164798,0.002577553687335584,0.001288776843667792,1.2851061785927642,1.2614157280536076
pooled_relative_posterior_active_te100bp,2022-09-05,2022-09-06,2022-09-12,0.020883091506927885,1.1734018435326407e-06,0.02088189360082615,0.0023468036870652816,0.0011734018435326408,1.2614157280536076,1.2877564770732317
pooled_relative_posterior_active_te100bp,2022-09-12,2022-09-12,2022-09-19,-0.037882924760553174,7.267633834735188e-07,-0.03788362399201417,0.0014535267669470375,0.0007267633834735187,1.2877564770732317,1.2389715949025086
pooled_relative_posterior_active_te100bp,2022-09-19,2022-09-19,2022-09-26,-0.025567085429231032,9.377133289260842e-07,-0.02556799916796315,0.0018754266578521683,0.0009377133289260841,1.2389715949025086,1.2072935701949112
pooled_relative_posterior_active_te100bp,2022-09-26,2022-09-26,2022-10-03,-0.0032324262387142845,9.367174828999564e-07,-0.003233359928327073,0.0018734349657999127,0.0009367174828999563,1.2072935701949112,1.203389955543316
pooled_relative_posterior_active_te100bp,2022-10-03,2022-10-03,2022-10-10,0.0010836215417756433,1.6646977734990216e-06,0.0010819550400995581,0.003329395546998043,0.0016646977734990215,1.203389955543316,1.2046919693709213
pooled_relative_posterior_active_te100bp,2022-10-10,2022-10-10,2022-10-17,-0.003713751006019436,2.2564813978767325e-06,-0.003715999107407275,0.004512962795753465,0.0022564813978767327,1.2046919693709213,1.2002153350880382
pooled_relative_posterior_active_te100bp,2022-10-17,2022-10-17,2022-10-24,0.004164079773675981,1.9257653203767076e-06,0.00416214598931508,0.003851530640753415,0.0019257653203767074,1.2002153350880382,1.2052108065312894
pooled_relative_posterior_active_te100bp,2022-10-24,2022-10-24,2022-10-31,0.01628778431334966,1.3814798218509464e-06,0.01628638033228258,0.0027629596437018927,0.0013814798218509464,1.2052108065312894,1.224839328107035
pooled_relative_posterior_active_te100bp,2022-10-31,2022-10-31,2022-11-07,-0.003920369160954023,7.422175856396755e-07,-0.003921108468772694,0.001484435171279351,0.0007422175856396755,1.224839328107035,1.2200366002447087
pooled_relative_posterior_active_te100bp,2022-11-07,2022-11-07,2022-11-14,0.037409494814102016,8.861163944760623e-07,0.03740857554854071,0.0017722327889521244,0.0008861163944760622,1.2200366002447087,1.2656764315769478
pooled_relative_posterior_active_te100bp,2022-11-14,2022-11-14,2022-11-21,0.0004102116188554241,4.776021973584428e-07,0.0004097338207400547,0.0009552043947168856,0.0004776021973584428,1.2656764315769478,1.2661950220170783
pooled_relative_posterior_active_te100bp,2022-11-21,2022-11-21,2022-11-28,0.009837145728474756,1.2768326081440097e-06,0.009835856335478121,0.0025536652162880193,0.0012768326081440096,1.2661950220170783,1.278649134346336
pooled_relative_posterior_active_te100bp,2022-11-28,2022-11-28,2022-12-05,0.013747837612681744,1.5870035006144913e-06,0.013746228791314818,0.003174007001228982,0.001587003500614491,1.278649134346336,1.2962257378908772
pooled_relative_posterior_active_te100bp,2022-12-05,2022-12-05,2022-12-12,-0.006323179493610315,7.671587497897758e-07,-0.006323941801477551,0.0015343174995795517,0.0007671587497897758,1.2962257378908772,1.288028481762878
pooled_relative_posterior_active_te100bp,2022-12-12,2022-12-12,2022-12-19,-0.010108906357757385,1.3131032101815314e-06,-0.010110206186930148,0.002626206420363063,0.0013131032101815314,1.288028481762878,1.2750062482376168
pooled_relative_posterior_active_te100bp,2022-12-19,2022-12-19,2022-12-27,-0.004163533293297765,1.2406943038527458e-06,-0.004164768821929621,0.0024813886077054916,0.0012406943038527458,1.2750062482376168,1.2696961419671913
pooled_relative_posterior_active_te100bp,2022-12-26,2022-12-27,2023-01-03,0.007078078732657624,1.4607241520420181e-06,0.007076607669385115,0.0029214483040840363,0.0014607241520420181,1.2696961419671913,1.278681283423225
pooled_relative_posterior_active_te100bp,2023-01-02,2023-01-03,2023-01-09,0.015999040233065014,1.727998846864587e-06,0.015997284587895066,0.0034559976937291736,0.0017279988468645868,1.278681283423225,1.2991367118113613
pooled_relative_posterior_active_te100bp,2023-01-09,2023-01-09,2023-01-17,0.016427795584821006,1.3001899061018327e-06,0.016426474035661,0.0026003798122036658,0.0013001899061018329,1.2991367118113613,1.3204769472767046
pooled_relative_posterior_active_te100bp,2023-01-16,2023-01-17,2023-01-23,-0.0014432598772042332,7.774472994648407e-07,-0.0014440362024452646,0.0015548945989296813,0.0007774472994648406,1.3204769472767046,1.3185701307603426
pooled_relative_posterior_active_te100bp,2023-01-23,2023-01-23,2023-01-30,0.005756237858629657,1.3464675115676448e-06,0.0057548836405307835,0.0026929350231352893,0.0013464675115676446,1.3185701307603426,1.326158348434748
pooled_relative_posterior_active_te100bp,2023-01-30,2023-01-30,2023-02-06,8.82079095546693e-05,1.1638205971981306e-06,8.704398629943988e-05,0.0023276411943962613,0.0011638205971981307,1.326158348434748,1.32627378254386
pooled_relative_posterior_active_te100bp,2023-02-06,2023-02-06,2023-02-13,-0.009768618842484957,1.6198014659231307e-06,-0.009770222820727703,0.0032396029318462615,0.0016198014659231307,1.32627378254386,1.313315792167117
pooled_relative_posterior_active_te100bp,2023-02-13,2023-02-13,2023-02-21,-0.012315652341424822,8.437538520130148e-07,-0.012316485703897762,0.0016875077040260297,0.0008437538520130149,1.313315792167117,1.2971403569881876
pooled_relative_posterior_active_te100bp,2023-02-20,2023-02-21,2023-02-27,-0.0044595362220562354,1.779489066438959e-06,-0.004461307775426637,0.003558978132877918,0.001779489066438959,1.2971403569881876,1.2913534146277366
pooled_relative_posterior_active_te100bp,2023-02-27,2023-02-27,2023-03-06,0.01237535147890248,1.2476381753763564e-06,0.012374088400766148,0.0024952763507527127,0.0012476381753763564,1.2913534146277366,1.3073327359369713
pooled_relative_posterior_active_te100bp,2023-03-06,2023-03-06,2023-03-13,-0.013972192697028958,6.620420597707126e-07,-0.013972845488909535,0.001324084119541425,0.0006620420597707125,1.3073327359369713,1.2890655776151307
pooled_relative_posterior_active_te100bp,2023-03-13,2023-03-13,2023-03-20,0.01989754102291779,4.505298791300787e-06,0.019892946079759,0.009010597582601575,0.0045052987913007875,1.2890655776151307,1.3147088896439019
pooled_relative_posterior_active_te100bp,2023-03-20,2023-03-20,2023-03-27,0.004260905515204845,5.763839467607841e-07,0.004260326675340487,0.0011527678935215682,0.0005763839467607841,1.3147088896439019,1.320309978996759
pooled_relative_posterior_active_te100bp,2023-03-27,2023-03-27,2023-04-03,0.01796030246703055,3.8126632996889553e-06,0.01795642132714459,0.00762532659937791,0.003812663299688955,1.320309978996759,1.3440180212620583
pooled_relative_posterior_active_te100bp,2023-04-03,2023-04-03,2023-04-10,0.0002776403342571183,8.372998110355648e-07,0.0002768028019777269,0.0016745996220711296,0.0008372998110355648,1.3440180212620583,1.3443900492162522
pooled_relative_posterior_active_te100bp,2023-04-10,2023-04-10,2023-04-17,0.0044953326534973945,5.965720858742437e-07,0.0044947333996214756,0.0011931441717484873,0.0005965720858742437,1.3443900492162522,1.3504327240725833
pooled_relative_posterior_active_te100bp,2023-04-17,2023-04-17,2023-04-24,-0.0024328072153767077,6.169219861776165e-07,-0.002433422636510696,0.0012338439723552329,0.0006169219861776164,1.3504327240725833,1.3471465505127402
pooled_relative_posterior_active_te100bp,2023-04-24,2023-04-24,2023-05-01,0.006061675091167022,3.7600981091377034e-07,0.006061296802106764,0.0007520196218275407,0.00037600981091377033,1.3471465505127402,1.3553120055913324
pooled_relative_posterior_active_te100bp,2023-05-01,2023-05-01,2023-05-08,-0.0024949642550132862,1.6547730029898896e-06,-0.0024966148994167714,0.003309546005979779,0.0016547730029898896,1.3553120055913324,1.3519283134448146
pooled_relative_posterior_active_te100bp,2023-05-08,2023-05-08,2023-05-15,-0.0020923611315200926,1.2333990716827395e-06,-0.002093591949875462,0.002466798143365479,0.0012333990716827394,1.3519283134448146,1.3490979272109778
pooled_relative_posterior_active_te100bp,2023-05-15,2023-05-15,2023-05-22,-0.00308956334898404,1.2345474369404066e-06,-0.00309079408220847,0.002469094873880813,0.0012345474369404065,1.3490979272109778,1.3449281433212343
pooled_relative_posterior_active_te100bp,2023-05-22,2023-05-22,2023-05-30,0.0015913952060578628,4.501335398450733e-07,0.0015909443561774594,0.0009002670796901466,0.0004501335398450733,1.3449281433212343,1.3470678491603154
pooled_relative_posterior_active_te100bp,2023-05-29,2023-05-30,2023-06-05,0.005616570550928806,1.925945213245781e-07,0.005616376874686635,0.0003851890426491562,0.0001925945213245781,1.3470678491603154,1.3546334898769732
pooled_relative_posterior_active_te100bp,2023-06-05,2023-06-05,2023-06-12,0.0038809388991787198,6.542388325353964e-07,0.003880282121285328,0.0013084776650707927,0.0006542388325353963,1.3546334898769732,1.3598898499886372
pooled_relative_posterior_active_te100bp,2023-06-12,2023-06-12,2023-06-20,0.00631366334466084,6.285758318033269e-07,0.006313030800212838,0.0012571516636066538,0.0006285758318033269,1.3598898499886372,1.3684748764965122
pooled_relative_posterior_active_te100bp,2023-06-19,2023-06-20,2023-06-26,-0.005667809812999957,1.62106266552506e-06,-0.00566942168779061,0.0032421253310501203,0.0016210626655250601,1.3684748764965122,1.3607164153525064
pooled_relative_posterior_active_te100bp,2023-06-26,2023-06-26,2023-07-03,0.009602529222168279,1.0901875599671052e-06,0.009601428566050396,0.00218037511993421,0.001090187559967105,1.3607164153525064,1.3737812368131657
pooled_relative_posterior_active_te100bp,2023-07-03,2023-07-03,2023-07-10,-0.010703497516366282,4.4114300119461013e-07,-0.0107039339375945,0.0008822860023892203,0.0004411430011946101,1.3737812368131657,1.3590763732096107
pooled_relative_posterior_active_te100bp,2023-07-10,2023-07-10,2023-07-17,0.01827194725289142,5.412775498875865e-07,0.018271396085146607,0.0010825550997751732,0.0005412775498875866,1.3590763732096107,1.3839085959344881
pooled_relative_posterior_active_te100bp,2023-07-17,2023-07-17,2023-07-24,0.007173456523370302,3.6473548524442777e-07,0.00717308917147097,0.0007294709704888555,0.00036473548524442774,1.3839085959344881,1.3938354956982915
pooled_relative_posterior_active_te100bp,2023-07-24,2023-07-24,2023-07-31,0.0018810719674050179,4.5805628729665533e-07,0.0018806130494808393,0.0009161125745933106,0.0004580562872966553,1.3938354956982915,1.3964567609203313
pooled_relative_posterior_active_te100bp,2023-07-31,2023-07-31,2023-08-07,-0.013015134291790072,4.01605384212531e-07,-0.013015530670226205,0.0008032107684250619,0.00040160538421253096,1.3964567609203313,1.378281135118928
pooled_relative_posterior_active_te100bp,2023-08-07,2023-08-07,2023-08-14,-0.009131315016007105,1.015442924401446e-06,-0.009132321186602232,0.002030885848802892,0.001015442924401446,1.378281135118928,1.365694229107587
pooled_relative_posterior_active_te100bp,2023-08-14,2023-08-14,2023-08-21,-0.01129746971811806,5.417809754556992e-07,-0.01129800537833936,0.0010835619509113985,0.0005417809754556992,1.365694229107587,1.3502646083619625
pooled_relative_posterior_active_te100bp,2023-08-21,2023-08-21,2023-08-28,0.011840488469814326,1.336212651744986e-06,0.011839136435751962,0.0026724253034899723,0.0013362126517449861,1.3502646083619625,1.366250575284727
pooled_relative_posterior_active_te100bp,2023-08-28,2023-08-28,2023-09-05,0.008523337215998145,8.740286457325255e-07,0.008522455737711487,0.0017480572914650508,0.0008740286457325254,1.366250575284727,1.3778943853392138
pooled_relative_posterior_active_te100bp,2023-09-04,2023-09-05,2023-09-11,-0.003007286008814858,6.547998832090366e-07,-0.0030079388395275464,0.001309599766418073,0.0006547998832090365,1.3778943853392138,1.3737497633007851
pooled_relative_posterior_active_te100bp,2023-09-11,2023-09-11,2023-09-18,-0.0042565085966638355,1.488836915086077e-06,-0.004257991096331737,0.002977673830172154,0.001488836915086077,1.3737497633007851,1.3679003490400625
pooled_relative_posterior_active_te100bp,2023-09-18,2023-09-18,2023-09-25,-0.015404720893607993,6.599651756474622e-07,-0.015405370692204268,0.0013199303512949241,0.0006599651756474621,1.3679003490400625,1.3468273370931048
pooled_relative_posterior_active_te100bp,2023-09-25,2023-09-25,2023-10-02,-0.016381974978369497,1.0089159211207554e-06,-0.01638296736625522,0.0020178318422415104,0.0010089159211207552,1.3468273370931048,1.324762308781528
pooled_relative_posterior_active_te100bp,2023-10-02,2023-10-02,2023-10-09,-0.0005649222745603339,9.059981980268362e-07,-0.0005658277609397189,0.0018119963960536722,0.0009059981980268361,1.324762308781528,1.3240127214905728
pooled_relative_posterior_active_te100bp,2023-10-09,2023-10-09,2023-10-16,0.014270491186006694,2.3981839848808525e-06,0.014268058778758475,0.004796367969761704,0.002398183984880852,1.3240127214905728,1.3429038128246242
pooled_relative_posterior_active_te100bp,2023-10-16,2023-10-16,2023-10-23,-0.012055774849857958,2.221512141334195e-06,-0.01205796957994909,0.004443024282668389,0.0022215121413341945,1.3429038128246242,1.3267111195007872
pooled_relative_posterior_active_te100bp,2023-10-23,2023-10-23,2023-10-30,0.0012992980870512242,5.792594959635796e-07,0.001298718074924432,0.0011585189919271592,0.0005792594959635796,1.3267111195007872,1.3284341432118862
pooled_relative_posterior_active_te100bp,2023-10-30,2023-10-30,2023-11-06,0.02724001679350768,2.0443290467045025e-06,0.02723791677690346,0.004088658093409005,0.0020443290467045024,1.3284341432118862,1.3646179218482886
pooled_relative_posterior_active_te100bp,2023-11-06,2023-11-06,2023-11-13,-0.0036850253786121227,9.597051480105205e-07,-0.003685981547222328,0.001919410296021041,0.0009597051480105205,1.3646179218482886,1.3595879653693468
pooled_relative_posterior_active_te100bp,2023-11-13,2023-11-13,2023-11-20,0.01997327781938132,5.177897269661048e-07,0.019972749687696245,0.0010355794539322095,0.0005177897269661048,1.3595879653693468,1.386742675480073
pooled_relative_posterior_active_te100bp,2023-11-20,2023-11-20,2023-11-27,0.010722714973480381,1.0859444781279713e-06,0.010721617384729099,0.0021718889562559428,0.0010859444781279714,1.386742675480073,1.4016107998576457
pooled_relative_posterior_active_te100bp,2023-11-27,2023-11-27,2023-12-04,0.01123117612428413,1.2842462533593208e-06,0.011229877454434822,0.0025684925067186413,0.0012842462533593207,1.4016107998576457,1.4173507173788595
pooled_relative_posterior_active_te100bp,2023-12-04,2023-12-04,2023-12-11,-0.00149409736088624,1.4164163237704831e-06,-0.0014955116609460806,0.0028328326475409657,0.0014164163237704828,1.4173507173788595,1.4152310528533691
pooled_relative_posterior_active_te100bp,2023-12-11,2023-12-11,2023-12-18,0.024340391618265837,8.64905421903553e-07,0.024339505660707195,0.0017298108438071058,0.0008649054219035529,1.4152310528533691,1.4496770770755023
pooled_relative_posterior_active_te100bp,2023-12-18,2023-12-18,2023-12-26,0.007214148710288291,1.1512213988227832e-06,0.007212989183807084,0.002302442797645566,0.001151221398822783,1.4496770770755023,1.460133582152461
pooled_relative_posterior_active_te100bp,2023-12-25,2023-12-26,2024-01-02,-0.0020050087924654994,5.248018118526668e-07,-0.002005532542045052,0.0010496036237053336,0.0005248018118526668,1.460133582152461,1.4572052367377215
pooled_relative_posterior_active_te100bp,2024-01-01,2024-01-02,2024-01-08,-0.010993504355829645,1.4535625903269422e-06,-0.010994941938673342,0.002907125180653884,0.001453562590326942,1.4572052367377215,1.4411833497670594
pooled_relative_posterior_active_te100bp,2024-01-08,2024-01-08,2024-01-16,0.011468369264385603,2.0491212069862712e-06,0.011466296643099838,0.004098242413972542,0.002049121206986271,1.4411833497670594,1.4577083855725848
pooled_relative_posterior_active_te100bp,2024-01-15,2024-01-16,2024-01-22,0.0024928671850650997,5.006203439081036e-07,0.0024923653167410187,0.0010012406878162072,0.0005006203439081036,1.4577083855725848,1.4613415273947084
pooled_relative_posterior_active_te100bp,2024-01-22,2024-01-22,2024-01-29,0.004860435199565613,1.3795221564313672e-06,0.004859048972331248,0.0027590443128627344,0.0013795221564313672,1.4613415273947084,1.4684422574416205
pooled_relative_posterior_active_te100bp,2024-01-29,2024-01-29,2024-02-05,0.0013071100974249759,1.1714311766430898e-06,0.0013059371350587767,0.002342862353286179,0.0011714311766430896,1.4684422574416205,1.470359950716303
pooled_relative_posterior_active_te100bp,2024-02-05,2024-02-05,2024-02-12,0.004202732623667884,1.5450306348466903e-06,0.004201181099682483,0.0030900612696933803,0.0015450306348466902,1.470359950716303,1.4765371991509824
pooled_relative_posterior_active_te100bp,2024-02-12,2024-02-12,2024-02-20,-0.00246607308017344,3.7906953798324863e-06,-0.002469854427421425,0.007581390759664972,0.003790695379832486,1.4765371991509824,1.472890367212407
pooled_relative_posterior_active_te100bp,2024-02-19,2024-02-20,2024-02-26,0.008593388486381982,1.8354041817383483e-06,0.008591537309859065,0.0036708083634766965,0.0018354041817383482,1.472890367212407,1.4855447597556444
pooled_relative_posterior_active_te100bp,2024-02-26,2024-02-26,2024-03-04,0.010446206945500186,4.6786751064963095e-06,0.010441479395985498,0.009357350212992617,0.0046786751064963085,1.4855447597556444,1.5010560447564472
pooled_relative_posterior_active_te100bp,2024-03-04,2024-03-04,2024-03-11,0.011295900893513953,1.43256169960964e-06,0.011294452149739342,0.00286512339921928,0.00143256169960964,1.5010560447564472,1.5180096504280258
pooled_relative_posterior_active_te100bp,2024-03-11,2024-03-11,2024-03-18,-0.001831808902061095,5.637486057069961e-07,-0.0018323716179871052,0.001127497211413992,0.000563748605706996,1.5180096504280258,1.515228092628751
pooled_relative_posterior_active_te100bp,2024-03-18,2024-03-18,2024-03-25,0.008183423952878974,1.7002003176109331e-06,0.008181709839101492,0.003400400635221866,0.001700200317610933,1.515228092628751,1.5276252492226945
pooled_relative_posterior_active_te100bp,2024-03-25,2024-03-25,2024-04-01,0.010896196711128394,1.061849548172008e-06,0.010895123291458475,0.002123699096344016,0.001061849548172008,1.5276252492226945,1.5442689146561208
pooled_relative_posterior_active_te100bp,2024-04-01,2024-04-01,2024-04-08,0.0015308905924258619,2.6673278497288456e-06,0.00152821918118895,0.00533465569945769,0.002667327849728845,1.5442689146561208,1.5466288960324122
pooled_relative_posterior_active_te100bp,2024-04-08,2024-04-08,2024-04-15,-0.004475108962808992,7.175601718824431e-07,-0.004475823311820837,0.0014351203437648864,0.0007175601718824432,1.5466288960324122,1.5397064583648146
pooled_relative_posterior_active_te100bp,2024-04-15,2024-04-15,2024-04-22,-0.0149072504004077,2.3746047784623807e-06,-0.014909589606358242,0.004749209556924761,0.0023746047784623807,1.5397064583648146,1.5167500669563359
pooled_relative_posterior_active_te100bp,2024-04-22,2024-04-22,2024-04-29,0.009978949944381702,4.403851229471665e-06,0.009974502147341191,0.008807702458943328,0.004403851229471664,1.5167500669563359,1.5318788937561718
pooled_relative_posterior_active_te100bp,2024-04-29,2024-04-29,2024-05-06,0.006441351580303355,1.0646615861772731e-06,0.006440280060857617,0.0021293231723545462,0.0010646615861772731,1.5318788937561718,1.5417446228512783
pooled_relative_posterior_active_te100bp,2024-05-06,2024-05-06,2024-05-13,0.007898759972240441,1.473340623233458e-06,0.007897274994053127,0.0029466812464669164,0.0014733406232334582,1.5417446228512783,1.5539202041085376
pooled_relative_posterior_active_te100bp,2024-05-13,2024-05-13,2024-05-20,0.013616268355007812,1.8593820375051915e-06,0.013614383655125684,0.0037187640750103827,0.0018593820375051914,1.5539202041085376,1.5750758699367224
pooled_relative_posterior_active_te100bp,2024-05-20,2024-05-20,2024-05-28,-0.005428893325799509,2.604728650217551e-07,-0.00542915238458519,0.0005209457300435102,0.0002604728650217551,1.5750758699367224,1.5665245430215529
pooled_relative_posterior_active_te100bp,2024-05-27,2024-05-28,2024-06-03,-0.0031894958884592416,1.8586550896317992e-06,-0.003191348615376177,0.0037173101792635985,0.0018586550896317992,1.5665245430215529,1.5615252170902283
pooled_relative_posterior_active_te100bp,2024-06-03,2024-06-03,2024-06-10,-0.0005970751586935333,3.073480271732523e-07,-0.0005973823232108266,0.0006146960543465045,0.00030734802717325224,1.5615252170902283,1.5605923895282907
pooled_relative_posterior_active_te100bp,2024-06-10,2024-06-10,2024-06-17,0.010462057499870513,1.5549400906539197e-06,0.010460486291907323,0.003109880181307839,0.0015549400906539196,1.5605923895282907,1.5769169448262064
pooled_relative_posterior_active_te100bp,2024-06-17,2024-06-17,2024-06-24,0.005016027408383846,8.806812706276518e-07,0.00501514230959188,0.0017613625412553034,0.0008806812706276517,1.5769169448262064,1.5848254077149166
pooled_relative_posterior_active_te100bp,2024-06-24,2024-06-24,2024-07-01,-0.003027229868672652,6.415691495565841e-07,-0.0030278694956449304,0.001283138299113168,0.000641569149556584,1.5848254077149166,1.5800267632069736
pooled_relative_posterior_active_te100bp,2024-07-01,2024-07-01,2024-07-08,0.016286360838830963,1.0838413420403412e-06,0.016285259345657943,0.002167682684080682,0.001083841342040341,1.5800267632069736,1.6057579088188796
pooled_relative_posterior_active_te100bp,2024-07-08,2024-07-08,2024-07-15,0.010589720058150558,1.190100392449387e-06,0.010588517354928273,0.0023802007848987734,0.0011901003924493867,1.6057579088188796,1.6227605043042217
pooled_relative_posterior_active_te100bp,2024-07-15,2024-07-15,2024-07-22,-0.007464228335428512,1.058829623683231e-06,-0.007465279261706037,0.0021176592473664616,0.0010588296236832308,1.6227605043042217,1.6106461439647237
pooled_relative_posterior_active_te100bp,2024-07-22,2024-07-22,2024-07-29,-0.003738579363745517,1.3388329459585183e-06,-0.003739913191358246,0.002677665891917036,0.001338832945958518,1.6106461439647237,1.6046224672042997
pooled_relative_posterior_active_te100bp,2024-07-29,2024-07-29,2024-08-05,-0.019843393515602693,2.4905182005278276e-07,-0.019843637625389543,0.0004981036401055655,0.00024905182005278276,1.6046224672042997,1.572780920439539
pooled_relative_posterior_active_te100bp,2024-08-05,2024-08-05,2024-08-12,0.02112717512934365,6.900287626854403e-06,0.021120129058131543,0.013800575253708805,0.006900287626854402,1.572780920439539,1.605998256459389
pooled_relative_posterior_active_te100bp,2024-08-12,2024-08-12,2024-08-19,0.02193040188019314,1.0953906758913638e-06,0.021929282467159528,0.0021907813517827277,0.0010953906758913638,1.605998256459389,1.6412166458670527
pooled_relative_posterior_active_te100bp,2024-08-19,2024-08-19,2024-08-26,0.012539549812445911,1.4918829069520014e-06,0.01253803922199892,0.0029837658139040026,0.0014918829069520013,1.6412166458670527,1.6617942845447313
pooled_relative_posterior_active_te100bp,2024-08-26,2024-08-26,2024-09-03,-0.00654634239705569,8.459685316793247e-07,-0.006547182827587705,0.0016919370633586492,0.0008459685316793246,1.6617942845447313,1.6509142135419768
pooled_relative_posterior_active_te100bp,2024-09-02,2024-09-03,2024-09-09,-0.006042422605804655,1.7627015048276141e-06,-0.006044174656322121,0.0035254030096552283,0.0017627015048276142,1.6509142135419768,1.6409357996927243
pooled_relative_posterior_active_te100bp,2024-09-09,2024-09-09,2024-09-16,0.02155220385855749,1.482369395849453e-06,0.021550689540834167,0.002964738791698906,0.001482369395849453,1.6409357996927243,1.6762990976683427
pooled_relative_posterior_active_te100bp,2024-09-16,2024-09-16,2024-09-23,0.010356567506286978,2.8059770091224366e-07,0.010356284002556837,0.0005611954018244873,0.00028059770091224366,1.6762990976683427,1.693659327197026
pooled_relative_posterior_active_te100bp,2024-09-23,2024-09-23,2024-09-30,0.0021586374925560608,1.0923238788355435e-06,0.0021575428107458716,0.002184647757671087,0.0010923238788355435,1.693659327197026,1.6973134697022725
pooled_relative_posterior_active_te100bp,2024-09-30,2024-09-30,2024-10-07,-0.0031345954134630667,6.008450162343204e-07,-0.003135194375073258,0.0012016900324686407,0.0006008450162343203,1.6973134697022725,1.6919920620593258
pooled_relative_posterior_active_te100bp,2024-10-07,2024-10-07,2024-10-14,0.005470185476193755,4.610336256281322e-07,0.005469721920628778,0.0009220672512562645,0.00046103362562813227,1.6919920620593258,1.7012467881307016
pooled_relative_posterior_active_te100bp,2024-10-14,2024-10-14,2024-10-21,0.00871563581079924,1.0494643539228268e-06,0.00871457719969615,0.002098928707845654,0.001049464353922827,1.7012467881307016,1.7160724346016016
pooled_relative_posterior_active_te100bp,2024-10-21,2024-10-21,2024-10-28,-0.0026275887415521193,2.5940650829249367e-06,-0.002630175990498862,0.005188130165849873,0.0025940650829249364,1.7160724346016016,1.7115588620861555
pooled_relative_posterior_active_te100bp,2024-10-28,2024-10-28,2024-11-04,-0.006664761390359961,2.256757221695787e-06,-0.006667003106833214,0.004513514443391574,0.002256757221695787,1.7115588620861555,1.7001478938350991
pooled_relative_posterior_active_te100bp,2024-11-04,2024-11-04,2024-11-11,0.009512625346995996,3.1383834748103944e-06,0.009509457109254882,0.006276766949620789,0.0031383834748103944,1.7001478938350991,1.716315377310914
pooled_relative_posterior_active_te100bp,2024-11-11,2024-11-11,2024-11-18,-0.014284110523205839,8.39318738480836e-06,-0.014292383821374433,0.016786374769616717,0.008393187384808359,1.716315377310914,1.6917851391798595
pooled_relative_posterior_active_te100bp,2024-11-18,2024-11-18,2024-11-25,0.015650596291950168,2.984349032389715e-06,0.01564756523607591,0.00596869806477943,0.002984349032389715,1.6917851391798595,1.7182574575106002
pooled_relative_posterior_active_te100bp,2024-11-25,2024-11-25,2024-12-02,0.005510141348149193,5.464273150450116e-06,0.005504646966081328,0.010928546300900233,0.005464273150450116,1.7182574575106002,1.7277158582110326
pooled_relative_posterior_active_te100bp,2024-12-02,2024-12-02,2024-12-09,0.005050504742508793,1.169585842573241e-06,0.005049329249667389,0.002339171685146482,0.001169585842573241,1.7277158582110326,1.7364396644290117
pooled_relative_posterior_active_te100bp,2024-12-09,2024-12-09,2024-12-16,-0.005568747196842537,2.6450895014346975e-06,-0.0055713775565091606,0.005290179002869395,0.0026450895014346974,1.7364396644290117,1.7267653034543795
pooled_relative_posterior_active_te100bp,2024-12-16,2024-12-16,2024-12-23,-0.01575998299499117,9.094317137270717e-07,-0.015760878094076558,0.0018188634274541433,0.0009094317137270716,1.7267653034543795,1.6995499660095539
pooled_relative_posterior_active_te100bp,2024-12-23,2024-12-23,2024-12-30,-0.002288312680958633,3.893709404697871e-07,-0.0022887011608966334,0.0007787418809395742,0.0003893709404697871,1.6995499660095539,1.695660204029346
pooled_relative_posterior_active_te100bp,2024-12-30,2024-12-30,2025-01-06,0.006120983700663052,2.9356136585454876e-06,0.006118030118161144,0.005871227317090975,0.0029356136585454874,1.695660204029346,1.7060343042277648
pooled_relative_posterior_active_te100bp,2025-01-06,2025-01-06,2025-01-13,-0.011303191084485619,2.791628913687611e-06,-0.011305951159084282,0.005583257827375222,0.002791628913687611,1.7060343042277648,1.6867459637084434
pooled_relative_posterior_active_te100bp,2025-01-13,2025-01-13,2025-01-21,0.026426627694416168,8.70757153440225e-06,0.02641769001113059,0.0174151430688045,0.00870757153440225,1.6867459637084434,1.7313058957052188
pooled_relative_posterior_active_te100bp,2025-01-20,2025-01-21,2025-01-27,-0.00042069790919644636,1.2646183856388528e-06,-0.000421961995559772,0.0025292367712777056,0.0012646183856388528,1.7313058957052188,1.7305753504145427
pooled_relative_posterior_active_te100bp,2025-01-27,2025-01-27,2025-02-03,0.004727011499581021,4.523910162885227e-06,0.004722466204842624,0.009047820325770452,0.004523910162885226,1.7305753504145427,1.738747934021809
pooled_relative_posterior_active_te100bp,2025-02-03,2025-02-03,2025-02-10,0.015780277255158234,6.048898158570468e-06,0.01577413290370977,0.012097796317140936,0.006048898158570468,1.738747934021809,1.76617517501912
pooled_relative_posterior_active_te100bp,2025-02-10,2025-02-10,2025-02-18,0.006271137110085814,5.100379861969631e-06,0.006266004745042464,0.010200759723939263,0.0051003798619696315,1.76617517501912,1.777242037046366
pooled_relative_posterior_active_te100bp,2025-02-17,2025-02-18,2025-02-24,-0.002536940293290112,1.76317233733069e-06,-0.0025386989925645365,0.00352634467466138,0.00176317233733069,1.777242037046366,1.772730154477373
pooled_relative_posterior_active_te100bp,2025-02-24,2025-02-24,2025-03-03,-0.0062121136434558355,2.7874283248982044e-06,-0.006214883755959244,0.005574856649796408,0.002787428324898204,1.772730154477373,1.7617128426366124
pooled_relative_posterior_active_te100bp,2025-03-03,2025-03-03,2025-03-10,-0.015052818615715068,1.5051052262248389e-06,-0.015054301064865272,0.0030102104524496777,0.0015051052262248388,1.7617128426366124,1.7351914871137213
pooled_relative_posterior_active_te100bp,2025-03-10,2025-03-10,2025-03-17,0.0029220095476597276,3.2887494090167187e-06,0.002918711188493406,0.006577498818033437,0.0032887494090167186,1.7351914871137213,1.7402560099213387
pooled_relative_posterior_active_te100bp,2025-03-17,2025-03-17,2025-03-24,0.010379372103620133,7.194371501722825e-06,0.010372103059059334,0.014388743003445649,0.0071943715017228245,1.7402560099213387,1.7583061246053902
pooled_relative_posterior_active_te100bp,2025-03-24,2025-03-24,2025-03-31,-0.005361753897475159,2.979452588241082e-06,-0.005364717374971906,0.005958905176482164,0.002979452588241082,1.7583061246053902,1.7488733091882
pooled_relative_posterior_active_te100bp,2025-03-31,2025-03-31,2025-04-07,-0.04811095463968391,9.960840876663975e-06,-0.04812043625499707,0.019921681753327952,0.009960840876663976,1.7488733091882,1.6647167625953434
pooled_relative_posterior_active_te100bp,2025-04-07,2025-04-07,2025-04-14,0.047786170806983684,8.743462889320816e-06,0.04777700952748343,0.01748692577864163,0.008743462889320815,1.6647167625953434,1.7442519512224224
pooled_relative_posterior_active_te100bp,2025-04-14,2025-04-14,2025-04-21,0.0037283633585135883,6.9200233327759205e-06,0.003721417534819471,0.01384004666555184,0.00692002333277592,1.7442519512224224,1.7507430410188445
pooled_relative_posterior_active_te100bp,2025-04-21,2025-04-21,2025-04-28,0.015568274489870504,1.5488456486112014e-05,0.01555254490484237,0.03097691297222403,0.015488456486112015,1.7507430410188445,1.7779715507811304
pooled_relative_posterior_active_te100bp,2025-04-28,2025-04-28,2025-05-05,0.006400415102076417,5.755727533746056e-07,0.006399835845418478,0.0011511455067492113,0.0005755727533746056,1.7779715507811304,1.7893502768439538
pooled_relative_posterior_active_te100bp,2025-05-05,2025-05-05,2025-05-12,0.006501128761766491,5.471485530418999e-06,0.0064956217054039644,0.010942971060837997,0.0054714855304189985,1.7893502768439538,1.800973219340792
pooled_relative_posterior_active_te100bp,2025-05-12,2025-05-12,2025-05-19,0.00230216202808789,9.120905516129597e-06,0.002293020124769507,0.018241811032259192,0.009120905516129596,1.800973219340792,1.8051028871769113
pooled_relative_posterior_active_te100bp,2025-05-19,2025-05-19,2025-05-27,0.005440983611153281,3.7284766172857416e-06,0.005437234847955885,0.007456953234571483,0.0037284766172857413,1.8051028871769113,1.8149176554992152
pooled_relative_posterior_active_te100bp,2025-05-26,2025-05-27,2025-06-02,0.0065545368025605065,4.914873206189531e-06,0.0065495897146370385,0.009829746412379062,0.004914873206189531,1.8149176554992152,1.826804621508586
pooled_relative_posterior_active_te100bp,2025-06-02,2025-06-02,2025-06-09,0.003977368469118215,3.7656962302465466e-06,0.0039735877953264165,0.007531392460493093,0.0037656962302465465,1.826804621508586,1.8340635900570585
pooled_relative_posterior_active_te100bp,2025-06-09,2025-06-09,2025-06-16,0.009688818949248614,1.3839870590987362e-07,0.009688679209622686,0.0002767974118197472,0.0001383987059098736,1.8340635900570585,1.8518332438311702
pooled_relative_posterior_active_te100bp,2025-06-16,2025-06-16,2025-06-23,-0.003415991919751158,1.6839567739036498e-06,-0.0034176701241424023,0.0033679135478072997,0.0016839567739036498,1.8518332438311702,1.8455042886788346
pooled_relative_posterior_active_te100bp,2025-06-23,2025-06-23,2025-06-30,0.009895629177141025,3.4341117039125154e-07,0.009895282367700986,0.000686822340782503,0.0003434111703912515,1.8455042886788346,1.8637660747261149
pooled_relative_posterior_active_te100bp,2025-06-30,2025-06-30,2025-07-07,0.005290039954488314,3.396191938270857e-07,0.005289698538695431,0.0006792383876541713,0.00033961919382708566,1.8637660747261149,1.8736248354080638
pooled_relative_posterior_active_te100bp,2025-07-07,2025-07-07,2025-07-14,0.00080908666204965,8.366648687696265e-07,0.0008082493202465901,0.001673329737539253,0.0008366648687696265,1.8736248354080638,1.8751391914076796
pooled_relative_posterior_active_te100bp,2025-07-14,2025-07-14,2025-07-21,0.007612286158153326,1.182754986673029e-07,0.007612166982307711,0.00023655099733460583,0.00011827549866730291,1.8751391914076796,1.8894130640477442
pooled_relative_posterior_active_te100bp,2025-07-21,2025-07-21,2025-07-28,0.0010292351576990167,1.6831616979132435e-06,0.0010275502636318823,0.003366323395826487,0.0016831616979132435,1.8894130640477442,1.891354530939816
pooled_relative_posterior_active_te100bp,2025-07-28,2025-07-28,2025-08-04,-0.000327089748157114,6.516712554467328e-07,-0.0003277412062575591,0.0013033425108934654,0.0006516712554467327,1.891354530939816,1.8907346561243852
pooled_relative_posterior_active_te100bp,2025-08-04,2025-08-04,2025-08-11,0.0047366958721179325,1.177492327101081e-06,0.004735512802367836,0.002354984654202162,0.001177492327101081,1.8907346561243852,1.8996882542943427
pooled_relative_posterior_active_te100bp,2025-08-11,2025-08-11,2025-08-18,0.003048620214970864,2.6201094085794857e-06,0.003045992117843843,0.00524021881715897,0.002620109408579485,1.8996882542943427,1.905474689743284
pooled_relative_posterior_active_te100bp,2025-08-18,2025-08-18,2025-08-25,0.0031381576855180567,3.8808123336349714e-07,0.0031377683864246553,0.0007761624667269942,0.0003880812333634971,1.905474689743284,1.9114536279858927
pooled_relative_posterior_active_te100bp,2025-08-25,2025-08-25,2025-09-02,0.0032458907018769216,2.5103004603601113e-07,0.0032456388570147876,0.0005020600920720222,0.0002510300460360111,1.9114536279858927,1.9176575161542655
pooled_relative_posterior_active_te100bp,2025-09-01,2025-09-02,2025-09-08,0.02191655549495572,3.1587538692853074e-06,0.02191332751208197,0.006317507738570614,0.003158753869285307,1.9176575161542655,1.9596797733617595
pooled_relative_posterior_active_te100bp,2025-09-08,2025-09-08,2025-09-15,0.00934579818562111,1.0490034672601228e-06,0.009344739378378986,0.0020980069345202454,0.0010490034672601227,1.9596797733617595,1.977992470108906
pooled_relative_posterior_active_te100bp,2025-09-15,2025-09-15,2025-09-22,0.005799748990679383,3.906609134669489e-07,0.005799356064030592,0.0007813218269338978,0.0003906609134669489,1.977992470108906,1.9894635527350388
pooled_relative_posterior_active_te100bp,2025-09-22,2025-09-22,2025-09-29,0.006991093206535091,2.1637407407739083e-06,0.006988914338881047,0.004327481481547817,0.0021637407407739083,1.9894635527350388,2.00336774308543
pooled_relative_posterior_active_te100bp,2025-09-29,2025-09-29,2025-10-06,0.011372974502128536,2.171354716085601e-06,0.011370778452650443,0.004342709432171202,0.002171354716085601,2.00336774308543,2.0261475938512405
pooled_mean_optimizer,2018-01-01,2018-01-02,2018-01-08,0.008066173180912718,0.0005,0.007562140094322212,1.0,0.5,1.0,1.0075621400943222
pooled_mean_optimizer,2018-01-08,2018-01-08,2018-01-16,0.009329251535908512,4.290065996194678e-06,0.00932492144680741,0.008580131992389356,0.004290065996194678,1.0075621400943222,1.016957577903479
pooled_mean_optimizer,2018-01-15,2018-01-16,2018-01-22,-0.0033966409301416423,4.4282906421974215e-06,-0.003401054179470675,0.008856581284394843,0.004428290642197422,1.016957577903479,1.013498850082806
pooled_mean_optimizer,2018-01-22,2018-01-22,2018-01-29,0.009967573643860668,2.6275800279475373e-06,0.009964919873235223,0.005255160055895075,0.0026275800279475375,1.013498850082806,1.0235982849154972
pooled_mean_optimizer,2018-01-29,2018-01-29,2018-02-05,-0.02289129206167483,3.6703748141776465e-06,-0.022894878416867215,0.007340749628355292,0.003670374814177646,1.0235982849154972,1.0001631266346431
pooled_mean_optimizer,2018-02-05,2018-02-05,2018-02-12,-0.018611216066207515,4.535657516723496e-06,-0.018615667309622164,0.009071315033446992,0.004535657516723496,1.0001631266346431,0.9815444226138611
pooled_mean_optimizer,2018-02-12,2018-02-12,2018-02-20,0.015294533554124747,5.154766903128564e-06,0.015289299947466306,0.010309533806257126,0.005154766903128563,0.9815444226138611,0.996551549702967
pooled_mean_optimizer,2018-02-19,2018-02-20,2018-02-26,0.005152659557422235,3.5066825877422133e-06,0.005149134806093025,0.007013365175484426,0.003506682587742213,0.996551549702967,1.0016829279736086
pooled_mean_optimizer,2018-02-26,2018-02-26,2018-03-05,-0.01488382245458322,3.197955023290913e-06,-0.014886972811811616,0.006395910046581826,0.003197955023290913,1.0016829279736086,0.9867709014588096
pooled_mean_optimizer,2018-03-05,2018-03-05,2018-03-12,0.01426741119310768,1.8548149552487238e-06,0.014265529914744723,0.0037096299104974473,0.0018548149552487236,0.9867709014588096,1.00084771127257
pooled_mean_optimizer,2018-03-12,2018-03-12,2018-03-19,-0.006232784968766072,6.5787428257785554e-06,-0.006239322707702444,0.01315748565155711,0.006578742825778555,1.00084771127257,0.994603099420675
pooled_mean_optimizer,2018-03-19,2018-03-19,2018-03-26,-0.01166811210846965,3.726164305813406e-07,-0.011668480377169943,0.0007452328611626813,0.00037261643058134064,0.994603099420675,0.9829975926720125
pooled_mean_optimizer,2018-03-26,2018-03-26,2018-04-02,0.002476513432392084,1.072930268297273e-06,0.0024754378449975967,0.002145860536594546,0.001072930268297273,0.9829975926720125,0.9854309421144543
pooled_mean_optimizer,2018-04-02,2018-04-02,2018-04-09,-0.00133691128912177,3.9072764510525026e-06,-0.0013408133418907342,0.007814552902105004,0.003907276451052502,0.9854309421144543,0.9841096631597552
pooled_mean_optimizer,2018-04-09,2018-04-09,2018-04-16,0.010321802825197398,1.1099548514607177e-06,0.010320681413610755,0.0022199097029214354,0.0011099548514607177,0.9841096631597552,0.9942663454692828
pooled_mean_optimizer,2018-04-16,2018-04-16,2018-04-23,-0.007209049891022354,1.588919671102071e-06,-0.007210627356092236,0.0031778393422041418,0.0015889196711020709,0.9942663454692828,0.9870970613594001
pooled_mean_optimizer,2018-04-23,2018-04-23,2018-04-30,-0.001992162563138099,1.189761136292225e-06,-0.0019933499540767396,0.00237952227258445,0.001189761136292225,0.9870970613594001,0.9851294314774701
pooled_mean_optimizer,2018-04-30,2018-04-30,2018-05-07,-0.0011769502766706067,1.3634865023102736e-06,-0.0011783121584171274,0.0027269730046205476,0.0013634865023102738,0.9851294314774701,0.9839686414907457
pooled_mean_optimizer,2018-05-07,2018-05-07,2018-05-14,0.010884148134687693,7.051762712364518e-07,0.010883435283173482,0.0014103525424729035,0.0007051762712364518,0.9839686414907457,0.9946776005210823
pooled_mean_optimizer,2018-05-14,2018-05-14,2018-05-21,-0.00776278563132006,6.115260767936837e-07,-0.0077633924102510354,0.0012230521535873673,0.0006115260767936836,0.9946776005210823,0.9869555279865503
pooled_mean_optimizer,2018-05-21,2018-05-21,2018-05-29,0.001259802694108717,1.6515319656784656e-06,0.001258149081538651,0.003303063931356931,0.0016515319656784655,0.9869555279865503,0.9881972651776061
pooled_mean_optimizer,2018-05-28,2018-05-29,2018-06-04,0.005373675407908792,1.3001512156960438e-06,0.005372368270102568,0.0026003024313920875,0.0013001512156960437,0.9881972651776061,0.9935062248096483
pooled_mean_optimizer,2018-06-04,2018-06-04,2018-06-11,0.004237931335422919,7.548887068188626e-07,0.004237173247549464,0.001509777413637725,0.0007548887068188626,0.9935062248096483,0.9977158828066857
pooled_mean_optimizer,2018-06-11,2018-06-11,2018-06-18,-0.0028024558653785103,2.8557084313699385e-06,-0.0028053035708131002,0.0057114168627398765,0.0028557084313699382,0.9977158828066857,0.9949169868779911
pooled_mean_optimizer,2018-06-18,2018-06-18,2018-06-25,-0.006644317900283956,1.8904988234093035e-06,-0.006646195838032165,0.003780997646818607,0.0018904988234093034,0.9949169868779911,0.9883045737406151
pooled_mean_optimizer,2018-06-25,2018-06-25,2018-07-02,-0.006621463896960935,1.8650412651022574e-06,-0.006623316588922679,0.003730082530204515,0.0018650412651022574,0.9883045737406151,0.9817587196624508
pooled_mean_optimizer,2018-07-02,2018-07-02,2018-07-09,0.014408077194865265,1.6642564246989458e-06,0.014406388959705696,0.003328512849397891,0.0016642564246989455,0.9817587196624508,0.9959023176424907
pooled_mean_optimizer,2018-07-09,2018-07-09,2018-07-16,0.002737530229260164,2.719795095717875e-06,0.00273480298864337,0.00543959019143575,0.002719795095717875,0.9959023176424907,0.9986259142771763
pooled_mean_optimizer,2018-07-16,2018-07-16,2018-07-23,-0.0031736515890639925,2.972893513959421e-06,-0.0031766150476497668,0.005945787027918842,0.002972893513959421,0.9986259142771763,0.9954536641709104
pooled_mean_optimizer,2018-07-23,2018-07-23,2018-07-30,0.0032459879594176357,1.4414104303049069e-06,0.0032445418701863016,0.002882820860609814,0.001441410430304907,0.9954536641709104,0.9986834552641433
pooled_mean_optimizer,2018-07-30,2018-07-30,2018-08-06,0.0033041150500587617,1.4392114638389352e-06,0.003302671083274644,0.0028784229276778706,0.0014392114638389353,0.9986834552641433,1.001981778233189
pooled_mean_optimizer,2018-08-06,2018-08-06,2018-08-13,-0.00205486830975722,1.5103508625431972e-06,-0.0020563755570475184,0.0030207017250863943,0.0015103508625431972,1.001981778233189,0.9999213273958233
pooled_mean_optimizer,2018-08-13,2018-08-13,2018-08-20,0.003813080530973526,1.0436374952978585e-06,0.0038120329140043374,0.0020872749905957166,0.0010436374952978583,0.9999213273958233,1.0037330604072712
pooled_mean_optimizer,2018-08-20,2018-08-20,2018-08-27,0.006262004307278562,1.0850040741639254e-06,0.006260912508904148,0.002170008148327851,0.0010850040741639255,1.0037330604072712,1.0100173452807757
pooled_mean_optimizer,2018-08-27,2018-08-27,2018-09-04,-0.003332313840048182,1.8290753440621255e-06,-0.0033341368203391175,0.003658150688124251,0.0018290753440621255,1.0100173452807757,1.006649809260694
pooled_mean_optimizer,2018-09-03,2018-09-04,2018-09-10,-0.001148424918701098,2.620232908968165e-06,-0.0011510421424694162,0.0052404658179363295,0.0026202329089681647,1.006649809260694,1.0054911129075261
pooled_mean_optimizer,2018-09-10,2018-09-10,2018-09-17,0.004387531435458113,1.2866849860297957e-06,0.004386239105101275,0.0025733699720595915,0.0012866849860297958,1.0054911129075261,1.009901437346793
pooled_mean_optimizer,2018-09-17,2018-09-17,2018-09-24,0.0008308551678531044,1.982055366026386e-06,0.0008288714656861096,0.003964110732052772,0.001982055366026386,1.009901437346793,1.010738515831365
pooled_mean_optimizer,2018-09-24,2018-09-24,2018-10-01,0.0009450776129025929,2.3732874561327445e-06,0.0009427020825054644,0.004746574912265489,0.0023732874561327444,1.010738515831365,1.0116913411351078
pooled_mean_optimizer,2018-10-01,2018-10-01,2018-10-08,-0.012242502323355978,1.0596564923748414e-06,-0.012243549007001309,0.0021193129847496828,0.0010596564923748414,1.0116913411351078,0.9993046486199613
pooled_mean_optimizer,2018-10-08,2018-10-08,2018-10-15,-0.008425903674661832,1.8694821900073487e-06,-0.008427757404774971,0.0037389643800146977,0.0018694821900073488,0.9993046486199613,0.9908827514679284
pooled_mean_optimizer,2018-10-15,2018-10-15,2018-10-22,-0.00017053429888142478,1.0356817453288564e-05,-0.0001808893501421549,0.020713634906577127,0.010356817453288564,0.9908827514679284,0.9907035113309482
pooled_mean_optimizer,2018-10-22,2018-10-22,2018-10-29,-0.010401092709772325,1.9556126977304246e-06,-0.010403027981961133,0.003911225395460849,0.0019556126977304245,0.9907035113309482,0.9803971949807453
pooled_mean_optimizer,2018-10-29,2018-10-29,2018-11-05,0.0030897197608702,6.460975780874192e-06,0.003083238822484846,0.012921951561748385,0.0064609757808741924,0.9803971949807453,0.9834199936737652
pooled_mean_optimizer,2018-11-05,2018-11-05,2018-11-12,0.005019186786214682,3.6862051600226874e-06,0.005015482079302469,0.007372410320045375,0.0036862051600226875,0.9834199936737652,0.9883523190284638
pooled_mean_optimizer,2018-11-12,2018-11-12,2018-11-19,-0.008536546608593527,4.323812687064208e-06,-0.008540833510852108,0.008647625374128415,0.004323812687064207,0.9883523190284638,0.979910966421577
pooled_mean_optimizer,2018-11-19,2018-11-19,2018-11-26,-0.007903053638015656,2.320763906391368e-06,-0.00790535606080045,0.004641527812782736,0.002320763906391368,0.979910966421577,0.9721644213241314
pooled_mean_optimizer,2018-11-26,2018-11-26,2018-12-03,0.021539053676683243,6.407297870081569e-06,0.021532508371680414,0.012814595740163137,0.006407297870081569,0.9721644213241314,0.9930975598649431
pooled_mean_optimizer,2018-12-03,2018-12-03,2018-12-10,-0.018391122205359052,1.1030805024724851e-05,-0.01840195014150059,0.022061610049449704,0.011030805024724852,0.9930975598649431,0.9748226280826625
pooled_mean_optimizer,2018-12-10,2018-12-10,2018-12-17,-0.0034152478254641148,1.366042219285016e-05,-0.003428861593929744,0.027320844385700316,0.013660422192850158,0.9748226280826625,0.9714800962123362
pooled_mean_optimizer,2018-12-17,2018-12-17,2018-12-24,-0.027500666373624708,4.540550592962475e-06,-0.027505082056050623,0.00908110118592495,0.004540550592962475,0.9714800962123362,0.944759456450196
pooled_mean_optimizer,2018-12-24,2018-12-24,2018-12-31,0.01958275544867249,1.6916844576866043e-05,0.01956550732566531,0.03383368915373208,0.01691684457686604,0.944759456450196,0.9632441545163639
pooled_mean_optimizer,2018-12-31,2018-12-31,2019-01-07,0.011127009981182035,8.039354224577591e-06,0.011118881172982764,0.016078708449155182,0.008039354224577591,0.9632441545163639,0.9739543518110017
pooled_mean_optimizer,2019-01-07,2019-01-07,2019-01-14,0.008453353571254818,1.3788774344869331e-06,0.008451963037681809,0.0027577548689738662,0.0013788774344869331,0.9739543518110017,0.9821861779928975
pooled_mean_optimizer,2019-01-14,2019-01-14,2019-01-22,0.012994735239055968,3.4993899823731326e-06,0.012991190375427397,0.006998779964746266,0.003499389982373133,0.9821861779928975,0.9949459456153167
pooled_mean_optimizer,2019-01-21,2019-01-22,2019-01-28,0.0017331788055407343,6.217457087495729e-06,0.001726950572488395,0.012434914174991457,0.0062174570874957286,0.9949459456153167,0.996664168085692
pooled_mean_optimizer,2019-01-28,2019-01-28,2019-02-04,0.015900954619568496,2.492288711605811e-06,0.01589842270108721,0.0049845774232116224,0.0024922887116058112,0.996664168085692,1.0125095563209459
pooled_mean_optimizer,2019-02-04,2019-02-04,2019-02-11,0.001823703669407904,3.3116531226073387e-06,0.001820385976811334,0.006623306245214677,0.0033116531226073387,1.0125095563209459,1.01435271451866
pooled_mean_optimizer,2019-02-11,2019-02-11,2019-02-19,0.011629798174897317,1.1349039866984657e-06,0.011628650072206481,0.002269807973396931,0.0011349039866984656,1.01435271451866,1.0261482672855902
pooled_mean_optimizer,2019-02-18,2019-02-19,2019-02-25,0.005322010724147594,4.017425489373019e-06,0.0053179719178766405,0.008034850978746039,0.004017425489373019,1.0261482672855902,1.0316052949545926
pooled_mean_optimizer,2019-02-25,2019-02-25,2019-03-04,-0.0035523362806226338,3.4987815786689105e-06,-0.0035558226333526344,0.006997563157337822,0.003498781578668911,1.0316052949545926,1.0279370894981066
pooled_mean_optimizer,2019-03-04,2019-03-04,2019-03-11,-0.0060628027016444925,4.515789236162569e-06,-0.006067291112541562,0.009031578472325136,0.004515789236162568,1.0279370894981066,1.0217002959307429
pooled_mean_optimizer,2019-03-11,2019-03-11,2019-03-18,0.012917816872792932,3.8125784098952398e-06,0.01291395504419346,0.0076251568197904795,0.0038125784098952398,1.0217002959307429,1.0348944876210315
pooled_mean_optimizer,2019-03-18,2019-03-18,2019-03-25,0.003541982304055418,2.705747971372602e-06,0.0035392669723726122,0.005411495942745204,0.002705747971372602,1.0348944876210315,1.0385572555009592
pooled_mean_optimizer,2019-03-25,2019-03-25,2019-04-01,0.0067682881311869735,3.114374880290316e-06,0.006765152677320252,0.006228749760580632,0.003114374880290316,1.0385572555009592,1.0455832538985619
pooled_mean_optimizer,2019-04-01,2019-04-01,2019-04-08,0.005398688862221302,3.3166207931738104e-06,0.005395354336024338,0.006633241586347621,0.0033166207931738106,1.0455832538985619,1.051224546041158
pooled_mean_optimizer,2019-04-08,2019-04-08,2019-04-15,0.0028600769591557084,2.2781557727936387e-06,0.002857792287682237,0.004556311545587277,0.0022781557727936386,1.051224546041158,1.0542287274414568
pooled_mean_optimizer,2019-04-15,2019-04-15,2019-04-22,-0.004393041855244161,2.5806989565047988e-06,-0.004395611217082096,0.005161397913009597,0.0025806989565047983,1.0542287274414568,1.0495947478217449
pooled_mean_optimizer,2019-04-22,2019-04-22,2019-04-29,0.009065613071885819,3.3835538364467016e-07,0.009065271649103313,0.0006767107672893402,0.0003383553836446701,1.0495947478217449,1.0591096093322212
pooled_mean_optimizer,2019-04-29,2019-04-29,2019-05-06,-0.006107492952118126,2.06131171789295e-06,-0.006109541674389152,0.004122623435785899,0.0020613117178929496,1.0591096093322212,1.05263893503626
pooled_mean_optimizer,2019-05-06,2019-05-06,2019-05-13,-0.007122561419237259,2.9603448911740684e-06,-0.007125500678890173,0.0059206897823481375,0.0029603448911740687,1.05263893503626,1.0451383555900329
pooled_mean_optimizer,2019-05-13,2019-05-13,2019-05-20,0.0008933141083803456,4.700525870032737e-06,0.000888609383464356,0.009401051740065475,0.004700525870032737,1.0451383555900329,1.0460670753398287
pooled_mean_optimizer,2019-05-20,2019-05-20,2019-05-28,0.000953363385297877,1.606991974891281e-06,0.0009517548612756332,0.0032139839497825617,0.0016069919748912809,1.0460670753398287,1.0470626747640037
pooled_mean_optimizer,2019-05-27,2019-05-28,2019-06-03,-0.0032430906211797454,1.3097705568819037e-06,-0.003244396144032047,0.002619541113763807,0.0013097705568819035,1.0470626747640037,1.0436655886594395
pooled_mean_optimizer,2019-06-03,2019-06-03,2019-06-10,0.024076295766793078,9.480206589559615e-06,0.024066587311945664,0.01896041317911923,0.009480206589559614,1.0436655886594395,1.068783057673385
pooled_mean_optimizer,2019-06-10,2019-06-10,2019-06-17,0.002638722233126521,9.225689934401343e-06,0.0026294721991588776,0.018451379868802686,0.009225689934401343,1.068783057673385,1.071593393010469
pooled_mean_optimizer,2019-06-17,2019-06-17,2019-06-24,0.02300813199753068,1.08387324213087e-06,0.02300702318638992,0.00216774648426174,0.00108387324213087,1.071593393010469,1.0962475670498433
pooled_mean_optimizer,2019-06-24,2019-06-24,2019-07-01,0.003571216377002591,9.205623968858572e-07,0.0035702925270781893,0.0018411247937717146,0.0009205623968858573,1.0962475670498433,1.100161491546309
pooled_mean_optimizer,2019-07-01,2019-07-01,2019-07-08,0.00021292107013839924,3.1452662861007064e-06,0.00020977513415898486,0.006290532572201413,0.0031452662861007064,1.100161491546309,1.1003922780707946
pooled_mean_optimizer,2019-07-08,2019-07-08,2019-07-15,0.003703902088251527,1.1508037269262613e-06,0.003702747022060082,0.002301607453852522,0.001150803726926261,1.1003922780707946,1.1044667523015193
pooled_mean_optimizer,2019-07-15,2019-07-15,2019-07-22,7.537090129561492e-05,3.5455355326677596e-06,7.182509853276287e-05,0.007091071065335519,0.0035455355326677596,1.1044667523015193,1.1045460807348295
pooled_mean_optimizer,2019-07-22,2019-07-22,2019-07-29,0.005849176938551701,6.034048174797108e-07,0.005848570004312714,0.0012068096349594215,0.0006034048174797108,1.1045460807348295,1.1110060958109964
pooled_mean_optimizer,2019-07-29,2019-07-29,2019-08-05,-0.009253475930762206,5.433952638653484e-07,-0.009254014297731095,0.0010867905277306966,0.0005433952638653483,1.1110060958109964,1.100724829515495
pooled_mean_optimizer,2019-08-05,2019-08-05,2019-08-12,0.008951409157721102,5.890824421396837e-06,0.008945465602120173,0.011781648842793674,0.005890824421396837,1.100724829515495,1.1105713256153253
pooled_mean_optimizer,2019-08-12,2019-08-12,2019-08-19,0.0050805448522474195,1.921800914583799e-06,0.005078613287537115,0.0038436018291675977,0.0019218009145837989,1.1105713256153253,1.116211487906353
pooled_mean_optimizer,2019-08-19,2019-08-19,2019-08-26,0.0022863836421170855,3.857595488589243e-06,0.0022825172266853766,0.007715190977178488,0.003857595488589244,1.116211487906353,1.1187592598561233
pooled_mean_optimizer,2019-08-26,2019-08-26,2019-09-03,0.005668718274210879,2.716478037573897e-06,0.005665986397224376,0.0054329560751477934,0.0027164780375738967,1.1187592598561233,1.125098134604237
pooled_mean_optimizer,2019-09-02,2019-09-03,2019-09-09,0.0054705968667347225,1.7927419189658484e-06,0.005468794317447623,0.0035854838379316967,0.0017927419189658483,1.125098134604237,1.1312510648893317
pooled_mean_optimizer,2019-09-09,2019-09-09,2019-09-16,-0.0062154457434709775,1.7376560995362722e-06,-0.006217172599263354,0.0034753121990725444,0.0017376560995362722,1.1312510648893317,1.1242178817658142
pooled_mean_optimizer,2019-09-16,2019-09-16,2019-09-23,0.007111029651286834,1.5211279986000333e-06,0.007109497706502044,0.0030422559972000662,0.0015211279986000331,1.1242178817658142,1.1322105062178367
pooled_mean_optimizer,2019-09-23,2019-09-23,2019-09-30,-0.007400570014571506,9.329905573046277e-07,-0.007401496100466809,0.0018659811146092553,0.0009329905573046277,1.1322105062178367,1.123830454571158
pooled_mean_optimizer,2019-09-30,2019-09-30,2019-10-07,0.001557434114734941,1.2644222417115824e-06,0.0015561677232387439,0.002528844483423165,0.0012644222417115825,1.123830454571158,1.1255793232509543
pooled_mean_optimizer,2019-10-07,2019-10-07,2019-10-14,7.891505474799491e-06,3.790379033775382e-07,7.512464580194944e-06,0.0007580758067550764,0.0003790379033775382,1.1255793232509543,1.1255877791257525
pooled_mean_optimizer,2019-10-14,2019-10-14,2019-10-21,0.005065931074986275,8.743814518406279e-07,0.0050650522639783535,0.0017487629036812558,0.0008743814518406279,1.1255877791257525,1.1312889400547197
pooled_mean_optimizer,2019-10-21,2019-10-21,2019-10-28,0.0048201566169001975,1.2507470859947078e-06,0.0048188998410172434,0.0025014941719894157,0.0012507470859947079,1.1312889400547197,1.136740508148094
pooled_mean_optimizer,2019-10-28,2019-10-28,2019-11-04,0.008572055357661396,1.6635766957341924e-06,0.008570377520694006,0.003327153391468385,0.0016635766957341924,1.136740508148094,1.1464828034459886
pooled_mean_optimizer,2019-11-04,2019-11-04,2019-11-11,-0.009203547925846316,1.7402998468382113e-06,-0.009205272208760107,0.0034805996936764227,0.0017402998468382114,1.1464828034459886,1.1359291171576058
pooled_mean_optimizer,2019-11-11,2019-11-11,2019-11-18,0.008751238850927278,3.147521214910742e-06,0.008748063785002369,0.006295042429821485,0.0031475212149107423,1.1359291171576058,1.145866297529742
pooled_mean_optimizer,2019-11-18,2019-11-18,2019-11-25,0.0006430430166266144,1.8006241941957854e-06,0.0006412412345535579,0.0036012483883915702,0.0018006241941957851,1.145866297529742,1.1466010742490034
pooled_mean_optimizer,2019-11-25,2019-11-25,2019-12-02,0.0027580930421526196,7.829313268050004e-07,0.002757307951428478,0.0015658626536100007,0.0007829313268050003,1.1466010742490034,1.1497626065081465
pooled_mean_optimizer,2019-12-02,2019-12-02,2019-12-09,0.0033266940208231946,1.5037860948564353e-06,0.0033251852320921316,0.0030075721897128704,0.0015037860948564352,1.1497626065081465,1.1535857801477192
pooled_mean_optimizer,2019-12-09,2019-12-09,2019-12-16,0.009007294658558667,7.867535512649376e-07,0.009006500818486307,0.0015735071025298752,0.0007867535512649376,1.1535857801477192,1.1639755514208139
pooled_mean_optimizer,2019-12-16,2019-12-16,2019-12-23,0.004964764557579802,1.6711179926156837e-06,0.004963085142879908,0.0033422359852313677,0.0016711179926156838,1.1639755514208139,1.169752461186746
pooled_mean_optimizer,2019-12-23,2019-12-23,2019-12-30,0.005474883691903695,2.581694333274098e-06,0.005472287863094172,0.0051633886665481965,0.0025816943332740983,1.169752461186746,1.1761536833829227
pooled_mean_optimizer,2019-12-30,2019-12-30,2020-01-06,0.006018365495001458,8.043139508726594e-07,0.006017556340395247,0.0016086279017453187,0.0008043139508726593,1.1761536833829227,1.1832312544376429
pooled_mean_optimizer,2020-01-06,2020-01-06,2020-01-13,0.004211456894806983,2.6783571006916556e-06,0.0042087672579209645,0.005356714201383311,0.0026783571006916557,1.1832312544376429,1.1882111993998687
pooled_mean_optimizer,2020-01-13,2020-01-13,2020-01-21,0.00638528035627522,1.7281187831211798e-06,0.006383541202969134,0.0034562375662423594,0.0017281187831211797,1.1882111993998687,1.1957961945490672
pooled_mean_optimizer,2020-01-20,2020-01-21,2020-01-27,-0.004317272958377333,2.5848882171719963e-06,-0.004319846686926532,0.005169776434343992,0.002584888217171996,1.1957961945490672,1.190630538319805
pooled_mean_optimizer,2020-01-27,2020-01-27,2020-02-03,0.0024619460517631858,4.28711504200871e-06,0.002457648382075295,0.00857423008401742,0.00428711504200871,1.190630538319805,1.1935566895359562
pooled_mean_optimizer,2020-02-03,2020-02-03,2020-02-10,0.00986521123865457,1.595348039317171e-06,0.009863600152169916,0.003190696078634342,0.001595348039317171,1.1935566895359562,1.2053294554804865
pooled_mean_optimizer,2020-02-10,2020-02-10,2020-02-18,0.008595702634878601,1.3848883808306872e-06,0.008594305842409167,0.0027697767616613744,0.0013848883808306872,1.2053294554804865,1.2156884254617504
pooled_mean_optimizer,2020-02-17,2020-02-18,2020-02-24,-0.004052724719703171,2.9192974609243974e-06,-0.0040556321860550915,0.005838594921848794,0.002919297460924397,1.2156884254617504,1.2107580403552332
pooled_mean_optimizer,2020-02-24,2020-02-24,2020-03-02,-0.03726932810142899,8.482208244395426e-06,-0.03727749418347126,0.01696441648879085,0.008482208244395426,1.2107580403552332,1.1656240145483
pooled_mean_optimizer,2020-03-02,2020-03-02,2020-03-09,-0.02968609533876741,1.2860046327983891e-05,-0.029698573620534074,0.02572009265596778,0.01286004632798389,1.1656240145483,1.1310066439383748
pooled_mean_optimizer,2020-03-09,2020-03-09,2020-03-16,-0.11066192345144808,1.5150802600338604e-05,-0.11067539763709078,0.030301605200677206,0.015150802600338603,1.1310066439383748,1.0058320338903037
pooled_mean_optimizer,2020-03-16,2020-03-16,2020-03-23,-0.03778385167054351,1.2997122632392347e-05,-0.037796357711822215,0.025994245264784693,0.012997122632392347,1.0058320338903037,0.9678152465393761
pooled_mean_optimizer,2020-03-23,2020-03-23,2020-03-30,0.10384707633860399,8.268202249690953e-06,0.10383794950772396,0.0165364044993819,0.00826820224969095,0.9678152465393761,1.0683111972423374
pooled_mean_optimizer,2020-03-30,2020-03-30,2020-04-06,0.0019009166316315584,4.4941891510127125e-06,0.001896413899401539,0.008988378302025424,0.004494189151012712,1.0683111972423374,1.070337157445674
pooled_mean_optimizer,2020-04-06,2020-04-06,2020-04-13,0.06809042991482134,5.582608456282973e-06,0.06808446718415517,0.011165216912565945,0.0055826084562829725,1.070337157445674,1.1432104925177657
pooled_mean_optimizer,2020-04-13,2020-04-13,2020-04-20,0.0005626188656912209,1.0738834914906099e-06,0.0005615443780127016,0.0021477669829812196,0.0010738834914906098,1.1432104925177657,1.1438524559427243
pooled_mean_optimizer,2020-04-20,2020-04-20,2020-04-27,0.0035789194145689224,6.92644817343964e-06,0.003571968177195739,0.013852896346879279,0.006926448173439639,1.1438524559427243,1.147938260514759
pooled_mean_optimizer,2020-04-27,2020-04-27,2020-05-04,-0.009587310946318584,2.1510799603687013e-06,-0.0095894414032065,0.004302159920737403,0.0021510799603687014,1.147938260514759,1.136930173831054
pooled_mean_optimizer,2020-05-04,2020-05-04,2020-05-11,0.008387183390129798,1.9633232248383456e-06,0.008385203600153046,0.003926646449676691,0.0019633232248383453,1.136930173831054,1.1464635648177848
pooled_mean_optimizer,2020-05-11,2020-05-11,2020-05-18,0.014818630097372134,9.558602605596893e-06,0.014808929849370323,0.019117205211193783,0.009558602605596891,1.1464635648177848,1.1634414633240304
pooled_mean_optimizer,2020-05-18,2020-05-18,2020-05-26,0.01702148998810628,4.677109515787966e-06,0.017016733267217754,0.009354219031575933,0.004677109515787967,1.1634414633240304,1.183239436377437
pooled_mean_optimizer,2020-05-25,2020-05-26,2020-06-01,0.00507800206275718,4.603210416843584e-06,0.0050733754772283035,0.009206420833687168,0.004603210416843584,1.183239436377437,1.1892424543176436
pooled_mean_optimizer,2020-06-01,2020-06-01,2020-06-08,0.021857378756133587,3.407388377399956e-07,0.021857030569637947,0.0006814776754799912,0.0003407388377399956,1.1892424543176436,1.2152357629963757
pooled_mean_optimizer,2020-06-08,2020-06-08,2020-06-15,-0.02868547503820889,5.324607257001124e-06,-0.0286906469065773,0.010649214514002248,0.005324607257001124,1.2152357629963757,1.1803698628120016
pooled_mean_optimizer,2020-06-15,2020-06-15,2020-06-22,0.025105504283684646,3.366749126891818e-06,0.025102053010623182,0.006733498253783637,0.0033667491268918187,1.1803698628120016,1.2099995696804504
pooled_mean_optimizer,2020-06-22,2020-06-22,2020-06-29,-0.00929767548626394,1.0869857782599413e-06,-0.009298752365601182,0.0021739715565198825,0.0010869857782599412,1.2099995696804504,1.1987480833195079
pooled_mean_optimizer,2020-06-29,2020-06-29,2020-07-06,0.02566902117184336,9.379739940296589e-07,0.02566805912097503,0.0018759479880593177,0.0009379739940296589,1.1987480833195079,1.2295176199933084
pooled_mean_optimizer,2020-07-06,2020-07-06,2020-07-13,0.00899247806953423,2.299391987093905e-06,0.008990158000315107,0.004598783974187809,0.0022993919870939045,1.2295176199933084,1.2405711776612196
pooled_mean_optimizer,2020-07-13,2020-07-13,2020-07-20,0.007434268032530521,1.547158942761598e-06,0.007432709371593571,0.0030943178855231956,0.0015471589427615978,1.2405711776612196,1.249791982679551
pooled_mean_optimizer,2020-07-20,2020-07-20,2020-07-27,0.015574063851882782,7.853828377370614e-07,0.015573266237442596,0.0015707656754741228,0.0007853828377370614,1.249791982679551,1.2692553259672408
pooled_mean_optimizer,2020-07-27,2020-07-27,2020-08-03,0.011636763816981498,2.501767390745882e-06,0.011634232937114408,0.005003534781491764,0.002501767390745882,1.2692553259672408,1.2840221380862167
pooled_mean_optimizer,2020-08-03,2020-08-03,2020-08-10,0.01625123481549811,1.4668338330596911e-06,0.01624974414380409,0.002933667666119383,0.0014668338330596914,1.2840221380862167,1.304887169305098
pooled_mean_optimizer,2020-08-10,2020-08-10,2020-08-17,-0.013043640943013501,1.0299431860084918e-07,-0.013043742593911167,0.00020598863720169835,0.00010299431860084918,1.304887169305098,1.287866556954585
pooled_mean_optimizer,2020-08-17,2020-08-17,2020-08-24,0.0053737572457292025,1.3509965150952374e-06,0.005372398989286875,0.002701993030190475,0.0013509965150952374,1.287866556954585,1.2947854899435043
pooled_mean_optimizer,2020-08-24,2020-08-24,2020-08-31,0.007607505436598574,2.4352737981805512e-06,0.007605051636441651,0.004870547596361102,0.002435273798180551,1.2947854899435043,1.30463240045264
pooled_mean_optimizer,2020-08-31,2020-08-31,2020-09-08,-0.019575866664922687,5.859001224562496e-06,-0.019581610971120433,0.011718002449124992,0.005859001224562496,1.30463240045264,1.2790855963266574
pooled_mean_optimizer,2020-09-07,2020-09-08,2020-09-14,0.00710854566137583,3.7295423702143754e-06,0.007104789607383255,0.007459084740428751,0.0037295423702143754,1.2790855963266574,1.2881732303783926
pooled_mean_optimizer,2020-09-14,2020-09-14,2020-09-21,-0.014955551164818053,1.7190704604053419e-06,-0.014957244525632296,0.003438140920810684,0.001719070460405342,1.2881732303783926,1.2689057083802493
pooled_mean_optimizer,2020-09-21,2020-09-21,2020-09-28,-0.0009392258137671606,4.046121073440073e-06,-0.0009432681346192018,0.008092242146880146,0.004046121073440073,1.2689057083802493,1.2677087900596977
pooled_mean_optimizer,2020-09-28,2020-09-28,2020-10-05,0.008740613823957074,2.231396350738574e-06,0.008738362923832454,0.004462792701477147,0.0022313963507385737,1.2677087900596977,1.2787864895489718
pooled_mean_optimizer,2020-10-05,2020-10-05,2020-10-12,0.01907898392096884,1.5527058217068429e-06,0.01907740159109772,0.003105411643413686,0.001552705821706843,1.2787864895489718,1.3031824129593677
pooled_mean_optimizer,2020-10-12,2020-10-12,2020-10-19,-0.0025637065199941404,1.6948767000674603e-06,-0.002565397051527807,0.0033897534001349205,0.0016948767000674603,1.3031824129593677,1.2998392326395587
pooled_mean_optimizer,2020-10-19,2020-10-19,2020-10-26,-0.008734116667187633,1.1350350285638662e-06,-0.008735241788687786,0.002270070057127732,0.001135035028563866,1.2998392326395587,1.2884848226560297
pooled_mean_optimizer,2020-10-26,2020-10-26,2020-11-02,-0.015497289177811562,2.3961022063477693e-06,-0.015499648146929057,0.004792204412695539,0.0023961022063477694,1.2884848226560297,1.268513761262203
pooled_mean_optimizer,2020-11-02,2020-11-02,2020-11-09,0.04421695513392565,1.5037406034537764e-06,0.04421538490249155,0.003007481206907553,0.0015037406034537765,1.268513761262203,1.3246015854705186
pooled_mean_optimizer,2020-11-09,2020-11-09,2020-11-16,-0.004451580867210422,1.1831743137818903e-05,-0.004463359940386824,0.0236634862756378,0.0118317431378189,1.3246015854705186,1.3186894118169568
pooled_mean_optimizer,2020-11-16,2020-11-16,2020-11-23,-0.001155639283081383,1.7277126270791448e-06,-0.0011573649990959112,0.0034554252541582897,0.0017277126270791449,1.3186894118169568,1.3171632068470414
pooled_mean_optimizer,2020-11-23,2020-11-23,2020-11-30,-0.0026982745168269706,1.3597308172637878e-06,-0.002699630578717138,0.0027194616345275757,0.0013597308172637879,1.3171632068470414,1.313607352776676
pooled_mean_optimizer,2020-11-30,2020-11-30,2020-12-07,0.012605933359749105,1.0967828336509166e-06,0.0126048227509441,0.0021935656673018333,0.0010967828336509167,1.313607352776676,1.330165140622763
pooled_mean_optimizer,2020-12-07,2020-12-07,2020-12-14,-0.0018703643057411056,9.585992990706615e-07,-0.0018713211121101914,0.001917198598141323,0.0009585992990706615,1.330165140622763,1.3276759745125226
pooled_mean_optimizer,2020-12-14,2020-12-14,2020-12-21,0.003783172761098908,1.916659323113232e-06,0.0037812488507222852,0.0038333186462264635,0.0019166593231132317,1.3276759745125226,1.3326962477652797
pooled_mean_optimizer,2020-12-21,2020-12-21,2020-12-28,0.00982602747890665,2.3450277692263906e-06,0.009823659408830121,0.004690055538452781,0.0023450277692263904,1.3326962477652797,1.3457882017987517
pooled_mean_optimizer,2020-12-28,2020-12-28,2021-01-04,0.009631110520174997,1.7703616583610445e-06,0.009629323107967824,0.0035407233167220886,0.0017703616583610443,1.3457882017987517,1.358747231228763
pooled_mean_optimizer,2021-01-04,2021-01-04,2021-01-11,-0.014326026969295146,2.9881119824679424e-06,-0.014328972273504825,0.005976223964935884,0.002988111982467942,1.358747231228763,1.3392777798257847
pooled_mean_optimizer,2021-01-11,2021-01-11,2021-01-19,0.0030242056622047887,7.713199669610121e-06,0.00301646913623288,0.015426399339220243,0.007713199669610121,1.3392777798257847,1.3433176699134717
pooled_mean_optimizer,2021-01-18,2021-01-19,2021-01-25,0.0068848224900865986,1.7841634797528814e-06,0.006883026042957985,0.003568326959505763,0.0017841634797528816,1.3433176699134717,1.3525637604194518
pooled_mean_optimizer,2021-01-25,2021-01-25,2021-02-01,-0.00984893355394865,1.0205311461415067e-06,-0.009849944033951341,0.0020410622922830135,0.0010205311461415068,1.3525637604194518,1.3392410830769694
pooled_mean_optimizer,2021-02-01,2021-02-01,2021-02-08,0.011095292768499554,2.6175418055188334e-06,0.01109264618430128,0.005235083611037666,0.002617541805518833,1.3392410830769694,1.3540968105670226
pooled_mean_optimizer,2021-02-08,2021-02-08,2021-02-16,-0.0019988617491835513,3.5176943296539453e-06,-0.002002372412128528,0.00703538865930789,0.003517694329653945,1.3540968105670226,1.3513854044701918
pooled_mean_optimizer,2021-02-15,2021-02-16,2021-02-22,-0.008776556527771704,5.315377709058184e-06,-0.008781825254767783,0.010630755418116367,0.005315377709058183,1.3513854044701918,1.339517773996291
pooled_mean_optimizer,2021-02-22,2021-02-22,2021-03-01,-0.010758631128970653,2.1230384841800505e-06,-0.010760731326466932,0.004246076968360102,0.002123038484180051,1.339517773996291,1.3251035831232898
pooled_mean_optimizer,2021-03-01,2021-03-01,2021-03-08,-0.011281648134407695,2.8401610082469664e-06,-0.011284456253718766,0.005680322016493933,0.0028401610082469664,1.3251035831232898,1.310150509707889
pooled_mean_optimizer,2021-03-08,2021-03-08,2021-03-15,0.011235300168733746,1.994469928022824e-06,0.011233283290337459,0.003988939856045648,0.001994469928022824,1.310150509707889,1.3248678015364177
pooled_mean_optimizer,2021-03-15,2021-03-15,2021-03-22,-0.0025073498307338956,4.812309901496448e-06,-0.0025121500744909042,0.009624619802992895,0.004812309901496448,1.3248678015364177,1.3215395347900973
pooled_mean_optimizer,2021-03-22,2021-03-22,2021-03-29,0.005488026473165431,1.2862329801367618e-06,0.005486733181304659,0.0025724659602735234,0.0012862329801367617,1.3215395347900973,1.3287904696060362
pooled_mean_optimizer,2021-03-29,2021-03-29,2021-04-05,0.010820148949669869,1.0755802609541122e-06,0.01081906173147007,0.002151160521908224,0.001075580260954112,1.3287904696060362,1.343166735724893
pooled_mean_optimizer,2021-04-05,2021-04-05,2021-04-12,0.009132123924354411,4.2075142031054445e-06,0.009127877986610189,0.00841502840621089,0.004207514203105445,1.343166735724893,1.3554269978042635
pooled_mean_optimizer,2021-04-12,2021-04-12,2021-04-19,0.008861984444502062,3.5201430919394037e-06,0.008858433105956909,0.007040286183878808,0.003520143091939404,1.3554269978042635,1.3674339571943206
pooled_mean_optimizer,2021-04-19,2021-04-19,2021-04-26,0.004318607483577052,1.6448323525840162e-06,0.004316955547839285,0.0032896647051680328,0.0016448323525840164,1.3674339571943206,1.3733371088021344
pooled_mean_optimizer,2021-04-26,2021-04-26,2021-05-03,0.0023639923988807605,6.346081338597376e-07,0.0023633562905380767,0.0012692162677194752,0.0006346081338597376,1.3733371088021344,1.3765827936972515
pooled_mean_optimizer,2021-05-03,2021-05-03,2021-05-10,0.009907337093139958,1.4787485039222253e-06,0.00990584369417613,0.0029574970078444507,0.0014787485039222253,1.3765827936972515,1.3902190076837087
pooled_mean_optimizer,2021-05-10,2021-05-10,2021-05-17,-0.0065625281490963435,1.1316646873015673e-06,-0.006563652387202246,0.0022633293746031347,0.0011316646873015673,1.3902190076837087,1.3810940933751916
pooled_mean_optimizer,2021-05-17,2021-05-17,2021-05-24,0.0060638364060662114,3.616790197556619e-06,0.006060197684244484,0.007233580395113237,0.0036167901975566186,1.3810940933751916,1.3894637966015877
pooled_mean_optimizer,2021-05-24,2021-05-24,2021-06-01,0.008226666089040805,1.2465049591540435e-06,0.008225409329501554,0.0024930099183080867,0.0012465049591540434,1.3894637966015877,1.4008927050771591
pooled_mean_optimizer,2021-05-31,2021-06-01,2021-06-07,-0.0005479387352684262,1.4944919920077127e-06,-0.0005494324083703539,0.0029889839840154253,0.0014944919920077127,1.4008927050771591,1.4001230092243402
pooled_mean_optimizer,2021-06-07,2021-06-07,2021-06-14,0.000944595267514134,3.0826262080665966e-07,0.0009442867137099409,0.0006165252416133193,0.00030826262080665967,1.4001230092243402,1.4014451267795103
pooled_mean_optimizer,2021-06-14,2021-06-14,2021-06-21,-0.012665382697512752,2.3524054558275585e-06,-0.012667705308853194,0.004704810911655116,0.002352405455827558,1.4014451267795103,1.383692032906939
pooled_mean_optimizer,2021-06-21,2021-06-21,2021-06-28,0.009741582691754489,1.4721080017296161e-06,0.009740096243090912,0.0029442160034592324,0.0014721080017296162,1.383692032906939,1.3971693264782508
pooled_mean_optimizer,2021-06-28,2021-06-28,2021-07-06,0.011450438785560384,5.560463366851134e-06,0.011444814652447954,0.011120926733702269,0.005560463366851134,1.3971693264782508,1.41315967045788
pooled_mean_optimizer,2021-07-05,2021-07-06,2021-07-12,0.0014906712248244115,1.3922261980446744e-06,0.0014892769232748293,0.0027844523960893486,0.0013922261980446743,1.41315967045788,1.4152642565439955
pooled_mean_optimizer,2021-07-12,2021-07-12,2021-07-19,-0.005715499133844515,1.278826447743256e-06,-0.00571677065116083,0.002557652895486512,0.001278826447743256,1.4152642565439955,1.4071735153785478
pooled_mean_optimizer,2021-07-19,2021-07-19,2021-07-26,0.010902794296358383,5.457821469997889e-06,0.010897276969383585,0.010915642939995779,0.005457821469997889,1.4071735153785478,1.422507874919609
pooled_mean_optimizer,2021-07-26,2021-07-26,2021-08-02,0.0023801135971489333,7.22919586481563e-06,0.0023728671949767577,0.01445839172963126,0.00722919586481563,1.422507874919609,1.4258832971906017
pooled_mean_optimizer,2021-08-02,2021-08-02,2021-08-09,-0.00945371886687439,9.489867561233434e-07,-0.009454658882176559,0.0018979735122466868,0.0009489867561233434,1.4258832971906017,1.4124020570098714
pooled_mean_optimizer,2021-08-09,2021-08-09,2021-08-16,0.008251803707917197,5.958505087813135e-06,0.008245796034414887,0.01191701017562627,0.005958505087813135,1.4124020570098714,1.4240484362905628
pooled_mean_optimizer,2021-08-16,2021-08-16,2021-08-23,0.0029777542034551815,1.2779113019611017e-06,0.0029764724868475145,0.002555822603922203,0.0012779113019611016,1.4240484362905628,1.4282870772811198
pooled_mean_optimizer,2021-08-23,2021-08-23,2021-08-30,0.006367955388401439,1.7508350370912112e-06,0.006366193404125031,0.0035016700741824225,0.0017508350370912112,1.4282870772811198,1.437379829051704
pooled_mean_optimizer,2021-08-30,2021-08-30,2021-09-07,0.0005454155884595914,2.4058167620533008e-06,0.0005430084595277052,0.004811633524106601,0.0024058167620533005,1.437379829051704,1.4381603384584334
pooled_mean_optimizer,2021-09-06,2021-09-07,2021-09-13,-0.0036067102758756127,1.5840109733706725e-06,-0.0036082885737802606,0.003168021946741345,0.0015840109733706725,1.4381603384584334,1.4329710409419099
pooled_mean_optimizer,2021-09-13,2021-09-13,2021-09-20,-0.014719484100145752,2.662591085621127e-06,-0.01472210749926428,0.005325182171242254,0.002662591085621127,1.4329710409419099,1.4118746872338304
pooled_mean_optimizer,2021-09-20,2021-09-20,2021-09-27,0.004428560731767323,4.563098635923107e-06,0.0044239774251719766,0.009126197271846215,0.004563098635923107,1.4118746872338304,1.4181207889773246
pooled_mean_optimizer,2021-09-27,2021-09-27,2021-10-04,-0.01020778764269053,4.810954150919977e-06,-0.010212549487643052,0.009621908301839954,0.004810954150919977,1.4181207889773246,1.4036381602404382
pooled_mean_optimizer,2021-10-04,2021-10-04,2021-10-11,-0.0011207183723960894,4.77702463015442e-06,-0.001125490043327071,0.009554049260308839,0.0047770246301544195,1.4036381602404382,1.4020583794666537
pooled_mean_optimizer,2021-10-11,2021-10-11,2021-10-18,0.010842146682208037,3.943775958366591e-06,0.010838160147252252,0.007887551916733182,0.003943775958366591,1.4020583794666537,1.4172541127191103
pooled_mean_optimizer,2021-10-18,2021-10-18,2021-10-25,0.010930843995459856,1.7874713158444606e-06,0.010929036985573903,0.003574942631688921,0.0017874713158444605,1.4172541127191103,1.432743335334974
pooled_mean_optimizer,2021-10-25,2021-10-25,2021-11-01,0.004199585888087541,4.255488452943574e-06,0.004195312528345152,0.008510976905887147,0.004255488452943573,1.432743335334974,1.4387541413996079
pooled_mean_optimizer,2021-11-01,2021-11-01,2021-11-08,0.017139090333939462,3.189408182164774e-06,0.017135846262202437,0.006378816364329548,0.003189408182164774,1.4387541413996079,1.4634084111757386
pooled_mean_optimizer,2021-11-08,2021-11-08,2021-11-15,-0.0007313770397473231,1.1294984911470185e-06,-0.0007325057121492229,0.002258996982294037,0.0011294984911470185,1.4634084111757386,1.4623364561553451
pooled_mean_optimizer,2021-11-15,2021-11-15,2021-11-22,-0.005082134882222273,1.0961841432933355e-06,-0.00508322549540996,0.002192368286586671,0.0010961841432933356,1.4623364561553451,1.4549030701985488
pooled_mean_optimizer,2021-11-22,2021-11-22,2021-11-29,-0.011475899820580223,4.031643417856127e-06,-0.011479885197262063,0.008063286835712252,0.004031643417856126,1.4549030701985488,1.4382009499795254
pooled_mean_optimizer,2021-11-29,2021-11-29,2021-12-06,-0.0012880500151860406,1.8330311525769501e-06,-0.00128988068530278,0.0036660623051539,0.00183303115257695,1.4382009499795254,1.4363458423525628
pooled_mean_optimizer,2021-12-06,2021-12-06,2021-12-13,0.01096695821328549,6.6707504236580565e-06,0.010960214305020477,0.013341500847316112,0.006670750423658056,1.4363458423525628,1.4520885006008721
pooled_mean_optimizer,2021-12-13,2021-12-13,2021-12-20,-0.010008627502447838,7.657188519790082e-06,-0.010016208053019948,0.015314377039580163,0.007657188519790081,1.4520885006008721,1.437544080067456
pooled_mean_optimizer,2021-12-20,2021-12-20,2021-12-27,0.01669358317527164,7.073474668121179e-06,0.0166863916189659,0.01414694933624236,0.00707347466812118,1.437544080067456,1.4615315035569876
pooled_mean_optimizer,2021-12-27,2021-12-27,2022-01-03,0.0006885926147514479,7.5694805580059505e-06,0.0006810179219050028,0.0151389611160119,0.00756948055800595,1.4615315035569876,1.4625268327043386
pooled_mean_optimizer,2022-01-03,2022-01-03,2022-01-10,-0.01879589037355429,2.9006836640984854e-06,-0.018798736536286276,0.005801367328196971,0.0029006836640984857,1.4625268327043386,1.4350331760990804
pooled_mean_optimizer,2022-01-10,2022-01-10,2022-01-18,-0.0006997206057862979,3.4805581112689613e-06,-0.0007031987284793484,0.006961116222537922,0.003480558111268961,1.4350331760990804,1.434024062594322
pooled_mean_optimizer,2022-01-17,2022-01-18,2022-01-24,-0.017932023806039706,3.5832673726719083e-06,-0.017935542818176664,0.007166534745343817,0.0035832673726719083,1.434024062594322,1.4083040626173657
pooled_mean_optimizer,2022-01-24,2022-01-24,2022-01-31,-0.002302861306942215,1.5089969920677181e-05,-0.0023179165267550594,0.030179939841354364,0.015089969920677182,1.4083040626173657,1.4050397313559286
pooled_mean_optimizer,2022-01-31,2022-01-31,2022-02-07,0.003936352716711305,8.286420127368521e-06,0.0039280336783116265,0.016572840254737042,0.008286420127368521,1.4050397313559286,1.4105587747400608
pooled_mean_optimizer,2022-02-07,2022-02-07,2022-02-14,-0.005025902139358668,6.64521861232116e-06,-0.005032513959752571,0.01329043722464232,0.00664521861232116,1.4105587747400608,1.4034601180151298
pooled_mean_optimizer,2022-02-14,2022-02-14,2022-02-22,-0.00229330207193516,7.683409657139456e-06,-0.0023009678612130324,0.015366819314278912,0.007683409657139456,1.4034601180151298,1.4002308013890827
pooled_mean_optimizer,2022-02-21,2022-02-22,2022-02-28,0.003878199445454895,6.183661757172041e-06,0.003871991802224084,0.01236732351434408,0.00618366175717204,1.4002308013890827,1.4056524835732829
pooled_mean_optimizer,2022-02-28,2022-02-28,2022-03-07,0.004866626647069377,1.92631795271854e-06,0.004864690954446305,0.0038526359054370796,0.0019263179527185398,1.4056524835732829,1.4124905484952168
pooled_mean_optimizer,2022-03-07,2022-03-07,2022-03-14,-0.021065747452183557,6.564763475796945e-06,-0.02107217392400995,0.01312952695159389,0.006564763475796945,1.4124905484952168,1.3827263019913054
pooled_mean_optimizer,2022-03-14,2022-03-14,2022-03-21,0.022187578580165367,3.596417642714039e-06,0.02218390236672363,0.007192835285428079,0.0035964176427140393,1.3827263019913054,1.4134005672745813
pooled_mean_optimizer,2022-03-21,2022-03-21,2022-03-28,0.0026080167892781063,1.2602965952807493e-05,0.0025953809545784523,0.025205931905614987,0.012602965952807493,1.4134005672745813,1.4170688801880762
pooled_mean_optimizer,2022-03-28,2022-03-28,2022-04-04,0.0066886340240827425,5.9643462393565165e-06,0.006682629784514393,0.011928692478713032,0.005964346239356516,1.4170688801880762,1.4265386268935294
pooled_mean_optimizer,2022-04-04,2022-04-04,2022-04-11,-0.016406414029657364,1.6263125514768693e-06,-0.016408013660251797,0.003252625102953738,0.001626312551476869,1.4265386268935294,1.4031319616165836
pooled_mean_optimizer,2022-04-11,2022-04-11,2022-04-18,-0.004539678594977369,5.711210411431092e-06,-0.004545363878329267,0.011422420822862184,0.005711210411431092,1.4031319616165836,1.3967542162817224
pooled_mean_optimizer,2022-04-18,2022-04-18,2022-04-25,-0.026165130170873633,5.974843016215814e-06,-0.02617094868134462,0.011949686032431628,0.005974843016215814,1.3967542162817224,1.3601998333669616
pooled_mean_optimizer,2022-04-25,2022-04-25,2022-05-02,-0.020946776235594655,5.094899174784965e-06,-0.020951764413056462,0.010189798349569928,0.005094899174784964,1.3601998333669616,1.3317012469035783
pooled_mean_optimizer,2022-05-02,2022-05-02,2022-05-09,-0.00978901130876807,3.8005675853280822e-06,-0.00979277467255435,0.007601135170656165,0.0038005675853280824,1.3317012469035783,1.318660196661492
pooled_mean_optimizer,2022-05-09,2022-05-09,2022-05-16,-0.010127771239760386,3.4312528070724184e-06,-0.010131167741624036,0.006862505614144837,0.0034312528070724185,1.318660196661492,1.3053006290149114
pooled_mean_optimizer,2022-05-16,2022-05-16,2022-05-23,0.0006917060855811744,1.811058539803026e-06,0.0006898937743211597,0.003622117079606052,0.001811058539803026,1.3053006290149114,1.3062011477924862
pooled_mean_optimizer,2022-05-23,2022-05-23,2022-05-31,0.028801735924032828,6.734629977497103e-06,0.028794807325021265,0.013469259954994206,0.006734629977497103,1.3062011477924862,1.3438129581708924
pooled_mean_optimizer,2022-05-30,2022-05-31,2022-06-06,-0.0019678327039061388,9.587555364733949e-06,-0.0019774013925658585,0.019175110729467898,0.009587555364733949,1.3438129581708924,1.3411557005560573
pooled_mean_optimizer,2022-06-06,2022-06-06,2022-06-13,-0.05093456748215788,2.371133302079012e-06,-0.05093681784281068,0.004742266604158024,0.002371133302079012,1.3411557005560573,1.2728414969379862
pooled_mean_optimizer,2022-06-13,2022-06-13,2022-06-21,-0.00420672407538045,1.2272664083672142e-05,-0.004218945111752692,0.024545328167344282,0.012272664083672141,1.2728414969379862,1.2674714485264438
pooled_mean_optimizer,2022-06-20,2022-06-21,2022-06-27,0.01980560420018969,4.400415298546373e-06,0.019801116632007343,0.008800830597092746,0.004400415298546373,1.2674714485264438,1.2925687985064551
pooled_mean_optimizer,2022-06-27,2022-06-27,2022-07-05,-0.016490897928606092,1.0884647652290428e-05,-0.01650160307864501,0.021769295304580855,0.010884647652290427,1.2925687985064551,1.2712393412416605
pooled_mean_optimizer,2022-07-04,2022-07-05,2022-07-11,0.0032357695660541227,7.936618427692817e-06,0.003227807266558136,0.015873236855385636,0.007936618427692818,1.2712393412416605,1.275342656824855
pooled_mean_optimizer,2022-07-11,2022-07-11,2022-07-18,0.0031184291600516237,1.0076250501021525e-05,0.0031083214874774168,0.02015250100204305,0.010076250501021525,1.275342656824855,1.2793068318089602
pooled_mean_optimizer,2022-07-18,2022-07-18,2022-07-25,0.012674052293901186,2.512567477864519e-06,0.012671507882011879,0.005025134955729038,0.002512567477864519,1.2793068318089602,1.2955175784117392
pooled_mean_optimizer,2022-07-25,2022-07-25,2022-08-01,0.024525004143811,2.7666820521754923e-06,0.024522169608869993,0.005533364104350985,0.0027666820521754926,1.2955175784117392,1.3272864802008244
pooled_mean_optimizer,2022-08-01,2022-08-01,2022-08-08,0.0063963902539699805,3.6672878247002992e-06,0.0063926995087411065,0.007334575649400599,0.0036672878247002993,1.3272864802008244,1.335771423830763
pooled_mean_optimizer,2022-08-08,2022-08-08,2022-08-15,0.010775938744443377,2.9604293480165466e-06,0.010772946413689866,0.005920858696033093,0.0029604293480165467,1.335771423830763,1.35016161780063
pooled_mean_optimizer,2022-08-15,2022-08-15,2022-08-22,-0.02444549505114564,4.20719717426378e-06,-0.024449599401302313,0.00841439434852756,0.00420719717426378,1.35016161780063,1.3171507071183903
pooled_mean_optimizer,2022-08-22,2022-08-22,2022-08-29,-0.01561140237159744,2.2498301458611924e-06,-0.015613617078739539,0.004499660291722385,0.0022498301458611925,1.3171507071183903,1.2965852203424528
pooled_mean_optimizer,2022-08-29,2022-08-29,2022-09-06,-0.018975875201445568,7.109500504497879e-06,-0.018982849792955836,0.014219001008995757,0.007109500504497879,1.2965852203424528,1.2719723378609256
pooled_mean_optimizer,2022-09-05,2022-09-06,2022-09-12,0.022621809249496444,2.1048002195798307e-06,0.02261965683488798,0.004209600439159661,0.0021048002195798304,1.2719723378609256,1.30074391564681
pooled_mean_optimizer,2022-09-12,2022-09-12,2022-09-19,-0.04022806609438025,6.058061940320838e-06,-0.04023388045220444,0.012116123880641677,0.0060580619403208386,1.30074391564681,1.2484099404457438
pooled_mean_optimizer,2022-09-19,2022-09-19,2022-09-26,-0.026443514216217476,7.587593736309115e-06,-0.02645090116731097,0.015175187472618229,0.0075875937363091145,1.2484099404457438,1.215388372494725
pooled_mean_optimizer,2022-09-26,2022-09-26,2022-10-03,-0.0024430005528485233,5.455407209203747e-06,-0.002448442632494885,0.010910814418407494,0.005455407209203747,1.215388372494725,1.2124125637884704
pooled_mean_optimizer,2022-10-03,2022-10-03,2022-10-10,0.0016368061489725884,4.662569268038541e-06,0.0016321359479825048,0.009325138536077082,0.004662569268038541,1.2124125637884704,1.2143913859176152
pooled_mean_optimizer,2022-10-10,2022-10-10,2022-10-17,-0.0041796337440090205,3.3473712160122376e-06,-0.00418296712443933,0.006694742432024475,0.0033473712160122376,1.2143913859176152,1.2093116266741195
pooled_mean_optimizer,2022-10-17,2022-10-17,2022-10-24,0.0052613475038895685,2.3141574452889694e-06,0.005259021170857858,0.004628314890577939,0.0023141574452889696,1.2093116266741195,1.2156714221209632
pooled_mean_optimizer,2022-10-24,2022-10-24,2022-10-31,0.016483658282174508,9.593979528094876e-06,0.016473906158766427,0.01918795905618975,0.009593979528094876,1.2156714221209632,1.2356982790488782
pooled_mean_optimizer,2022-10-31,2022-10-31,2022-11-07,-0.0032665380728977493,5.996049050988363e-06,-0.0032725145356261587,0.011992098101976725,0.005996049050988363,1.2356982790488782,1.2316544384690424
pooled_mean_optimizer,2022-11-07,2022-11-07,2022-11-14,0.04021353541072124,4.20403254250647e-06,0.04020916231916716,0.00840806508501294,0.00420403254250647,1.2316544384690424,1.2811782317065668
pooled_mean_optimizer,2022-11-14,2022-11-14,2022-11-21,0.00015386557515748977,3.328173519661645e-06,0.00015053688954647093,0.006656347039323289,0.0033281735196616447,1.2811782317065668,1.2813710962925224
pooled_mean_optimizer,2022-11-21,2022-11-21,2022-11-28,0.00992052356471679,2.476638060629347e-06,0.009918022357110035,0.004953276121258694,0.002476638060629347,1.2813710962925224,1.2940797634733063
pooled_mean_optimizer,2022-11-28,2022-11-28,2022-12-05,0.014171485970877671,1.4668435991354443e-06,0.01416999833992505,0.0029336871982708883,0.0014668435991354442,1.2940797634733063,1.3124168715734537
pooled_mean_optimizer,2022-12-05,2022-12-05,2022-12-12,-0.00667862579839933,8.620386580833212e-07,-0.006679482079823829,0.0017240773161666424,0.0008620386580833212,1.3124168715734537,1.3036506065985203
pooled_mean_optimizer,2022-12-12,2022-12-12,2022-12-19,-0.010451507425723858,5.992666473395421e-06,-0.010457437459799102,0.011985332946790841,0.005992666473395421,1.3036506065985203,1.290017761910587
pooled_mean_optimizer,2022-12-19,2022-12-19,2022-12-27,-0.0038118289089321146,4.19144116332808e-06,-0.0038160043730389726,0.00838288232665616,0.00419144116332808,1.290017761910587,1.2850950484898382
pooled_mean_optimizer,2022-12-26,2022-12-27,2023-01-03,0.007649562832255039,5.1267177040167884e-06,0.007644396897401817,0.010253435408033577,0.005126717704016789,1.2850950484898382,1.2949188250913803
pooled_mean_optimizer,2023-01-02,2023-01-03,2023-01-09,0.0168800974834076,4.5523044252879665e-06,0.0168754683356398,0.009104608850575933,0.004552304425287966,1.2949188250913803,1.3167711867214338
pooled_mean_optimizer,2023-01-09,2023-01-09,2023-01-17,0.017660730311734506,1.2330980296831698e-06,0.017659475436293093,0.0024661960593663395,0.0012330980296831697,1.3167711867214338,1.3400246751485594
pooled_mean_optimizer,2023-01-16,2023-01-17,2023-01-23,-0.0018042578330691422,1.295010833570207e-06,-0.0018055505073693023,0.0025900216671404137,0.0012950108335702069,1.3400246751485594,1.3376051929164576
pooled_mean_optimizer,2023-01-23,2023-01-23,2023-01-30,0.006239658615137656,1.3585097021867598e-06,0.006238291628798631,0.0027170194043735192,0.0013585097021867596,1.3376051929164576,1.345949564194066
pooled_mean_optimizer,2023-01-30,2023-01-30,2023-02-06,0.00023604836949371166,1.0433037619214795e-06,0.00023500481946148177,0.0020866075238429585,0.0010433037619214792,1.345949564194066,1.3462658688284037
pooled_mean_optimizer,2023-02-06,2023-02-06,2023-02-13,-0.010172603024743945,5.989677774244604e-06,-0.010178531771903976,0.01197935554848921,0.005989677774244605,1.3462658688284037,1.3325628589091039
pooled_mean_optimizer,2023-02-13,2023-02-13,2023-02-21,-0.012873151175196659,2.816052419559764e-06,-0.012875930976147698,0.005632104839119528,0.002816052419559764,1.3325628589091039,1.3154048715164122
pooled_mean_optimizer,2023-02-20,2023-02-21,2023-02-27,-0.004976600582065968,1.1135904282203006e-06,-0.004977708630599431,0.002227180856440601,0.0011135904282203006,1.3154048715164122,1.3088571693347324
pooled_mean_optimizer,2023-02-27,2023-02-27,2023-03-06,0.012967989835409045,2.2619583086550475e-06,0.012965698544048054,0.004523916617310096,0.002261958308655048,1.3088571693347324,1.3258274168295425
pooled_mean_optimizer,2023-03-06,2023-03-06,2023-03-13,-0.014764752326108695,6.211100339986253e-07,-0.014765364265606928,0.0012422200679972507,0.0006211100339986253,1.3258274168295425,1.3062510920667256
pooled_mean_optimizer,2023-03-13,2023-03-13,2023-03-20,0.02190322806134991,1.4575428759546783e-05,0.021888333383649927,0.029150857519093562,0.014575428759546781,1.3062510920667256,1.3348427514526389
pooled_mean_optimizer,2023-03-20,2023-03-20,2023-03-27,0.0043694081316146376,5.651917129847578e-06,0.004363731518951974,0.011303834259695156,0.005651917129847578,1.3348427514526389,1.3406676468399974
pooled_mean_optimizer,2023-03-27,2023-03-27,2023-04-03,0.018913262829548323,5.7675549506617546e-06,0.018907386191314934,0.011535109901323507,0.005767554950661754,1.3406676468399974,1.3660161677930027
pooled_mean_optimizer,2023-04-03,2023-04-03,2023-04-10,0.0002659656615873107,2.761259333895426e-06,0.00026320366785337335,0.005522518667790852,0.002761259333895426,1.3660161677930027,1.366375708258713
pooled_mean_optimizer,2023-04-10,2023-04-10,2023-04-17,0.005145365285479186,2.0163222941785993e-06,0.00514333858847027,0.004032644588357199,0.0020163222941785995,1.366375708258713,1.3734034411653484
pooled_mean_optimizer,2023-04-17,2023-04-17,2023-04-24,-0.0027461852109796074,3.1410672216422516e-06,-0.0027493176522488394,0.006282134443284503,0.0031410672216422514,1.3734034411653484,1.3696275188408933
pooled_mean_optimizer,2023-04-24,2023-04-24,2023-05-01,0.00657478360081294,9.993707854748368e-07,0.006573777659380831,0.001998741570949674,0.000999370785474837,1.3696275188408933,1.3786311456259228
pooled_mean_optimizer,2023-05-01,2023-05-01,2023-05-08,-0.0025078249118258666,2.221956350275204e-06,-0.002510041295898602,0.004443912700550408,0.002221956350275204,1.3786311456259228,1.3751707245185898
pooled_mean_optimizer,2023-05-08,2023-05-08,2023-05-15,-0.0022432196868854685,1.919720222784999e-06,-0.002245135100754081,0.003839440445569998,0.001919720222784999,1.3751707245185898,1.3720832804554437
pooled_mean_optimizer,2023-05-15,2023-05-15,2023-05-22,-0.003003537424548229,1.2661994509088839e-06,-0.003004799820921722,0.0025323989018177675,0.0012661994509088838,1.3720832804554437,1.3679604448600415
pooled_mean_optimizer,2023-05-22,2023-05-22,2023-05-30,0.0016385034097309214,6.4537350672446815e-06,0.0016320391001967138,0.012907470134489363,0.0064537350672446816,1.3679604448600415,1.3701930097935757
pooled_mean_optimizer,2023-05-29,2023-05-30,2023-06-05,0.00581759475086255,2.256949062629894e-06,0.005815324671784916,0.0045138981252597875,0.0022569490626298937,1.3701930097935757,1.3781611270085354
pooled_mean_optimizer,2023-06-05,2023-06-05,2023-06-12,0.004128392193253294,3.1557382861168714e-06,0.004125223426841851,0.006311476572233743,0.0031557382861168715,1.3781611270085354,1.383846349575634
pooled_mean_optimizer,2023-06-12,2023-06-12,2023-06-20,0.006284021129975232,9.543365010808106e-07,0.006283060796403506,0.0019086730021616212,0.0009543365010808106,1.383846349575634,1.3925411403228987
pooled_mean_optimizer,2023-06-19,2023-06-20,2023-06-26,-0.006143531124066966,5.697322929151114e-06,-0.006149193445315282,0.01139464585830223,0.005697322929151115,1.3925411403228987,1.3839781354704932
pooled_mean_optimizer,2023-06-26,2023-06-26,2023-07-03,0.009985033804016625,1.9087403036354672e-06,0.009983106004876507,0.0038174806072709348,0.0019087403036354674,1.3839781354704932,1.3977945359053265
pooled_mean_optimizer,2023-07-03,2023-07-03,2023-07-10,-0.010698666220744786,4.874897802241231e-06,-0.010703488963642593,0.00974979560448246,0.00487489780224123,1.3977945359053265,1.382833257516824
pooled_mean_optimizer,2023-07-10,2023-07-10,2023-07-17,0.018881475740628016,2.642602106279968e-06,0.018878783242294084,0.005285204212559937,0.0026426021062799683,1.382833257516824,1.4089394668457196
pooled_mean_optimizer,2023-07-17,2023-07-17,2023-07-24,0.007420043686760599,2.1033056396790376e-06,0.007417924774501206,0.004206611279358074,0.002103305639679037,1.4089394668457196,1.4193908738226069
pooled_mean_optimizer,2023-07-24,2023-07-24,2023-07-31,0.0020297284344572906,7.02648041239125e-07,0.002029024360231446,0.0014052960824782498,0.0007026480412391249,1.4193908738226069,1.4222708524822831
pooled_mean_optimizer,2023-07-31,2023-07-31,2023-08-07,-0.013567390708955235,2.4036050249869257e-06,-0.013569761703331684,0.004807210049973852,0.002403605024986926,1.4222708524822831,1.402970975936504
pooled_mean_optimizer,2023-08-07,2023-08-07,2023-08-14,-0.009746680953150694,2.5131393509757052e-06,-0.009749169597734197,0.0050262787019514105,0.0025131393509757053,1.402970975936504,1.3892931739514005
pooled_mean_optimizer,2023-08-14,2023-08-14,2023-08-21,-0.011504663697971332,2.036672958269499e-06,-0.011506676939692206,0.004073345916538998,0.002036672958269499,1.3892931739514005,1.3733070262242222
pooled_mean_optimizer,2023-08-21,2023-08-21,2023-08-28,0.012227139301878492,2.846593689949565e-06,0.012224257902490931,0.00569318737989913,0.002846593689949565,1.3733070262242222,1.39009468549209
pooled_mean_optimizer,2023-08-28,2023-08-28,2023-09-05,0.00906159590736655,1.0842742325240632e-06,0.009060501807879096,0.0021685484650481265,0.0010842742325240632,1.39009468549209,1.4026896409031142
pooled_mean_optimizer,2023-09-04,2023-09-05,2023-09-11,-0.003204523251504978,3.6137457340562437e-06,-0.0032081254169068485,0.007227491468112487,0.0036137457340562435,1.4026896409031142,1.398189636614101
pooled_mean_optimizer,2023-09-11,2023-09-11,2023-09-18,-0.00438728054580722,1.1255105142223088e-06,-0.0043884011183910054,0.002251021028444618,0.001125510514222309,1.398189636614101,1.3920538196490608
pooled_mean_optimizer,2023-09-18,2023-09-18,2023-09-25,-0.015690946835339746,1.3023996432408867e-06,-0.015692228799099484,0.0026047992864817737,0.0013023996432408869,1.3920538196490608,1.3702093926104675
pooled_mean_optimizer,2023-09-25,2023-09-25,2023-10-02,-0.01792348105868191,5.560277436468531e-06,-0.017928941676591093,0.01112055487293706,0.00556027743646853,1.3702093926104675,1.3456429883256371
pooled_mean_optimizer,2023-10-02,2023-10-02,2023-10-09,-0.0002563411632441957,6.332654293054893e-06,-0.00026267219421738375,0.012665308586109786,0.006332654293054893,1.3456429883256371,1.3452895253292603
pooled_mean_optimizer,2023-10-09,2023-10-09,2023-10-16,0.0157215879887456,1.3819292793549598e-06,0.015720184333343434,0.0027638585587099196,0.0013819292793549598,1.3452895253292603,1.3664377246491524
pooled_mean_optimizer,2023-10-16,2023-10-16,2023-10-23,-0.011503754327442434,5.706497054858082e-06,-0.01150939517835714,0.011412994109716162,0.005706497054858081,1.3664377246491524,1.3507108528895502
pooled_mean_optimizer,2023-10-23,2023-10-23,2023-10-30,0.001345605192881689,1.0972812530235563e-05,0.0013346176152779776,0.021945625060471124,0.010972812530235562,1.3507108528895502,1.3525135353869637
pooled_mean_optimizer,2023-10-30,2023-10-30,2023-11-06,0.02838588116962321,5.509904922616645e-06,0.02838021486119402,0.011019809845233292,0.005509904922616646,1.3525135353869637,1.390898160123919
pooled_mean_optimizer,2023-11-06,2023-11-06,2023-11-13,-0.004074548953222935,8.844501380659245e-06,-0.004083357417249633,0.01768900276131849,0.008844501380659245,1.390898160123919,1.3852186258051382
pooled_mean_optimizer,2023-11-13,2023-11-13,2023-11-20,0.02079980250103077,4.46629448362361e-06,0.020795243308503908,0.008932588967247218,0.004466294483623609,1.3852186258051382,1.4140245841642276
pooled_mean_optimizer,2023-11-20,2023-11-20,2023-11-27,0.011636248144806306,2.1724265772365275e-06,0.011634050439334409,0.004344853154473055,0.0021724265772365275,1.4140245841642276,1.430475417498853
pooled_mean_optimizer,2023-11-27,2023-11-27,2023-12-04,0.011712006933192933,2.9424055748982633e-06,0.011709030066143544,0.005884811149796526,0.002942405574898263,1.430475417498853,1.4472248971712263
pooled_mean_optimizer,2023-12-04,2023-12-04,2023-12-11,-0.002126257425582703,3.3288380872548845e-06,-0.002129579185703334,0.006657676174509769,0.0033288380872548845,1.4472248971712263,1.4441429171531788
pooled_mean_optimizer,2023-12-11,2023-12-11,2023-12-18,0.024925189497574,4.389418213954305e-06,0.0249206906722792,0.00877883642790861,0.004389418213954305,1.4441429171531788,1.480131956078116
pooled_mean_optimizer,2023-12-18,2023-12-18,2023-12-26,0.007899774020159987,1.3693700254373555e-06,0.007898393832420858,0.0027387400508747106,0.0013693700254373553,1.480131956078116,1.4918226211911725
pooled_mean_optimizer,2023-12-25,2023-12-26,2024-01-02,-0.0019689791034129245,6.118194339752026e-07,-0.00196958971818717,0.001223638867950405,0.0006118194339752026,1.4918226211911725,1.4888843426951153
pooled_mean_optimizer,2024-01-01,2024-01-02,2024-01-08,-0.01179632084029024,1.3300124065383084e-06,-0.011797635163443676,0.002660024813076617,0.0013300124065383084,1.4888843426951153,1.4713190284194346
pooled_mean_optimizer,2024-01-08,2024-01-08,2024-01-16,0.011860171849150112,2.517423798965371e-06,0.011857624568272218,0.005034847597930742,0.002517423798965371,1.4713190284194346,1.4887653770785874
pooled_mean_optimizer,2024-01-15,2024-01-16,2024-01-22,0.0023834212368714462,1.1624235866466994e-06,0.002382256042739783,0.0023248471732933984,0.0011624235866466992,1.4887653770785874,1.4923119973943546
pooled_mean_optimizer,2024-01-22,2024-01-22,2024-01-29,0.005153165188402888,6.390770815717928e-06,0.005146741484889361,0.012781541631435855,0.006390770815717928,1.4923119973943546,1.4999925414597421
pooled_mean_optimizer,2024-01-29,2024-01-29,2024-02-05,0.0010828901435926248,1.0348687115588202e-06,0.0010818541542318982,0.00206973742311764,0.00103486871155882,1.4999925414597421,1.5016153146220372
pooled_mean_optimizer,2024-02-05,2024-02-05,2024-02-12,0.004214984808522555,3.9009028522796335e-06,0.004211067463423923,0.007801805704559267,0.0039009028522796335,1.5016153146220372,1.507938718016021
pooled_mean_optimizer,2024-02-12,2024-02-12,2024-02-20,-0.0023186862214533283,3.9125285018857535e-06,-0.002322589678029341,0.007825057003771507,0.003912528501885754,1.507938718016021,1.5044363951144564
pooled_mean_optimizer,2024-02-19,2024-02-20,2024-02-26,0.008632199533312858,2.4073334646326354e-06,0.008629771419265353,0.004814666929265271,0.0024073334646326355,1.5044363951144564,1.5174193373191176
pooled_mean_optimizer,2024-02-26,2024-02-26,2024-03-04,0.011347685588624227,4.380845955553367e-06,0.011343255030206167,0.008761691911106734,0.004380845955553367,1.5174193373191176,1.5346318118500948
pooled_mean_optimizer,2024-03-04,2024-03-04,2024-03-11,0.012378246051029232,5.566813772281368e-06,0.012372610329866474,0.011133627544562735,0.005566813772281368,1.5346318118500948,1.553619213257933
pooled_mean_optimizer,2024-03-11,2024-03-11,2024-03-18,-0.0018507075822473819,6.737324843728077e-06,-0.0018574324382728546,0.013474649687456153,0.006737324843728076,1.553619213257933,1.5507334705345037
pooled_mean_optimizer,2024-03-18,2024-03-18,2024-03-25,0.008259080736966714,4.30593293233797e-06,0.00825473924098663,0.008611865864675938,0.004305932932337969,1.5507334705345037,1.5635343709660363
pooled_mean_optimizer,2024-03-25,2024-03-25,2024-04-01,0.011847491625650665,1.0500923877153345e-06,0.011846429092302158,0.002100184775430669,0.0010500923877153345,1.5635343709660363,1.5820566700250627
pooled_mean_optimizer,2024-04-01,2024-04-01,2024-04-08,0.0020873275655177216,6.27094260963565e-06,0.002081043533396665,0.012541885219271298,0.006270942609635649,1.5820566700250627,1.5853489988276854
pooled_mean_optimizer,2024-04-08,2024-04-08,2024-04-15,-0.004549976206297255,8.206489951115004e-06,-0.004558145356914345,0.016412979902230007,0.008206489951115004,1.5853489988276854,1.5781227476495903
pooled_mean_optimizer,2024-04-15,2024-04-15,2024-04-22,-0.015418866619978142,3.421799544581536e-06,-0.015422235659251937,0.006843599089163072,0.003421799544581536,1.5781227476495903,1.553784566736112
pooled_mean_optimizer,2024-04-22,2024-04-22,2024-04-29,0.010476366914067382,6.457271344361166e-06,0.010469841993979045,0.01291454268872233,0.006457271344361165,1.553784566736112,1.5700524456425224
pooled_mean_optimizer,2024-04-29,2024-04-29,2024-05-06,0.006754792124773122,4.901314720803948e-06,0.0067498577026900985,0.009802629441607896,0.004901314720803948,1.5700524456425224,1.58065007623637
pooled_mean_optimizer,2024-05-06,2024-05-06,2024-05-13,0.008089442364852387,8.896545791235305e-07,0.00808854551346383,0.001779309158247061,0.0008896545791235305,1.58065007623637,1.593435236318868
pooled_mean_optimizer,2024-05-13,2024-05-13,2024-05-20,0.014068686536774079,3.6890413967663467e-06,0.014064945595410272,0.007378082793532692,0.003689041396766346,1.593435236318868,1.6158468162275026
pooled_mean_optimizer,2024-05-20,2024-05-20,2024-05-28,-0.0055950293738859765,4.175394187979145e-06,-0.005599181406620857,0.00835078837595829,0.004175394187979145,1.6158468162275026,1.606799396778134
pooled_mean_optimizer,2024-05-27,2024-05-28,2024-06-03,-0.003357309937470509,3.161326844060883e-06,-0.003360460650760566,0.006322653688121765,0.0031613268440608827,1.606799396778134,1.6013998106315952
pooled_mean_optimizer,2024-06-03,2024-06-03,2024-06-10,-0.0006977330869071457,1.0420113227339739e-06,-0.0006987743711841521,0.002084022645467948,0.001042011322733974,1.6013998106315952,1.6002807934859067
pooled_mean_optimizer,2024-06-10,2024-06-10,2024-06-17,0.010684567424734856,2.9985248433709176e-06,0.010681536861950613,0.005997049686741834,0.002998524843370917,1.6002807934859067,1.617374251770998
pooled_mean_optimizer,2024-06-17,2024-06-17,2024-06-24,0.005111728175480287,2.3147593480790377e-06,0.005109401583711648,0.004629518696158075,0.0023147593480790374,1.617374251770998,1.6256380663344512
pooled_mean_optimizer,2024-06-24,2024-06-24,2024-07-01,-0.003225955607235515,8.062261179583723e-07,-0.0032267592325038175,0.0016124522359167448,0.0008062261179583724,1.6256380663344512,1.6203925236951968
pooled_mean_optimizer,2024-07-01,2024-07-01,2024-07-08,0.01687471444542899,2.159529740205987e-06,0.016872518474241094,0.004319059480411974,0.002159529740205987,1.6203925236951968,1.6477326264867662
pooled_mean_optimizer,2024-07-08,2024-07-08,2024-07-15,0.010975850746047299,7.719485671248277e-07,0.010975070324687808,0.0015438971342496555,0.0007719485671248277,1.6477326264867662,1.665816607938741
pooled_mean_optimizer,2024-07-15,2024-07-15,2024-07-22,-0.007587163395915316,1.8154566036599204e-06,-0.00758896507835316,0.0036309132073198414,0.0018154566036599207,1.665816607938741,1.6531747838741533
pooled_mean_optimizer,2024-07-22,2024-07-22,2024-07-29,-0.003854690253230048,3.281473939419369e-06,-0.003857959078103934,0.006562947878838737,0.0032814739394193687,1.6531747838741533,1.6467969032090135
pooled_mean_optimizer,2024-07-29,2024-07-29,2024-08-05,-0.02077627980136927,3.080452694115804e-06,-0.02077929625371633,0.006160905388231608,0.003080452694115804,1.6467969032090135,1.6125776224875308
pooled_mean_optimizer,2024-08-05,2024-08-05,2024-08-12,0.022453100728145048,1.5079255652716284e-05,0.02243768289644632,0.030158511305432567,0.015079255652716284,1.6125776224875308,1.6487601278268114
pooled_mean_optimizer,2024-08-12,2024-08-12,2024-08-19,0.022799519416994735,8.110446161051584e-06,0.02279122405655909,0.016220892322103164,0.008110446161051582,1.6487601278268114,1.6863373893156333
pooled_mean_optimizer,2024-08-19,2024-08-19,2024-08-26,0.012786164822346967,5.342448366687986e-06,0.012780754064555033,0.01068489673337597,0.005342448366687985,1.6863373893156333,1.7078900527583403
pooled_mean_optimizer,2024-08-26,2024-08-26,2024-09-03,-0.006782358797570024,1.2286867125583383e-06,-0.0067835791508885634,0.0024573734251166768,0.0012286867125583384,1.7078900527583403,1.696304445404439
pooled_mean_optimizer,2024-09-02,2024-09-03,2024-09-09,-0.005891410889359513,1.6029152165791815e-06,-0.0058930043611439276,0.003205830433158363,0.0016029152165791816,1.696304445404439,1.6863081159098428
pooled_mean_optimizer,2024-09-09,2024-09-09,2024-09-16,0.02211077017055586,7.863600690949851e-06,0.022102732699597283,0.015727201381899703,0.007863600690949851,1.6863081159098428,1.7235801334449594
pooled_mean_optimizer,2024-09-16,2024-09-16,2024-09-23,0.010710127126605124,5.665979696939438e-06,0.01070440046354526,0.011331959393878877,0.005665979696939438,1.7235801334449594,1.742030025424365
pooled_mean_optimizer,2024-09-23,2024-09-23,2024-09-30,0.0021756875595267382,3.7967521678110574e-06,0.0021718825468124425,0.007593504335622114,0.003796752167811057,1.742030025424365,1.7458135100326075
pooled_mean_optimizer,2024-09-30,2024-09-30,2024-10-07,-0.003282880519123898,4.839587751529207e-07,-0.0032833628891201228,0.0009679175503058413,0.00048395877515292063,1.7458135100326075,1.7400813707424418
pooled_mean_optimizer,2024-10-07,2024-10-07,2024-10-14,0.005426273645518014,3.1451004201388384e-06,0.005423111478922271,0.0062902008402776766,0.0031451004201388383,1.7400813707424418,1.749518025998374
pooled_mean_optimizer,2024-10-14,2024-10-14,2024-10-21,0.008732598611129537,4.15566377493376e-06,0.008728406657610766,0.00831132754986752,0.00415566377493376,1.749518025998374,1.7647885307841082
pooled_mean_optimizer,2024-10-21,2024-10-21,2024-10-28,-0.0027154813127136853,5.498481975537637e-06,-0.0027209648636641326,0.010996963951075273,0.005498481975537636,1.7647885307841082,1.7599866032000473
pooled_mean_optimizer,2024-10-28,2024-10-28,2024-11-04,-0.006821319935291701,1.1381238357186519e-06,-0.0068224502956205635,0.0022762476714373037,0.0011381238357186518,1.7599866032000473,1.747979182078757
pooled_mean_optimizer,2024-11-04,2024-11-04,2024-11-11,0.01021825331956591,4.492017979569829e-06,0.010213715401008683,0.008984035959139658,0.004492017979569829,1.747979182078757,1.7658325439713973
pooled_mean_optimizer,2024-11-11,2024-11-11,2024-11-18,-0.014711132190442172,1.3825837368287088e-05,-0.014724754634089288,0.027651674736574178,0.013825837368287089,1.7658325439713973,1.7398310930365288
pooled_mean_optimizer,2024-11-18,2024-11-18,2024-11-25,0.01605547105626334,4.154597986478603e-06,0.016051249754249097,0.008309195972957206,0.004154597986478603,1.7398310930365288,1.7677575564410664
pooled_mean_optimizer,2024-11-25,2024-11-25,2024-12-02,0.0059631520560743025,3.131136180786587e-06,0.005960002248452501,0.0062622723615731735,0.0031311361807865867,1.7677575564410664,1.778293395452174
pooled_mean_optimizer,2024-12-02,2024-12-02,2024-12-09,0.004974987078126283,1.2177929360051853e-06,0.00497376322668619,0.0024355858720103707,0.0012177929360051853,1.778293395452174,1.787138205748733
pooled_mean_optimizer,2024-12-09,2024-12-09,2024-12-16,-0.00593550599073367,1.5439016685769718e-06,-0.005937040728564713,0.0030878033371539437,0.0015439016685769719,1.787138205748733,1.7765278934336288
pooled_mean_optimizer,2024-12-16,2024-12-16,2024-12-23,-0.016149529199992647,1.6350625604571316e-06,-0.01615113785706257,0.0032701251209142634,0.0016350625604571317,1.7765278934336288,1.7478349465198653
pooled_mean_optimizer,2024-12-23,2024-12-23,2024-12-30,-0.002401816146670081,1.9575404249718013e-06,-0.0024037689854429223,0.003915080849943603,0.0019575404249718015,1.7478349465198653,1.7436335550837476
pooled_mean_optimizer,2024-12-30,2024-12-30,2025-01-06,0.0061820942523217876,9.385348816564332e-07,0.006181149915329032,0.0018770697633128663,0.0009385348816564332,1.7436335550837476,1.7544112154851184
pooled_mean_optimizer,2025-01-06,2025-01-06,2025-01-13,-0.011892945001254384,2.9676808929599146e-06,-0.011895877387681608,0.005935361785919829,0.0029676808929599147,1.7544112154851184,1.733540954778134
pooled_mean_optimizer,2025-01-13,2025-01-13,2025-01-21,0.027431177978861604,7.96528519879487e-06,0.027422994196506956,0.015930570397589744,0.007965285198794872,1.733540954778134,1.7810798383204218
pooled_mean_optimizer,2025-01-20,2025-01-21,2025-01-27,-0.00042697071192877205,5.387426194333522e-06,-0.00043235583784995146,0.010774852388667044,0.005387426194333522,1.7810798383204218,1.780309778054647
pooled_mean_optimizer,2025-01-27,2025-01-27,2025-02-03,0.004508303194636655,3.26638950931174e-06,0.004505022079253074,0.00653277901862348,0.00326638950931174,1.780309778054647,1.7883301129126934
pooled_mean_optimizer,2025-02-03,2025-02-03,2025-02-10,0.015978800079247752,4.6523903983154425e-06,0.01597407334923351,0.009304780796630885,0.004652390398315442,1.7883301129126934,1.8168970293090039
pooled_mean_optimizer,2025-02-10,2025-02-10,2025-02-18,0.006443351353898172,4.982142910316206e-06,0.006438337109290648,0.009964285820632413,0.004982142910316206,1.8168970293090039,1.828594824876564
pooled_mean_optimizer,2025-02-17,2025-02-18,2025-02-24,-0.0025196110429099843,1.7339336250173086e-06,-0.0025213406076967093,0.0034678672500346175,0.0017339336250173087,1.828594824876564,1.8239843144895787
pooled_mean_optimizer,2025-02-24,2025-02-24,2025-03-03,-0.006120090023656585,4.204969978524723e-06,-0.0061242692588402425,0.008409939957049445,0.004204969978524722,1.8239843144895787,1.8128137434237432
pooled_mean_optimizer,2025-03-03,2025-03-03,2025-03-10,-0.015443489053620823,2.3956957060235624e-06,-0.015445847751426434,0.004791391412047125,0.0023956957060235623,1.8128137434237432,1.7848132983411267
pooled_mean_optimizer,2025-03-10,2025-03-10,2025-03-17,0.0025833953169776738,1.1557576839699533e-05,0.0025718078823480095,0.023115153679399064,0.011557576839699532,1.7848132983411267,1.78940349525032
pooled_mean_optimizer,2025-03-17,2025-03-17,2025-03-24,0.010783769332613779,6.735314028345125e-06,0.010776961386512518,0.013470628056690248,0.006735314028345124,1.78940349525032,1.8086878276235232
pooled_mean_optimizer,2025-03-24,2025-03-24,2025-03-31,-0.006578549891405945,2.6085303531802054e-06,-0.006581141261412071,0.00521706070636041,0.002608530353180205,1.8086878276235232,1.7967845975321364
pooled_mean_optimizer,2025-03-31,2025-03-31,2025-04-07,-0.051789430451838384,1.1101977833172697e-05,-0.051799957464562674,0.022203955666345393,0.011101977833172696,1.7967845975321364,1.7037112318069902
pooled_mean_optimizer,2025-04-07,2025-04-07,2025-04-14,0.052862855820581145,2.1592984572377572e-05,0.052840121369178705,0.04318596914475514,0.02159298457237757,1.7037112318069902,1.7937355400737045
pooled_mean_optimizer,2025-04-14,2025-04-14,2025-04-21,0.0026791308588815163,2.1357627192712532e-05,0.0026577160118108623,0.04271525438542506,0.02135762719271253,1.7937355400737045,1.7985027797395126
pooled_mean_optimizer,2025-04-21,2025-04-21,2025-04-28,0.018126958085123428,1.5771994727951957e-05,0.018110900192108037,0.03154398945590392,0.01577199472795196,1.7985027797395126,1.8310752840786038
pooled_mean_optimizer,2025-04-28,2025-04-28,2025-05-05,0.00682348360206975,1.3708932293026734e-05,0.0068096811271021185,0.02741786458605347,0.013708932293026735,1.8310752840786038,1.843544322882897
pooled_mean_optimizer,2025-05-05,2025-05-05,2025-05-12,0.006910591019348736,4.676468869202796e-06,0.006905882233315674,0.009352937738405592,0.004676468869202796,1.843544322882897,1.856275622868624
pooled_mean_optimizer,2025-05-12,2025-05-12,2025-05-19,0.002239286140621918,9.708093643984422e-06,0.0022295563077785463,0.019416187287968845,0.009708093643984422,1.856275622868624,1.8604142938925663
pooled_mean_optimizer,2025-05-19,2025-05-19,2025-05-27,0.006001457016008161,3.1998324451738003e-06,0.005998237979906174,0.0063996648903476006,0.0031998324451738003,1.8604142938925663,1.871573501568553
pooled_mean_optimizer,2025-05-26,2025-05-27,2025-06-02,0.006966258326401446,3.768882089015255e-06,0.006962463189306156,0.007537764178030509,0.0037688820890152547,1.871573501568553,1.884604263179305
pooled_mean_optimizer,2025-06-02,2025-06-02,2025-06-09,0.00432738686343134,3.477602198730986e-06,0.004323894212302504,0.006955204397461973,0.0034776021987309863,1.884604263179305,1.8927530926453466
pooled_mean_optimizer,2025-06-09,2025-06-09,2025-06-16,0.01044686851512805,5.58316153648511e-06,0.010441227027037092,0.011166323072970219,0.0055831615364851095,1.8927530926453466,1.9125157573917833
pooled_mean_optimizer,2025-06-16,2025-06-16,2025-06-23,-0.0038012521884126732,5.0388846760624365e-06,-0.003806271919017279,0.010077769352124871,0.005038884676062436,1.9125157573917833,1.905236202369745
pooled_mean_optimizer,2025-06-23,2025-06-23,2025-06-30,0.01049601812116976,1.3407901819789818e-06,0.010494663258029613,0.002681580363957964,0.001340790181978982,1.905236202369745,1.9252310147406224
pooled_mean_optimizer,2025-06-30,2025-06-30,2025-07-07,0.005672806719789714,9.368446305767165e-06,0.005663385128098941,0.018736892611534328,0.009368446305767164,1.9252310147406224,1.9361343394376593
pooled_mean_optimizer,2025-07-07,2025-07-07,2025-07-14,0.0006389763325224814,1.4601620186983356e-06,0.00063751523749489,0.002920324037396671,0.0014601620186983355,1.9361343394376593,1.937368654580888
pooled_mean_optimizer,2025-07-14,2025-07-14,2025-07-21,0.007949194841447385,3.116200871189217e-06,0.007946053869288372,0.006232401742378435,0.0031162008711892175,1.937368654580888,1.9527630902748583
pooled_mean_optimizer,2025-07-21,2025-07-21,2025-07-28,0.0008611553837495449,6.49206192518001e-07,0.0008605056184898263,0.0012984123850360019,0.0006492061925180009,1.9527630902748583,1.9544434538856195
pooled_mean_optimizer,2025-07-28,2025-07-28,2025-08-04,0.00016835449360008562,4.7870995955735105e-06,0.0001635665880745929,0.00957419919114702,0.00478709959557351,1.9544434538856195,1.9547631355329562
pooled_mean_optimizer,2025-08-04,2025-08-04,2025-08-11,0.004607115902235439,6.614571759537627e-06,0.004600470856377159,0.013229143519075254,0.006614571759537627,1.9547631355329562,1.963755966369096
pooled_mean_optimizer,2025-08-11,2025-08-11,2025-08-18,0.0032743062038402765,4.960005339020454e-06,0.003269329957924949,0.009920010678040908,0.004960005339020454,1.963755966369096,1.9701761325800002
pooled_mean_optimizer,2025-08-18,2025-08-18,2025-08-25,0.0031449159550787655,1.812965120257873e-06,0.0031430972883355057,0.0036259302405157456,0.0018129651202578728,1.9701761325800002,1.9763685878398558
pooled_mean_optimizer,2025-08-25,2025-08-25,2025-09-02,0.003600443600155219,9.002591836956427e-07,0.0035995400996393645,0.001800518367391285,0.0009002591836956425,1.9763685878398558,1.983482605823453
pooled_mean_optimizer,2025-09-01,2025-09-02,2025-09-08,0.023420174231941107,8.072337534532903e-06,0.02341191283885502,0.016144675069065806,0.008072337534532903,1.983482605823453,2.0299197277083767
pooled_mean_optimizer,2025-09-08,2025-09-08,2025-09-15,0.009788715108591955,4.055581604034839e-06,0.009784619828055119,0.008111163208069677,0.004055581604034839,2.0299197277083767,2.0497817205254725
pooled_mean_optimizer,2025-09-15,2025-09-15,2025-09-22,0.0060090114737785544,2.496031048739147e-06,0.0060065004440506,0.004992062097478295,0.0024960310487391474,2.0497817205254725,2.0620937353400155
pooled_mean_optimizer,2025-09-22,2025-09-22,2025-09-29,0.007276839626491535,3.4933011494672343e-06,0.0072733209051498715,0.006986602298934469,0.0034933011494672345,2.0620937353400155,2.0770920048136428
pooled_mean_optimizer,2025-09-29,2025-09-29,2025-10-06,0.011818640726423694,4.7400310538464885e-06,0.011813844674645857,0.009480062107692977,0.0047400310538464885,2.0770920048136428,2.1016304471334597
static_60_spy_40_agg,2018-01-01,2018-01-02,2018-01-08,0.011704199432041661,0.0005,0.011198347332325831,1.0,0.5,1.0,1.0111983473323258
static_60_spy_40_agg,2018-01-08,2018-01-08,2018-01-16,0.012380129913957738,5.170389682724041e-06,0.012374895514178919,0.010340779365448083,0.005170389682724041,1.0111983473323258,1.0237118212246739
static_60_spy_40_agg,2018-01-15,2018-01-16,2018-01-22,-0.0006270215888625865,5.76033631180678e-06,-0.0006327783133192044,0.01152067262361356,0.00576033631180678,1.0237118212246739,1.0230640385851144
static_60_spy_40_agg,2018-01-22,2018-01-22,2018-01-29,0.012039759395236337,2.138936586067147e-06,0.012037594706368449,0.004277873172134294,0.002138936586067147,1.0230640385851144,1.0353792688402625
static_60_spy_40_agg,2018-01-29,2018-01-29,2018-02-05,-0.029035027635858746,5.050667519631902e-06,-0.029039931657107387,0.010101335039263803,0.005050667519631902,1.0353792688402625,1.0053119256339555
static_60_spy_40_agg,2018-02-05,2018-02-05,2018-02-12,-0.02256416388457425,9.029365142646684e-06,-0.02257298950964215,0.018058730285293367,0.009029365142646684,1.0053119256339555,0.9826190300827021
static_60_spy_40_agg,2018-02-12,2018-02-12,2018-02-20,0.018460724312288998,7.744350554222483e-06,0.018452836995414224,0.015488701108444969,0.007744350554222484,0.9826190300827021,1.0007511388734103
static_60_spy_40_agg,2018-02-19,2018-02-20,2018-02-26,0.009314452830034048,7.4346427589384035e-06,0.00930694893764561,0.014869285517876807,0.007434642758938403,1.0007511388734103,1.0100650786221959
static_60_spy_40_agg,2018-02-26,2018-02-26,2018-03-05,-0.017998448573173096,2.985571636209578e-06,-0.01800138040915178,0.005971143272419155,0.0029855716362095774,1.0100650786221959,0.9918825129039179
static_60_spy_40_agg,2018-03-05,2018-03-05,2018-03-12,0.02506717293321192,7.160432691076358e-06,0.02505983300871617,0.014320865382152714,0.007160432691076357,0.9918825129039179,1.0167389230415558
static_60_spy_40_agg,2018-03-12,2018-03-12,2018-03-19,-0.009730497841418639,1.0404036901199036e-05,-0.009740800641861225,0.020808073802398075,0.010404036901199037,1.0167389230415558,1.0068350718873873
static_60_spy_40_agg,2018-03-19,2018-03-19,2018-03-26,-0.02432745729383663,4.423819181120781e-06,-0.024331773492745512,0.008847638362241561,0.0044238191811207805,1.0068350718873873,0.9823369889736713
static_60_spy_40_agg,2018-03-26,2018-03-26,2018-04-02,0.0028471074971100573,1.0281390257199763e-05,0.0028367968346296735,0.020562780514399526,0.010281390257199763,0.9823369889736713,0.9851236794345314
static_60_spy_40_agg,2018-04-02,2018-04-02,2018-04-09,-0.0029583413067502786,7.448360473912563e-07,-0.00295908393931843,0.0014896720947825126,0.0007448360473912563,0.9851236794345314,0.9822086157764743
static_60_spy_40_agg,2018-04-09,2018-04-09,2018-04-16,0.012212535123585022,9.242829012976461e-07,0.012211599552846453,0.0018485658025952922,0.0009242829012976461,0.9822086157764743,0.9942029540696923
static_60_spy_40_agg,2018-04-16,2018-04-16,2018-04-23,-0.0018911470618754758,5.5290095959620584e-06,-0.0018966656153011074,0.011058019191924118,0.005529009595962059,0.9942029540696923,0.9923172835120775
static_60_spy_40_agg,2018-04-23,2018-04-23,2018-04-30,0.00011335015555795637,1.7223933900300247e-06,0.00011162756693439135,0.0034447867800600496,0.0017223933900300248,0.9923172835120775,0.9924280534760629
static_60_spy_40_agg,2018-04-30,2018-04-30,2018-05-07,-0.0004145904768537933,6.791350394441675e-08,-0.0004146583622014477,0.0001358270078888335,6.791350394441675e-05,0.9924280534760629,0.9920165348848057
static_60_spy_40_agg,2018-05-07,2018-05-07,2018-05-14,0.014160456082446735,5.821007529044353e-07,0.014159865738881505,0.0011642015058088706,0.0005821007529044353,0.9920165348848057,1.0060633558295249
static_60_spy_40_agg,2018-05-14,2018-05-14,2018-05-21,-0.002652947280357898,5.9203090202698266e-06,-0.0026588518831104357,0.011840618040539652,0.005920309020269826,1.0060633558295249,1.0033883823813492
static_60_spy_40_agg,2018-05-21,2018-05-21,2018-05-29,-0.0017924279774919278,8.694910399696942e-07,-0.0017932959100317447,0.0017389820799393885,0.0008694910399696942,1.0033883823813492,1.0015890100990514
static_60_spy_40_agg,2018-05-28,2018-05-29,2018-06-04,0.008909955348556365,4.867141002497438e-06,0.008905044841544862,0.009734282004994876,0.004867141002497438,1.0015890100990514,1.010508205146782
static_60_spy_40_agg,2018-06-04,2018-06-04,2018-06-11,0.007224896683473947,3.985615948323557e-06,0.007220882271862239,0.007971231896647113,0.0039856159483235565,1.010508205146782,1.0178049659308976
static_60_spy_40_agg,2018-06-11,2018-06-11,2018-06-18,-0.0026311372758662573,4.180334749152748e-06,-0.0026353066115808454,0.008360669498305495,0.004180334749152748,1.0178049659308976,1.0151227377748802
static_60_spy_40_agg,2018-06-18,2018-06-18,2018-06-25,-0.004389179240083329,2.118086183818896e-06,-0.004391288029607199,0.004236172367637792,0.002118086183818896,1.0151227377748802,1.0106650414479073
static_60_spy_40_agg,2018-06-25,2018-06-25,2018-07-02,-0.007192458606797113,1.8392693605177867e-06,-0.007194284647288773,0.0036785387210355736,0.0018392693605177868,1.0106650414479073,1.003394029456667
static_60_spy_40_agg,2018-07-02,2018-07-02,2018-07-09,0.0163892002471536,4.339178959306689e-06,0.01638478995252135,0.008678357918613377,0.004339178959306689,1.003394029456667,1.0198344298689286
static_60_spy_40_agg,2018-07-09,2018-07-09,2018-07-16,0.0069293991162421515,5.7451464965501966e-06,0.006923614159332736,0.011490292993100393,0.005745146496550196,1.0198344298689286,1.026895369967744
static_60_spy_40_agg,2018-07-16,2018-07-16,2018-07-23,-0.001084317152251435,2.52867007964927e-06,-0.0010868430804507057,0.00505734015929854,0.00252867007964927,1.026895369967744,1.0257792958405478
static_60_spy_40_agg,2018-07-23,2018-07-23,2018-07-30,0.0035562628472603384,2.435263775849572e-07,0.003556018454838883,0.0004870527551699144,0.0002435263775849572,1.0257792958405478,1.0294269859471485
static_60_spy_40_agg,2018-07-30,2018-07-30,2018-08-06,0.005829287314747455,2.280951621367211e-06,0.005826993066803787,0.004561903242734422,0.002280951621367211,1.0294269859471485,1.0354254498570432
static_60_spy_40_agg,2018-08-06,2018-08-06,2018-08-13,0.00013098722966788941,1.0362602553252997e-06,0.00012995083367584037,0.0020725205106505995,0.0010362602553252998,1.0354254498570432,1.0355600042574613
static_60_spy_40_agg,2018-08-13,2018-08-13,2018-08-20,0.0060649636639453774,4.3825368773983683e-07,0.006064522752264878,0.0008765073754796737,0.00043825368773983686,1.0355600042574613,1.041840181464616
static_60_spy_40_agg,2018-08-20,2018-08-20,2018-08-27,0.006912674184985378,8.011053850940642e-07,0.006911867541819827,0.0016022107701881283,0.0008011053850940641,1.041840181464616,1.049041242798645
static_60_spy_40_agg,2018-08-27,2018-08-27,2018-09-04,0.0007654659239895608,2.7458097936036155e-06,0.0007627180123719324,0.00549161958720723,0.002745809793603615,1.049041242798645,1.0498413654502488
static_60_spy_40_agg,2018-09-03,2018-09-04,2018-09-10,-0.0029181489988292287,1.575030861220156e-06,-0.002919719433515655,0.0031500617224403116,0.0015750308612201558,1.0498413654502488,1.0467761232134352
static_60_spy_40_agg,2018-09-10,2018-09-10,2018-09-17,0.003566538250134377,5.276110993206462e-07,0.0035660087572899624,0.0010552221986412924,0.0005276110993206462,1.0467761232134352,1.0505089360357363
static_60_spy_40_agg,2018-09-17,2018-09-17,2018-09-24,0.0025820054911245283,2.174607016133978e-06,0.002579825269261038,0.004349214032267956,0.002174607016133978,1.0505089360357363,1.0532190655345057
static_60_spy_40_agg,2018-09-24,2018-09-24,2018-10-01,0.0026196370554736337,2.238597741021836e-06,0.002617392593418977,0.004477195482043672,0.002238597741021836,1.0532190655345057,1.0559757533158833
static_60_spy_40_agg,2018-10-01,2018-10-01,2018-10-08,-0.014076389448767546,1.4114727331149268e-08,-0.01407640336481042,2.8229454662298537e-05,1.4114727331149268e-05,1.0559757533158833,1.0411114126687495
static_60_spy_40_agg,2018-10-08,2018-10-08,2018-10-15,-0.022696486125312408,1.975360406559906e-06,-0.022698416651978914,0.003950720813119812,0.001975360406559906,1.0411114126687495,1.017479832042864
static_60_spy_40_agg,2018-10-15,2018-10-15,2018-10-22,0.0021641559038397596,1.0661653624433942e-05,0.0021534711767345893,0.021323307248867884,0.010661653624433942,1.017479832042864,1.0196709455340771
static_60_spy_40_agg,2018-10-22,2018-10-22,2018-10-29,-0.016268187626342766,1.854507231667968e-06,-0.016270011964102826,0.0037090144633359357,0.0018545072316679678,1.0196709455340771,1.0030808870507897
static_60_spy_40_agg,2018-10-29,2018-10-29,2018-11-05,0.007336741258044022,8.132772573396619e-06,0.00732854881742262,0.016265545146793237,0.008132772573396618,1.0030808870507897,1.010432014299365
static_60_spy_40_agg,2018-11-05,2018-11-05,2018-11-12,0.011113806701640748,3.6959072061301387e-06,0.011110069718836213,0.007391814412260278,0.003695907206130139,1.010432014299365,1.0216579844243752
static_60_spy_40_agg,2018-11-12,2018-11-12,2018-11-19,-0.007810963489888678,3.750994017836101e-06,-0.007814685185029147,0.007501988035672202,0.003750994017836101,1.0216579844243752,1.0136740489093272
static_60_spy_40_agg,2018-11-19,2018-11-19,2018-11-26,-0.015745770261779455,4.308532716982727e-06,-0.015750010953330063,0.008617065433965454,0.004308532716982727,1.0136740489093272,0.9977086715358989
static_60_spy_40_agg,2018-11-26,2018-11-26,2018-12-03,0.03376989255930116,6.632027573572952e-06,0.03376303656886881,0.013264055147145903,0.006632027573572952,0.9977086715358989,1.031394345898043
static_60_spy_40_agg,2018-12-03,2018-12-03,2018-12-10,-0.03291343221981027,1.206431314399345e-05,-0.03292509945500133,0.0241286262879869,0.01206431314399345,1.031394345898043,0.997435584482024
static_60_spy_40_agg,2018-12-10,2018-12-10,2018-12-17,-0.008627519495851277,1.701133780851552e-05,-0.008644384068011157,0.03402267561703104,0.01701133780851552,0.997435584482024,0.9888133682066601
static_60_spy_40_agg,2018-12-17,2018-12-17,2018-12-24,-0.04196831426672083,3.901445735452925e-06,-0.041972051975355584,0.007802891470905848,0.003901445735452924,0.9888133682066601,0.9473108421223637
static_60_spy_40_agg,2018-12-24,2018-12-24,2018-12-31,0.027047324748896217,1.950188865519731e-05,0.027027295386325312,0.039003777310394616,0.019501888655197308,0.9473108421223637,0.9729140920750734
static_60_spy_40_agg,2018-12-31,2018-12-31,2019-01-07,0.009786782712051866,9.909236706018314e-06,0.009776776495799444,0.01981847341203663,0.009909236706018315,0.9729140920750734,0.9824260557029051
static_60_spy_40_agg,2019-01-07,2019-01-07,2019-01-14,0.009339245007834717,1.6371382237928557e-06,0.009337592579975906,0.003274276447585711,0.0016371382237928556,0.9824260557029051,0.9915995499510115
static_60_spy_40_agg,2019-01-14,2019-01-14,2019-01-22,0.01810580466925522,4.258047184702879e-06,0.018101469526699887,0.008516094369405758,0.004258047184702879,0.9915995499510115,1.0095489589871391
static_60_spy_40_agg,2019-01-21,2019-01-22,2019-01-28,-0.0025634505675530715,7.592885266440363e-06,-0.002571023988833354,0.015185770532880727,0.0075928852664403634,1.0095489589871391,1.0069533843956815
static_60_spy_40_agg,2019-01-28,2019-01-28,2019-02-04,0.01709771885397715,1.706296314246819e-06,0.01709598338388818,0.003412592628493638,0.001706296314246819,1.0069533843956815,1.02416824272366
static_60_spy_40_agg,2019-02-04,2019-02-04,2019-02-11,0.003919299000535581,4.964451916719959e-06,0.003914315091447573,0.009928903833439917,0.0049644519167199586,1.02416824272366,1.0281771599323346
static_60_spy_40_agg,2019-02-11,2019-02-11,2019-02-19,0.012427434917813772,6.964012306362454e-08,0.01242736441224257,0.0001392802461272491,6.964012306362455e-05,1.0281771599323346,1.0409546921791584
static_60_spy_40_agg,2019-02-18,2019-02-19,2019-02-25,0.00892517794482579,4.173010184911397e-06,0.008920967689782344,0.008346020369822793,0.0041730101849113965,1.0409546921791584,1.050241015354616
static_60_spy_40_agg,2019-02-25,2019-02-25,2019-03-04,0.0005805644847160173,3.833715302191815e-06,0.0005767285436948377,0.007667430604383629,0.0038337153021918147,1.050241015354616,1.05084671932593
static_60_spy_40_agg,2019-03-04,2019-03-04,2019-03-11,-0.01088501219266451,1.51024772163999e-06,-0.010886506001321239,0.00302049544327998,0.00151024772163999,1.05084671932593,1.0394066702095197
static_60_spy_40_agg,2019-03-11,2019-03-11,2019-03-18,0.017270068467001697,7.054272231356212e-06,0.017262892367005955,0.014108544462712425,0.007054272231356212,1.0394066702095197,1.0573498356828948
static_60_spy_40_agg,2019-03-18,2019-03-18,2019-03-25,-0.0021447366744864692,5.949043687824646e-06,-0.0021506729590420326,0.011898087375649291,0.0059490436878246455,1.0573498356828948,1.055075821983044
static_60_spy_40_agg,2019-03-25,2019-03-25,2019-04-01,0.013469562981262895,4.433795463915147e-06,0.013465069464511759,0.008867590927830293,0.004433795463915147,1.055075821983044,1.0692824912163725
static_60_spy_40_agg,2019-04-01,2019-04-01,2019-04-08,0.006318790546002262,4.4022380031018e-06,0.006314360491179283,0.008804476006203599,0.004402238003101799,1.0692824912163725,1.076034326332819
static_60_spy_40_agg,2019-04-08,2019-04-08,2019-04-15,0.003792424741246991,3.353244529030797e-06,0.0037890587797904107,0.006706489058061593,0.0033532445290307966,1.076034326332819,1.0801114836443662
static_60_spy_40_agg,2019-04-15,2019-04-15,2019-04-22,-0.0025077487204564486,2.1731142054157434e-06,-0.002509916385037392,0.0043462284108314875,0.0021731142054157437,1.0801114836443662,1.0774004941339002
static_60_spy_40_agg,2019-04-22,2019-04-22,2019-04-29,0.010595773065563873,7.091453946185544e-07,0.0105950564062256,0.0014182907892371088,0.0007091453946185544,1.0774004941339002,1.0888156131413442
static_60_spy_40_agg,2019-04-29,2019-04-29,2019-05-06,-0.007748357383389458,2.6198567770858996e-06,-0.007750956940579923,0.005239713554171799,0.0026198567770858994,1.0888156131413442,1.0803762502076546
static_60_spy_40_agg,2019-05-06,2019-05-06,2019-05-13,-0.013172949680425438,4.091062536905915e-06,-0.013176986851601513,0.00818212507381183,0.004091062536905915,1.0803762502076546,1.0661401465638858
static_60_spy_40_agg,2019-05-13,2019-05-13,2019-05-20,0.004035721902910616,6.34760173456847e-06,0.004029348684020606,0.01269520346913694,0.00634760173456847,1.0661401465638858,1.0704359969604245
static_60_spy_40_agg,2019-05-20,2019-05-20,2019-05-28,0.00011643536972456587,1.0585955431577365e-06,0.00011537665092342664,0.002117191086315473,0.0010585955431577365,1.0704359969604245,1.0705595002807817
static_60_spy_40_agg,2019-05-27,2019-05-28,2019-06-03,-0.01302026466011592,2.1187082747817223e-06,-0.013022355782248307,0.004237416549563444,0.002118708274781722,1.0705595002807817,1.0566182935820594
static_60_spy_40_agg,2019-06-03,2019-06-03,2019-06-10,0.031004741669700086,8.791810615306624e-06,0.03099567727126784,0.017583621230613244,0.008791810615306622,1.0566182935820594,1.0893688932088466
static_60_spy_40_agg,2019-06-10,2019-06-10,2019-06-17,0.0008906794615423318,1.1677132341837898e-05,0.0008789919286187331,0.023354264683675796,0.011677132341837898,1.0893688932088466,1.0903264396732655
static_60_spy_40_agg,2019-06-17,2019-06-17,2019-06-24,0.015296414327413955,2.232645462965921e-07,0.015296187647720672,0.0004465290925931842,0.0002232645462965921,1.0903264396732655,1.107004277491779
static_60_spy_40_agg,2019-06-24,2019-06-24,2019-07-01,0.005975441112997437,3.4953854677465256e-06,0.005971924841059684,0.006990770935493051,0.0034953854677465257,1.107004277491779,1.1136152238356916
static_60_spy_40_agg,2019-07-01,2019-07-01,2019-07-08,0.000595603345289053,1.4022577736662045e-06,0.0005942002523258161,0.002804515547332409,0.0014022577736662045,1.1136152238356916,1.1142769342826886
static_60_spy_40_agg,2019-07-08,2019-07-08,2019-07-15,0.007028383591299736,3.100274789318014e-07,0.007028071384828749,0.0006200549578636028,0.0003100274789318014,1.1142769342826886,1.1221081521192955
static_60_spy_40_agg,2019-07-15,2019-07-15,2019-07-22,-0.005065412728341201,4.077228229835972e-06,-0.005069469303727203,0.008154456459671944,0.004077228229835972,1.1221081521192955,1.1164196592866646
static_60_spy_40_agg,2019-07-22,2019-07-22,2019-07-29,0.008213924982690246,3.9945392533612405e-06,0.008209897632591057,0.00798907850672248,0.00399453925336124,1.1164196592866646,1.1255853504044204
static_60_spy_40_agg,2019-07-29,2019-07-29,2019-08-05,-0.02294176001742338,3.6503670257975742e-06,-0.022945326638604935,0.007300734051595148,0.003650367025797574,1.1255853504044204,1.0997584268797624
static_60_spy_40_agg,2019-08-05,2019-08-05,2019-08-12,0.006210246651259954,1.3963618066146018e-05,0.006196196315681357,0.027927236132292033,0.013963618066146016,1.0997584268797624,1.1065727459925343
static_60_spy_40_agg,2019-08-12,2019-08-12,2019-08-19,0.006066865818916866,1.6726954874601851e-07,0.006066697534566234,0.00033453909749203703,0.00016726954874601851,1.1065727459925343,1.1132859881424655
static_60_spy_40_agg,2019-08-19,2019-08-19,2019-08-26,-0.008338807121702051,9.68642910518791e-07,-0.008339767687286281,0.001937285821037582,0.000968642910518791,1.1132859881424655,1.1040014416318464
static_60_spy_40_agg,2019-08-26,2019-08-26,2019-09-03,0.007887203696522783,5.142949048431822e-06,0.007882020183987537,0.010285898096863644,0.005142949048431822,1.1040014416318464,1.11270320327794
static_60_spy_40_agg,2019-09-02,2019-09-03,2019-09-09,0.01604473188256148,2.143627565047296e-06,0.0160425538610669,0.004287255130094592,0.002143627565047296,1.11270320327794,1.130553804347908
static_60_spy_40_agg,2019-09-09,2019-09-09,2019-09-16,-0.00332265218271366,7.9416862803246e-06,-0.00333056748153282,0.0158833725606492,0.0079416862803246,1.130553804347908,1.1267884186110235
static_60_spy_40_agg,2019-09-16,2019-09-16,2019-09-23,0.0016295879251868818,3.409102750070475e-06,0.001626173267003983,0.00681820550014095,0.003409102750070475,1.1267884186110235,1.1286207718149384
static_60_spy_40_agg,2019-09-23,2019-09-23,2019-09-30,-0.003504412315808625,2.8061965312010388e-06,-0.003507208678270146,0.005612393062402077,0.0028061965312010384,1.1286207718149384,1.124662463249553
static_60_spy_40_agg,2019-09-30,2019-09-30,2019-10-07,-0.0016442275382532174,1.0870522414538064e-06,-0.001645312803133403,0.002174104482907613,0.0010870522414538064,1.124662463249553,1.122812041699565
static_60_spy_40_agg,2019-10-07,2019-10-07,2019-10-14,0.002530230965034796,4.08832088781702e-06,0.0025261322997509605,0.008176641775634041,0.004088320887817021,1.122812041699565,1.1256484134646516
static_60_spy_40_agg,2019-10-14,2019-10-14,2019-10-21,0.005978082972147635,3.5025654817272267e-06,0.005974559468038709,0.007005130963454453,0.0035025654817272267,1.1256484134646516,1.1323736668509996
static_60_spy_40_agg,2019-10-21,2019-10-21,2019-10-28,0.0063432805609264335,3.468429780804055e-06,0.0063397901299224735,0.006936859561608111,0.0034684297808040554,1.1323736668509996,1.1395526782474856
static_60_spy_40_agg,2019-10-28,2019-10-28,2019-11-04,0.011648200376018414,3.227208365464168e-06,0.011644935576483162,0.006454416730928336,0.003227208365464168,1.1395526782474856,1.1528226957716865
static_60_spy_40_agg,2019-11-04,2019-11-04,2019-11-11,-0.00349965837239945,2.7042237491797513e-06,-0.0035023531322893042,0.005408447498359503,0.0027042237491797516,1.1528226957716865,1.1487851035921763
static_60_spy_40_agg,2019-11-11,2019-11-11,2019-11-18,0.010165262219809224,1.2662745713718505e-06,0.010163983073224747,0.002532549142743701,0.0012662745713718504,1.1487851035921763,1.16046133593986
static_60_spy_40_agg,2019-11-18,2019-11-18,2019-11-25,0.0021101607284169433,1.9031196623508773e-06,0.0021082535928662605,0.0038062393247017545,0.0019031196623508773,1.16046133593986,1.1629078827207375
static_60_spy_40_agg,2019-11-25,2019-11-25,2019-12-02,0.0037631516039316358,3.987095792302442e-07,0.003762751393947772,0.0007974191584604884,0.0003987095792302442,1.1629078827207375,1.1672836159774778
static_60_spy_40_agg,2019-12-02,2019-12-02,2019-12-09,0.0010673486839289927,2.7513054478350286e-06,0.0010645944418790076,0.005502610895670057,0.0027513054478350285,1.1672836159774778,1.1685262996271437
static_60_spy_40_agg,2019-12-09,2019-12-09,2019-12-16,0.009085503897845904,9.254436497709573e-07,0.009084570046074214,0.0018508872995419146,0.0009254436497709573,1.1685262996271437,1.1791418586467863
static_60_spy_40_agg,2019-12-16,2019-12-16,2019-12-23,0.007040963057711602,3.636663794386319e-06,0.007037300788301559,0.007273327588772638,0.003636663794386319,1.1791418586467863,1.1874398345781607
static_60_spy_40_agg,2019-12-23,2019-12-23,2019-12-30,0.0026794236369418914,3.1796278368680654e-06,0.002676235489534884,0.0063592556737361305,0.0031796278368680653,1.1874398345781607,1.1906177032051461
static_60_spy_40_agg,2019-12-30,2019-12-30,2020-01-06,-0.002044141593858772,9.269731683499705e-07,-0.002045066672162754,0.001853946336699941,0.0009269731683499705,1.1906177032051461,1.1881828106210344
static_60_spy_40_agg,2020-01-06,2020-01-06,2020-01-13,0.010197181646203157,3.350624643553096e-06,0.01019379685463151,0.006701249287106192,0.003350624643553096,1.1881828106210344,1.2002949048186704
static_60_spy_40_agg,2020-01-13,2020-01-13,2020-01-21,0.009566269868770494,4.877531415831998e-06,0.009561345677572719,0.009755062831663996,0.004877531415831998,1.2002949048186704,1.2117713393186709
static_60_spy_40_agg,2020-01-20,2020-01-21,2020-01-27,-0.011126620354481285,2.526766199077296e-06,-0.011129119006312194,0.005053532398154592,0.002526766199077296,1.2117713393186709,1.198285391874955
static_60_spy_40_agg,2020-01-27,2020-01-27,2020-02-03,0.001654547180153676,7.679625506073956e-06,0.0016468548483448142,0.015359251012147912,0.007679625506073956,1.198285391874955,1.200258793982265
static_60_spy_40_agg,2020-02-03,2020-02-03,2020-02-10,0.015462779837625984,3.9764924400140234e-07,0.015462376039619308,0.0007952984880028047,0.00039764924400140234,1.200258793982265,1.2188176467996787
static_60_spy_40_agg,2020-02-10,2020-02-10,2020-02-18,0.009704127177453213,5.2628841958490264e-06,0.009698813221559632,0.010525768391698054,0.005262884195849027,1.2188176467996787,1.2306387315071297
static_60_spy_40_agg,2020-02-17,2020-02-18,2020-02-24,-0.020519405417336854,3.7058303505145e-06,-0.020523035206251983,0.007411660701028999,0.0037058303505144996,1.2306387315071297,1.2053822894942317
static_60_spy_40_agg,2020-02-24,2020-02-24,2020-03-02,-0.04247920687370279,1.1768433526079452e-05,-0.04249047539350659,0.023536867052158905,0.011768433526079453,1.2053822894942317,1.1541650229827083
static_60_spy_40_agg,2020-03-02,2020-03-02,2020-03-09,-0.03584473331462392,2.172522313391287e-05,-0.03586567980292843,0.04345044626782574,0.02172522313391287,1.1541650229827083,1.1127701098286709
static_60_spy_40_agg,2020-03-09,2020-03-09,2020-03-16,-0.10085686239186353,2.5502112700990536e-05,-0.10087979244149314,0.051004225401981074,0.025502112700990537,1.1127701098286709,1.000514092114057
static_60_spy_40_agg,2020-03-16,2020-03-16,2020-03-23,-0.034257866758945266,1.5401839114899896e-05,-0.034272740963907866,0.03080367822979979,0.015401839114899896,1.000514092114057,0.9662237318042924
static_60_spy_40_agg,2020-03-23,2020-03-23,2020-03-30,0.09369936194063201,8.722055475751917e-06,0.0936898226341234,0.017444110951503833,0.008722055475751916,0.9662237318042924,1.0567490618619173
static_60_spy_40_agg,2020-03-30,2020-03-30,2020-04-06,0.003289662850272013,1.4734245839778171e-05,0.0032748801337312283,0.02946849167955634,0.01473424583977817,1.0567490618619173,1.060209788370948
static_60_spy_40_agg,2020-04-06,2020-04-06,2020-04-13,0.05211015093463436,3.037720927168364e-06,0.05210695491761119,0.006075441854336727,0.0030377209271683636,1.060209788370948,1.1154540920168032
static_60_spy_40_agg,2020-04-13,2020-04-13,2020-04-20,0.012047679937284216,1.2969487918668116e-05,0.012034554197126068,0.02593897583733623,0.012969487918668116,1.1154540920168032,1.1288780847415856
static_60_spy_40_agg,2020-04-20,2020-04-20,2020-04-27,0.005533930416729626,4.559049659228571e-06,0.005529346137606916,0.00911809931845714,0.00455904965922857,1.1288780847415856,1.1351200424192807
static_60_spy_40_agg,2020-04-27,2020-04-27,2020-05-04,-0.009503697633085872,1.997601168913038e-06,-0.009505676249657369,0.003995202337826076,0.001997601168913038,1.1351200424192807,1.1243299587915456
static_60_spy_40_agg,2020-05-04,2020-05-04,2020-05-11,0.01884024093247505,3.5487163242313433e-06,0.01883662535748032,0.007097432648462687,0.0035487163242313435,1.1243299587915456,1.1455085410034933
static_60_spy_40_agg,2020-05-11,2020-05-11,2020-05-18,0.0075588126354961815,9.042605766864082e-06,0.007549701678366549,0.018085211533728163,0.009042605766864081,1.1455085410034933,1.1541567887580906
static_60_spy_40_agg,2020-05-18,2020-05-18,2020-05-26,0.019583504153050456,1.056848203027372e-06,0.019582426608056203,0.0021136964060547436,0.0010568482030273718,1.1541567887580906,1.1767579793681358
static_60_spy_40_agg,2020-05-25,2020-05-26,2020-06-01,0.003984872436257891,6.3076273736941965e-06,0.003978539673793691,0.012615254747388394,0.006307627373694197,1.1767579793681358,1.1814397576755051
static_60_spy_40_agg,2020-06-01,2020-06-01,2020-06-08,0.030963433365004973,9.63659443825704e-07,0.03096243986735625,0.001927318887651408,0.000963659443825704,1.1814397576755051,1.218020015129437
static_60_spy_40_agg,2020-06-08,2020-06-08,2020-06-15,-0.03848019601635968,1.379881789651463e-05,-0.038493463853038756,0.027597635793029263,0.013798817896514631,1.218020015129437,1.1711342057047742
static_60_spy_40_agg,2020-06-15,2020-06-15,2020-06-22,0.023752636865553265,1.9248942864774743e-05,0.023732930709538413,0.038497885729549486,0.019248942864774743,1.1711342057047742,1.198928652660336
static_60_spy_40_agg,2020-06-22,2020-06-22,2020-06-29,-0.012784710050356085,8.351333417831425e-06,-0.012792954614397667,0.01670266683566285,0.008351333417831425,1.198928652660336,1.1835908128209514
static_60_spy_40_agg,2020-06-29,2020-06-29,2020-07-06,0.03111361636970198,5.214445559746289e-06,0.03110823968388332,0.010428891119492578,0.005214445559746289,1.1835908128209514,1.2204102395138279
static_60_spy_40_agg,2020-07-06,2020-07-06,2020-07-13,0.008078487457051819,1.0776598016343537e-05,0.008067623800423585,0.021553196032687072,0.010776598016343536,1.2204102395138279,1.2302560502084103
static_60_spy_40_agg,2020-07-13,2020-07-13,2020-07-20,0.004361044469247277,2.265505708164778e-06,0.004358769083568026,0.004531011416329556,0.002265505708164778,1.2302560502084103,1.2356184522449312
static_60_spy_40_agg,2020-07-20,2020-07-20,2020-07-27,0.00161669305471559,1.7946302201576892e-07,0.0016165133015570987,0.00035892604403153783,0.00017946302201576891,1.2356184522449312,1.2376158459086344
static_60_spy_40_agg,2020-07-27,2020-07-27,2020-08-03,0.013073409146174607,5.956769765209646e-07,0.013072805681669353,0.0011913539530419293,0.0005956769765209646,1.2376158459086344,1.2537949573707527
static_60_spy_40_agg,2020-08-03,2020-08-03,2020-08-10,0.01315480277222134,4.576285392747959e-06,0.01315016628669663,0.009152570785495917,0.0045762853927479585,1.2537949573707527,1.2702825695495998
static_60_spy_40_agg,2020-08-10,2020-08-10,2020-08-17,0.001010936085858693,4.366862771930158e-06,0.0010065648084676138,0.008733725543860316,0.004366862771930158,1.2702825695495998,1.2715611912809184
static_60_spy_40_agg,2020-08-17,2020-08-17,2020-08-24,0.008570276231645479,4.546259493161508e-06,0.008565691009452703,0.009092518986323017,0.004546259493161509,1.2715611912809184,1.2824529915450422
static_60_spy_40_agg,2020-08-24,2020-08-24,2020-08-31,0.012479355390315795,2.2599097605141287e-06,0.012477067278338083,0.004519819521028257,0.0022599097605141283,1.2824529915450422,1.2984542438018556
static_60_spy_40_agg,2020-08-31,2020-08-31,2020-09-08,-0.02202128266761254,6.860241078651574e-06,-0.022027991837383243,0.013720482157303149,0.006860241078651574,1.2984542438018556,1.2698519043181726
static_60_spy_40_agg,2020-09-07,2020-09-08,2020-09-14,0.001829298588605388,1.0375166393160607e-05,0.0018189044429350876,0.020750332786321213,0.010375166393160606,1.2698519043181726,1.2721616435888066
static_60_spy_40_agg,2020-09-14,2020-09-14,2020-09-21,-0.018845293915960747,2.9170426247324133e-07,-0.018845580122970773,0.0005834085249464827,0.0002917042624732413,1.2721616435888066,1.2481870194051836
static_60_spy_40_agg,2020-09-21,2020-09-21,2020-09-28,0.013076310219220176,7.476468206333825e-06,0.013068735986396351,0.01495293641266765,0.007476468206333825,1.2481870194051836,1.264499246023437
static_60_spy_40_agg,2020-09-28,2020-09-28,2020-10-05,0.0043073198145251014,5.930035851893667e-06,0.004301364236112271,0.011860071703787334,0.005930035851893667,1.264499246023437,1.269938317856873
static_60_spy_40_agg,2020-10-05,2020-10-05,2020-10-12,0.024530141323283905,2.5183019209408523e-06,0.024527561247060792,0.005036603841881704,0.002518301920940852,1.269938317856873,1.3010868077280968
static_60_spy_40_agg,2020-10-12,2020-10-12,2020-10-19,-0.0017488569107245722,9.212373138070636e-06,-0.0017580531727402482,0.01842474627614127,0.009212373138070634,1.3010868077280968,1.29879942793776
static_60_spy_40_agg,2020-10-19,2020-10-19,2020-10-26,-0.011763684691901253,5.649155263196814e-07,-0.011764242961939453,0.001129831052639363,0.0005649155263196814,1.29879942793776,1.2835200359086723
static_60_spy_40_agg,2020-10-26,2020-10-26,2020-11-02,-0.02155958345032791,4.211633319446906e-06,-0.02156370428258736,0.008423266638893812,0.004211633319446906,1.2835200359086723,1.2558425894135616
static_60_spy_40_agg,2020-11-02,2020-11-02,2020-11-09,0.06180607402231923,8.162115460070535e-06,0.06179740743854678,0.01632423092014107,0.008162115460070535,1.2558425894135616,1.3334504055902312
static_60_spy_40_agg,2020-11-09,2020-11-09,2020-11-16,-0.004213424954668188,2.2865829457829778e-05,-0.004236194440669583,0.04573165891565956,0.02286582945782978,1.3334504055902312,1.3278016503951613
static_60_spy_40_agg,2020-11-16,2020-11-16,2020-11-23,-0.0038711388693641875,2.4111060631664684e-06,-0.0038735406417009788,0.0048222121263329365,0.0024111060631664682,1.3278016503951613,1.322658356738238
static_60_spy_40_agg,2020-11-23,2020-11-23,2020-11-30,0.009455729213703544,3.84204059701157e-06,0.00945185084381106,0.00768408119402314,0.00384204059701157,1.322658356738238,1.335159926243448
static_60_spy_40_agg,2020-11-30,2020-11-30,2020-12-07,0.009036657202374876,3.6128111551954887e-06,0.009033011743483588,0.007225622310390978,0.003612811155195489,1.335159926243448,1.3472204415366336
static_60_spy_40_agg,2020-12-07,2020-12-07,2020-12-14,-0.0002780420388813764,4.77109015925975e-06,-0.0002828118024770232,0.0095421803185195,0.00477109015925975,1.3472204415366336,1.3468394316952288
static_60_spy_40_agg,2020-12-14,2020-12-14,2020-12-21,-0.002813187190134725,4.51172398217431e-07,-0.002813637093300514,0.0009023447964348619,0.00045117239821743094,1.3468394316952288,1.3430499143114913
static_60_spy_40_agg,2020-12-21,2020-12-21,2020-12-28,0.01129930830605792,1.7582769457575586e-06,0.011297530161799019,0.0035165538915151173,0.0017582769457575587,1.3430499143114913,1.358223061227227
static_60_spy_40_agg,2020-12-28,2020-12-28,2021-01-04,0.006135165855695357,4.301535229099263e-06,0.006130837929834154,0.008603070458198525,0.0043015352290992626,1.358223061227227,1.3665501066881744
static_60_spy_40_agg,2021-01-04,2021-01-04,2021-01-11,0.0004698717120008131,2.0683993125186764e-06,0.0004678023408060117,0.004136798625037352,0.002068399312518676,1.3665501066881744,1.3671893820269119
static_60_spy_40_agg,2021-01-11,2021-01-11,2021-01-19,0.001632450506161165,3.7770228459370338e-06,0.0016286673175123223,0.007554045691874067,0.0037770228459370336,1.3671893820269119,1.369416078690269
static_60_spy_40_agg,2021-01-18,2021-01-19,2021-01-25,0.00886222157667751,2.012105655293528e-07,0.008862018582939335,0.0004024211310587056,0.0002012105655293528,1.369416078690269,1.381551869427398
static_60_spy_40_agg,2021-01-25,2021-01-25,2021-02-01,-0.015553217617741087,3.1079952100181997e-06,-0.015556277273625185,0.006215990420036399,0.0031079952100181996,1.381551869427398,1.3600600654786903
static_60_spy_40_agg,2021-02-01,2021-02-01,2021-02-08,0.023429552806809317,6.32694060135175e-06,0.023423077628819122,0.012653881202703499,0.006326940601351749,1.3600600654786903,1.3919168579722545
static_60_spy_40_agg,2021-02-08,2021-02-08,2021-02-16,0.005412926955476882,1.0657822405532895e-05,0.005402211443057192,0.021315644811065793,0.010657822405532896,1.3919168579722545,1.3994362871501764
static_60_spy_40_agg,2021-02-15,2021-02-16,2021-02-22,-0.0120917560276808,3.959745412267124e-06,-0.012095667892817574,0.007919490824534248,0.003959745412267124,1.3994362871501764,1.3825091705836503
static_60_spy_40_agg,2021-02-22,2021-02-22,2021-03-01,-0.004353075084339108,3.29348745443081e-06,-0.004356354234995363,0.00658697490886162,0.00329348745443081,1.3825091705836503,1.3764864709034583
static_60_spy_40_agg,2021-03-01,2021-03-01,2021-03-08,-0.004126030184690444,3.3467984044568966e-07,-0.004126363483631712,0.0006693596808913793,0.00033467984044568966,1.3764864709034583,1.3708065873942092
static_60_spy_40_agg,2021-03-08,2021-03-08,2021-03-15,0.012981902464184625,1.0326299090041291e-06,0.012980856428774779,0.002065259818008258,0.001032629909004129,1.3708065873942092,1.388600830896792
static_60_spy_40_agg,2021-03-15,2021-03-15,2021-03-22,-0.004246971603681859,7.200918680611235e-06,-0.004254141940265188,0.01440183736122247,0.007200918680611235,1.388600830896792,1.382693525863787
static_60_spy_40_agg,2021-03-22,2021-03-22,2021-03-29,0.006089357125111805,2.0596661265468166e-06,0.006087284916942659,0.004119332253093633,0.0020596661265468164,1.382693525863787,1.3911103753085319
static_60_spy_40_agg,2021-03-29,2021-03-29,2021-04-05,0.015305869214843781,3.0503951465369884e-06,0.015302772130747933,0.006100790293073977,0.0030503951465369883,1.3911103753085319,1.4123982203905976
static_60_spy_40_agg,2021-04-05,2021-04-05,2021-04-12,0.012361075449040637,4.530155811647258e-06,0.012356489295631157,0.009060311623294515,0.004530155811647257,1.4123982203905976,1.4298505038820226
static_60_spy_40_agg,2021-04-12,2021-04-12,2021-04-19,0.007304867343766741,3.5297420982277615e-06,0.007301311817370815,0.007059484196455523,0.0035297420982277616,1.4298505038820226,1.4402902882630901
static_60_spy_40_agg,2021-04-19,2021-04-19,2021-04-26,0.004297402809503836,3.492099861124004e-06,0.004293895702682793,0.006984199722248008,0.003492099861124004,1.4402902882630901,1.4464747445424788
static_60_spy_40_agg,2021-04-26,2021-04-26,2021-05-03,0.0022784373270871685,8.7371819658838e-07,0.002277561618178492,0.00174743639317676,0.00087371819658838,1.4464747445424788,1.4497691799023134
static_60_spy_40_agg,2021-05-03,2021-05-03,2021-05-10,0.005126091136958478,1.4897626506101269e-06,0.0051245937376487305,0.002979525301220254,0.001489762650610127,1.4497691799023134,1.4571986579626768
static_60_spy_40_agg,2021-05-10,2021-05-10,2021-05-17,-0.011493104119960894,1.3092755714451676e-06,-0.011494398347891788,0.002618551142890335,0.0013092755714451676,1.4571986579626768,1.4404490361160405
static_60_spy_40_agg,2021-05-17,2021-05-17,2021-05-24,0.003832389435361705,3.238396346864403e-06,0.0038291386282189865,0.006476792693728806,0.003238396346864403,1.4404490361160405,1.4459647151622133
static_60_spy_40_agg,2021-05-24,2021-05-24,2021-06-01,0.00761313924474325,5.152874798294571e-07,0.007612620034308071,0.0010305749596589142,0.0005152874798294571,1.4459647151622133,1.4569722951217596
static_60_spy_40_agg,2021-05-31,2021-06-01,2021-06-07,-0.001335532557781205,2.9288810052527644e-06,-0.0013384575271705446,0.0058577620105055295,0.0029288810052527647,1.4569722951217596,1.455022199586475
static_60_spy_40_agg,2021-06-07,2021-06-07,2021-06-14,0.0068590609614636484,8.308358573491382e-07,0.006858224426852466,0.0016616717146982762,0.0008308358573491381,1.455022199586475,1.4650010683772916
static_60_spy_40_agg,2021-06-14,2021-06-14,2021-06-21,-0.009275464276114986,1.4928057502197612e-06,-0.009276943235398849,0.0029856115004395223,0.0014928057502197611,1.4650010683772916,1.4514103366261568
static_60_spy_40_agg,2021-06-21,2021-06-21,2021-06-28,0.014858726477849249,3.3241357182147993e-06,0.014855352949707523,0.006648271436429598,0.003324135718214799,1.4514103366261568,1.4729715494515923
static_60_spy_40_agg,2021-06-28,2021-06-28,2021-07-06,0.011462479909203039,5.924872621207694e-06,0.011456487122848635,0.011849745242415388,0.005924872621207694,1.4729715494515923,1.4898466290402068
static_60_spy_40_agg,2021-07-05,2021-07-06,2021-07-12,0.0032863763633987023,2.3795022698265834e-06,0.003283989041189095,0.004759004539653167,0.0023795022698265833,1.4898466290402068,1.4947392690430275
static_60_spy_40_agg,2021-07-12,2021-07-12,2021-07-19,-0.010694047637027082,3.0929397472140293e-07,-0.010694353623397324,0.0006185879494428059,0.00030929397472140296,1.4947392690430275,1.4787539987251028
static_60_spy_40_agg,2021-07-19,2021-07-19,2021-07-26,0.018161223726133137,6.3839306065894835e-06,0.018154723855534405,0.012767861213178966,0.006383930606589483,1.4787539987251028,1.5056003692222244
static_60_spy_40_agg,2021-07-26,2021-07-26,2021-08-02,0.002187807875659642,7.438768730953228e-06,0.0021803528323318666,0.014877537461906454,0.007438768730953227,1.5056003692222244,1.508883109251618
static_60_spy_40_agg,2021-08-02,2021-08-02,2021-08-09,0.0012730944743746695,9.385452622601154e-08,0.0012730005003627198,0.00018770905245202307,9.385452622601154e-05,1.508883109251618,1.5108039182046842
static_60_spy_40_agg,2021-08-09,2021-08-09,2021-08-16,0.0036697851100535583,2.1221473079703344e-06,0.0036676551749210695,0.004244294615940669,0.0021221473079703346,1.5108039182046842,1.5163450260135787
static_60_spy_40_agg,2021-08-16,2021-08-16,2021-08-23,0.0006782771057217917,6.028878670981674e-07,0.0006776738089298018,0.0012057757341963349,0.0006028878670981674,1.5163450260135787,1.517372613323009
static_60_spy_40_agg,2021-08-23,2021-08-23,2021-08-30,0.007589465211396273,4.4312897235548877e-07,0.007589018719311946,0.0008862579447109775,0.00044312897235548876,1.517372613323009,1.5288879824896886
static_60_spy_40_agg,2021-08-30,2021-08-30,2021-09-07,0.0015795033777174618,3.25251804893123e-06,0.0015762457223054138,0.00650503609786246,0.00325251804893123,1.5288879824896886,1.5312978856319721
static_60_spy_40_agg,2021-09-06,2021-09-07,2021-09-13,-0.0041488193133937925,1.3651212274090607e-06,-0.004150178770979895,0.0027302424548181214,0.0013651212274090607,1.5312978856319721,1.524942725654976
static_60_spy_40_agg,2021-09-13,2021-09-13,2021-09-20,-0.016470160640330845,2.9169646451659983e-06,-0.016473029562099728,0.005833929290331996,0.002916964645165998,1.524942725654976,1.4998222990547525
static_60_spy_40_agg,2021-09-20,2021-09-20,2021-09-27,0.008148477354105309,6.768382732082995e-06,0.00814165381935994,0.01353676546416599,0.006768382732082995,1.4998222990547525,1.5120333330042128
static_60_spy_40_agg,2021-09-27,2021-09-27,2021-10-04,-0.013673071949792637,6.003008510924807e-06,-0.013678992878736307,0.012006017021849613,0.006003008510924807,1.5120333330042128,1.4913502398096363
static_60_spy_40_agg,2021-10-04,2021-10-04,2021-10-11,0.0025972198741361025,5.159239525725945e-06,0.0025920472349310053,0.01031847905145189,0.005159239525725945,1.4913502398096363,1.4952158900750485
static_60_spy_40_agg,2021-10-11,2021-10-11,2021-10-18,0.010469329501755987,4.195239518989786e-06,0.010465090340892047,0.00839047903797957,0.004195239518989785,1.4952158900750485,1.5108634594438213
static_60_spy_40_agg,2021-10-18,2021-10-18,2021-10-25,0.012988702326086664,3.0333711104615356e-06,0.012985629555421596,0.0060667422209230715,0.0030333711104615357,1.5108634594438213,1.5304829726369815
static_60_spy_40_agg,2021-10-25,2021-10-25,2021-11-01,0.008931361753747114,6.0614199367029226e-06,0.008925246197076353,0.012122839873405844,0.006061419936702922,1.5304829726369815,1.5441429099681998
static_60_spy_40_agg,2021-11-01,2021-11-01,2021-11-08,0.015686627473083047,2.5692296869411216e-06,0.015684017940847284,0.005138459373882243,0.0025692296869411213,1.5441429099681998,1.5683612750713731
static_60_spy_40_agg,2021-11-08,2021-11-08,2021-11-15,-0.004272260003013684,2.7970703746470758e-06,-0.00427504512357646,0.005594140749294152,0.002797070374647076,1.5683612750713731,1.561656459850373
static_60_spy_40_agg,2021-11-15,2021-11-15,2021-11-22,0.0023207825864233643,1.2144560629730183e-06,0.0023195653118719406,0.0024289121259460367,0.0012144560629730183,1.561656459850373,1.5652788240037028
static_60_spy_40_agg,2021-11-22,2021-11-22,2021-11-29,-0.008654890075113374,1.4848099193346676e-06,-0.008656362034166087,0.002969619838669335,0.0014848099193346675,1.5652788240037028,1.551729203818713
static_60_spy_40_agg,2021-11-29,2021-11-29,2021-12-06,-0.006787719950592418,3.527591660667906e-06,-0.0067912235979488145,0.007055183321335812,0.003527591660667906,1.551729203818713,1.541191063832113
static_60_spy_40_agg,2021-12-06,2021-12-06,2021-12-13,0.016859570400878664,6.235265803179818e-06,0.016853230011172782,0.012470531606359636,0.006235265803179818,1.541191063832113,1.5671651113220395
static_60_spy_40_agg,2021-12-13,2021-12-13,2021-12-20,-0.01739000673459492,8.240039134411043e-06,-0.0173981034793933,0.016480078268822085,0.008240039134411042,1.5671651113220395,1.5398994105459638
static_60_spy_40_agg,2021-12-20,2021-12-20,2021-12-27,0.021742630638955606,7.709839004382852e-06,0.021734753167769627,0.015419678008765703,0.007709839004382851,1.5398994105459638,1.5733687441373743
static_60_spy_40_agg,2021-12-27,2021-12-27,2022-01-03,0.0037072318701627527,9.94716648857169e-06,0.0036972478272214726,0.01989433297714338,0.00994716648857169,1.5733687441373743,1.5791858783080543
static_60_spy_40_agg,2022-01-03,2022-01-03,2022-01-10,-0.022199317909706574,3.153151645534508e-06,-0.022202401063536326,0.006306303291069015,0.0031531516455345077,1.5791858783080543,1.5441241600839861
static_60_spy_40_agg,2022-01-10,2022-01-10,2022-01-18,-0.005335510273786648,3.899021243406381e-06,-0.005339388491762187,0.007798042486812762,0.003899021243406381,1.5441241600839861,1.5358794813137817
static_60_spy_40_agg,2022-01-17,2022-01-18,2022-01-24,-0.034124761075732216,6.405819049449813e-07,-0.03412537979793273,0.0012811638098899625,0.0006405819049449812,1.5358794813137817,1.483467010690097
static_60_spy_40_agg,2022-01-24,2022-01-24,2022-01-31,0.010156994037943345,1.6243301366383356e-05,0.010140585753461773,0.03248660273276671,0.016243301366383356,1.483467010690097,1.4985102351244315
static_60_spy_40_agg,2022-01-31,2022-01-31,2022-02-07,0.007983066610955002,6.629331542547107e-06,0.007976384357017308,0.013258663085094213,0.006629331542547107,1.4985102351244315,1.5104629287227083
static_60_spy_40_agg,2022-02-07,2022-02-07,2022-02-14,-0.016092501906537392,6.404494719707998e-06,-0.016098803336913603,0.012808989439415996,0.006404494719707998,1.5104629287227083,1.4861462830855028
static_60_spy_40_agg,2022-02-14,2022-02-14,2022-02-22,-0.010879043989918924,3.1965125215919212e-06,-0.010882205727440142,0.006393025043183842,0.003196512521591921,1.4861462830855028,1.4699737334918959
static_60_spy_40_agg,2022-02-21,2022-02-22,2022-02-28,0.0014708919537198106,4.473129563670491e-06,0.0014664122446659267,0.008946259127340983,0.0044731295636704915,1.4699737334918959,1.4721293209740256
static_60_spy_40_agg,2022-02-28,2022-02-28,2022-03-07,-0.0006647737511585427,6.871475602767408e-07,-0.0006654604419211729,0.0013742951205534815,0.0006871475602767407,1.4721293209740256,1.471149677145525
static_60_spy_40_agg,2022-03-07,2022-03-07,2022-03-14,-0.022393468054300224,2.679313582224785e-07,-0.02239372998574607,0.000535862716444957,0.0002679313582224785,1.471149677145525,1.4382051485069107
static_60_spy_40_agg,2022-03-14,2022-03-14,2022-03-21,0.03461768875629651,1.4165697717597736e-06,0.03461622314815349,0.0028331395435195472,0.0014165697717597736,1.4382051485069107,1.4879903788604492
static_60_spy_40_agg,2022-03-21,2022-03-21,2022-03-28,0.005479364513029061,1.4136992875401128e-05,0.005465150058416635,0.028273985750802255,0.014136992875401128,1.4879903788604492,1.4961224695664017
static_60_spy_40_agg,2022-03-28,2022-03-28,2022-04-04,0.004242901477966976,7.0979324468874724e-06,0.004235773429692058,0.014195864893774945,0.007097932446887473,1.4961224695664017,1.5024597053705564
static_60_spy_40_agg,2022-04-04,2022-04-04,2022-04-11,-0.020929003661064538,1.1209488800439648e-06,-0.020930101149601366,0.0022418977600879297,0.0011209488800439649,1.5024597053705564,1.4710130717639505
static_60_spy_40_agg,2022-04-11,2022-04-11,2022-04-18,-0.011662351681508509,6.269373635429953e-07,-0.01166297130730809,0.0012538747270859907,0.0006269373635429953,1.4710130717639505,1.4538566885152924
static_60_spy_40_agg,2022-04-18,2022-04-18,2022-04-25,-0.019972542942938442,2.8986854637791663e-06,-0.019975383734282315,0.005797370927558332,0.002898685463779166,1.4538566885152924,1.4248153432675466
static_60_spy_40_agg,2022-04-25,2022-04-25,2022-05-02,-0.020176638971548932,6.189104291283054e-06,-0.020182703200517405,0.012378208582566108,0.006189104291283054,1.4248153432675466,1.3960587180788344
static_60_spy_40_agg,2022-05-02,2022-05-02,2022-05-09,-0.013197865924808826,4.411026250760064e-06,-0.013202218734926552,0.008822052501520128,0.004411026250760064,1.3960587180788344,1.3776276455159564
static_60_spy_40_agg,2022-05-09,2022-05-09,2022-05-16,-0.002974339630749178,2.259741319971531e-06,-0.002976592650831056,0.004519482639943062,0.002259741319971531,1.3776276455159564,1.373527009190732
static_60_spy_40_agg,2022-05-16,2022-05-16,2022-05-23,-0.009557240509664333,5.8160914435146094e-06,-0.009563001015323147,0.011632182887029219,0.005816091443514609,1.373527009190732,1.3603919690072672
static_60_spy_40_agg,2022-05-23,2022-05-23,2022-05-31,0.033666417148143515,5.039310584754847e-06,0.03366120818202667,0.010078621169509694,0.005039310584754847,1.3603919690072672,1.406184406285178
static_60_spy_40_agg,2022-05-30,2022-05-31,2022-06-06,-0.0008237349598727575,1.1074501984086134e-05,-0.0008348003394024195,0.022149003968172265,0.011074501984086133,1.406184406285178,1.4050105230655487
static_60_spy_40_agg,2022-06-06,2022-06-06,2022-06-13,-0.06054070263848835,2.2807417829393275e-06,-0.060542845302561266,0.0045614835658786546,0.0022807417829393273,1.4050105230655487,1.3199471883191205
static_60_spy_40_agg,2022-06-13,2022-06-13,2022-06-21,-0.01035552395510062,1.5118874013605066e-05,-0.010370486265252277,0.030237748027210132,0.015118874013605066,1.3199471883191205,1.3062586941317986
static_60_spy_40_agg,2022-06-20,2022-06-21,2022-06-27,0.03351180509161815,3.86255421440665e-06,0.03350781309623985,0.007725108428813299,0.0038625542144066494,1.3062586941317986,1.3500285663101053
static_60_spy_40_agg,2022-06-27,2022-06-27,2022-07-05,-0.015098830801631633,1.0454874340641351e-05,-0.015109127819593504,0.020909748681282703,0.010454874340641351,1.3500285663101053,1.3296308121416234
static_60_spy_40_agg,2022-07-04,2022-07-05,2022-07-11,0.012520977630180183,1.4434446043227967e-05,0.012506362450761088,0.028868892086455933,0.014434446043227966,1.3296308121416234,1.3462596570039664
static_60_spy_40_agg,2022-07-11,2022-07-11,2022-07-18,0.005232147141955456,8.298268189187801e-06,0.005223805456006092,0.016596536378375604,0.008298268189187802,1.3462596570039664,1.3532922555454245
static_60_spy_40_agg,2022-07-18,2022-07-18,2022-07-25,0.01491541526459983,7.906428391561693e-07,0.014914612828994311,0.0015812856783123386,0.0007906428391561693,1.3532922555454245,1.373476085581361
static_60_spy_40_agg,2022-07-25,2022-07-25,2022-08-01,0.025331287861221963,2.400821391329938e-06,0.025328826223932843,0.004801642782659876,0.002400821391329938,1.373476085581361,1.408264622675779
static_60_spy_40_agg,2022-08-01,2022-08-01,2022-08-08,0.005521816561452208,4.990555379366907e-06,0.005516798449141325,0.009981110758733813,0.004990555379366907,1.408264622675779,1.4160337347621372
static_60_spy_40_agg,2022-08-08,2022-08-08,2022-08-15,0.01480314785418706,5.601298432110297e-06,0.014797463638906105,0.011202596864220593,0.0056012984321102965,1.4160337347621372,1.4369874424637443
static_60_spy_40_agg,2022-08-15,2022-08-15,2022-08-22,-0.01690253288646413,4.802638097956114e-06,-0.016907254347813705,0.009605276195912227,0.004802638097956113,1.4369874424637443,1.4126919302793954
static_60_spy_40_agg,2022-08-22,2022-08-22,2022-08-29,-0.023525018945412746,7.763302158160512e-07,-0.023525777012445404,0.0015526604316321024,0.0007763302158160512,1.4126919302793954,1.3794572549403612
static_60_spy_40_agg,2022-08-29,2022-08-29,2022-09-06,-0.017903481452796587,7.423925878000975e-06,-0.017910772464555413,0.01484785175600195,0.007423925878000975,1.3794572549403612,1.354750109922544
static_60_spy_40_agg,2022-09-05,2022-09-06,2022-09-12,0.024045396445935018,2.839390970151623e-06,0.02404248878068338,0.005678781940303246,0.002839390970151623,1.354750109922544,1.3873216742409864
static_60_spy_40_agg,2022-09-12,2022-09-12,2022-09-19,-0.042500963210175824,9.236044013994165e-06,-0.04250980671342297,0.01847208802798833,0.009236044013994166,1.3873216742409864,1.3283468980196598
static_60_spy_40_agg,2022-09-19,2022-09-19,2022-09-26,-0.03161719453908309,1.1613908927707722e-05,-0.03162844124879283,0.023227817855415445,0.011613908927707722,1.3283468980196598,1.2863333561976287
static_60_spy_40_agg,2022-09-26,2022-09-26,2022-10-03,-0.0077674251211540925,6.100921221384143e-06,-0.007773478653926746,0.012201842442768285,0.006100921221384142,1.2863333561976287,1.2763340713113924
static_60_spy_40_agg,2022-10-03,2022-10-03,2022-10-10,-3.3162140050894268e-06,4.099464571760719e-06,-7.415664982191039e-06,0.008198929143521438,0.004099464571760719,1.2763340713113924,1.2763246064455143
static_60_spy_40_agg,2022-10-10,2022-10-10,2022-10-17,-0.0019229908712566249,4.787735162364054e-06,-0.001927769399647894,0.009575470324728108,0.004787735162364054,1.2763246064455143,1.273864146925191
static_60_spy_40_agg,2022-10-17,2022-10-17,2022-10-24,0.013366724295048815,1.238693299738386e-06,0.01336546904447733,0.002477386599476772,0.001238693299738386,1.273864146925191,1.2908899387477892
static_60_spy_40_agg,2022-10-24,2022-10-24,2022-10-31,0.022129271271170658,1.1409333515638137e-05,0.022117609457418697,0.022818667031276274,0.011409333515638137,1.2908899387477892,1.319441338265524
static_60_spy_40_agg,2022-10-31,2022-10-31,2022-11-07,-0.015173701834696796,3.4852594438443685e-06,-0.015177134209853005,0.006970518887688737,0.0034852594438443685,1.319441338265524,1.29941599999264
static_60_spy_40_agg,2022-11-07,2022-11-07,2022-11-14,0.03866100338239406,4.518882935939245e-06,0.03865630979490953,0.00903776587187849,0.004518882935939245,1.29941599999264,1.3496466274408176
static_60_spy_40_agg,2022-11-14,2022-11-14,2022-11-21,0.0004286106741858034,6.648937634887802e-06,0.00042195888674512183,0.013297875269775605,0.006648937634887803,1.3496466274408176,1.350216122829232
static_60_spy_40_agg,2022-11-21,2022-11-21,2022-11-28,0.01034346738273939,3.311285845876921e-06,0.010340121846716288,0.006622571691753842,0.003311285845876921,1.350216122829232,1.3641775220586871
static_60_spy_40_agg,2022-11-28,2022-11-28,2022-12-05,0.011006521820955673,5.538361355158506e-07,0.011005961889010596,0.001107672271031701,0.0005538361355158505,1.3641775220586871,1.37919160787631
static_60_spy_40_agg,2022-12-05,2022-12-05,2022-12-12,-0.01311802682976213,6.95114591805518e-07,-0.01311871282582211,0.0013902291836110359,0.0006951145918055179,1.37919160787631,1.3610983892407968
static_60_spy_40_agg,2022-12-12,2022-12-12,2022-12-19,-0.013780847740652047,6.834574506702135e-06,-0.013787588128927997,0.01366914901340427,0.006834574506702135,1.3610983892407968,1.3423321252469975
static_60_spy_40_agg,2022-12-19,2022-12-19,2022-12-27,-0.006888179532712613,5.322456741161052e-06,-0.006893465327416082,0.010644913482322105,0.005322456741161052,1.3423321252469975,1.3330788052837306
static_60_spy_40_agg,2022-12-26,2022-12-27,2023-01-03,0.004569650953025128,3.090254824982042e-06,0.004566546576814101,0.006180509649964083,0.0030902548249820416,1.3330788052837306,1.3391663717386224
static_60_spy_40_agg,2023-01-02,2023-01-03,2023-01-09,0.013816531232557994,2.641880602374247e-07,0.013816263394335282,0.0005283761204748494,0.0002641880602374247,1.3391663717386224,1.3576686470593995
static_60_spy_40_agg,2023-01-09,2023-01-09,2023-01-17,0.015210787187127118,1.0615785610231799e-06,0.015209709461120546,0.0021231571220463596,0.0010615785610231798,1.3576686470593995,1.3783183927256455
static_60_spy_40_agg,2023-01-16,2023-01-17,2023-01-23,-0.0024094238630748997,3.288547801780811e-06,-0.0024127044873710757,0.006577095603561622,0.003288547801780811,1.3783183927256455,1.3749929177544902
static_60_spy_40_agg,2023-01-23,2023-01-23,2023-01-30,0.009596283891292367,1.2074206783615483e-06,0.009595064883862525,0.0024148413567230964,0.0012074206783615482,1.3749929177544902,1.388186064015196
static_60_spy_40_agg,2023-01-30,2023-01-30,2023-02-06,0.009024183725626278,3.4050117144238667e-06,0.009020747986460353,0.0068100234288477335,0.0034050117144238667,1.388186064015196,1.4007085406569935
static_60_spy_40_agg,2023-02-06,2023-02-06,2023-02-13,-0.004869540790306615,4.9528660042451326e-06,-0.004874469538127868,0.009905732008490264,0.004952866004245132,1.4007085406569935,1.3938808295437655
static_60_spy_40_agg,2023-02-13,2023-02-13,2023-02-21,-0.012898200604829334,1.361748918307315e-06,-0.012899544789636952,0.00272349783661463,0.001361748918307315,1.3938808295437655,1.3759004013516494
static_60_spy_40_agg,2023-02-20,2023-02-21,2023-02-27,-0.004543228126268061,5.774647435292102e-07,-0.0045438029674576,0.0011549294870584204,0.0005774647435292102,1.3759004013516494,1.3696485810250616
static_60_spy_40_agg,2023-02-27,2023-02-27,2023-03-06,0.008160500171882079,2.0320009662251614e-06,0.008158451588771598,0.004064001932450323,0.0020320009662251615,1.3696485810250616,1.3808227926669843
static_60_spy_40_agg,2023-03-06,2023-03-06,2023-03-13,-0.02710559561685351,2.85303179060456e-06,-0.02710837131551813,0.00570606358120912,0.00285303179060456,1.3808227926669843,1.343390935682437
static_60_spy_40_agg,2023-03-13,2023-03-13,2023-03-20,0.019217483908028618,1.866803828676511e-05,0.01919845711701651,0.03733607657353022,0.01866803828676511,1.343390935682437,1.3691819689525249
static_60_spy_40_agg,2023-03-20,2023-03-20,2023-03-27,0.009874604863576008,4.847622532219154e-06,0.009869709372686941,0.009695245064438307,0.0048476225322191535,1.3691819689525249,1.3826953970644096
static_60_spy_40_agg,2023-03-27,2023-03-27,2023-04-03,0.016741483925550724,5.261703191447726e-06,0.016736134133639835,0.01052340638289545,0.005261703191447725,1.3826953970644096,1.405836372695646
static_60_spy_40_agg,2023-04-03,2023-04-03,2023-04-10,-0.0008296736415067448,6.025309729139644e-06,-0.0008356939521952933,0.012050619458279288,0.006025309729139644,1.405836372695646,1.4046615237412081
static_60_spy_40_agg,2023-04-10,2023-04-10,2023-04-17,0.005456251462438732,2.791891598117768e-06,0.005453444337577995,0.005583783196235537,0.0027918915981177683,1.4046615237412081,1.4123217671740682
static_60_spy_40_agg,2023-04-17,2023-04-17,2023-04-24,0.0006172112681305464,5.197502260033182e-06,0.0006120105579137114,0.010395004520066364,0.005197502260033182,1.4123217671740682,1.4131861230067502
static_60_spy_40_agg,2023-04-24,2023-04-24,2023-05-01,0.005784714764074694,9.226751535562349e-07,0.0057837867515084795,0.00184535030711247,0.000922675153556235,1.4131861230067502,1.4213596901824121
static_60_spy_40_agg,2023-05-01,2023-05-01,2023-05-08,-0.004174143583977474,1.5882056464749107e-06,-0.004175725160225574,0.003176411292949821,0.0015882056464749106,1.4213596901824121,1.415424482762387
static_60_spy_40_agg,2023-05-08,2023-05-08,2023-05-15,-0.001089451826293164,1.1106956165757298e-06,-0.0010905613118603608,0.0022213912331514596,0.0011106956165757298,1.415424482762387,1.4138808755816263
static_60_spy_40_agg,2023-05-15,2023-05-15,2023-05-22,0.005030422012560098,4.363152368555834e-07,0.005029983502473412,0.0008726304737111668,0.0004363152368555834,1.4138808755816263,1.4209926730602647
static_60_spy_40_agg,2023-05-22,2023-05-22,2023-05-30,0.0038802866971052287,6.294558674070833e-06,0.003873967713738935,0.012589117348141665,0.006294558674070833,1.4209926730602647,1.4264975527971597
static_60_spy_40_agg,2023-05-29,2023-05-30,2023-06-05,0.009730571016386459,2.520544588562906e-06,0.00972802594545974,0.005041089177125813,0.0025205445885629063,1.4264975527971597,1.4403745580019054
static_60_spy_40_agg,2023-06-05,2023-06-05,2023-06-12,0.004679599899081355,3.018007153381519e-06,0.00467656776886205,0.006036014306763038,0.003018007153381519,1.4403745580019054,1.447110567234946
static_60_spy_40_agg,2023-06-12,2023-06-12,2023-06-20,0.012129508411038435,8.866004021309549e-07,0.012128611056609229,0.0017732008042619096,0.0008866004021309548,1.447110567234946,1.464662008460848
static_60_spy_40_agg,2023-06-19,2023-06-20,2023-06-26,-0.005729329526120996,4.028079875147111e-06,-0.005733334527799228,0.008056159750294223,0.004028079875147111,1.464662008460848,1.4562646111961837
static_60_spy_40_agg,2023-06-26,2023-06-26,2023-07-03,0.0125604638862582,3.2054738083550914e-06,0.012557218150211824,0.006410947616710183,0.0032054738083550915,1.4562646111961837,1.4745512436034076
static_60_spy_40_agg,2023-07-03,2023-07-03,2023-07-10,-0.011532533131001799,6.665085458719689e-06,-0.011539121351141657,0.013330170917439377,0.006665085458719688,1.4745512436034076,1.457536217864991
static_60_spy_40_agg,2023-07-10,2023-07-10,2023-07-17,0.020709986754454457,5.042257031356856e-07,0.02070947208624374,0.0010084514062713712,0.0005042257031356856,1.457536217864991,1.4877210234835554
static_60_spy_40_agg,2023-07-17,2023-07-17,2023-07-24,0.006276908111633262,2.5157953924340725e-06,0.006274376524824321,0.005031590784868145,0.0025157953924340726,1.4877210234835554,1.4970555453487882
static_60_spy_40_agg,2023-07-24,2023-07-24,2023-07-31,0.0030224875295266963,1.886279961658216e-06,0.0030205955483073588,0.003772559923316432,0.001886279961658216,1.4970555453487882,1.5015775446646376
static_60_spy_40_agg,2023-07-31,2023-07-31,2023-08-07,-0.013984116094499167,3.5225269328623134e-06,-0.013987589362006392,0.0070450538657246264,0.0035225269328623132,1.5015775446646376,1.4805740945746588
static_60_spy_40_agg,2023-08-07,2023-08-07,2023-08-14,-0.008093594683077354,3.064458026357214e-06,-0.00809663433862251,0.006128916052714428,0.003064458026357214,1.4805740945746588,1.4685864275196507
static_60_spy_40_agg,2023-08-14,2023-08-14,2023-08-21,-0.012647786854009734,5.099946745531769e-07,-0.012648290398380335,0.0010199893491063539,0.0005099946745531769,1.4685864275196507,1.4500113199092624
static_60_spy_40_agg,2023-08-21,2023-08-21,2023-08-28,0.009958231498009873,2.0846936257370442e-06,0.009956126044522229,0.004169387251474088,0.002084693625737044,1.4500113199092624,1.464447815376263
static_60_spy_40_agg,2023-08-28,2023-08-28,2023-09-05,0.011552716498877435,4.517788383517629e-07,0.011552259500766215,0.0009035576767035258,0.0004517788383517629,1.464447815376263,1.4813654965648198
static_60_spy_40_agg,2023-09-04,2023-09-05,2023-09-11,-0.004107550803432036,4.5346778788867e-06,-0.004112066854891183,0.0090693557577734,0.0045346778788867,1.4813654965648198,1.475274022606416
static_60_spy_40_agg,2023-09-11,2023-09-11,2023-09-18,-0.006067815383918651,8.536459934915808e-07,-0.006068663850145817,0.0017072919869831615,0.0008536459934915808,1.475274022606416,1.4663210804763653
static_60_spy_40_agg,2023-09-18,2023-09-18,2023-09-25,-0.022487872962504006,1.221983554526962e-06,-0.02248906746624757,0.002443967109053924,0.001221983554526962,1.4663210804763653,1.4333448867703513
static_60_spy_40_agg,2023-09-25,2023-09-25,2023-10-02,-0.006968426159887353,5.4262077698212784e-06,-0.006973814555528923,0.010852415539642557,0.0054262077698212785,1.4333448867703513,1.4233490053358993
static_60_spy_40_agg,2023-10-02,2023-10-02,2023-10-09,0.000450922971319212,6.203332276478734e-07,0.0004503023583690702,0.001240666455295747,0.0006203332276478735,1.4233490053358993,1.4239899427497842
static_60_spy_40_agg,2023-10-09,2023-10-09,2023-10-16,0.009185393246951222,1.0789746740184626e-06,0.009184304361470552,0.002157949348036925,0.0010789746740184625,1.4239899427497842,1.4370682997916713
static_60_spy_40_agg,2023-10-16,2023-10-16,2023-10-23,-0.026597074783220286,3.2155147256699437e-06,-0.026600204774660297,0.006431029451339887,0.0032155147256699435,1.4370682997916713,1.3988419887420398
static_60_spy_40_agg,2023-10-23,2023-10-23,2023-10-30,-0.006077334898882536,3.795978900619751e-06,-0.006081107808348141,0.007591957801239502,0.003795978900619751,1.3988419887420398,1.3903354798016554
static_60_spy_40_agg,2023-10-30,2023-10-30,2023-11-06,0.040120836662194174,5.035097195635885e-06,0.04011559955268629,0.01007019439127177,0.005035097195635885,1.3903354798016554,1.4461096211532705
static_60_spy_40_agg,2023-11-06,2023-11-06,2023-11-13,0.003945741304203398,7.417447190270599e-06,0.0039382945896855315,0.014834894380541197,0.0074174471902705985,1.4461096211532705,1.4518048268503505
static_60_spy_40_agg,2023-11-13,2023-11-13,2023-11-20,0.021544380583760157,2.802077597563596e-06,0.02154151813713634,0.005604155195127192,0.002802077597563596,1.4518048268503505,1.4830789068595294
static_60_spy_40_agg,2023-11-20,2023-11-20,2023-11-27,0.00670700510065787,2.456456507752697e-06,0.00670453216868383,0.0049129130155053935,0.0024564565077526967,1.4830789068595294,1.4930222570992655
static_60_spy_40_agg,2023-11-27,2023-11-27,2023-12-04,0.007527746403528912,1.4529319428537856e-06,0.00752628253428278,0.0029058638857075714,0.0014529319428537857,1.4930222570992655,1.5042591644361671
static_60_spy_40_agg,2023-12-04,2023-12-04,2023-12-11,0.0062973908078372,3.2384803014938736e-06,0.006294131933559655,0.006476960602987747,0.0032384803014938734,1.5042591644361671,1.5137271700793946
static_60_spy_40_agg,2023-12-11,2023-12-11,2023-12-18,0.025754410841198495,1.5977357067596953e-06,0.025752771956749854,0.0031954714135193907,0.0015977357067596953,1.5137271700793946,1.5527098406951856
static_60_spy_40_agg,2023-12-18,2023-12-18,2023-12-26,0.005356576260017353,1.7312164218077353e-06,0.005354835770202904,0.0034624328436154705,0.0017312164218077353,1.5527098406951856,1.5610243468908862
static_60_spy_40_agg,2023-12-25,2023-12-26,2024-01-02,-0.0027812378693207185,7.185997776424369e-07,-0.0027819544705014465,0.0014371995552848738,0.0007185997776424369,1.5610243468908862,1.5566816482304915
static_60_spy_40_agg,2024-01-01,2024-01-02,2024-01-08,-0.007168061207409804,7.506219635218248e-07,-0.007168806448869081,0.0015012439270436495,0.0007506219635218248,1.5566816482304915,1.5455220987918206
static_60_spy_40_agg,2024-01-08,2024-01-08,2024-01-16,0.010702869266834681,4.423396433430593e-07,0.010702422192887973,0.0008846792866861186,0.0004423396433430593,1.5455220987918206,1.5620629288015289
static_60_spy_40_agg,2024-01-15,2024-01-16,2024-01-22,0.009182700089707074,2.302059872441281e-06,0.009180376890709274,0.004604119744882562,0.002302059872441281,1.5620629288015289,1.576403255214932
static_60_spy_40_agg,2024-01-22,2024-01-22,2024-01-29,0.004774282979446953,5.486601012660742e-06,0.004768770183848581,0.010973202025321482,0.005486601012660741,1.576403255214932,1.583920760056123
static_60_spy_40_agg,2024-01-29,2024-01-29,2024-02-05,0.006857052330746916,1.7385951191720984e-06,0.006855301813990078,0.0034771902383441966,0.0017385951191720983,1.583920760056123,1.5947790149157521
static_60_spy_40_agg,2024-02-05,2024-02-05,2024-02-12,0.008302038992759764,3.208008806068058e-06,0.008298804350939548,0.006416017612136116,0.003208008806068058,1.5947790149157521,1.608013773943522
static_60_spy_40_agg,2024-02-12,2024-02-12,2024-02-20,-0.006054526977901164,4.06347210953048e-06,-0.006058565847609221,0.008126944219060961,0.0040634721095304804,1.608013773943522,1.5982715166102226
static_60_spy_40_agg,2024-02-19,2024-02-20,2024-02-26,0.01320659728539395,5.007148037333431e-07,0.013206089957851441,0.0010014296074666862,0.0005007148037333431,1.5982715166102226,1.619378434035649
static_60_spy_40_agg,2024-02-26,2024-02-26,2024-03-04,0.005251898382129028,4.767251817214879e-06,0.005247106093189791,0.009534503634429758,0.004767251817214879,1.619378434035649,1.6278754844840575
static_60_spy_40_agg,2024-03-04,2024-03-04,2024-03-11,0.0023786482522590415,1.2452373377629666e-06,0.0023774000529395156,0.0024904746755259333,0.0012452373377629666,1.6278754844840575,1.6317455957470488
static_60_spy_40_agg,2024-03-11,2024-03-11,2024-03-18,0.0010895965481218179,3.2358036530765464e-06,0.0010863572187485016,0.006471607306153093,0.0032358036530765466,1.6317455957470488,1.6335182543541498
static_60_spy_40_agg,2024-03-18,2024-03-18,2024-03-25,0.009613771702890794,5.354758900622897e-06,0.009608365464560675,0.010709517801245794,0.005354758900622897,1.6335182543541498,1.6492136947350156
static_60_spy_40_agg,2024-03-25,2024-03-25,2024-04-01,0.004033986387109855,9.92668167637767e-07,0.0040329897145323645,0.0019853363352755338,0.0009926681676377669,1.6492136947350156,1.6558649566029477
static_60_spy_40_agg,2024-04-01,2024-04-01,2024-04-08,-0.008484245246564015,2.2224692093363863e-06,-0.008486448859799545,0.0044449384186727725,0.0022224692093363863,1.6558649566029477,1.6418125433300026
static_60_spy_40_agg,2024-04-08,2024-04-08,2024-04-15,-0.00916145365758012,2.723768964110196e-07,-0.009161723539108158,0.0005447537928220392,0.0002723768964110196,1.6418125433300026,1.6267707107049731
static_60_spy_40_agg,2024-04-15,2024-04-15,2024-04-22,-0.02073682289539278,8.587131341908915e-07,-0.020737663801544737,0.0017174262683817831,0.0008587131341908916,1.6267707107049731,1.5930352866241735
static_60_spy_40_agg,2024-04-22,2024-04-22,2024-04-29,0.01590914076240253,7.871380875229457e-06,0.015901144154621072,0.01574276175045891,0.007871380875229456,1.5930352866241735,1.6183663703601825
static_60_spy_40_agg,2024-04-29,2024-04-29,2024-05-06,0.008108323132189277,5.14870314874108e-06,0.008103132681691605,0.010297406297482159,0.0051487031487410795,1.6183663703601825,1.6314802077867987
static_60_spy_40_agg,2024-05-06,2024-05-06,2024-05-13,0.0112452063250577,5.5542388678409e-07,0.011244644655314717,0.0011108477735681799,0.0005554238867840899,1.6314802077867987,1.6498256229855404
static_60_spy_40_agg,2024-05-13,2024-05-13,2024-05-20,0.00916864935523236,3.502521192931263e-06,0.009165114720650624,0.0070050423858625255,0.0035025211929312627,1.6498256229855404,1.6649464640892717
static_60_spy_40_agg,2024-05-20,2024-05-20,2024-05-28,0.0006277000426892164,2.524501846407262e-06,0.0006251739562128655,0.005049003692814524,0.002524501846407262,1.6649464640892717,1.665987345257109
static_60_spy_40_agg,2024-05-27,2024-05-28,2024-06-03,-0.0012795332649427227,4.1625782401882863e-07,-0.0012799489901509364,0.0008325156480376572,0.0004162578240188286,1.665987345257109,1.6638549664369429
static_60_spy_40_agg,2024-06-03,2024-06-03,2024-06-10,0.005216033930018015,6.473427568667311e-07,0.005215383210699365,0.0012946855137334623,0.0006473427568667312,1.6638549664369429,1.6725326076939369
static_60_spy_40_agg,2024-06-10,2024-06-10,2024-06-17,0.014366767296589568,1.580238935724565e-06,0.014365164354728677,0.00316047787144913,0.001580238935724565,1.6725326076939369,1.6965588134921032
static_60_spy_40_agg,2024-06-17,2024-06-17,2024-06-24,0.005459133679157757,1.3754702805725549e-06,0.005457750700001096,0.00275094056114511,0.001375470280572555,1.6965588134921032,1.7058182085440328
static_60_spy_40_agg,2024-06-24,2024-06-24,2024-07-01,-0.0030244523242496605,1.1524592818903112e-06,-0.003025601297973357,0.0023049185637806224,0.0011524592818903112,1.7058182085440328,1.7006570827581553
static_60_spy_40_agg,2024-07-01,2024-07-01,2024-07-08,0.015599243689461018,3.257404620502363e-06,0.015595935471792055,0.0065148092410047265,0.0032574046205023632,1.7006570827581553,1.7271804208804977
static_60_spy_40_agg,2024-07-08,2024-07-08,2024-07-15,0.009414011654611221,1.406062970520927e-06,0.009412592354947513,0.002812125941041854,0.001406062970520927,1.7271804208804977,1.7434376661056925
static_60_spy_40_agg,2024-07-15,2024-07-15,2024-07-22,-0.009762198634542396,1.4565298143411344e-06,-0.009763640945423369,0.0029130596286822685,0.0014565298143411343,1.7434376661056925,1.7264153667231097
static_60_spy_40_agg,2024-07-22,2024-07-22,2024-07-29,-0.005861094850526282,3.819978836903881e-06,-0.005864892440104907,0.007639957673807762,0.003819978836903881,1.7264153667231097,1.7162901262903343
static_60_spy_40_agg,2024-07-29,2024-07-29,2024-08-05,-0.02726460153127514,4.080493693292803e-06,-0.027268570771933898,0.008160987386585605,0.004080493693292803,1.7162901262903343,1.669489347516415
static_60_spy_40_agg,2024-08-05,2024-08-05,2024-08-12,0.021111840744898067,2.2020468815110857e-05,0.021089355383452135,0.04404093763022171,0.022020468815110855,1.669489347516415,1.7046978016750762
static_60_spy_40_agg,2024-08-12,2024-08-12,2024-08-19,0.02545976995145076,1.3515444629025432e-05,0.025445910406710626,0.02703088925805086,0.01351544462902543,1.7046978016750762,1.7480753892070169
static_60_spy_40_agg,2024-08-19,2024-08-19,2024-08-26,0.012537310659393298,7.578202315097871e-06,0.012529637446801578,0.015156404630195741,0.007578202315097871,1.7480753892070169,1.7699781400634573
static_60_spy_40_agg,2024-08-26,2024-08-26,2024-09-03,-0.004023947763928959,1.5972575182834625e-06,-0.0040255385941664334,0.003194515036566925,0.0015972575182834625,1.7699781400634573,1.7628530247498009
static_60_spy_40_agg,2024-09-02,2024-09-03,2024-09-09,-0.01362654430889796,4.747518227402881e-07,-0.013627012591494014,0.0009495036454805761,0.00047475182274028804,1.7628530247498009,1.738830604384582
static_60_spy_40_agg,2024-09-09,2024-09-09,2024-09-16,0.02151604408913812,8.880976374711914e-06,0.0215069720292842,0.017761952749423826,0.008880976374711913,1.738830604384582,1.7762275855567446
static_60_spy_40_agg,2024-09-16,2024-09-16,2024-09-23,0.008057968184950902,5.792697070910208e-06,0.008052128810511316,0.011585394141820415,0.005792697070910208,1.7762275855567446,1.790529998872431
static_60_spy_40_agg,2024-09-23,2024-09-23,2024-09-30,0.0015328309647397286,5.106908541054528e-06,0.001527716228171272,0.010213817082109056,0.005106908541054528,1.790529998872431,1.793265420608736
static_60_spy_40_agg,2024-09-30,2024-09-30,2024-10-07,-0.004977474769849977,2.1800935919683016e-07,-0.004977691694073139,0.00043601871839366035,0.00021800935919683018,1.793265420608736,1.7843390982193033
static_60_spy_40_agg,2024-10-07,2024-10-07,2024-10-14,0.008652135377647419,3.931717149332936e-06,0.00864816964274917,0.007863434298665872,0.003931717149332936,1.7843390982193033,1.7997703654408939
static_60_spy_40_agg,2024-10-14,2024-10-14,2024-10-21,0.0026343140341934745,5.182296816394039e-06,0.0026291180855799734,0.010364593632788077,0.005182296816394039,1.7997703654408939,1.8045021742585654
static_60_spy_40_agg,2024-10-21,2024-10-21,2024-10-28,-0.003483013506176835,1.1313789142570752e-06,-0.0034841409444830163,0.0022627578285141503,0.0011313789142570752,1.8045021742585654,1.7982150343488226
static_60_spy_40_agg,2024-10-28,2024-10-28,2024-11-04,-0.01206345852506301,7.874350352888859e-07,-0.012064236460908373,0.0015748700705777718,0.0007874350352888859,1.7982150343488226,1.776520942966878
static_60_spy_40_agg,2024-11-04,2024-11-04,2024-11-11,0.030278138018471214,4.557773334772697e-06,0.03027344224424633,0.009115546669545393,0.004557773334772697,1.776520942966878,1.83030234712948
static_60_spy_40_agg,2024-11-11,2024-11-11,2024-11-18,-0.0166461376474897,1.1557744944400706e-05,-0.016657503000620855,0.02311548988880141,0.011557744944400705,1.83030234712948,1.7998140802901272
static_60_spy_40_agg,2024-11-18,2024-11-18,2024-11-25,0.017631076100158925,3.66765218746401e-06,0.017627343783316762,0.00733530437492802,0.00366765218746401,1.7998140802901272,1.8315400218294553
static_60_spy_40_agg,2024-11-25,2024-11-25,2024-12-02,0.00821706590062914,2.9814465838513825e-06,0.008214059955302222,0.005962893167702765,0.0029814465838513826,1.8315400218294553,1.846584401379298
static_60_spy_40_agg,2024-12-02,2024-12-02,2024-12-09,0.0039320182580457,1.465497479467226e-06,0.003930546998203388,0.002930994958934452,0.001465497479467226,1.846584401379298,1.8538424881550686
static_60_spy_40_agg,2024-12-09,2024-12-09,2024-12-16,-0.0062250526239735265,2.3283104645798466e-06,-0.006227366440582971,0.004656620929159694,0.002328310464579847,1.8538424881550686,1.8422979316582049
static_60_spy_40_agg,2024-12-16,2024-12-16,2024-12-23,-0.016280426166538506,2.0793522750957026e-06,-0.01628247166607244,0.0041587045501914055,0.0020793522750957028,1.8422979316582049,1.8123007677855163
static_60_spy_40_agg,2024-12-23,2024-12-23,2024-12-30,-0.0028399111922677188,3.2763921410777774e-06,-0.002843178279746006,0.006552784282155555,0.0032763921410777774,1.8123007677855163,1.8071480736061816
static_60_spy_40_agg,2024-12-30,2024-12-30,2025-01-06,0.007397907803096082,1.3460181619808775e-06,0.00739655182721588,0.002692036323961755,0.0013460181619808775,1.8071480736061816,1.820514737992063
static_60_spy_40_agg,2025-01-06,2025-01-06,2025-01-13,-0.023853828875741147,4.083606683224605e-06,-0.023857815072769406,0.00816721336644921,0.004083606683224605,1.820514737992063,1.777081234035797
static_60_spy_40_agg,2025-01-13,2025-01-13,2025-01-21,0.03099235706362391,6.470187565146695e-06,0.030985686349695563,0.012940375130293391,0.006470187565146696,1.777081234035797,1.8321453157715601
static_60_spy_40_agg,2025-01-20,2025-01-21,2025-01-27,-0.004453413113464788,7.131210345175748e-06,-0.004460512565584218,0.014262420690351496,0.007131210345175748,1.8321453157715601,1.8239730085685848
static_60_spy_40_agg,2025-01-27,2025-01-27,2025-02-03,-0.001449464843210113,3.1954994783447434e-06,-0.0014526557109242333,0.0063909989566894865,0.0031954994783447432,1.8239730085685848,1.821323403761116
static_60_spy_40_agg,2025-02-03,2025-02-03,2025-02-10,0.012445740673776793,1.2909556213533125e-06,0.012444433651256581,0.002581911242706625,0.0012909556213533124,1.821323403761116,1.8439887420167018
static_60_spy_40_agg,2025-02-10,2025-02-10,2025-02-18,0.006353285490216364,3.983612675144826e-06,0.006349276568512696,0.007967225350289653,0.003983612675144826,1.8439887420167018,1.8556967365289896
static_60_spy_40_agg,2025-02-17,2025-02-18,2025-02-24,-0.00665003620315765,2.9733565593617617e-06,-0.006652989786788299,0.005946713118723523,0.0029733565593617617,1.8556967365289896,1.843350805093486
static_60_spy_40_agg,2025-02-24,2025-02-24,2025-03-03,-0.0017243855780948222,4.743647629002729e-06,-0.0017291210458463269,0.009487295258005457,0.0047436476290027285,1.843350805093486,1.840163428421521
static_60_spy_40_agg,2025-03-03,2025-03-03,2025-03-10,-0.028164940976218023,4.794151231566151e-06,-0.0281696001004631,0.009588302463132303,0.004794151231566152,1.840163428421521,1.7883267605233895
static_60_spy_40_agg,2025-03-10,2025-03-10,2025-03-17,-0.00636962414169091,1.221826268515483e-05,-0.006381764578635152,0.02443652537030966,0.01221826268515483,1.7883267605233895,1.7769140801480559
static_60_spy_40_agg,2025-03-17,2025-03-17,2025-03-24,0.010816942241315264,1.2604028301824445e-06,0.010815668204780415,0.0025208056603648887,0.0012604028301824444,1.7769140801480559,1.7961325932673398
static_60_spy_40_agg,2025-03-24,2025-03-24,2025-03-31,-0.020501159267186205,3.838531605267981e-06,-0.02050491910444363,0.0076770632105359615,0.0038385316052679808,1.7961325932673398,1.7593030397415383
static_60_spy_40_agg,2025-03-31,2025-03-31,2025-04-07,-0.06388152021010733,9.946004614241e-06,-0.06389083084882674,0.019892009228482,0.009946004614241,1.7593030397415383,1.646899706817585
static_60_spy_40_agg,2025-04-07,2025-04-07,2025-04-14,0.06011079479215833,2.974433893307424e-05,0.06007926249737139,0.059488677866148476,0.029744338933074238,1.646899706817585,1.7458442266103227
static_60_spy_40_agg,2025-04-14,2025-04-14,2025-04-21,-0.02454627208165838,2.945000958216154e-05,-0.024574999203292536,0.05890001916432308,0.02945000958216154,1.7458442266103227,1.702940106132301
static_60_spy_40_agg,2025-04-21,2025-04-21,2025-04-28,0.03853238399797907,1.0780949734411793e-05,0.038521187632549525,0.021561899468823587,0.010780949734411793,1.702940106132301,1.7685393814876171
static_60_spy_40_agg,2025-04-28,2025-04-28,2025-05-05,0.010941087589764996,1.1250273508947501e-05,0.010929714226028286,0.022500547017895,0.0112502735089475,1.7685393814876171,1.7878690115247535
static_60_spy_40_agg,2025-05-05,2025-05-05,2025-05-12,0.018318876614676283,5.540326712427879e-06,0.018313234795402478,0.011080653424855758,0.005540326712427879,1.7878690115247535,1.8206106765162304
static_60_spy_40_agg,2025-05-12,2025-05-12,2025-05-19,0.005568868227389024,9.001303668296296e-06,0.005559816796646855,0.01800260733659259,0.009001303668296295,1.8206106765162304,1.83073293833568
static_60_spy_40_agg,2025-05-19,2025-05-19,2025-05-27,-0.0005475583872782686,3.480578355360337e-06,-0.0005510370598137415,0.006961156710720673,0.0034805783553603364,1.83073293833568,1.8297241366400354
static_60_spy_40_agg,2025-05-26,2025-05-27,2025-06-02,0.0018992728090054369,1.7435291548001387e-06,0.001897525968413083,0.003487058309600277,0.0017435291548001386,1.8297241366400354,1.8331960857043421
static_60_spy_40_agg,2025-06-02,2025-06-02,2025-06-09,0.012455805154812172,5.895889282246103e-07,0.01245520822207924,0.0011791778564492206,0.0005895889282246103,1.8331960857043421,1.8560289246636903
static_60_spy_40_agg,2025-06-09,2025-06-09,2025-06-16,0.003147234836892965,4.677242269160997e-06,0.003142542874243981,0.009354484538321994,0.004677242269160997,1.8560289246636903,1.861861575135283
static_60_spy_40_agg,2025-06-16,2025-06-16,2025-06-23,-0.001514678519142465,1.2041835489835506e-06,-0.0015158808787404388,0.0024083670979671012,0.0012041835489835506,1.861861575135283,1.8590392147746737
static_60_spy_40_agg,2025-06-23,2025-06-23,2025-06-30,0.025168604761274558,2.693906180152417e-06,0.025165843053234438,0.005387812360304833,0.0026939061801524167,1.8590392147746737,1.9058235038835014
static_60_spy_40_agg,2025-06-30,2025-06-30,2025-07-07,0.004144595240866255,7.242915684540246e-06,0.004137322306227986,0.014485831369080493,0.0072429156845402465,1.9058235038835014,1.9137085099778521
static_60_spy_40_agg,2025-07-07,2025-07-07,2025-07-14,-0.0014537675673026663,3.3111036272651663e-06,-0.0014570738573548292,0.006622207254530332,0.003311103627265166,1.9137085099778521,1.910920095337366
static_60_spy_40_agg,2025-07-14,2025-07-14,2025-07-21,0.007238148782777509,6.80706091775729e-07,0.007237463149633694,0.001361412183551458,0.000680706091775729,1.910920095337366,1.9247503091092646
static_60_spy_40_agg,2025-07-21,2025-07-21,2025-07-28,0.00790514683340273,1.0511104360537704e-06,0.007904087413784566,0.002102220872107541,0.0010511104360537704,1.9247503091092646,1.939963703802173
static_60_spy_40_agg,2025-07-28,2025-07-28,2025-08-04,-0.006508434099483984,3.5403474024451044e-06,-0.006511951404768679,0.0070806948048902085,0.0035403474024451043,1.939963703802173,1.9273307544359983
static_60_spy_40_agg,2025-08-04,2025-08-04,2025-08-11,0.010701189706755975,7.257875524359636e-06,0.010693854163328798,0.014515751048719272,0.007257875524359636,1.9273307544359983,1.9479413484484354
static_60_spy_40_agg,2025-08-11,2025-08-11,2025-08-18,0.005001970575870862,4.833867569397882e-06,0.00499711252943813,0.009667735138795763,0.004833867569397882,1.9479413484484354,1.9576754305673776
static_60_spy_40_agg,2025-08-18,2025-08-18,2025-08-25,0.001990147917243634,2.0711580591662728e-06,0.00198807263727363,0.004142316118332545,0.0020711580591662726,1.9576754305673776,1.9615674315235514
static_60_spy_40_agg,2025-08-25,2025-08-25,2025-09-02,-0.006350926159730541,9.264216074442167e-08,-0.006351018213527793,0.00018528432148884333,9.264216074442166e-05,1.9615674315235514,1.9491094810388825
static_60_spy_40_agg,2025-09-01,2025-09-02,2025-09-08,0.016578040132504145,2.2968003186526476e-06,0.016575705255737816,0.004593600637305295,0.0022968003186526476,1.9491094810388825,1.981417345307747
static_60_spy_40_agg,2025-09-08,2025-09-08,2025-09-15,0.011549467159741677,5.105294142659089e-07,0.011548950733984542,0.0010210588285318178,0.0005105294142659089,1.981417345307747,2.0043006366121685
static_60_spy_40_agg,2025-09-15,2025-09-15,2025-09-22,0.0023694554336208813,3.2270731972433022e-06,0.0023662207140175973,0.006454146394486604,0.003227073197243302,2.0043006366121685,2.009043254295639
static_60_spy_40_agg,2025-09-22,2025-09-22,2025-09-29,0.001637899952477273,2.570717214407631e-06,0.0016353250246852191,0.005141434428815261,0.0025707172144076307,2.009043254295639,2.0123286930050637
static_60_spy_40_agg,2025-09-29,2025-09-29,2025-10-06,0.007136574740314083,9.72787491694882e-07,0.00713559501045169,0.001945574983389764,0.000972787491694882,2.0123286930050637,2.0266878555862595
