reference_month,score_available_at,revision_horizon_months,specification_id,is_baseline,growth_score,inflation_score,disagreement_training_months,revision_training_months,growth_disagreement_variance,inflation_disagreement_variance,growth_revision_mean,inflation_revision_mean,growth_revision_variance,growth_inflation_revision_covariance,inflation_revision_variance,growth_map_variance,growth_inflation_map_covariance,inflation_map_variance,map_correlation,quadrant_weight_sum,probability_sum,entropy,mapping_status,weight_growth_up_inflation_up,probability_growth_up_inflation_up,weight_growth_down_inflation_up,probability_growth_down_inflation_up,weight_growth_up_inflation_down,probability_growth_up_inflation_down,weight_growth_down_inflation_down,probability_growth_down_inflation_down
2000-01-01,,12,baseline_revision_12m,True,0.878902291330785,,0,0,,,,,,,,,,,,,,,score_unavailable,,,,,,,,
2000-02-01,,12,baseline_revision_12m,True,-0.070212985758635,,0,0,,,,,,,,,,,,,,,score_unavailable,,,,,,,,
2000-03-01,,12,baseline_revision_12m,True,0.2703946659462918,,0,0,,,,,,,,,,,,,,,score_unavailable,,,,,,,,
2000-04-01,,12,baseline_revision_12m,True,0.9502714434372256,,0,0,,,,,,,,,,,,,,,score_unavailable,,,,,,,,
2000-05-01,,12,baseline_revision_12m,True,-0.1431533507136067,,0,0,,,,,,,,,,,,,,,score_unavailable,,,,,,,,
2000-06-01,,12,baseline_revision_12m,True,-0.0605783096260378,,0,0,,,,,,,,,,,,,,,score_unavailable,,,,,,,,
2000-07-01,,12,baseline_revision_12m,True,-0.1807918312686718,,0,0,,,,,,,,,,,,,,,score_unavailable,,,,,,,,
2000-08-01,,12,baseline_revision_12m,True,-0.1858969809408361,,0,0,,,,,,,,,,,,,,,score_unavailable,,,,,,,,
2000-09-01,,12,baseline_revision_12m,True,0.5791627000024956,,0,0,,,,,,,,,,,,,,,score_unavailable,,,,,,,,
2000-10-01,,12,baseline_revision_12m,True,-0.3615022915432911,,0,0,,,,,,,,,,,,,,,score_unavailable,,,,,,,,
2000-11-01,,12,baseline_revision_12m,True,-0.5333561027463194,,0,0,,,,,,,,,,,,,,,score_unavailable,,,,,,,,
2000-12-01,,12,baseline_revision_12m,True,-0.5516733450634137,,0,0,,,,,,,,,,,,,,,score_unavailable,,,,,,,,
2001-01-01,,12,baseline_revision_12m,True,-0.4518926930374925,,0,0,,,,,,,,,,,,,,,score_unavailable,,,,,,,,
2001-02-01,,12,baseline_revision_12m,True,-0.5373400077242031,,0,0,,,,,,,,,,,,,,,score_unavailable,,,,,,,,
2001-03-01,,12,baseline_revision_12m,True,-0.4028770811347093,,0,0,,,,,,,,,,,,,,,score_unavailable,,,,,,,,
2001-04-01,,12,baseline_revision_12m,True,-1.1285746856062384,,0,0,,,,,,,,,,,,,,,score_unavailable,,,,,,,,
2001-05-01,,12,baseline_revision_12m,True,-0.486729116043501,,0,0,,,,,,,,,,,,,,,score_unavailable,,,,,,,,
2001-06-01,,12,baseline_revision_12m,True,-0.9775597538437792,,0,0,,,,,,,,,,,,,,,score_unavailable,,,,,,,,
2001-07-01,,12,baseline_revision_12m,True,-0.4298743778674968,,0,0,,,,,,,,,,,,,,,score_unavailable,,,,,,,,
2001-08-01,,12,baseline_revision_12m,True,-1.4548806422361498,,0,0,,,,,,,,,,,,,,,score_unavailable,,,,,,,,
2001-09-01,,12,baseline_revision_12m,True,-2.1280358874727017,,0,0,,,,,,,,,,,,,,,score_unavailable,,,,,,,,
2001-10-01,,12,baseline_revision_12m,True,-0.7510356904534671,,0,0,,,,,,,,,,,,,,,score_unavailable,,,,,,,,
2001-11-01,,12,baseline_revision_12m,True,-1.8029799614556024,,0,0,,,,,,,,,,,,,,,score_unavailable,,,,,,,,
2001-12-01,,12,baseline_revision_12m,True,-0.94403909171963,,0,0,,,,,,,,,,,,,,,score_unavailable,,,,,,,,
2002-01-01,,12,baseline_revision_12m,True,-0.0686097571373605,,0,0,,,,,,,,,,,,,,,score_unavailable,,,,,,,,
2002-02-01,,12,baseline_revision_12m,True,0.3823969122757432,,0,0,,,,,,,,,,,,,,,score_unavailable,,,,,,,,
2002-03-01,,12,baseline_revision_12m,True,-0.1409672350157835,,0,0,,,,,,,,,,,,,,,score_unavailable,,,,,,,,
2002-04-01,,12,baseline_revision_12m,True,-0.4816822202728973,,0,0,,,,,,,,,,,,,,,score_unavailable,,,,,,,,
2002-05-01,,12,baseline_revision_12m,True,0.0876830122604449,,0,0,,,,,,,,,,,,,,,score_unavailable,,,,,,,,
2002-06-01,,12,baseline_revision_12m,True,0.1681910918925623,,0,0,,,,,,,,,,,,,,,score_unavailable,,,,,,,,
2002-07-01,,12,baseline_revision_12m,True,0.2335097594829348,,0,0,,,,,,,,,,,,,,,score_unavailable,,,,,,,,
2002-08-01,,12,baseline_revision_12m,True,-0.08783720349078,,0,0,,,,,,,,,,,,,,,score_unavailable,,,,,,,,
2002-09-01,,12,baseline_revision_12m,True,-0.708925606185173,,0,0,,,,,,,,,,,,,,,score_unavailable,,,,,,,,
2002-10-01,,12,baseline_revision_12m,True,-0.8179953748527826,,0,0,,,,,,,,,,,,,,,score_unavailable,,,,,,,,
2002-11-01,,12,baseline_revision_12m,True,-0.5058669023835718,,0,0,,,,,,,,,,,,,,,score_unavailable,,,,,,,,
2002-12-01,,12,baseline_revision_12m,True,-0.0351079319397115,,0,0,,,,,,,,,,,,,,,score_unavailable,,,,,,,,
2003-01-01,,12,baseline_revision_12m,True,0.4692671511375144,,0,0,,,,,,,,,,,,,,,score_unavailable,,,,,,,,
2003-02-01,,12,baseline_revision_12m,True,-1.1111112452105711,,0,0,,,,,,,,,,,,,,,score_unavailable,,,,,,,,
2003-03-01,,12,baseline_revision_12m,True,-0.6900065373701991,,0,0,,,,,,,,,,,,,,,score_unavailable,,,,,,,,
2003-04-01,,12,baseline_revision_12m,True,-0.8625394410313839,,0,0,,,,,,,,,,,,,,,score_unavailable,,,,,,,,
2003-05-01,,12,baseline_revision_12m,True,-0.2851904128718469,,0,0,,,,,,,,,,,,,,,score_unavailable,,,,,,,,
2003-06-01,,12,baseline_revision_12m,True,-0.7395744304367395,,0,0,,,,,,,,,,,,,,,score_unavailable,,,,,,,,
2003-07-01,,12,baseline_revision_12m,True,0.492754019933213,,0,0,,,,,,,,,,,,,,,score_unavailable,,,,,,,,
2003-08-01,,12,baseline_revision_12m,True,0.0367565057402243,,0,0,,,,,,,,,,,,,,,score_unavailable,,,,,,,,
2003-09-01,,12,baseline_revision_12m,True,-0.4443546968980824,,0,0,,,,,,,,,,,,,,,score_unavailable,,,,,,,,
2003-10-01,,12,baseline_revision_12m,True,0.0919362393856665,,0,0,,,,,,,,,,,,,,,score_unavailable,,,,,,,,
2003-11-01,,12,baseline_revision_12m,True,0.6462416477476985,,0,0,,,,,,,,,,,,,,,score_unavailable,,,,,,,,
2003-12-01,,12,baseline_revision_12m,True,0.144629839888717,,0,0,,,,,,,,,,,,,,,score_unavailable,,,,,,,,
2004-01-01,,12,baseline_revision_12m,True,0.3813908983833153,,0,0,,,,,,,,,,,,,,,score_unavailable,,,,,,,,
2004-02-01,,12,baseline_revision_12m,True,0.0500228697474305,,0,0,,,,,,,,,,,,,,,score_unavailable,,,,,,,,
2004-03-01,,12,baseline_revision_12m,True,-0.1292570786587226,,0,0,,,,,,,,,,,,,,,score_unavailable,,,,,,,,
2004-04-01,,12,baseline_revision_12m,True,0.7038154806437615,,0,0,,,,,,,,,,,,,,,score_unavailable,,,,,,,,
2004-05-01,,12,baseline_revision_12m,True,0.7738218371233861,,0,0,,,,,,,,,,,,,,,score_unavailable,,,,,,,,
2004-06-01,,12,baseline_revision_12m,True,-0.9200797224043414,,0,0,,,,,,,,,,,,,,,score_unavailable,,,,,,,,
2004-07-01,,12,baseline_revision_12m,True,0.5629523076965608,,0,0,,,,,,,,,,,,,,,score_unavailable,,,,,,,,
2004-08-01,,12,baseline_revision_12m,True,0.0464710892010532,,0,0,,,,,,,,,,,,,,,score_unavailable,,,,,,,,
2004-09-01,,12,baseline_revision_12m,True,0.1673610389701769,,0,0,,,,,,,,,,,,,,,score_unavailable,,,,,,,,
2004-10-01,,12,baseline_revision_12m,True,0.4918361115375411,,0,0,,,,,,,,,,,,,,,score_unavailable,,,,,,,,
2004-11-01,,12,baseline_revision_12m,True,0.0808977085972846,,0,0,,,,,,,,,,,,,,,score_unavailable,,,,,,,,
2004-12-01,,12,baseline_revision_12m,True,0.8152428262081213,,0,0,,,,,,,,,,,,,,,score_unavailable,,,,,,,,
2005-01-01,,12,baseline_revision_12m,True,0.0073747005834695,,0,0,,,,,,,,,,,,,,,score_unavailable,,,,,,,,
2005-02-01,,12,baseline_revision_12m,True,0.0165208103745342,,0,0,,,,,,,,,,,,,,,score_unavailable,,,,,,,,
2005-03-01,,12,baseline_revision_12m,True,0.3161839898599,,0,0,,,,,,,,,,,,,,,score_unavailable,,,,,,,,
2005-04-01,,12,baseline_revision_12m,True,0.019639592597255,,0,0,,,,,,,,,,,,,,,score_unavailable,,,,,,,,
2005-05-01,,12,baseline_revision_12m,True,0.0630408582941702,,0,0,,,,,,,,,,,,,,,score_unavailable,,,,,,,,
2005-06-01,,12,baseline_revision_12m,True,0.9253118476727552,,0,0,,,,,,,,,,,,,,,score_unavailable,,,,,,,,
2005-07-01,2005-09-01,12,baseline_revision_12m,True,0.3491950176525355,0.316649910226773,0,0,,,,,,,,,,,,,,,insufficient_uncertainty_history,,,,,,,,
2005-08-01,2005-09-30,12,baseline_revision_12m,True,-0.545779885724233,-0.4308245603970905,1,0,,,,,,,,,,,,,,,insufficient_uncertainty_history,,,,,,,,
2005-09-01,2005-10-31,12,baseline_revision_12m,True,-1.6521248965838184,-0.0820282102912122,2,0,,,,,,,,,,,,,,,insufficient_uncertainty_history,,,,,,,,
2005-10-01,2005-12-01,12,baseline_revision_12m,True,0.3703756445013726,0.308441010944619,3,0,,,,,,,,,,,,,,,insufficient_uncertainty_history,,,,,,,,
2005-11-01,2005-12-22,12,baseline_revision_12m,True,0.6926484378029637,0.115153379830333,4,0,,,,,,,,,,,,,,,insufficient_uncertainty_history,,,,,,,,
2005-12-01,2006-01-30,12,baseline_revision_12m,True,0.7867414315208408,0.1814980581770683,5,0,,,,,,,,,,,,,,,insufficient_uncertainty_history,,,,,,,,
2006-01-01,2006-03-01,12,baseline_revision_12m,True,0.2984341176068297,0.655213940729912,6,0,,,,,,,,,,,,,,,insufficient_uncertainty_history,,,,,,,,
2006-02-01,2006-03-31,12,baseline_revision_12m,True,0.1743781563165346,0.1467183052155072,7,0,,,,,,,,,,,,,,,insufficient_uncertainty_history,,,,,,,,
2006-03-01,2006-05-01,12,baseline_revision_12m,True,0.4671262069120755,0.6049652857275838,8,0,,,,,,,,,,,,,,,insufficient_uncertainty_history,,,,,,,,
2006-04-01,2006-05-26,12,baseline_revision_12m,True,0.2548306972240577,0.9902227223243992,9,0,,,,,,,,,,,,,,,insufficient_uncertainty_history,,,,,,,,
2006-05-01,2006-06-30,12,baseline_revision_12m,True,-0.121695827532355,0.2240135582669565,10,0,,,,,,,,,,,,,,,insufficient_uncertainty_history,,,,,,,,
2006-06-01,2006-08-01,12,baseline_revision_12m,True,0.2952162483598892,0.8994549418354344,11,0,,,,,,,,,,,,,,,insufficient_uncertainty_history,,,,,,,,
2006-07-01,2006-08-31,12,baseline_revision_12m,True,-0.0460867996797118,-0.0205586131797593,12,0,,,,,,,,,,,,,,,insufficient_uncertainty_history,,,,,,,,
2006-08-01,2006-09-29,12,baseline_revision_12m,True,-0.2046746162376405,-0.3834626847633109,13,1,,,,,,,,,,,,,,,insufficient_uncertainty_history,,,,,,,,
2006-09-01,2006-10-30,12,baseline_revision_12m,True,-0.1805797862698011,0.6166401292831553,14,2,,,,,,,,,,,,,,,insufficient_uncertainty_history,,,,,,,,
2006-10-01,2006-11-30,12,baseline_revision_12m,True,0.4195936776801698,-0.8440483456966317,15,3,,,,,,,,,,,,,,,insufficient_uncertainty_history,,,,,,,,
2006-11-01,2006-12-22,12,baseline_revision_12m,True,0.0508195325266193,0.3841540041296911,16,4,,,,,,,,,,,,,,,insufficient_uncertainty_history,,,,,,,,
2006-12-01,2007-02-01,12,baseline_revision_12m,True,0.2382150219524544,0.450123447838659,17,6,,,,,,,,,,,,,,,insufficient_uncertainty_history,,,,,,,,
2007-01-01,2007-03-01,12,baseline_revision_12m,True,-0.4228693386489757,0.2902897489544825,18,6,,,,,,,,,,,,,,,insufficient_uncertainty_history,,,,,,,,
2007-02-01,2007-03-30,12,baseline_revision_12m,True,0.4784457965760208,0.8009953430032368,19,7,,,,,,,,,,,,,,,insufficient_uncertainty_history,,,,,,,,
2007-03-01,2007-04-30,12,baseline_revision_12m,True,-0.1855990787330562,-0.3856662462357938,20,8,,,,,,,,,,,,,,,insufficient_uncertainty_history,,,,,,,,
2007-04-01,2007-06-01,12,baseline_revision_12m,True,0.0735121231576621,-0.1757469807073965,21,10,,,,,,,,,,,,,,,insufficient_uncertainty_history,,,,,,,,
2007-05-01,2007-06-29,12,baseline_revision_12m,True,-0.1567689573728961,0.0874801385546784,22,10,,,,,,,,,,,,,,,insufficient_uncertainty_history,,,,,,,,
2007-06-01,2007-07-31,12,baseline_revision_12m,True,0.0375772319729191,0.4669131590107416,23,11,,,,,,,,,,,,,,,insufficient_uncertainty_history,,,,,,,,
2007-07-01,2007-08-31,12,baseline_revision_12m,True,-0.0649418983875166,0.2984534789264527,24,12,,,,,,,,,,,,,,,insufficient_uncertainty_history,,,,,,,,
2007-08-01,2007-09-28,12,baseline_revision_12m,True,0.1169089186705839,-0.0490605618725946,25,13,,,,,,,,,,,,,,,insufficient_uncertainty_history,,,,,,,,
2007-09-01,2007-11-01,12,baseline_revision_12m,True,-0.3200524971660193,0.3742875547155408,26,15,,,,,,,,,,,,,,,insufficient_uncertainty_history,,,,,,,,
2007-10-01,2007-11-30,12,baseline_revision_12m,True,-0.4392900463564931,-0.2630410932728291,27,15,,,,,,,,,,,,,,,insufficient_uncertainty_history,,,,,,,,
2007-11-01,2007-12-21,12,baseline_revision_12m,True,0.2168530945189683,0.9445924057031744,28,16,,,,,,,,,,,,,,,insufficient_uncertainty_history,,,,,,,,
2007-12-01,2008-01-31,12,baseline_revision_12m,True,-0.8733169422134637,0.5846838019418625,29,17,,,,,,,,,,,,,,,insufficient_uncertainty_history,,,,,,,,
2008-01-01,2008-02-29,12,baseline_revision_12m,True,-0.1846574796943405,0.7889613502629051,30,18,,,,,,,,,,,,,,,insufficient_uncertainty_history,,,,,,,,
2008-02-01,2008-03-28,12,baseline_revision_12m,True,-0.5806227107949871,-0.0442261662958359,31,19,,,,,,,,,,,,,,,insufficient_uncertainty_history,,,,,,,,
2008-03-01,2008-05-01,12,baseline_revision_12m,True,-0.7259940985566395,0.0881534463598029,32,21,,,,,,,,,,,,,,,insufficient_uncertainty_history,,,,,,,,
2008-04-01,2008-05-30,12,baseline_revision_12m,True,-0.6196750986964861,-0.3274009053166013,33,21,,,,,,,,,,,,,,,insufficient_uncertainty_history,,,,,,,,
2008-05-01,2008-06-27,12,baseline_revision_12m,True,-1.0966790424381734,0.1460527083790603,34,22,,,,,,,,,,,,,,,insufficient_uncertainty_history,,,,,,,,
2008-06-01,2008-08-04,12,baseline_revision_12m,True,-0.3421000340876951,0.7988284567711473,35,24,0.14903680450539128,0.18472010799275196,0.058290450603439535,0.051180396250998454,0.03628694884243835,-0.0057313265123994,0.09127892803038354,0.18532375334782963,-0.0057313265123994,0.27599903602313547,-0.025341704620860855,1.0,1.0,0.7567222052206766,available,0.1987648994296478,0.1987648994296478,0.7370482770593187,0.7370482770593187,0.01463744210476059,0.01463744210476059,0.049549381406272824,0.049549381406272824
2008-07-01,2008-08-29,12,baseline_revision_12m,True,-0.8924553831056379,1.1673486599311405,36,24,0.14942490185307974,0.18155232248471964,0.058290450603439535,0.051180396250998454,0.03628694884243835,-0.0057313265123994,0.09127892803038354,0.1857118506955181,-0.0057313265123994,0.27283125051510315,-0.02546175207612133,1.0,1.0,0.16296092044126087,available,0.01889709541480903,0.01889709541480903,0.9683901762874417,0.9683901762874417,0.00028528729356143943,0.00028528729356143943,0.012427441004187797,0.012427441004187797
2008-08-01,2008-09-29,12,baseline_revision_12m,True,-1.669965009833873,0.4856541153052296,37,26,0.1489745363295876,0.17958102870736736,0.04482962534347393,0.04918770030352353,0.0370178043177728,-0.004678697533719073,0.08407518329679238,0.1859923406473604,-0.004678697533719073,0.26365621200415973,-0.021128002324496294,1.0,1.0,0.45981634895827667,available,4.3404509488587095e-05,4.3404509488587095e-05,0.827836158490799,0.827836158490799,1.0520118732371131e-05,1.0520118732371131e-05,0.17210991688098015,0.17210991688098015
2008-09-01,2008-10-31,12,baseline_revision_12m,True,-2.254149606849172,-0.0067644013173234,38,26,0.15200872047270506,0.1754792590995709,0.04482962534347393,0.04918770030352353,0.0370178043177728,-0.004678697533719073,0.08407518329679238,0.18902652479047785,-0.004678697533719073,0.25955444239636327,-0.02112269663908273,1.0,1.0,0.693092910787897,available,4.8647035844062714e-08,4.8647035844062714e-08,0.49470316522074465,0.49470316522074465,5.9550124498208845e-08,5.9550124498208845e-08,0.505296726582095,0.505296726582095
2008-10-01,2008-11-26,12,baseline_revision_12m,True,-0.999052070602739,-0.7763768273665566,39,27,0.18983697739749367,0.17482653835372078,0.048692436821655374,0.04858185301892504,0.03599691805117428,-0.004561935022390282,0.08085143277593279,0.22583389544866794,-0.004561935022390282,0.25567797112965357,-0.01898488088045124,1.0,1.0,0.322559158869251,available,0.001008506812354204,0.001008506812354204,0.061332397658508064,0.061332397658508064,0.016755234695894017,0.016755234695894017,0.9209038608332437,0.9209038608332437
2008-11-01,2008-12-24,12,baseline_revision_12m,True,-1.300674077278579,-0.4519772389586685,40,29,0.21133970309550848,0.18619234496739395,0.04315218354973767,0.030031062380879384,0.03543855739813571,-0.006546947666189927,0.08875773184720119,0.24677826049364418,-0.006546947666189927,0.27495007681459516,-0.02513381981951048,1.0,1.0,0.520835785434839,available,0.0007717997039488056,0.0007717997039488056,0.19358158370378298,0.19358158370378298,0.0036469953348937656,0.0036469953348937656,0.8019996212573745,0.8019996212573745
2008-12-01,2009-02-02,12,baseline_revision_12m,True,-2.888088661694144,-0.7222584586798584,41,30,0.2257391665223847,0.18907797672163776,0.04385898845895919,0.018509389553173206,0.03423152537290133,-0.006565498097626419,0.08967958874665534,0.25997069189528604,-0.006565498097626419,0.2787575654682931,-0.02438889665007354,1.0,1.0,0.29237864158295435,available,4.829616706558681e-10,4.829616706558681e-10,0.08565938602629763,0.08565938602629763,6.897167614816624e-09,6.897167614816624e-09,0.9143406065935731,0.9143406065935731
2009-01-01,2009-03-02,12,baseline_revision_12m,True,-2.275328205302297,0.2110481508686222,42,31,0.225563660451946,0.19126809683801063,0.03772190698695322,0.014698245151130553,0.03425805136595316,-0.005621579746434499,0.08714053859301667,0.25982171181789915,-0.005621579746434499,0.2784086354310273,-0.020901589067612154,1.0,1.0,0.6440839469060771,available,2.4912320657488607e-06,2.4912320657488607e-06,0.6554125376739618,0.6554125376739618,1.5343946351276117e-06,1.5343946351276117e-06,0.34458343669933733,0.34458343669933733
2009-02-01,2009-03-27,12,baseline_revision_12m,True,-2.6182393799447534,0.0692847659044797,43,31,0.24110641548322945,0.1883480652691699,0.03772190698695322,0.014698245151130553,0.03425805136595316,-0.005621579746434499,0.08714053859301667,0.2753644668491826,-0.005621579746434499,0.27548860386218654,-0.020410451309345816,1.0,1.0,0.687627392065534,available,1.5453673857246386e-07,1.5453673857246386e-07,0.5525091424894231,0.5525091424894231,1.48171390657037e-07,1.48171390657037e-07,0.4474905548024477,0.4474905548024477
2009-03-01,2009-04-30,12,baseline_revision_12m,True,-2.471250750975263,-0.264045239016994,44,32,0.24401455815642822,0.18609780571532578,0.03418697061151937,0.019475246440240568,0.033552817740501076,-0.005980603124207269,0.08505978519922996,0.2775673758969293,-0.005980603124207269,0.2711575909145557,-0.021799668533669995,1.0,1.0,0.6159258741245812,available,3.6723774932134745e-07,3.6723774932134745e-07,0.30605267270272285,0.30605267270272285,9.944851794285725e-07,9.944851794285725e-07,0.6939459655743484,0.6939459655743484
2009-04-01,2009-06-01,12,baseline_revision_12m,True,-1.7984971425174063,-0.0680837300344819,45,34,0.2458308049475883,0.1829981576743322,0.021696869591717922,0.03574104843329575,0.03515804813457473,-0.00824141030398377,0.08475985450593505,0.28098885308216304,-0.00824141030398377,0.26775801218026724,-0.030045937042263254,1.0,1.0,0.6907589358920643,available,0.0001399409958504627,0.0001399409958504627,0.4475204421594482,0.4475204421594482,0.00020590113162211043,0.00020590113162211043,0.5521337157130792,0.5521337157130792
2009-05-01,2009-06-26,12,baseline_revision_12m,True,-1.7498325485747368,-0.6086375968742412,46,34,0.24675516150902715,0.18547733640091105,0.021696869591717922,0.03574104843329575,0.03515804813457473,-0.00824141030398377,0.08475985450593505,0.2819132096436019,-0.00824141030398377,0.2702371909068461,-0.029858725371641814,1.0,1.0,0.37282158274576943,available,4.9440166354774995e-05,4.9440166354774995e-05,0.12078825006864913,0.12078825006864913,0.000441561742618779,0.000441561742618779,0.8787207480223773,0.8787207480223773
2009-06-01,2009-08-04,12,baseline_revision_12m,True,-1.2011205198184307,-0.0526269857018737,47,35,0.249168058436521,0.18230007946383264,0.014048897157019227,0.039656477384349846,0.036171189777989415,-0.009047094127347267,0.082803488044178,0.2853392482145104,-0.009047094127347267,0.2651035675080107,-0.03289429375169685,1.0,1.0,0.755990911065616,available,0.005221741330642793,0.005221741330642793,0.4540725700711503,0.4540725700711503,0.007048288048691065,0.007048288048691065,0.5336574005495158,0.5336574005495158
2009-07-01,2009-08-28,12,baseline_revision_12m,True,-0.037164199042837,-0.6924136978255652,48,36,0.24909839026644456,0.1881493425194429,-0.002270283527048398,0.030979499541987754,0.04472509090807686,-0.003690963632467079,0.08314811210122497,0.2938234811745214,-0.003690963632467079,0.2712974546206679,-0.013072951698131696,1.0,1.0,0.9984653607346553,available,0.0425641766299068,0.0425641766299068,0.04930034425404889,0.04930034425404889,0.4301050795460249,0.4301050795460249,0.4780303995700194,0.4780303995700194
2009-08-01,2009-10-01,12,baseline_revision_12m,True,-0.0123036899813147,-0.2268279856378743,49,38,0.24987560238048967,0.18479753536462895,-0.015644714111305094,0.025618283986560807,0.04648174320164952,-0.0009652590924530905,0.08084681940016439,0.2963573455821392,-0.0009652590924530905,0.2656443547647933,-0.003440216365975975,1.0,1.0,1.3271143885889407,available,0.1614956415326706,0.1614956415326706,0.16843854453793372,0.16843854453793372,0.3294886341112835,0.3294886341112835,0.3405771798181122,0.3405771798181122
2009-09-01,2009-10-30,12,baseline_revision_12m,True,-0.7898062505798505,-0.595605654944342,50,38,0.2605117561039652,0.18371236392769885,-0.015644714111305094,0.025618283986560807,0.04648174320164952,-0.0009652590924530905,0.08084681940016439,0.3069934993056147,-0.0009652590924530905,0.2645591833278632,-0.0033870210128199726,1.0,1.0,0.6451285096057159,available,0.009406631293776502,0.009406631293776502,0.11403146276719578,0.11403146276719578,0.06760505961700625,0.06760505961700625,0.8089568463220215,0.8089568463220215
2009-10-01,2009-11-25,12,baseline_revision_12m,True,-0.7565868486699769,-0.5114922994953881,51,39,0.2637783978657208,0.1821337703321466,-0.036349290235540274,0.022109523900171416,0.06197703886007078,0.0018933906847142256,0.07919941601762244,0.3257554367257916,0.0018933906847142256,0.26133318634976904,0.006489289030910922,1.0,1.0,0.7454572022705235,available,0.014922077143034396,0.014922077143034396,0.14359844595074456,0.14359844595074456,0.0775638052417128,0.0775638052417128,0.7639156716645082,0.7639156716645082
2009-11-01,2009-12-23,12,baseline_revision_12m,True,0.516098950861784,-0.6766542540834031,52,40,0.26569546269444366,0.1867558483257621,-0.03784372083021673,0.037586058258470306,0.06047721692959709,0.0009196979478348541,0.08674958639050456,0.32617267962404073,0.0009196979478348541,0.27350543471626665,0.0030792038879075747,1.0,1.0,0.7963917846709797,available,0.08008296694885109,0.0800829669488511,0.017775700368767133,0.017775700368767137,0.7368314525194001,0.7368314525194002,0.16530988016298165,0.16530988016298168
2009-12-01,2010-02-01,12,baseline_revision_12m,True,0.0038364889926813,-0.5590278321975669,53,41,0.26394453872925405,0.19096012500815707,-0.05413604252333132,0.03367170676898114,0.06984831609858635,0.0035114343202928577,0.08520905478165586,0.3337928548278404,0.0035114343202928577,0.2761691797898129,0.011565340579825474,1.0,1.0,1.1047702651822373,available,0.07328474862651002,0.07328474862651002,0.07043276529272191,0.07043276529272191,0.4293643755287452,0.4293643755287452,0.4269181105520229,0.4269181105520229
2010-01-01,2010-03-01,12,baseline_revision_12m,True,0.7587189671403385,-0.85084933150977,54,42,0.26121877858571463,0.18755351282265412,-0.06675041347592431,0.04054621996237641,0.07482783752301128,-0.00021635211990575444,0.08511566028197393,0.3360466161087259,-0.00021635211990575444,0.272669173104628,-0.0007147322375544072,1.0,1.0,0.5178577822174221,available,0.04668020131924987,0.04668020131924987,0.004931233079832134,0.004931233079832134,0.858022774141131,0.858022774141131,0.09036579145978695,0.09036579145978695
2010-02-01,2010-03-29,12,baseline_revision_12m,True,-0.0389485284002433,-0.7236528629116258,55,44,0.26118613613815295,0.199264245540362,-0.05858876701639541,0.03168069196852329,0.07554423060052015,-0.0008311653204031794,0.08315846446219653,0.33673036673867307,-0.0008311653204031794,0.28242271000255853,-0.0026952339264640465,1.0,1.0,0.9864241535854208,available,0.04083565921273441,0.04083565921273441,0.04581110701081664,0.04581110701081664,0.43240755209938014,0.43240755209938014,0.4809456816770688,0.4809456816770688
2010-03-01,2010-05-03,12,baseline_revision_12m,True,0.2920463168245736,-1.1566381060027644,56,45,0.25715144541417045,0.1965507945699882,-0.0612248117713834,0.03699267344519846,0.07414000920645361,-0.0014423931404431586,0.08253827098516729,0.33129145462062404,-0.0014423931404431586,0.2790890655551555,-0.004743589735988006,1.0,1.0,0.6906793482442721,available,0.009853200837200982,0.009853200837200982,0.004430511126954695,0.004430511126954695,0.6842081300976979,0.6842081300976979,0.30150815793814645,0.30150815793814645
2010-04-01,2010-05-28,12,baseline_revision_12m,True,0.1697828948975748,-0.2996718170688006,57,45,0.2531149798135014,0.1984395159309108,-0.0612248117713834,0.03699267344519846,0.07414000920645361,-0.0014423931404431586,0.08253827098516729,0.327254989019955,-0.0014423931404431586,0.2809777869160781,-0.004756686361104717,1.0,1.0,1.2641178479781476,available,0.17570617954430667,0.17570617954430667,0.11021499837592214,0.11021499837592214,0.4409807999800499,0.4409807999800499,0.2730980220997212,0.2730980220997212
2010-05-01,2010-06-28,12,baseline_revision_12m,True,1.2417136297720552,-0.0761477251525481,58,47,0.25376184899906595,0.1973674478809899,-0.05890172907440131,0.034525582042392165,0.07156559217864958,-0.0015656301040796992,0.07909516889037323,0.3253274411777155,-0.0015656301040796992,0.27646261677136313,-0.005220482058485055,1.0,1.0,0.7632932084838099,available,0.43582695833935964,0.43582695833935964,0.0065981965583769946,0.0065981965583769946,0.5494332573337772,0.5494332573337772,0.008141587768486114,0.008141587768486114
2010-06-01,2010-08-03,12,baseline_revision_12m,True,-0.0118204162330636,-0.6954075045761827,59,47,0.2518906958488237,0.19474013964661496,-0.05890172907440131,0.034525582042392165,0.07156559217864958,-0.0015656301040796992,0.07909516889037323,0.3234562880274733,-0.0015656301040796992,0.2738353085369882,-0.005260616483088631,1.0,1.0,1.0000086569717317,available,0.04486124704483058,0.04486124704483058,0.04707804911862107,0.04707804911862107,0.44684781298930404,0.44684781298930404,0.4612128908472443,0.4612128908472443
2010-07-01,2010-08-30,12,baseline_revision_12m,True,0.1252635050931177,-0.2215513174401167,60,49,0.2511636859543238,0.19391042152548643,-0.05089949259977412,0.03636246888615248,0.07019491234301345,-0.0008363046227737681,0.07717345668107156,0.32135859829733726,-0.0008363046227737681,0.271083878206558,-0.0028334639409153066,1.0,1.0,1.3155941113648701,available,0.1965247054133854,0.1965247054133854,0.13870321933887525,0.13870321933887525,0.39091666203009146,0.39091666203009146,0.27385541321764784,0.27385541321764784
2010-08-01,2010-10-01,12,baseline_revision_12m,True,-0.2845820630553425,-0.5818976702857279,61,49,0.25110802002862515,0.1930218175848786,-0.05089949259977412,0.03636246888615248,0.07019491234301345,-0.0008363046227737681,0.07717345668107156,0.3213029323716386,-0.0008363046227737681,0.27019527426595014,-0.0028383652319470204,1.0,1.0,1.0065163806690702,available,0.04025651167536237,0.04025651167536237,0.09121592104373333,0.09121592104373333,0.2675583593329808,0.2675583593329808,0.6009692079479235,0.6009692079479235
2010-09-01,2010-11-01,12,baseline_revision_12m,True,-0.4012882426688653,-0.9804017408064792,62,51,0.24746300223323553,0.1910916190019139,-0.0469170784701782,0.04056370092689828,0.06823436476224325,-4.956952611519947e-05,0.0747767411469914,0.3156973669954788,-4.956952611519947e-05,0.2658683601489053,-0.0001710984041041859,1.0,1.0,0.6781724532368433,available,0.006796585877383854,0.006796585877383854,0.021829020176535874,0.021829020176535874,0.23075460837481432,0.23075460837481432,0.740619785571266,0.740619785571266
2010-10-01,2010-11-24,12,baseline_revision_12m,True,0.102629614804038,-1.0713133824600058,63,51,0.24415088007687352,0.190415143111759,-0.0469170784701782,0.04056370092689828,0.06823436476224325,-4.956952611519947e-05,0.0747767411469914,0.3123852448391168,-4.956952611519947e-05,0.2651918842587504,-0.0001722223045650615,1.0,1.0,0.7756170462654874,available,0.010735876619577311,0.010735876619577311,0.008010842473085922,0.008010842473085922,0.5621095745234951,0.5621095745234951,0.4191437063838417,0.4191437063838417
2010-11-01,2010-12-23,12,baseline_revision_12m,True,-0.1058823167485847,-0.5595265527802409,64,52,0.24054355719121673,0.1954562083056192,-0.043278839011516995,0.04821666037323825,0.06758474893206003,0.0013992539751040765,0.07635605552720698,0.30812830612327674,0.0013992539751040765,0.2718122638328262,0.004834997204017369,1.0,1.0,1.0894929322502247,available,0.06050943576995277,0.06050943576995277,0.08107820383417835,0.08107820383417835,0.36385248486268656,0.36385248486268656,0.4945598755331823,0.4945598755331823
2010-12-01,2011-01-31,12,baseline_revision_12m,True,1.0178450707424656,-0.5683307243126589,65,53,0.23864556183897573,0.19602583214735492,-0.04744532030180072,0.051352673130005785,0.0672050992379692,0.0006798399055239728,0.07540890237255368,0.3058506610769449,0.0006798399055239728,0.2714347345199086,0.002359495919641075,0.9999999999999999,0.9999999999999999,0.5452207659880633,available,0.1331831576766998,0.1331831576766998,0.0044844153776672085,0.0044844153776672085,0.8339666576987748,0.8339666576987748,0.02836576924685813,0.02836576924685813
2011-01-01,2011-02-28,12,baseline_revision_12m,True,0.2871243209610895,0.80349108434899,66,54,0.23887221818679338,0.19405841367135607,-0.04666245785669837,0.05545424897860149,0.06597017367245955,0.0008404051011658547,0.07489453081368258,0.30484239185925294,0.0008404051011658547,0.26895294448503865,0.0029350320495191637,1.0,1.0000000000000002,0.8409026099045868,available,0.6562393388717672,0.6562393388717673,0.2831090182771848,0.2831090182771849,0.042240956720117906,0.04224095672011791,0.01841068613093,0.018410686130930002
2011-02-01,2011-03-28,12,baseline_revision_12m,True,0.2455466762803115,-0.2237865809110609,67,55,0.24245328895382232,0.19475551158638993,-0.05331404790348706,0.05785474237199781,0.0671819045479158,-5.334834422247487e-05,0.0738245253271193,0.3096351935017381,-5.334834422247487e-05,0.26858003691350923,-0.00018499454462758623,1.0,1.0,1.2700689146319577,available,0.2232083170320182,0.2232083170320182,0.10972981927942144,0.10972981927942144,0.44728456635324226,0.44728456635324226,0.2197772973353181,0.2197772973353181
2011-03-01,2011-04-29,12,baseline_revision_12m,True,0.5846892386984761,-0.5518765986170552,68,56,0.2396509803009839,0.1955508367177325,-0.05215541021632723,0.05568664528560401,0.06603559208656332,-0.00019305255797568894,0.07274549734892022,0.3056865723875472,-0.00019305255797568894,0.2682963340666527,-0.0006741088208533191,1.0,1.0,0.825154202832974,available,0.12249712035986375,0.12249712035986375,0.02083819777452124,0.02083819777452124,0.7323647862536238,0.7323647862536238,0.12429989561199122,0.12429989561199122
2011-04-01,2011-05-27,12,baseline_revision_12m,True,-0.2152054388734969,0.2903115766490572,69,57,0.23708106110711444,0.19872017455052288,-0.0489181686337627,0.06179725534063544,0.065453729869659,0.0009379415041351471,0.0735748252594918,0.30253479097677344,0.0009379415041351471,0.2722949998100147,0.00326789623677368,1.0,1.0,1.2473163404739251,available,0.24770451593358447,0.24770451593358447,0.4633081143690502,0.4633081143690502,0.10009797194927436,0.10009797194927436,0.18888939774809102,0.18888939774809102
2011-05-01,2011-06-27,12,baseline_revision_12m,True,-0.3718887275063922,0.659643546910855,70,58,0.23579231746807985,0.19601947911698595,-0.04946988021466797,0.0574714585757814,0.06432307318808742,0.0010599087359926388,0.07336936487517817,0.30011539065616727,0.0010599087359926388,0.2693888439921641,0.0037276449028069967,1.0,1.0,0.8900010812756071,available,0.22349990500034436,0.22349990500034436,0.6746222169482077,0.6746222169482077,0.02511899702360862,0.02511899702360862,0.07675888102783937,0.07675888102783937
2011-06-01,2011-08-02,12,baseline_revision_12m,True,-0.3160183540273604,-0.1293356285872169,71,59,0.2329498393605227,0.1940398472624336,-0.047490276704384216,0.056312317470581665,0.06344526565826224,0.0009062506991957564,0.07218364870361019,0.2963951050187849,0.0009062506991957564,0.2662234959660438,0.003226187841058164,1.0,1.0,1.2671352706219692,available,0.11303160159276143,0.11303160159276143,0.2880046722366338,0.2880046722366338,0.16776859969998054,0.16776859969998054,0.43119512647062425,0.43119512647062425
2011-07-01,2011-08-29,12,baseline_revision_12m,True,0.7007477511702902,0.8157125152288556,72,60,0.23004494481255733,0.19751724811550678,-0.050101937280356244,0.05867661623994055,0.06277916843037418,0.0005204057647082281,0.07129559155091515,0.2928241132429315,0.0005204057647082281,0.26881283966642194,0.001854870849337681,1.0,1.0,0.5408630229914706,available,0.850194119301467,0.850194119301467,0.0919814385859668,0.0919814385859668,0.05213986453044382,0.05213986453044382,0.005684577582122374,0.005684577582122374
2011-08-01,2011-09-30,12,baseline_revision_12m,True,-0.2028891226263825,-0.4321331388447604,73,61,0.22760008801944892,0.19526807749761976,-0.04889924214233956,0.05472954368830364,0.061821083967830155,0.0002221577122940037,0.07105767397713426,0.28942117198727907,0.0002221577122940037,0.266325751474754,0.0008001836348825071,1.0,1.0,1.1513624019486222,available,0.07111323790237867,0.07111323790237867,0.1300825440526543,0.1300825440526543,0.28192444329590094,0.28192444329590094,0.5168797747490661,0.5168797747490661
2011-09-01,2011-10-28,12,baseline_revision_12m,True,0.2487550816313825,-0.5912037047115172,74,62,0.22491055460721252,0.19864153769383802,-0.04532624355730262,0.0570781668162941,0.061599135346012836,0.0007387966635961524,0.07023478797290433,0.28650968995322534,0.0007387966635961524,0.26887632566674236,0.002661821850712634,1.0,1.0,1.0085270471496632,available,0.0864999364563388,0.0864999364563388,0.04061258685698932,0.04061258685698932,0.5924382639778323,0.5924382639778323,0.2804492127088396,0.2804492127088396
2011-10-01,2011-11-23,12,baseline_revision_12m,True,0.347668666341121,-0.449907184850095,75,63,0.22222317796369093,0.19747840140663936,-0.03918928791316175,0.058542751135679826,0.06297832105337169,0.0012931301957028463,0.06923710426745225,0.2852014990170626,0.0012931301957028463,0.26671550567409164,0.0046885895888535145,1.0,1.0,1.0593128533292722,available,0.14284481991171866,0.14284481991171866,0.0489881020695489,0.0489881020695489,0.5996361270632766,0.5996361270632766,0.20853095095545587,0.20853095095545587
2011-11-01,2011-12-23,12,baseline_revision_12m,True,0.4574587485578975,-0.318238700028702,76,64,0.22018302218324504,0.19490815892939495,-0.039984949145954046,0.06664800114157224,0.06201918207866723,0.0008598661940267806,0.07234258758252654,0.2822022042619123,0.0008598661940267806,0.2672507465119215,0.0031310587057416456,1.0,1.0,1.0751404939357085,available,0.2170076596439464,0.2170076596439464,0.05207399418081435,0.05207399418081435,0.5884107637398052,0.5884107637398052,0.14250758243543413,0.14250758243543413
2011-12-01,2012-01-30,12,baseline_revision_12m,True,0.3874059346206049,-0.2462523074573492,77,65,0.22276626631286994,0.19296958416642615,-0.037102151059991054,0.06397102940692968,0.061590316470976146,0.0003448148002128165,0.07167803619997445,0.28435658278384607,0.0003448148002128165,0.2646476203664006,0.0012569565300547133,1.0,1.0,1.1676689002601486,available,0.2423301229810635,0.2423301229810635,0.07375262129934435,0.07375262129934435,0.5239032145185738,0.5239032145185738,0.16001404120101836,0.16001404120101836
2012-01-01,2012-03-01,12,baseline_revision_12m,True,0.3387308990955858,0.2593169272572647,78,67,0.22200401829802024,0.1935788424067265,-0.03258330422449707,0.059224508882717575,0.06041973384663568,-0.0001909557802620635,0.07175442649343755,0.2824237521446559,-0.0001909557802620635,0.26533326890016407,-0.0006975676728397199,1.0,1.0,1.1920218361097206,available,0.5111530707112907,0.5111530707112907,0.18151427552207383,0.18151427552207383,0.22691101209735398,0.22691101209735398,0.08042164166928156,0.08042164166928156
2012-02-01,2012-03-30,12,baseline_revision_12m,True,0.3254383698373936,-0.3014653291142212,79,68,0.22108544683616535,0.19336463236640022,-0.0324045163400187,0.05820584850383283,0.0595201204016171,-0.00020049013511119998,0.0707540263937739,0.28060556723778246,-0.00020049013511119998,0.26411865876017415,-0.0007364534912115851,1.0,1.0,1.174508210068349,available,0.2035393050492388,0.2035393050492388,0.07519880451414915,0.07519880451414915,0.5269708809914136,0.5269708809914136,0.19429100944519842,0.19429100944519842
2012-03-01,2012-04-30,12,baseline_revision_12m,True,0.0536291921928456,0.1930619036592519,80,69,0.2190059735528347,0.1915015193724572,-0.03108286674499747,0.06175278720208038,0.05876535079134739,0.00012591714572184786,0.07058159942053986,0.27777132434418206,0.00012591714572184786,0.26208311879299706,0.0004666826354547177,1.0,1.0,1.339169112703071,available,0.34976497767559983,0.34976497767559983,0.29719199966916665,0.29719199966916665,0.1907596164715712,0.1907596164715712,0.16228340618366227,0.16228340618366227
2012-04-01,2012-06-01,12,baseline_revision_12m,True,0.648274876672565,0.0819690274721703,81,70,0.2169093250458999,0.19002534149075942,-0.03217061921419653,0.061088943144308364,0.057996503421145575,0.0001746391204622898,0.06958952591512013,0.2749058284670455,0.0001746391204622898,0.2596148674058796,0.0006537094780303621,1.0,1.0,1.027588609618034,available,0.5029648655252298,0.5029648655252298,0.06093868907405198,0.06093868907405198,0.3888845240764197,0.3888845240764197,0.04721192132429852,0.04721192132429852
2012-05-01,2012-06-29,12,baseline_revision_12m,True,-0.2751108855123951,-0.3903055120203605,82,71,0.21564320619588445,0.18859967290120333,-0.027086689894740563,0.0565996291922477,0.05900307189379155,-0.0014483139166995452,0.07002631955359023,0.274646278089676,-0.0014483139166995452,0.25862599245479356,-0.005434251822219277,1.0,1.0,1.139367728376906,available,0.06581590663569181,0.06581590663569181,0.15558137847615705,0.15558137847615705,0.23399181797259505,0.23399181797259505,0.5446108969155561,0.5446108969155561
2012-06-01,2012-07-31,12,baseline_revision_12m,True,-0.0740741971281752,0.33259021302274,83,71,0.21318165808780118,0.18949502010440086,-0.027086689894740563,0.0565996291922477,0.05900307189379155,-0.0014483139166995452,0.07002631955359023,0.2721847299815927,-0.0014483139166995452,0.25952133965799107,-0.005449344799666277,1.0,1.0,1.2565671643257428,available,0.3288960095774514,0.3288960095774514,0.4141821108396772,0.4141821108396772,0.11465087172331495,0.11465087172331495,0.14227100785955643,0.14227100785955643
2012-07-01,2012-08-30,12,baseline_revision_12m,True,0.326360861118546,-0.3377715989776751,84,73,0.21155182182202067,0.1873113130686328,-0.028836893489742138,0.057273069956183344,0.05755195844166523,-0.0011150259879790674,0.0695476984669219,0.2691037802636859,-0.0011150259879790674,0.2568590115355547,-0.004241091935097004,1.0,1.0,1.1429723954122029,available,0.18527873221356195,0.18527873221356195,0.06727902628396848,0.06727902628396848,0.5500882375378592,0.5500882375378592,0.19735400396461045,0.19735400396461045
2012-08-01,2012-09-28,12,baseline_revision_12m,True,-0.3207303049616838,-0.7512228333507392,85,73,0.2100829157435922,0.18777042274870787,-0.028836893489742138,0.057273069956183344,0.05755195844166523,-0.0011150259879790674,0.0695476984669219,0.26763487418525744,-0.0011150259879790674,0.25731812121562975,-0.00424891900037754,1.0,1.0,0.8327540841511292,available,0.018364906013667026,0.018364906013667026,0.05094813364404449,0.05094813364404449,0.24927481669966856,0.24927481669966856,0.6814121436426199,0.6814121436426199
2012-09-01,2012-10-29,12,baseline_revision_12m,True,0.7282808870020498,-0.1785607764910756,86,75,0.21353527513277842,0.18846134520086832,-0.023588071376216622,0.05960477598584758,0.05706243578507864,-0.0006073188188090241,0.06788233202905236,0.27059771091785706,-0.0006073188188090241,0.2563436772299207,-0.002305915425242177,1.0,1.0,0.9352569538351918,available,0.332790746928926,0.332790746928926,0.02937527877006968,0.02937527877006968,0.5864568497327194,0.5864568497327194,0.05137712456828497,0.05137712456828497
2012-10-01,2012-11-30,12,baseline_revision_12m,True,-0.5946660411515603,-0.7532490601552997,87,76,0.21247307153515166,0.18649471359947098,-0.022414636623649214,0.06183555146490303,0.056406251440952786,-0.00040027835466352376,0.06735543757074962,0.26887932297610445,-0.00040027835466352376,0.2538501511702206,-0.0015321267311224063,1.0,1.0,0.6251862194280591,available,0.008439534378369529,0.008439534378369529,0.05901378203545138,0.05901378203545138,0.11728892541725555,0.11728892541725555,0.8152577581689235,0.8152577581689235
2012-11-01,2012-12-21,12,baseline_revision_12m,True,1.0140441532405449,-0.4600076179993364,88,76,0.21171470297347206,0.187020182687462,-0.022414636623649214,0.06183555146490303,0.056406251440952786,-0.00040027835466352376,0.06735543757074962,0.26812095441442485,-0.00040027835466352376,0.25437562025821164,-0.0015327064494324912,1.0,1.0,0.5899563320785156,available,0.1763040508785576,0.1763040508785576,0.004562375807592996,0.004562375807592996,0.7986017809279623,0.7986017809279623,0.020531792385887093,0.020531792385887093
2012-12-01,2013-01-31,12,baseline_revision_12m,True,0.1826305975417361,-0.3508283608491688,89,78,0.210083840508708,0.18510243337723378,-0.021732946397928093,0.059436670936201065,0.05550062852794628,-0.0006945843581785208,0.0659353765025998,0.2655844690366543,-0.0006945843581785208,0.2510378098798336,-0.002690011229279799,1.0,1.0,1.2075498443202348,available,0.15413186208873436,0.15413186208873436,0.08776782393681248,0.08776782393681248,0.4843419942677932,0.4843419942677932,0.2737583197066599,0.2737583197066599
2013-01-01,2013-03-01,12,baseline_revision_12m,True,-0.1775591650593413,0.3625575299656011,90,78,0.2077983899684834,0.18407334693585606,-0.021732946397928093,0.059436670936201065,0.05550062852794628,-0.0006945843581785208,0.0659353765025998,0.26329901849642967,-0.0006945843581785208,0.25000872343845587,-0.002707215310740161,1.0,1.0,1.200345706887388,available,0.2789454598916837,0.2789454598916837,0.48685993686682383,0.48685993686682383,0.08571321111529911,0.08571321111529911,0.14848139212619338,0.14848139212619338
2013-02-01,2013-03-29,12,baseline_revision_12m,True,0.7848186351439528,-0.0546958530765405,91,79,0.20593385779407059,0.18241258474610586,-0.015038643882926167,0.0625330603680786,0.058329363215183734,0.0009518458068286453,0.06584747373641649,0.2642632210092543,0.0009518458068286453,0.24826005848252236,0.003716163490598535,1.0,1.0,0.9255939985903953,available,0.4275396758912875,0.4275396758912875,0.028754481054491965,0.028754481054491965,0.5090413030641717,0.5090413030641717,0.034664539990048815,0.034664539990048815
2013-03-01,2013-04-29,12,baseline_revision_12m,True,0.3482643328449309,-0.7765587568672798,92,80,0.20411917755592748,0.1806961633122601,-0.012047801362056408,0.06223683036920234,0.05830662796414268,0.0008689189436018457,0.06502098158761781,0.26242580552007017,0.0008689189436018457,0.2457171448998779,0.0034218287102068218,1.0,1.0,0.7835738180412545,available,0.04417946930328798,0.04417946930328798,0.014425285483174954,0.014425285483174954,0.7075171547420791,0.7075171547420791,0.2338780904714579,0.2338780904714579
2013-04-01,2013-05-31,12,baseline_revision_12m,True,-0.122595920071341,-0.7567359017922995,93,81,0.20208957933880273,0.18049729536754686,-0.013775990549791915,0.06146212337915556,0.057819712781947974,0.0009665035165596413,0.06425683316232714,0.2599092921207507,0.0009665035165596413,0.244754128529874,0.0038320178392525794,1.0,1.0,0.9102769706996062,available,0.02572110631383362,0.02572110631383362,0.03733614571125854,0.03733614571125854,0.3792609488315767,0.3792609488315767,0.5576817991433312,0.5576817991433312
2013-05-01,2013-06-27,12,baseline_revision_12m,True,-0.0810577295932566,-0.4097051743213099,94,82,0.2016159308243283,0.17920665860097287,-0.01580503564589015,0.06036623946455347,0.05744348513552004,0.001136906400770832,0.06356201777320651,0.2590594159598483,0.001136906400770832,0.24276867637417937,0.004533448591670928,1.0,1.0,1.189429792047215,available,0.08909083336792101,0.08909083336792101,0.11374782351220492,0.11374782351220492,0.3476429122446232,0.3476429122446232,0.4495184308752509,0.4495184308752509
2013-06-01,2013-08-02,12,baseline_revision_12m,True,0.1678269610145262,0.1962078271044668,95,84,0.19991438901069844,0.17801760932372596,-0.015497347794436643,0.055753105632222785,0.056573478908165754,0.0009482253043777073,0.06293398233524163,0.2564878679188642,0.0009482253043777073,0.24095159165896757,0.0038142857662851054,1.0,1.0,1.303140611233219,available,0.4132636789958669,0.4132636789958669,0.24205343261822942,0.24205343261822942,0.21655816897728541,0.21655816897728541,0.1281247194086182,0.1281247194086182
2013-07-01,2013-08-30,12,baseline_revision_12m,True,0.2448443405519834,-0.5706646006811282,96,84,0.1980916628732652,0.17637570636821223,-0.015497347794436643,0.055753105632222785,0.056573478908165754,0.0009482253043777073,0.06293398233524163,0.25466514178143096,0.0009482253043777073,0.23930968870345387,0.0038410207040183893,1.0,1.0,0.9923784433425162,available,0.08378694325287495,0.08378694325287495,0.037910521678299225,0.037910521678299225,0.6024396848761612,0.6024396848761612,0.27586285019266465,0.27586285019266465
2013-08-01,2013-09-27,12,baseline_revision_12m,True,0.3430057786423166,-0.2318970268709018,97,85,0.19729506136867372,0.17554267191365136,-0.015072166450938533,0.057352866414306654,0.05591535134150299,0.00099475292517819,0.06240230319741301,0.2532104127101767,0.00099475292517819,0.23794497511106438,0.004052622725299665,1.0,1.0,1.184606122291894,available,0.23911521673595812,0.23911521673595812,0.07813661420923637,0.07813661420923637,0.5131542493311195,0.5131542493311195,0.16959391972368595,0.16959391972368595
2013-09-01,2013-11-08,12,baseline_revision_12m,True,0.3632514348887287,-0.3611028915095707,98,87,0.19550767377107414,0.17398263200032038,-0.015623746704462095,0.052091409121035596,0.05464356295904749,0.0010345408746658788,0.06238830299315435,0.25015123673012163,0.0010345408746658788,0.23637093499347472,0.004254507470489475,1.0,1.0,1.0817113912318321,available,0.17570954127105773,0.17570954127105773,0.05311150576663928,0.05311150576663928,0.5904578772393403,0.5904578772393403,0.18072107572296267,0.18072107572296267
2013-10-01,2013-12-06,12,baseline_revision_12m,True,-0.0338503324580466,-0.4010519606650671,99,88,0.193948683037172,0.1722892995947583,-0.012345467961613055,0.05735922829060457,0.054961221841875525,0.002542355005464255,0.06411318891688703,0.24890990487904752,0.002542355005464255,0.23640248851164533,0.010480670860797493,1.0,1.0,1.1985542511373524,available,0.0980116658825908,0.0980116658825908,0.10671690447872828,0.10671690447872828,0.37494135236368964,0.37494135236368964,0.4203300772749913,0.4203300772749913
2013-11-01,2013-12-23,12,baseline_revision_12m,True,1.211865136230708,-0.2792144268609278,100,89,0.19279124398239966,0.17094210904155654,-0.01308193951951536,0.06031132561059675,0.05438493524441161,0.0023199665292771734,0.06416025414613914,0.2471761792268113,0.0023199665292771734,0.23510236318769567,0.009623873694351522,1.0,1.0,0.638814379396445,available,0.28033664024435007,0.28033664024435007,0.0020216531480043735,0.0020216531480043735,0.7122694826726916,0.7122694826726916,0.005372223934953901,0.005372223934953901
2013-12-01,2014-01-31,12,baseline_revision_12m,True,0.4679353699278237,-0.222688762364902,101,89,0.19173433847220966,0.1693116905106814,-0.01308193951951536,0.06031132561059675,0.05438493524441161,0.0023199665292771734,0.06416025414613914,0.2461192737166213,0.0023199665292771734,0.23347194465682053,0.009678132341919405,1.0,1.0,1.0889596055625597,available,0.26761750078085983,0.26761750078085983,0.0548274809930584,0.0548274809930584,0.5595983398773046,0.5595983398773046,0.11795667834877727,0.11795667834877727
2014-01-01,2014-03-03,12,baseline_revision_12m,True,0.0499256413012247,0.3252534410813261,102,91,0.19163510459982694,0.1682920250410033,-0.012358149434535172,0.060673143448045246,0.053644700505013417,0.0021026346672164747,0.06281124977366187,0.24527980510484035,0.0021026346672164747,0.23110327481466517,0.008831406484101276,1.0,1.0,1.251511531357191,available,0.40658241014873003,0.40658241014873003,0.3440812027146566,0.3440812027146566,0.1335659451756221,0.1335659451756221,0.11577044196099129,0.11577044196099129
2014-02-01,2014-03-28,12,baseline_revision_12m,True,0.1679386996184872,0.136062592414068,103,91,0.19065933933062876,0.16850814362467573,-0.012358149434535172,0.060673143448045246,0.053644700505013417,0.0021026346672164747,0.06281124977366187,0.24430403983564217,0.0021026346672164747,0.2313193933983376,0.00884489076899761,1.0,1.0,1.3254628452540773,available,0.388267406472299,0.388267406472299,0.22310578919094476,0.22310578919094476,0.24471784977396122,0.24471784977396122,0.143908954562795,0.143908954562795
2014-03-01,2014-05-01,12,baseline_revision_12m,True,0.736325532239755,-0.3734049551898643,104,93,0.1896591375508828,0.16880654696736222,-0.009668641988488305,0.06310345362989696,0.05299020578682837,0.0025765358753393184,0.061985334476445976,0.24264934333771115,0.0025765358753393184,0.2307918814438082,0.010887705618767205,1.0,1.0,0.7720790371915484,available,0.20417191289437783,0.20417191289437783,0.014328937071710748,0.014328937071710748,0.7283435107437591,0.7283435107437591,0.053155639290152296,0.053155639290152296
2014-04-01,2014-05-30,12,baseline_revision_12m,True,0.194058608893292,0.268587080528988,105,93,0.1887326861036499,0.17061025111966222,-0.009668641988488305,0.06310345362989696,0.05299020578682837,0.0025765358753393184,0.061985334476445976,0.24172289189047827,0.0025765358753393184,0.23259558559610818,0.010866171850377757,1.0,1.0,1.2463207453168843,available,0.4661230646235853,0.4661230646235853,0.245082197677297,0.245082197677297,0.18734709717982356,0.18734709717982356,0.10144764051929411,0.10144764051929411
2014-05-01,2014-06-26,12,baseline_revision_12m,True,0.1613030789849232,0.1201820005992745,106,94,0.1940595327119166,0.16969867828113605,-0.009166153279701501,0.06176272647437294,0.05244415314866128,0.002485503364329533,0.06148779513830354,0.24650368586057786,0.002485503364329533,0.2311864734194396,0.010411694978163084,1.0,0.9999999999999998,1.3338618425286368,available,0.3771209687705677,0.3771209687705676,0.22156715346224531,0.22156715346224526,0.25024534099690804,0.250245340996908,0.15106653677027898,0.15106653677027895
2014-06-01,2014-08-01,12,baseline_revision_12m,True,0.56887689029952,-0.0493475604843451,107,95,0.1933441631887636,0.16918275032036204,-0.007487044659871229,0.061480797235352914,0.0521540801727361,0.0024140898067121254,0.06084122064721117,0.2454982433614997,0.0024140898067121254,0.2300239709675732,0.010158806298471894,1.0,1.0,1.0674288959017921,available,0.4022687640998238,0.4022687640998238,0.05675581159518467,0.05675581159518467,0.47227543964473007,0.47227543964473007,0.0686999846602615,0.0686999846602615
2014-07-01,2014-08-29,12,baseline_revision_12m,True,-0.1383386813663759,-0.3302638665466642,108,96,0.19226812492050135,0.1678460219801471,-0.007241069530180282,0.06013038323674339,0.05161089821651328,0.0023567901822518574,0.060375854070555096,0.24387902313701465,0.0023567901822518574,0.22822187605070218,0.0099897601569544,1.0,1.0,1.2250079215210683,available,0.09655447017960167,0.09655447017960167,0.14812611044059637,0.14812611044059637,0.29313520932114673,0.29313520932114673,0.46218421005865523,0.46218421005865523
2014-08-01,2014-09-29,12,baseline_revision_12m,True,0.3235034984963593,-0.4768709500056892,109,98,0.1919854797659251,0.16653079376534705,-0.0069010913011059915,0.060369838393202736,0.05072866806754301,0.0017279712204810909,0.061069366071778784,0.2427141478334681,0.0017279712204810909,0.22760015983712584,0.007351952247642139,1.0,1.0,1.0061146474324574,available,0.11873425391385736,0.11873425391385736,0.040024305184953174,0.040024305184953174,0.6255615286562867,0.6255615286562867,0.21567991224490277,0.21567991224490277
2014-09-01,2014-10-31,12,baseline_revision_12m,True,0.5507625169664644,-0.4351894229452078,110,98,0.1909643148995191,0.166837003748211,-0.0069010913011059915,0.060369838393202736,0.05072866806754301,0.0017279712204810909,0.061069366071778784,0.2416929829670621,0.0017279712204810909,0.2279063698199898,0.007362516012151647,1.0,1.0,0.8617286160355678,available,0.1576401844457458,0.1576401844457458,0.0233518073010488,0.0233518073010488,0.7110657561254704,0.7110657561254704,0.107942252127735,0.107942252127735
2014-10-01,2014-11-26,12,baseline_revision_12m,True,0.1641133688276066,0.0721127524107853,111,99,0.19239364753064037,0.1664707223904016,-0.0061077825043900046,0.060788845524024235,0.05027333314331381,0.001743246663322401,0.06046359040572023,0.24266698067395417,0.001743246663322401,0.2269343127961218,0.007428539139827628,1.0,1.0,1.3445750867037303,available,0.35428143478891366,0.35428143478891366,0.205879687298202,0.205879687298202,0.2762076884739671,0.2762076884739671,0.16363118943891725,0.16363118943891725
2014-11-01,2014-12-23,12,baseline_revision_12m,True,1.1113016390562027,-0.6036438761122978,112,100,0.19123078433581256,0.16528214885699036,-0.003202545870241702,0.06119670095868846,0.0506095616874615,0.00184412976618993,0.05986948167384722,0.24184034602327406,0.00184412976618993,0.2251516305308376,0.007902955779340094,1.0,1.0,0.3933449894033739,available,0.10048896252297929,0.10048896252297929,0.0011683876158983808,0.0011683876158983808,0.8875938121657521,0.8875938121657521,0.010748837695370328,0.010748837695370328
2014-12-01,2015-02-02,12,baseline_revision_12m,True,0.1618846418833378,-1.3451624803750493,113,102,0.19098819676379955,0.16422452454529088,-0.007939185984738808,0.06665173689728812,0.050810619880135216,0.0004807912057659235,0.06019349557305597,0.24179881664393477,0.0004807912057659235,0.22441802011834686,0.0020639566265186118,1.0,1.0,0.6755044185671482,available,0.0014264536477904821,0.0014264536477904821,0.0008325755029227055,0.0008325755029227055,0.6275766521851628,0.6275766521851628,0.370164318664124,0.370164318664124
2015-01-01,2015-03-02,12,baseline_revision_12m,True,0.1187063397270906,0.130185197604027,114,102,0.19119471345989406,0.16922328177327092,-0.007939185984738808,0.06665173689728812,0.050810619880135216,0.0004807912057659235,0.06019349557305597,0.24200533334002927,0.0004807912057659235,0.2294167773463269,0.002040475851238062,1.0,1.0,1.3448777219446237,available,0.36174181566065927,0.36174181566065927,0.24537017749188722,0.24537017749188722,0.23359776665528337,0.23359776665528337,0.15929024019217014,0.15929024019217014
2015-02-01,2015-03-30,12,baseline_revision_12m,True,0.3042688576074968,-0.3912607789357287,115,104,0.19020885906344157,0.16833814087920979,-0.008212915498766257,0.06441985845905276,0.05138948775730738,0.00020604428354415328,0.05933763809150273,0.24159834682074893,0.00020604428354415328,0.2276757789707125,0.0008785271254832945,1.0,1.0,1.0899665134920877,available,0.15096644696848455,0.15096644696848455,0.05514481028124224,0.05514481028124224,0.5810847049374872,0.5810847049374872,0.21280403781278606,0.21280403781278606
2015-03-01,2015-04-30,12,baseline_revision_12m,True,-0.2554199267712225,0.5397717030772727,116,104,0.19026347519607628,0.16790032242720493,-0.008212915498766257,0.06441985845905276,0.05138948775730738,0.00020604428354415328,0.05933763809150273,0.24165296295338368,0.00020604428354415328,0.22723796051870765,0.0008792736661039499,1.0,1.0,0.9962802173146995,available,0.2628993003956255,0.2628993003956255,0.6083510077788414,0.6083510077788414,0.038776247660648355,0.038776247660648355,0.08997344416488473,0.08997344416488473
2015-04-01,2015-06-01,12,baseline_revision_12m,True,-0.048614211207465,-0.0529492954286446,117,106,0.18981158956917496,0.16756384822620685,-0.002115821789015345,0.061026230149584394,0.05278962974913149,-0.0014063869041448444,0.05945012138464932,0.24260121931830644,-0.0014063869041448444,0.22701396961085618,-0.0059928310277335105,1.0,1.0,1.3792730021971424,available,0.20901832715333046,0.20901832715333046,0.24673804087746432,0.24673804087746432,0.251669943265994,0.251669943265994,0.2925736887032112,0.2925736887032112
2015-05-01,2015-06-25,12,baseline_revision_12m,True,0.1805046832402059,0.1859481696527505,118,106,0.18932679736702052,0.16735894100517631,-0.002115821789015345,0.061026230149584394,0.05278962974913149,-0.0014063869041448444,0.05945012138464932,0.242116427116152,-0.0014063869041448444,0.22680906238982562,-0.006001536944289416,1.0,1.0,1.297853527263607,available,0.41842775795894727,0.41842775795894727,0.23346909479457478,0.23346909479457478,0.2247029509055286,0.2247029509055286,0.12340019634094934,0.12340019634094934
2015-06-01,2015-08-03,12,baseline_revision_12m,True,0.3642003188059753,0.0961289147035836,119,108,0.18928123767228278,0.16619888314937017,-0.001574020631722309,0.06069575292563472,0.05194436294097362,-0.0014746995794322655,0.058402230579159095,0.2412256006132564,-0.0014746995794322655,0.22460111372852926,-0.006335573089475753,1.0,0.9999999999999998,1.2184571524947674,available,0.4466064305012772,0.4466064305012771,0.13376251660143545,0.13376251660143543,0.32420744204283286,0.3242074420428328,0.09542361085445455,0.09542361085445453
2015-07-01,2015-08-28,12,baseline_revision_12m,True,0.3300514463741048,-0.3453496343234027,120,108,0.1887753845714585,0.1657711713451903,-0.001574020631722309,0.06069575292563472,0.05194436294097362,-0.0014746995794322655,0.058402230579159095,0.24071974751243214,-0.0014746995794322655,0.22417340192434937,-0.006348273888006834,1.0,1.0,1.1056818569660578,available,0.17390786648711465,0.17390786648711465,0.05897002603926765,0.05897002603926765,0.5755251949357244,0.5755251949357244,0.19159691253789335,0.19159691253789335
2015-08-01,2015-09-28,12,baseline_revision_12m,True,0.3098909793494881,-0.4297462713682141,121,109,0.1874703992924627,0.16444880397139153,0.0002012796745212698,0.06079664548525563,0.05180693095577708,-0.0014415214631695774,0.05786257872954362,0.23927733024823977,-0.0014415214631695774,0.22231138270093515,-0.00625013626605785,1.0,1.0,1.0493222754569445,available,0.13284506511670235,0.13284506511670235,0.04818496866563937,0.04818496866563937,0.6039568381395369,0.6039568381395369,0.21501312807812134,0.21501312807812134
2015-09-01,2015-10-30,12,baseline_revision_12m,True,-0.0880152604171393,-0.1694785073076656,122,110,0.18749337377249153,0.16368432098920055,0.0021503058180837266,0.06048890971081095,0.051749495331140566,-0.0014942728532847953,0.05734214652715702,0.2392428691036321,-0.0014942728532847953,0.22102646751635757,-0.006498128036030376,1.0,1.0,1.3358877163842535,available,0.15301644379860302,0.15301644379860302,0.20622415041205144,0.20622415041205144,0.275581642123336,0.275581642123336,0.3651777636660095,0.3651777636660095
2015-10-01,2015-11-25,12,baseline_revision_12m,True,0.121328787792362,-0.0785678694638483,123,111,0.18619619178742983,0.1638209559835177,0.002302731913713074,0.060097171492747174,0.051281624315908526,-0.0014873164897253664,0.05683788821629663,0.23747781610333835,-0.0014873164897253664,0.22065884419981432,-0.006497274272393985,1.0,1.0,1.3579818602106875,available,0.2584285102693984,0.2584285102693984,0.17515540735058238,0.17515540735058238,0.3398806747405849,0.3398806747405849,0.22653540763943436,0.22653540763943436
2015-11-01,2015-12-23,12,baseline_revision_12m,True,-0.1096601180473964,-0.2880788746239976,124,112,0.1855791858102403,0.16566073118731522,0.006185458595924764,0.05813043023338952,0.05250809114719083,-0.002329184943718222,0.056759059141604104,0.23808727695743112,-0.002329184943718222,0.22241979032891934,-0.010121599915360472,1.0,1.0,1.261143593879737,available,0.10996085439399783,0.10996085439399783,0.16069319020437478,0.16069319020437478,0.301129870078535,0.301129870078535,0.4282160853230924,0.4282160853230924
2015-12-01,2016-02-01,12,baseline_revision_12m,True,-0.0673571264300477,-0.3406695907468911,125,113,0.18529485597763765,0.16494517343908463,0.0027396387384865713,0.059506419425454635,0.053380994122165654,-0.002844168079203012,0.05646622995484458,0.2386758500998033,-0.002844168079203012,0.2214114033939292,-0.012372316649615907,1.0,1.0,1.231795966599255,available,0.10290837809040165,0.10290837809040165,0.13162714518622787,0.13162714518622787,0.34226200578841737,0.34226200578841737,0.4232024709349531,0.4232024709349531
2016-01-01,2016-02-26,12,baseline_revision_12m,True,0.6764631295790464,0.6879519831627675,126,114,0.18491041022627505,0.16426658836201205,0.005870204808655469,0.05940275746036387,0.054025846550938346,-0.0028559938020810563,0.05596775382634441,0.2389362567772134,-0.0028559938020810563,0.22023434218835647,-0.01245012500669864,1.0,1.0,0.5435707123025064,available,0.8511501972609022,0.8511501972609022,0.07751721513200976,0.07751721513200976,0.065654480409013,0.065654480409013,0.005678107198075044,0.005678107198075044
2016-02-01,2016-03-28,12,baseline_revision_12m,True,-0.113705887246106,0.0882325103210199,127,115,0.1838972291735111,0.16386550401480235,0.002443717347542569,0.06185766567433466,0.054902129493214866,-0.0037982881294055257,0.05616986466632887,0.23879935866672597,-0.0037982881294055257,0.22003536868113122,-0.016570098136087032,1.0,1.0,1.3580449994912507,available,0.23191588953907916,0.23191588953907916,0.342683892174749,0.342683892174749,0.1760875383863889,0.1760875383863889,0.24931267989978295,0.24931267989978295
2016-03-01,2016-04-29,12,baseline_revision_12m,True,-0.4328119401644561,-0.5361958966990513,128,116,0.18349932657113466,0.1650200845395836,0.001915667043674249,0.0644675754096894,0.05445706477785094,-0.003925126517919377,0.056471580004431844,0.2379563913489856,-0.003925126517919377,0.22149166454401545,-0.01709725067722501,1.0,1.0,0.8636996372946381,available,0.022911180241544593,0.022911180241544593,0.1043741823148624,0.1043741823148624,0.16455848369347414,0.16455848369347414,0.7081561537501189,0.7081561537501189
2016-04-01,2016-05-31,12,baseline_revision_12m,True,0.5932383092788439,0.2656979783823697,129,117,0.18314484753693677,0.1640579430581965,0.002796822993711445,0.06260031768666695,0.05407845031243892,-0.004083794614939721,0.05639269425316632,0.23722329784937568,-0.004083794614939721,0.2204506373113628,-0.017857865317032415,1.0,1.0,0.9481238095749588,available,0.6334003117429344,0.6334003117429344,0.0808656524432641,0.0808656524432641,0.25498942342705033,0.25498942342705033,0.03074461238675119,0.03074461238675119
2016-05-01,2016-06-29,12,baseline_revision_12m,True,0.1506774783616455,0.0191903212938631,130,119,0.18235422809275809,0.16281199850419753,0.004685982198934472,0.06123795722573139,0.05376162707287301,-0.0036949657023113854,0.056117452708884415,0.2361158551656311,-0.0036949657023113854,0.21892945121308194,-0.01625158568023996,1.0,1.0,1.3557596217683539,available,0.31858408487682244,0.31858408487682244,0.1977734733308894,0.1977734733308894,0.3031691157986216,0.3031691157986216,0.18047332599366656,0.18047332599366656
2016-06-01,2016-08-02,12,baseline_revision_12m,True,0.208142477007803,-0.124384862916659,131,119,0.1834304019146612,0.16187821054836027,0.004685982198934472,0.06123795722573139,0.05376162707287301,-0.0036949657023113854,0.056117452708884415,0.23719202898753422,-0.0036949657023113854,0.21799566325724468,-0.01624936669718889,1.0,1.0,1.3082236602733082,available,0.26054702770828947,0.26054702770828947,0.1344163384463588,0.1344163384463588,0.4049004244341315,0.4049004244341315,0.20013620941122018,0.20013620941122018
2016-07-01,2016-08-29,12,baseline_revision_12m,True,0.5240539225972767,-0.3827696524263637,132,121,0.18373472147662465,0.16076080896463746,0.00422509591285981,0.0626947575285449,0.05321243115156259,-0.0033479116099606673,0.05562711715099521,0.23694715262818725,-0.0033479116099606673,0.21638792611563268,-0.014785353894386528,1.0,1.0,0.9141058824108426,available,0.17543845950367942,0.17543845950367942,0.029858021943968527,0.029858021943968527,0.6837297413092641,0.6837297413092641,0.11097377724308799,0.11097377724308799
2016-08-01,2016-09-30,12,baseline_revision_12m,True,-0.3995703672491592,0.3142034235384848,133,122,0.18273712189186916,0.1608427711026915,0.004389977870547902,0.06371269295315408,0.052775975692601645,-0.003299766538324882,0.05529380439857621,0.2355130975844708,-0.003299766538324882,0.2161365755012677,-0.014625527839712472,1.0,1.0,1.0692979300776146,available,0.15262836730393745,0.15262836730393745,0.5978019416175689,0.5978019416175689,0.05252545258539512,0.05252545258539512,0.19704423849309846,0.19704423849309846
2016-09-01,2016-10-31,12,baseline_revision_12m,True,-0.0753326863644221,0.065556101855803,134,123,0.18202576288056402,0.16010370667778004,0.004626038394483305,0.06302759523661826,0.052350239850136364,-0.0032926113883045274,0.05489830763605774,0.2343760027307004,-0.0032926113883045274,0.21500201431383778,-0.014667720984246341,1.0,1.0,1.3722525965590087,available,0.24143409668324728,0.24143409668324728,0.3147815255367222,0.3147815255367222,0.19673762408704648,0.19673762408704648,0.24704675369298407,0.24704675369298407
2016-10-01,2016-11-30,12,baseline_revision_12m,True,0.0648567870382715,-0.2053549473476349,135,124,0.18094604678959095,0.15962109407224448,0.0048168233039771685,0.06257698007666995,0.05192914160536733,-0.0032765025410165347,0.05447715863047406,0.23287518839495827,-0.0032765025410165347,0.21409825270271854,-0.014673791301087327,1.0,1.0,1.3205559338604649,available,0.1797615289493627,0.1797615289493627,0.14882788653532586,0.14882788653532586,0.37369466366091153,0.37369466366091153,0.2977159208543999,0.2977159208543999
2016-11-01,2016-12-22,12,baseline_revision_12m,True,0.227075507683621,-0.508424532399137,136,124,0.17995628495202715,0.15846154574614837,0.0048168233039771685,0.06257698007666995,0.05192914160536733,-0.0032765025410165347,0.05447715863047406,0.23188542655739447,-0.0032765025410165347,0.21293870437662243,-0.014745057752063057,1.0,1.0,1.022095351459673,available,0.0910255458634438,0.0910255458634438,0.0442507406207428,0.0442507406207428,0.590352697384675,0.590352697384675,0.27437101613113846,0.27437101613113846
2016-12-01,2017-01-30,12,baseline_revision_12m,True,0.3003796785867303,0.501861102497139,137,125,0.18099687597229308,0.15762764078686128,0.004733624759270161,0.0628603118341443,0.05151122345505421,-0.0032530257321640834,0.05404786131663394,0.2325080994273473,-0.0032530257321640834,0.21167550210349523,-0.014663348493992074,1.0,1.0,0.980611037914085,available,0.631320154861859,0.631320154861859,0.23100111459763534,0.23100111459763534,0.10202036126355818,0.10202036126355818,0.035658369276947544,0.035658369276947544
2017-01-01,2017-03-01,12,baseline_revision_12m,True,-0.4931644628801949,0.8013221471149709,138,127,0.1806537144784288,0.15678687209780467,0.0012924804065235402,0.0638747735920885,0.0530597473527666,-0.0030528472123056453,0.053338582513442735,0.2337134618311954,-0.0030528472123056453,0.2101254546112474,-0.01377602341376905,1.0,1.0,0.5979501954134525,available,0.147362570069121,0.147362570069121,0.8124146100852544,0.8124146100852544,0.0064739593740708035,0.0064739593740708035,0.033748860471553815,0.033748860471553815
2017-02-01,2017-03-31,12,baseline_revision_12m,True,0.0476187456151095,0.0526154028625234,139,128,0.18042831665044967,0.1568784846591999,0.0029147939388913017,0.06344435498560332,0.05297883741977924,-0.0031181881083047424,0.05294230697738574,0.2334071540702289,-0.0031181881083047424,0.20982079163658565,-0.014090323645472264,1.0,1.0,1.3789816841873996,available,0.29206915306684184,0.29206915306684184,0.25365487993963104,0.25365487993963104,0.24718884930921875,0.24718884930921875,0.20708711768430837,0.20708711768430837
2017-03-01,2017-05-01,12,baseline_revision_12m,True,0.5057989138008048,-1.213677062618047,140,129,0.17990353448640703,0.1562018620615995,0.002217193285479177,0.06574883140938821,0.05262771767307891,-0.0033012082131202813,0.05321376409894861,0.23253125215948595,-0.0033012082131202813,0.2094156261605481,-0.014959866206904232,1.0,1.0,0.4437344193138792,available,0.0033690873266380428,0.0033690873266380428,0.000629925215871685,0.000629925215871685,0.849520586284541,0.849520586284541,0.1464804011729493,0.1464804011729493
2017-04-01,2017-05-30,12,baseline_revision_12m,True,0.6393697027489245,0.001753704329129,141,129,0.17911155916568566,0.1606974119477199,0.002217193285479177,0.06574883140938821,0.05262771767307891,-0.0033012082131202813,0.05321376409894861,0.23173927683876458,-0.0033012082131202813,0.21391117604666848,-0.01482710474237407,1.0,1.0,1.0004018486470627,available,0.4543658046064064,0.4543658046064064,0.047146880954799075,0.047146880954799075,0.45357249321607995,0.45357249321607995,0.04491482122271462,0.04491482122271462
2017-05-01,2017-06-30,12,baseline_revision_12m,True,0.0582943387046798,-0.6089129972516114,142,131,0.17845566676471225,0.16045519114966936,0.0020551521063673583,0.06509227329162832,0.05191776317696911,-0.0032774324891894704,0.05243485439403197,0.23037342994168136,-0.0032774324891894704,0.21289004554370133,-0.014799256005879042,1.0,1.0,0.9989299549075051,available,0.05027094300166579,0.05027094300166579,0.04319546443634803,0.04319546443634803,0.4980631519386741,0.4980631519386741,0.40847044062331206,0.40847044062331206
2017-06-01,2017-08-01,12,baseline_revision_12m,True,-0.0188907599155838,-0.1418708812239235,143,131,0.1774528299590059,0.15956393715278372,0.0020551521063673583,0.06509227329162832,0.05191776317696911,-0.0032774324891894704,0.05243485439403197,0.22937059313597502,-0.0032774324891894704,0.2119987915468157,-0.014862716472005074,1.0,1.0,1.35617825104889,available,0.1812806804009517,0.1812806804009517,0.19771302697485527,0.19771302697485527,0.30298753386247246,0.30298753386247246,0.3180187587617206,0.3180187587617206
2017-07-01,2017-08-31,12,baseline_revision_12m,True,0.3152253079776551,-0.1938091275195824,144,133,0.17681357826597674,0.1586327532450013,-0.0010466343077617395,0.06821710426073975,0.05209590747307906,-0.003970214337930213,0.0523168323761589,0.22890948573905578,-0.003970214337930213,0.21094958562116023,-0.018067277717314326,1.0,1.0,1.2064049794442966,available,0.24858817152350396,0.24858817152350396,0.08793411136687004,0.08793411136687004,0.4964170628786104,0.4964170628786104,0.16706065423101554,0.16706065423101554
2017-08-01,2017-09-29,12,baseline_revision_12m,True,-0.734442252538603,0.0985274893916676,145,133,0.17568854486092506,0.1578376794312947,-0.0010466343077617395,0.06821710426073975,0.05209590747307906,-0.003970214337930213,0.0523168323761589,0.22778445233400413,-0.003970214337930213,0.2101545118074536,-0.01814606889849298,1.0,1.0,0.9107903922548973,available,0.03536283017652042,0.03536283017652042,0.5497244897027254,0.5497244897027254,0.02655792131927981,0.02655792131927981,0.38835475880147446,0.38835475880147446
2017-09-01,2017-10-30,12,baseline_revision_12m,True,0.4880352840482815,0.2433072376474452,146,134,0.1756827907985651,0.15728696336956793,0.0012905227131498158,0.06756850977738495,0.052436157514662976,-0.004143489300473298,0.05197984315794726,0.2281189483132281,-0.004143489300473298,0.2092668065275152,-0.01896423672799063,1.0,1.0,1.0372298295455917,available,0.5932428757632017,0.5932428757632017,0.1093488344600948,0.1093488344600948,0.25332192528440145,0.25332192528440145,0.04408636449230208,0.04408636449230208
2017-10-01,2017-11-30,12,baseline_revision_12m,True,0.6062352658400556,0.0530539560689911,147,135,0.17584449370375874,0.1571591174855378,0.0034424195560883103,0.06649812400925317,0.05266998200940217,-0.004423521305477293,0.05174660684915272,0.22851447571316091,-0.004423521305477293,0.2089057243346905,-0.020245853728248307,1.0,1.0,1.019075176219255,available,0.4888617135345825,0.4888617135345825,0.05734214968148904,0.05734214968148904,0.4087732400537132,0.4087732400537132,0.04502289673021531,0.04502289673021531
2017-11-01,2017-12-22,12,baseline_revision_12m,True,0.3257050246713394,0.0074974218139073,148,136,0.1754132743767719,0.15852134726522146,0.003784721130619803,0.06570217127252052,0.05229576916455575,-0.004427808479997205,0.05144946019350937,0.22770904354132765,-0.004427808479997205,0.20997080745873084,-0.020249729628530437,1.0,1.0,1.2525034802853465,available,0.37863657170133236,0.37863657170133236,0.12789057201094628,0.12789057201094628,0.373917733830467,0.373917733830467,0.1195551224572543,0.1195551224572543
2017-12-01,2018-01-29,12,baseline_revision_12m,True,0.4257981279479413,0.498123775582603,149,137,0.1743941119000229,0.15809944570417664,0.0038407244761001517,0.0667215813323889,0.05191167113344507,-0.00438742968349676,0.051213525310357354,0.226305783033468,-0.00438742968349676,0.209312971014534,-0.02015878124285732,1.0,1.0,0.8809554212619323,available,0.7009271972481939,0.7009271972481939,0.16094682941984673,0.16094682941984673,0.11369737330025914,0.11369737330025914,0.02442860003170022,0.02442860003170022
2018-01-01,2018-03-01,12,baseline_revision_12m,True,-0.2220290047892426,0.6281229652380124,150,138,0.17381814109973953,0.15777905118154772,0.003857989682308076,0.06560799063851516,0.05153279496195533,-0.004358057888779264,0.05101083558194755,0.22535093606169487,-0.004358057888779264,0.20878988676349527,-0.020091325151131923,1.0,1.0,0.9167414218625706,available,0.2917949741807529,0.2917949741807529,0.6235839593293225,0.6235839593293225,0.02819972103957963,0.02819972103957963,0.05642134545034494,0.05642134545034494
2018-02-01,2018-03-29,12,baseline_revision_12m,True,0.5005198671155343,0.2508208929737748,151,139,0.17321380796248298,0.15906307636647557,0.004767188410204556,0.06243978219940245,0.05127427219493277,-0.004726871579625181,0.052036410561045916,0.22448808015741575,-0.004726871579625181,0.21109948692752148,-0.021713686922332394,1.0,1.0,1.0190127018660273,available,0.6028847291445302,0.6028847291445302,0.10455096744370579,0.10455096744370579,0.2517204545453028,0.2517204545453028,0.040843848866461197,0.040843848866461197
2018-03-01,2018-04-30,12,baseline_revision_12m,True,0.2965951023340065,0.1319748238549388,152,140,0.17355290819920394,0.15838591390865958,0.00556972876037881,0.06159617873232277,0.05099556248076621,-0.004787648924331133,0.05176168124849275,0.22454847067997014,-0.004787648924331133,0.21014759515715234,-0.02203966724724417,1.0,1.0,1.2460964339455285,available,0.4475810718873979,0.4475810718873979,0.16570404050569842,0.16570404050569842,0.2867305387504295,0.2867305387504295,0.09998434885647428,0.09998434885647428
2018-04-01,2018-05-31,12,baseline_revision_12m,True,0.7048876190177007,0.0953291140722926,153,142,0.17265741246309685,0.15747931459166492,0.006609011303460949,0.06208582017583258,0.05099251239531749,-0.004791389708918341,0.05106232304513631,0.22364992485841434,-0.004791389708918341,0.20854163763680122,-0.022186087814221274,1.0,1.0000000000000002,0.927922677566745,available,0.5418968880970435,0.5418968880970436,0.04078191253526764,0.040781912535267646,0.3900582924211318,0.3900582924211319,0.027262906946556975,0.02726290694655698
2018-05-01,2018-06-29,12,baseline_revision_12m,True,0.0190998028660649,0.4091126077126583,154,142,0.17183107642662812,0.15716693442805255,0.006609011303460949,0.06208582017583258,0.05099251239531749,-0.004791389708918341,0.05106232304513631,0.2228235888219456,-0.004791389708918341,0.20822925747318885,-0.0222438541160686,1.0,1.0,1.171414752993501,available,0.4182962823582636,0.4182962823582636,0.3967227811337856,0.3967227811337856,0.09784135225914264,0.09784135225914264,0.08713958424880808,0.08713958424880808
2018-06-01,2018-07-31,12,baseline_revision_12m,True,0.1027069495218224,-0.0493358495570647,155,143,0.17130864489799771,0.15630620862925357,0.007461786960775234,0.06229150868037009,0.050737403559354674,-0.004732564448468386,0.05070877923068334,0.22204604845735237,-0.004732564448468386,0.2070149878599369,-0.02207364825594812,1.0,1.0,1.367505240412458,available,0.26441179610287696,0.26441179610287696,0.19241429246613234,0.19241429246613234,0.32185835976097893,0.32185835976097893,0.22131555167001177,0.22131555167001177
2018-07-01,2018-08-30,12,baseline_revision_12m,True,0.1995379032146353,0.2919692600221122,156,144,0.17148525203467083,0.15537400873522722,0.008284650634473843,0.06247453798810681,0.050480099607528056,-0.004677782015912931,0.05035899634367497,0.22196535164219888,-0.004677782015912931,0.2057330050789022,-0.02188998184590382,1.0,1.0,1.2111736536458453,available,0.488888930640975,0.488888930640975,0.2512268603498997,0.2512268603498997,0.17515627530102112,0.17515627530102112,0.08472793370810422,0.08472793370810422
2018-08-01,2018-09-28,12,baseline_revision_12m,True,0.2289454380724094,-0.2895832440704905,157,145,0.1705017639011679,0.1549926354095188,0.005512226418863298,0.06162943504466744,0.051244062084792597,-0.004305564758144316,0.05011283994411476,0.2217458259859605,-0.004305564758144316,0.20510547535363355,-0.020188951825961025,1.0,1.0,1.1961288570607151,available,0.17705284943536215,0.17705284943536215,0.08422269844920194,0.08422269844920194,0.5095302239281994,0.5095302239281994,0.22919422818723656,0.22919422818723656
2018-09-01,2018-10-29,12,baseline_revision_12m,True,0.3960747981534753,0.1564604496284416,158,146,0.16951549963951895,0.1548130046552783,0.008381501743288554,0.06158471381261251,0.05209263492962382,-0.004294605567119663,0.04976752614973182,0.22160813456914277,-0.004294605567119663,0.20458053080501012,-0.020169646337964427,1.0,1.0,1.1565172367526146,available,0.5060763223223179,0.5060763223223179,0.12922128644628283,0.12922128644628283,0.29385189022116154,0.29385189022116154,0.07085050101023771,0.07085050101023771
2018-10-01,2018-11-29,12,baseline_revision_12m,True,0.3022168518911169,0.0965052470025499,159,147,0.1688367147380701,0.15424145605281334,0.0069628980031126945,0.0608442471983874,0.052031664236274054,-0.00411077744035854,0.049507251431549784,0.22086837897434416,-0.00411077744035854,0.20374870748436313,-0.019378036134630697,1.0,1.0,1.2518367777269066,available,0.4301370847818138,0.4301370847818138,0.15451059547472146,0.15451059547472146,0.3097705277470322,0.3097705277470322,0.10558179199643258,0.10558179199643258
2018-11-01,2018-12-21,12,baseline_revision_12m,True,0.3296630034628864,0.5278080862638044,160,148,0.16805201233321432,0.1536077195324562,0.009464627771554908,0.06073544028179296,0.05260398780818542,-0.0041230993823091425,0.049172219572080525,0.22065600014139974,-0.0041230993823091425,0.20277993910453673,-0.0194918669481803,1.0,1.0,0.9207302490426706,available,0.6659162270264841,0.6659162270264841,0.21350471098017065,0.21350471098017065,0.09268130776426486,0.09268130776426486,0.027897754229080363,0.027897754229080363
2018-12-01,2019-03-01,12,baseline_revision_12m,True,-0.5481786083856552,0.5556801197025594,161,150,0.16719844154772642,0.15277083077555287,0.009369691830584935,0.05953127266644935,0.052150539686489826,-0.004114962666409065,0.04863253439160889,0.21934898123421626,-0.004114962666409065,0.20140336516716176,-0.01957783784778804,1.0,1.0,0.7106405351794252,available,0.10713257016080867,0.10713257016080867,0.7850468431681051,0.7850468431681051,0.013776629289931078,0.013776629289931078,0.09404395738115516,0.09404395738115516
2019-01-01,2019-03-29,12,baseline_revision_12m,True,-0.3049042259592325,0.2876631521202786,162,151,0.16942127185612463,0.15220370454700344,0.008448053196319026,0.05904160324478242,0.05193113150551114,-0.0040193835451552765,0.04834452369318471,0.22135240336163575,-0.0040193835451552765,0.20054822824018814,-0.019076904894839104,1.0,1.0,1.1447890213400098,available,0.18917450581820547,0.18917450581820547,0.550504000202954,0.550504000202954,0.06929561953983812,0.06929561953983812,0.1910258744390024,0.1910258744390024
2019-02-01,2019-04-29,12,baseline_revision_12m,True,0.0195743090918186,-0.0682211758473318,163,152,0.16964853076705977,0.1527520718603127,0.005537987491758442,0.05775328684392203,0.0528744260528676,-0.003422904134116861,0.048276644675226896,0.22252295681992737,-0.003422904134116861,0.2010287165355396,-0.01618371698126328,1.0,1.0,1.3783631484006493,available,0.22449580351347548,0.22449580351347548,0.21503599730024875,0.21503599730024875,0.2920536812914604,0.2920536812914604,0.26841451789481535,0.26841451789481535
2019-03-01,2019-04-29,12,baseline_revision_12m,True,0.3112170434578629,-0.1826745304919458,163,152,0.16964853076705977,0.1527520718603127,0.005537987491758442,0.05775328684392203,0.0528744260528676,-0.003422904134116861,0.048276644675226896,0.22252295681992737,-0.003422904134116861,0.2010287165355396,-0.01618371698126328,1.0,1.0,1.2096600721227841,available,0.25286479945537066,0.25286479945537066,0.08898269539695336,0.08898269539695336,0.4924263875716566,0.4924263875716566,0.1657261175760194,0.1657261175760194
2019-04-01,2019-05-31,12,baseline_revision_12m,True,0.010322561143437,0.3623059809325931,165,153,0.1694351647044164,0.15189504793720784,0.007924357600584695,0.060350044048644184,0.05339786661806412,-0.002452270990667447,0.048990736811766876,0.22283303132248053,-0.002452270990667447,0.20088578474897473,-0.011590550767597697,1.0,1.0,1.2061923979048446,available,0.4008441351001868,0.4008441351001868,0.38971208235245314,0.38971208235245314,0.10787901076516948,0.10787901076516948,0.10156477178219059,0.10156477178219059
2019-05-01,2019-06-28,12,baseline_revision_12m,True,0.0762528453689883,0.1279407996730824,166,154,0.17017934954004574,0.15142783437762355,0.007484224997451028,0.060159055622715445,0.05307869332697833,-0.002423297799802612,0.04867615331071352,0.22325804286702405,-0.002423297799802612,0.20010398768833706,-0.01146503433467504,1.0,1.0,1.352467433367288,available,0.3438213280487426,0.3438213280487426,0.2687434334607846,0.2687434334607846,0.22028202070177255,0.22028202070177255,0.16715321778870024,0.16715321778870024
2019-06-01,2019-07-30,12,baseline_revision_12m,True,-0.1323977783037503,0.4332827180252437,167,155,0.16925355668006595,0.15096305509441899,0.007425397351463727,0.06002689117594562,0.05273456289444226,-0.0024063569866944593,0.04836278184646491,0.2219881195745082,-0.0024063569866944593,0.1993258369408839,-0.011439667237732796,1.0,1.0,1.1177679407939605,available,0.32366385621133986,0.32366385621133986,0.5104341575597964,0.5104341575597964,0.06568898357843589,0.06568898357843589,0.10021300265042787,0.10021300265042787
2019-07-01,2019-08-30,12,baseline_revision_12m,True,0.0519070977949924,0.3324801108377178,168,156,0.16858368934659815,0.15131931900834128,0.007697746269842913,0.06043022397375091,0.052405911041627895,-0.0023736959317175906,0.04807614156501088,0.22098960038822604,-0.0023736959317175906,0.19939546057335217,-0.01130788892051878,1.0,1.0,1.2264268655477508,available,0.4184390027328382,0.4184390027328382,0.3532964402599371,0.3532964402599371,0.12552215407254064,0.12552215407254064,0.10274240293468406,0.10274240293468406
2019-08-01,2019-09-27,12,baseline_revision_12m,True,0.1609787497292096,0.7195039344418219,169,157,0.16802515238430116,0.15133656182149957,0.009296464441982582,0.060166544788573556,0.05247125198208494,-0.0024246630788337066,0.047778876864256616,0.2204964043663861,-0.0024246630788337066,0.19911543868575618,-0.011571726913421775,1.0,1.0,0.8652152022766985,available,0.5997773226265538,0.5997773226265538,0.34678841059340837,0.34678841059340837,0.034356225958205276,0.034356225958205276,0.01907804082183251,0.01907804082183251
2019-09-01,2019-10-31,12,baseline_revision_12m,True,0.0558922408712616,-0.4804868515813836,170,159,0.16739586345385307,0.15144013317318003,0.009535230915953789,0.061202276000713395,0.05445529015295051,-0.0016797294365431261,0.04744137541843485,0.22185115360680357,-0.0016797294365431261,0.19888150859161488,-0.007996708858040356,1.0,1.0,1.0948067031117021,available,0.07625837277159175,0.07625837277159177,0.06438836703592493,0.06438836703592495,0.47097103103201454,0.4709710310320146,0.3883822291604687,0.3883822291604688
2019-10-01,2019-11-27,12,baseline_revision_12m,True,-0.6588702425828481,-0.2961709744317636,171,159,0.1674874858120832,0.1505860322183519,0.009535230915953789,0.061202276000713395,0.05445529015295051,-0.0016797294365431261,0.04744137541843485,0.2219427759650337,-0.0016797294365431261,0.19802740763678675,-0.008012281056473622,1.0,1.0,0.8465792645188407,available,0.020091230863568232,0.020091230863568232,0.2327585701636148,0.2327585701636148,0.0608820825697125,0.0608820825697125,0.6862681164031045,0.6862681164031045
2019-11-01,2019-12-20,12,baseline_revision_12m,True,0.789246612887962,0.3399573121118091,172,160,0.16738097068791588,0.14973372834175747,0.008870155407409142,0.06113160633936525,0.054183576120490164,-0.0016616449947106722,0.04714380106029585,0.22156454680840604,-0.0016616449947106722,0.19687752940205333,-0.007955913155563283,1.0,1.0000000000000002,0.7181334337851051,available,0.7415640236260305,0.7415640236260306,0.036649011481063844,0.03664901148106385,0.21163812579651292,0.21163812579651295,0.010148839096392748,0.01014883909639275
2019-12-01,2020-01-31,12,baseline_revision_12m,True,-0.273311139457705,-0.2203140280022994,173,161,0.16694762075595443,0.14903576158682447,0.009525554478442793,0.0619849928738383,0.0539140859884493,-0.0015612110060436004,0.046966403544601416,0.22086170674440372,-0.0015612110060436004,0.19600216513142588,-0.00750362217018159,1.0,1.0,1.2119460712178594,available,0.08586681309054278,0.08586681309054278,0.22350352933612727,0.22350352933612727,0.19456356350796367,0.19456356350796367,0.4960660940653663,0.4960660940653663
2020-01-01,2020-02-28,12,baseline_revision_12m,True,-0.2997331594520495,-0.0399176039592661,174,161,0.16621805078423194,0.1490078330618738,0.009525554478442793,0.0619849928738383,0.0539140859884493,-0.0015612110060436004,0.046966403544601416,0.22013213677268123,-0.0015612110060436004,0.1959742366064752,-0.007516581815321057,1.0,1.0,1.265135702533385,available,0.12036736150098987,0.12036736150098987,0.3437084607424222,0.3437084607424222,0.1410956881147271,0.1410956881147271,0.39482848964186085,0.39482848964186085
2020-02-01,2020-03-27,12,baseline_revision_12m,True,0.4306264925007906,0.2828402154450746,175,162,0.1657409122698175,0.14875372921548083,0.006800499849970865,0.06110980706535373,0.054782215371103476,-0.0011651555228873664,0.04679877068469729,0.22052312764092097,-0.0011651555228873664,0.19555249990017812,-0.005610804547061709,1.0,1.0,1.045060003215993,available,0.6056442781789335,0.6056442781789335,0.13313986814195705,0.13313986814195705,0.2147868011412506,0.2147868011412506,0.046429052537858895,0.046429052537858895
2020-03-01,2020-04-30,12,baseline_revision_12m,True,-10.377242347240024,-0.6906952009920202,176,165,0.1651218206672376,0.14845481745943426,0.0075763558254649975,0.06042128178988917,0.056146660726895885,-0.0016458208794329508,0.04732882057363078,0.2212684813941335,-0.0016458208794329508,0.19578363803306503,-0.007907416104797817,1.0,1.0,0.2249371630414912,available,0.0,0.0,0.05926385216906449,0.05926385216906449,0.0,0.0,0.9407361478309355,0.9407361478309355
2020-04-01,2020-05-29,12,baseline_revision_12m,True,-51.831661055699726,3.995936839130649,177,165,0.2628528323014308,0.15362076864587573,0.0075763558254649975,0.06042128178988917,0.056146660726895885,-0.0016458208794329508,0.04732882057363078,0.3189994930283267,-0.0016458208794329508,0.2009495892195065,-0.006500458796387022,1.0,1.0,1.0541205345102095e-17,available,0.0,0.0,1.0,1.0,2.460086576279611e-19,2.460086576279611e-19,0.0,0.0
2020-05-01,2020-06-26,12,baseline_revision_12m,True,3.6543188276981,-1.3623980690427513,178,166,2.31788554643699,0.5173198492296653,0.008538535601384739,0.0595765144371357,0.05596005906152903,-0.001770774005757708,0.04716044212894703,2.373845605498519,-0.001770774005757708,0.5644802913586123,-0.0015297219974416728,1.0,1.0,0.20199831068043617,available,0.034577949178974915,0.034577949178974915,0.0003116253021558345,0.0003116253021558345,0.9565714954167805,0.9565714954167805,0.008538930102088699,0.008538930102088699
2020-06-01,2020-07-31,12,baseline_revision_12m,True,4.758746319392589,-0.7326652177209303,179,168,2.3185350989082196,0.5169588314292487,0.008624815165163098,0.05955103603072018,0.0552906933363589,-0.001750487604376381,0.04659851354746712,2.3738257922445785,-0.001750487604376381,0.5635573449767158,-0.0015134412277310499,1.0,1.0,0.455065762302671,available,0.1643729458444191,0.1643729458444191,0.0001666924331002659,0.0001666924331002659,0.8346216997267603,0.8346216997267603,0.0008386619957203856,0.0008386619957203856
2020-07-01,2020-08-28,12,baseline_revision_12m,True,1.8774983936103355,1.16364406460878,180,168,2.3064962120427235,0.5206441295877821,0.008624815165163098,0.05955103603072018,0.0552906933363589,-0.001750487604376381,0.04659851354746712,2.3617869053790823,-0.001750487604376381,0.5672426431352492,-0.0015123567484383138,1.0,1.0,0.5785954617252348,available,0.8346666130984701,0.8346666130984701,0.10416336969578971,0.10416336969578971,0.05441998940237008,0.05441998940237008,0.0067500278033701955,0.0067500278033701955
2020-08-01,2020-10-01,12,baseline_revision_12m,True,1.2484067150752722,1.4173886411173866,181,170,2.29460830128447,0.5291388965920626,0.009016210678165435,0.05807636476833221,0.05488931782372793,-0.002104511969775368,0.046673524645366705,2.349497619108198,-0.002104511969775368,0.5758124212374293,-0.0018093533174622575,1.0,1.0,0.6487025666268857,available,0.7677985027450015,0.7677985027450015,0.20131193619575505,0.20131193619575505,0.02451013065179832,0.02451013065179832,0.0063794304074451524,0.0063794304074451524
2020-09-01,2020-10-30,12,baseline_revision_12m,True,0.3984833473366508,0.0192274916111271,182,170,2.2843078765499167,0.5272064714945636,0.009016210678165435,0.05807636476833221,0.05488931782372793,-0.002104511969775368,0.046673524645366705,2.3391971943736447,-0.002104511969775368,0.5738799961399302,-0.0018163830463943723,1.0,1.0,1.3648111503545513,available,0.3072119502465752,0.3072119502465752,0.2029125950072176,0.2029125950072176,0.29556496121348996,0.29556496121348996,0.19431049353271723,0.19431049353271723
2020-10-01,2020-11-25,12,baseline_revision_12m,True,0.873901781407983,-0.8682196585441536,183,171,2.272752972393315,0.5245911303197889,0.009292037415050516,0.06043507801768586,0.05457944923006987,-0.0019808805410225397,0.047350337821341654,2.327332421623385,-0.0019808805410225397,0.5719414681411306,-0.0017169327431921792,0.9999999999999999,1.0,0.9738125621008035,available,0.08980026992196252,0.08980026992196254,0.03567750057753391,0.03567750057753392,0.6268232488358042,0.6268232488358043,0.24769898066469928,0.2476989806646993
2020-11-01,2020-12-23,12,baseline_revision_12m,True,0.0415352458278681,-0.0375341347445581,184,173,2.26093973442116,0.52225290287613,0.009868339846330806,0.05797038490183567,0.054844485050448755,-0.00135354413686694,0.04792797329726012,2.3157842194716087,-0.00135354413686694,0.5701808761733902,-0.001177923410975855,1.0,1.0,1.3852709475733467,available,0.24512962497101604,0.24512962497101604,0.2350481986138822,0.2350481986138822,0.2657577676892528,0.2657577676892528,0.25406440872584896,0.25406440872584896
2020-12-01,2021-01-29,12,baseline_revision_12m,True,0.1393058315181052,0.6744226314709725,185,173,2.248978007082443,0.5199282826140831,0.009868339846330806,0.05797038490183567,0.054844485050448755,-0.00135354413686694,0.04792797329726012,2.303822492132892,-0.00135354413686694,0.5678562559113431,-0.001183392214302141,1.0,1.0,1.169953257294158,available,0.4369592970212136,0.4369592970212136,0.3776415917492714,0.3776415917492714,0.0996040116650968,0.0996040116650968,0.08579509956441816,0.08579509956441816
2021-01-01,2021-02-26,12,baseline_revision_12m,True,0.8127126556824178,0.0256043954332337,186,174,2.238159419780284,0.5190858405368409,0.009863160715922942,0.057324485395069645,0.05452746957291866,-0.0013451381179055675,0.047723523383257714,2.2926868893532024,-0.0013451381179055675,0.5668093639200986,-0.0011799836719328855,1.0,1.0,1.2999758699737007,available,0.3615294001813375,0.3615294001813375,0.1520356801728689,0.1520356801728689,0.3427472822259884,0.3427472822259884,0.14368763741980523,0.14368763741980523
2021-02-01,2021-03-26,12,baseline_revision_12m,True,-0.8636136731452471,-0.2406419735058604,187,175,2.226916223546434,0.5178545581089888,0.013126146960418408,0.057750356433303916,0.056077332176564465,-0.0010942254546217358,0.04748098933507662,2.2829935557229986,-0.0010942254546217358,0.5653355474440654,-0.0009631663993911636,1.0,1.0,1.2578028829674044,available,0.10615238746202632,0.10615238746202632,0.26831271415476127,0.26831271415476127,0.17765528212994658,0.17765528212994658,0.44787961625326583,0.44787961625326583
2021-03-01,2021-04-30,12,baseline_revision_12m,True,1.427623769941964,0.9092059412140976,188,176,2.2174331371768057,0.5152593360460214,0.010369367619508673,0.05889564495069351,0.05709446076927883,-0.0016436588971834442,0.04744052609471838,2.2745275979460846,-0.0016436588971834442,0.5626998621407397,-0.0014528731078288781,1.0,1.0000000000000002,0.8111339364541539,available,0.734647085440051,0.7346470854400511,0.15260806954923484,0.15260806954923486,0.09343251748946263,0.09343251748946264,0.01931232752125156,0.019312327521251563
2021-04-01,2021-05-28,12,baseline_revision_12m,True,0.0725493594279924,3.832135445817417,189,177,2.2079510137424054,0.5140564068957164,0.010029510583326354,0.061712119244269496,0.05679050442049136,-0.0018037440794207388,0.04857503500900664,2.264741518162897,-0.0018037440794207388,0.562631441904723,-0.0015979147234598476,1.0,1.0,0.6924104928584013,available,0.5192249057384438,0.5192249057384438,0.4807749322562806,0.4807749322562806,8.466296013748865e-08,8.466296013748865e-08,7.734231555200921e-08,7.734231555200921e-08
2021-05-01,2021-06-25,12,baseline_revision_12m,True,0.271387571396139,2.689044199686761,190,178,2.196511529234831,0.5201436763888472,0.0063528589514737985,0.06256578878866596,0.058875816678547674,-0.002352232338081553,0.04843031758397042,2.2553873459133786,-0.002352232338081553,0.5685739939728176,-0.0020771896537673516,1.0,1.0,0.6845708701826319,available,0.5715978374147638,0.5715978374147638,0.4282210579926584,0.4282210579926584,0.00010410057052254296,0.00010410057052254296,7.700402205523815e-05,7.700402205523815e-05
2021-06-01,2021-07-30,12,baseline_revision_12m,True,0.2739755805558843,2.8274965165428587,191,179,2.1854625205621816,0.5214734650386152,0.008497190427708634,0.06244475106824313,0.059368123852414544,-0.0023854761035402385,0.04816085952133338,2.2448306444145962,-0.0023854761035402385,0.5696343245599487,-0.002109527561057535,1.0,1.0,0.6835098652221996,available,0.5724946201438255,0.5724946201438255,0.427415653351641,0.427415653351641,5.166823934777426e-05,5.166823934777426e-05,3.805826518576971e-05,3.805826518576971e-05
2021-07-01,2021-08-27,12,baseline_revision_12m,True,0.5259092111725943,1.5600869267128228,192,180,2.174229951856238,0.5260259096541994,0.01045482273647096,0.06340169246659967,0.05972627672216819,-0.0020349483295748583,0.04805663707138858,2.233956228578406,-0.0020349483295748583,0.574082546725588,-0.0017969205887422499,1.0,1.0,0.7518749399693916,available,0.6249085904800359,0.6249085904800359,0.35534548906535024,0.35534548906535024,0.012620858566482516,0.012620858566482516,0.007125061888131334,0.007125061888131334
2021-08-01,2021-10-01,12,baseline_revision_12m,True,0.2433012792172466,0.8379325589510702,193,181,2.1633715448733635,0.5243710915865705,0.011654403616779394,0.06163043631911866,0.05965492203991237,-0.0024082255276423278,0.04835751580386336,2.223026466913276,-0.0024082255276423278,0.5727286073904339,-0.0021342751157960396,1.0,1.0,1.0788267736182537,available,0.4888900640882215,0.4888900640882215,0.37701091347680166,0.37701091347680166,0.07592234080246824,0.07592234080246824,0.058176681632508664,0.058176681632508664
2021-09-01,2021-10-29,12,baseline_revision_12m,True,-0.1633949188050871,1.0290425507569374,194,182,2.152231590778217,0.5228804428427895,0.012856584215368524,0.05961520382509383,0.05958837018614757,-0.002835846974115211,0.048829478693167096,2.2118199609643647,-0.002835846974115211,0.5717099215359566,-0.0025218545865291235,1.0,1.0,0.9842990641448256,available,0.4165133920512197,0.4165133920512197,0.4967234959288934,0.4967234959288934,0.03974439677719205,0.03974439677719205,0.04701871524269485,0.04701871524269485
2021-10-01,2021-11-24,12,baseline_revision_12m,True,0.6899407958142352,1.6948146751484958,195,183,2.142313189192991,0.5207671516556244,0.013670991239913225,0.05773048215446409,0.05938233791944901,-0.0031011576912550226,0.04921123302115432,2.2016955271124403,-0.0031011576912550226,0.5699783846767787,-0.0027683183223089843,0.9999999999999999,0.9999999999999999,0.6943074552352128,available,0.6705831780041926,0.6705831780041926,0.3170288854657401,0.3170288854657401,0.008443519203344069,0.008443519203344069,0.003944417326723126,0.003944417326723126
2021-11-01,2021-12-23,12,baseline_revision_12m,True,0.2569480707489244,1.9138062922328056,196,184,2.1318174805231425,0.5206242232188094,0.013332879095683625,0.05852538843753591,0.05907887911687784,-0.0031336646884438193,0.049058584363300205,2.1908963596400204,-0.0031336646884438193,0.5696828075821097,-0.0028049495239014397,0.9999999999999999,1.0,0.7183061248407115,available,0.5656969340550059,0.565696934055006,0.42869038575803947,0.4286903857580395,0.003210750284506553,0.0032107502845065534,0.00240192990244803,0.0024019299024480305
2021-12-01,2022-01-28,12,baseline_revision_12m,True,-0.2052985234395343,2.229541796707313,197,185,2.1211595478653282,0.5190994431272846,0.013338378718573818,0.05877902337242315,0.05875780384759485,-0.0031163758462422557,0.04880386279803142,2.179917351712923,-0.0031163758462422557,0.567903305925316,-0.002800867840796909,1.0,1.0,0.6985669563737484,available,0.44401314389555796,0.44401314389555796,0.5544413887795471,0.5544413887795471,0.0006928308250477345,0.0006928308250477345,0.0008526364998472369,0.0008526364998472369
2022-01-01,2022-02-25,12,baseline_revision_12m,True,0.6793901555777725,2.6329605655036863,198,186,2.1110843250414444,0.5170720369259203,0.012091968676598619,0.05784634199969627,0.058729152163716304,-0.002883304933616723,0.048701858519262176,2.1698134772051607,-0.002883304933616723,0.5657738954451825,-0.002602303352335258,1.0,1.0,0.6307817272811612,available,0.6775213830276663,0.6775213830276663,0.32224637343199564,0.32224637343199564,0.00015819830560516354,0.00015819830560516354,7.404523473297786e-05,7.404523473297786e-05
2022-02-01,2022-03-31,12,baseline_revision_12m,True,0.176989753597042,1.8598142229209496,199,188,2.1011588141002537,0.5155589328688572,0.013083872949626391,0.05922605358114737,0.05876132117766613,-0.003597137092102732,0.04969888313361594,2.15992013527792,-0.003597137092102732,0.5652578160024732,-0.00325547867684898,1.0,1.0,0.7286919580416896,available,0.5442404813928376,0.5442404813928376,0.4490733417279942,0.4490733417279942,0.00368766074850711,0.00368766074850711,0.002998516130661044,0.002998516130661044
2022-03-01,2022-04-29,12,baseline_revision_12m,True,0.3705966804931029,1.2812161474244093,200,188,2.090934291603661,0.5151221390959505,0.013083872949626391,0.05922605358114737,0.05876132117766613,-0.003597137092102732,0.04969888313361594,2.1496956127813274,-0.003597137092102732,0.5648210222295664,-0.0032644729809131294,0.9999999999999999,1.0,0.8539206117873523,available,0.5731956490261501,0.5731956490261502,0.3826861198632157,0.38268611986321577,0.026578566637877256,0.02657856663787726,0.0175396644727569,0.017539664472756903
2022-04-01,2022-05-27,12,baseline_revision_12m,True,0.4221241059009075,2.004529295827864,201,189,2.080657218081538,0.513315839639107,0.01585638396503289,0.06083211304623874,0.05990156943411002,-0.0027364208656352755,0.049922039076289344,2.140558787515648,-0.0027364208656352755,0.5632378787153963,-0.0024921454546545582,1.0,1.0,0.6920125448693363,available,0.6111948403328417,0.6111948403328417,0.38502336410637317,0.38502336410637317,0.0023309633597339446,0.0023309633597339446,0.0014508322010512442,0.0014508322010512442
2022-05-01,2022-06-30,12,baseline_revision_12m,True,-0.053996951837284,2.05419888339238,202,191,2.070569160469074,0.5128933134152771,0.015139198950499167,0.05913761634761988,0.05937478283514565,-0.0028771365242021233,0.05114864417786501,2.1299439433042195,-0.0028771365242021233,0.5640419575931421,-0.0026249478388982797,1.0,1.0,0.713812983697698,available,0.4837205262102038,0.4837205262102038,0.5131622171017887,0.5131622171017887,0.00152253933215032,0.00152253933215032,0.0015947173558573113,0.0015947173558573113
2022-06-01,2022-07-29,12,baseline_revision_12m,True,-0.0521577737129124,2.443995598768895,203,191,2.060518991231568,0.5117374189508916,0.015139198950499167,0.05913761634761988,0.05937478283514565,-0.0028771365242021233,0.05114864417786501,2.1198937740667136,-0.0028771365242021233,0.5628860631287567,-0.0026338629467951105,1.0,1.0,0.6975059521469494,available,0.4854367417009846,0.4854367417009846,0.5140013523607738,0.5140013523607738,0.0002750036261531777,0.0002750036261531777,0.00028690231208844397,0.00028690231208844397
2022-07-01,2022-08-26,12,baseline_revision_12m,True,0.2443700012439405,0.6118756454277855,204,192,2.050488392159359,0.5115340526700197,0.01483157446394688,0.05889785636055269,0.05908208960013638,-0.0028479118219504685,0.05089188732075833,2.109570481759495,-0.0028479118219504685,0.5624259399907781,-0.0026145493703997485,1.0,1.0,1.1945266152097214,available,0.44902322753794227,0.44902322753794227,0.34369464769852964,0.34369464769852964,0.11778282856233518,0.11778282856233518,0.0894992962011929,0.0894992962011929
2022-08-01,2022-09-30,12,baseline_revision_12m,True,-0.1457481649056139,1.8139837974433537,205,193,2.040528493581553,0.5097661769184569,0.013929834387354402,0.05806033013304666,0.058931305470455456,-0.002687319371721688,0.05076220529270914,2.0994597990520085,-0.002687319371721688,0.5605283822111661,-0.0024772320905192165,1.0,1.0,0.7350699912669362,available,0.4563767065909946,0.4563767065909946,0.5359246059351366,0.5359246059351366,0.00356176617544377,0.00356176617544377,0.004136921298425078,0.004136921298425078
2022-09-01,2022-10-28,12,baseline_revision_12m,True,0.210240439550025,1.3659876032935447,206,194,2.0306965380158775,0.5090888823419134,0.013479967515453713,0.058351372015578336,0.058665223678067195,-0.0026987958768027857,0.050515621528188115,2.0893617616939446,-0.0026987958768027857,0.5596045038701015,-0.0024958737662910215,1.0,1.0,0.834571562042637,available,0.5388242417501977,0.5388242417501977,0.4272523322952101,0.4272523322952101,0.018997395953591255,0.018997395953591255,0.0149260300010009,0.0149260300010009
2022-10-01,2022-12-01,12,baseline_revision_12m,True,-0.0467420200796381,0.4078793064125754,207,196,2.020899031428636,0.5085978846128855,0.014215237699326401,0.060177427596121456,0.05829110663403028,-0.0027498127040010323,0.05057384852489293,2.0791901380626663,-0.0027498127040010323,0.5591717331377783,-0.0025502538166864877,1.0,1.0,1.297381013493073,available,0.34414522826820887,0.34414522826820887,0.3631345213518416,0.3631345213518416,0.14292489495727317,0.14292489495727317,0.14979535542267636,0.14979535542267636
2022-11-01,2022-12-23,12,baseline_revision_12m,True,-0.1083737469486145,0.7309788389482788,208,196,2.011304188095025,0.5061852300719711,0.014215237699326401,0.060177427596121456,0.05829110663403028,-0.0027498127040010323,0.05057384852489293,2.069595294729055,-0.0027498127040010323,0.556759078596864,-0.0025616910218196325,1.0,1.0000000000000002,1.1369816321345199,available,0.39282180032513175,0.3928218003251318,0.4435488581893011,0.4435488581893012,0.0771533508887759,0.07715335088877591,0.08647599059679123,0.08647599059679124
2022-12-01,2023-01-27,12,baseline_revision_12m,True,-0.2779656707813678,0.5722140069035621,209,197,2.0017380423391495,0.5043843178087968,0.01455295458244344,0.060546100986995824,0.05801617140930365,-0.002711255123342473,0.05034259493910056,2.059754213748453,-0.002711255123342473,0.5547269127478973,-0.0025364310881020855,1.0,1.0,1.2096801968652766,available,0.3293202495845476,0.3293202495845476,0.44951897588533385,0.44951897588533385,0.09389320622107528,0.09389320622107528,0.1272675683090433,0.1272675683090433
2023-01-01,2023-02-24,12,baseline_revision_12m,True,0.3260573558767672,1.6573536212945263,210,198,1.992512173053721,0.5022606332478046,0.01510274222218449,0.06063047627992407,0.0577815218341415,-0.002688307485336334,0.050088458371528234,2.0502936948878623,-0.002688307485336334,0.5523490916193328,-0.0025261787709226005,1.0,1.0,0.745656378079281,available,0.5824363837497053,0.5824363837497053,0.4046904907480684,0.4046904907480684,0.007628554313246903,0.007628554313246903,0.005244571188979363,0.005244571188979363
2023-02-01,2023-03-31,12,baseline_revision_12m,True,-0.1561992645064282,1.0711579925746364,211,199,1.9832985520231707,0.5016148929249054,0.012617266608216805,0.05862288119011706,0.05871903618279031,-0.00168175427575545,0.05063754353042964,2.0420175882059612,-0.00168175427575545,0.552252436455335,-0.0015836674153820217,0.9999999999999999,0.9999999999999999,0.955074181046724,available,0.42227536319782505,0.42227536319782505,0.5029888728708738,0.5029888728708738,0.03420400733573983,0.03420400733573983,0.04053175659556124,0.04053175659556124
2023-03-01,2023-04-28,12,baseline_revision_12m,True,0.0779494534274871,0.793517713478652,212,200,1.974005844889464,0.49961289073448134,0.013638170840410578,0.05832382370383989,0.05863241473947065,-0.0017343650599260328,0.05040097058870847,2.0326382596289347,-0.0017343650599260328,0.5500138613231899,-0.0016403013808835906,1.0,1.0,1.101343993850558,available,0.4473925989327105,0.4473925989327105,0.41029000086333545,0.41029000086333545,0.07440841860473207,0.07440841860473207,0.06790898159922193,0.06790898159922193
2023-04-01,2023-05-26,12,baseline_revision_12m,True,0.2306513079528956,0.7928366730527708,213,201,1.9647848676195383,0.49753299682264046,0.013443281453755264,0.05845369104857832,0.058346887022252505,-0.0017307804978260906,0.050152355706738046,2.0231317546417906,-0.0017307804978260906,0.5476853525293786,-0.0016442367338406444,1.0,1.0,1.0934279652314223,available,0.48411083586604514,0.4841108358660452,0.37387579961009926,0.3738757996100993,0.08029925012265798,0.080299250122658,0.06171411440119756,0.06171411440119757
2023-05-01,2023-06-30,12,baseline_revision_12m,True,-0.2173168473792473,1.035121058479249,214,202,1.9556181053991453,0.49623287603610294,0.011623051575517712,0.05774667797603886,0.058725877837786294,-0.0014622105331521481,0.05000381473115965,2.0143439832369316,-0.0014622105331521481,0.5462366907672626,-0.0013939675244511274,1.0,1.0,0.9661345973100064,available,0.40364242119642163,0.40364242119642163,0.5156842472766205,0.5156842472766205,0.035510143520242676,0.035510143520242676,0.045163188006715094,0.045163188006715094
2023-06-01,2023-07-28,12,baseline_revision_12m,True,-0.0703746275612321,-0.0250303822333407,215,203,1.9466277675777814,0.4942242383157452,0.011744408803960776,0.057462545015578834,0.058438145368382294,-0.0014619716296303666,0.0497726595963383,2.0050659129461637,-0.0014619716296303666,0.5439968979120835,-0.0013998335769722183,1.0,1.0,1.3851416674183183,available,0.23336826846733394,0.23336826846733394,0.25309555593408006,0.25309555593408006,0.24681266979452388,0.24681266979452388,0.2667235058040621,0.2667235058040621
2023-07-01,2023-08-31,12,baseline_revision_12m,True,0.3780230736043591,0.2980296625029319,216,205,1.937839649905346,0.49210398511847797,0.011505419475065946,0.05642125435505525,0.057909414425347805,-0.0014456772002441958,0.049409584955538426,1.9957490643306939,-0.0014456772002441958,0.5415135700740163,-0.0013906367189729593,1.0,1.0,1.3135572224884378,available,0.3977693136099263,0.3977693136099263,0.25949186086816844,0.25949186086816844,0.2077221456026812,0.2077221456026812,0.135016679919224,0.135016679919224
2023-08-01,2023-09-29,12,baseline_revision_12m,True,-0.0858683684010111,0.1436747753250475,217,205,1.9290732916953368,0.4900027204693071,0.011505419475065946,0.05642125435505525,0.057909414425347805,-0.0014456772002441958,0.049409584955538426,1.9869827061206846,-0.0014456772002441958,0.5394123054248455,-0.0013964129361615947,1.0,1.0,1.3730378822770035,available,0.2745290532323646,0.2745290532323646,0.30301835139665617,0.30301835139665617,0.20118373274433915,0.20118373274433915,0.22126886262664008,0.22126886262664008
2023-09-01,2023-10-27,12,baseline_revision_12m,True,0.1311086315943703,0.4373514429391578,218,206,1.9203559470672265,0.4878841582172891,0.012224557536420202,0.056394128813359444,0.05773346434449686,-0.0014426435602910345,0.04916871416367418,1.9780894114117233,-0.0014426435602910345,0.5370528723809632,-0.0013996761438084557,1.0,1.0,1.2788683752174053,available,0.38906385693899015,0.38906385693899015,0.33561257690089785,0.33561257690089785,0.1480716842112384,0.1480716842112384,0.1272518819488736,0.1272518819488736
2023-10-01,2023-11-30,12,baseline_revision_12m,True,-0.249762092879386,0.0642657192473765,219,207,1.9115973550546512,0.48606848797708635,0.012080815329795809,0.0565428632611716,0.05745748180599076,-0.0014400659756819763,0.04893461032595469,1.969054836860642,-0.0014400659756819763,0.535003098303041,-0.0014030570662450646,1.0,1.0,1.3738289655311535,available,0.22949430655633896,0.22949430655633896,0.30551252493700365,0.30551252493700365,0.19987078355242938,0.19987078355242938,0.265122384954228,0.265122384954228
2023-11-01,2023-12-22,12,baseline_revision_12m,True,0.1638558667854148,0.2173046462590719,220,208,1.9030871877522044,0.4839737936185058,0.01169714553065948,0.0584218405587768,0.05721052755318845,-0.0015830577584293594,0.049432566824716924,1.9602977153053929,-0.0015830577584293594,0.5334063604432228,-0.0015481272269916122,1.0,1.0,1.3543279053799742,available,0.33699153704273027,0.33699153704273027,0.27997990292605834,0.27997990292605834,0.20959072575758803,0.20959072575758803,0.17343783427362336,0.17343783427362336
2023-12-01,2024-01-26,12,baseline_revision_12m,True,0.0831196133541121,0.1116720446172479,221,209,1.8944933009121332,0.4821763024072468,0.011323095755434286,0.05907946494929126,0.056964718805930264,-0.001626857613211524,0.04928529644979513,1.9514580197180635,-0.001626857613211524,0.5314615988570419,-0.0015974747142737087,1.0,1.0,1.3777384262460302,available,0.29349136638447754,0.29349136638447754,0.26738136708563226,0.26738136708563226,0.2302320796395499,0.2302320796395499,0.20889518689034037,0.20889518689034037
2024-01-01,2024-02-29,12,baseline_revision_12m,True,-0.0892937796153958,1.1709441400923557,222,211,1.886001357538704,0.4805411223018918,0.011735069469751443,0.05985638659415278,0.0567518824758664,-0.0020467008240438035,0.04958443085916559,1.9427532400145704,-0.0020467008240438035,0.5301255531610574,-0.0020167690790085504,1.0,1.0,0.9016637590252462,available,0.44880179140119175,0.44880179140119175,0.4973052534295783,0.4973052534295783,0.02565793984615545,0.02565793984615545,0.028235015323074486,0.028235015323074486
2024-02-01,2024-03-29,12,baseline_revision_12m,True,-0.0067941694265624,0.6174690636885556,223,211,1.8776013215166958,0.47868695875014566,0.011735069469751443,0.05985638659415278,0.0567518824758664,-0.0020467008240438035,0.04958443085916559,1.9343532039925622,-0.0020467008240438035,0.5282713896093113,-0.0020246871686358894,1.0,1.0,1.1904608214674033,available,0.3993175420425724,0.3993175420425724,0.40289355416473716,0.40289355416473716,0.09873361509593792,0.09873361509593792,0.09905528869675251,0.09905528869675251
2024-03-01,2024-04-26,12,baseline_revision_12m,True,0.2285633560956129,0.606129496388919,224,212,1.8692962802494324,0.47682909979837934,0.011864428041326685,0.05983974418167725,0.05648646373989673,-0.0020374572219439293,0.049349492274132815,1.9257827439893291,-0.0020374572219439293,0.5261785920725122,-0.002024036157174896,1.0,1.0,1.1873007164663756,available,0.4511495430096043,0.4511495430096043,0.3471606892925121,0.3471606892925121,0.11426179550371751,0.11426179550371751,0.08742797219416609,0.08742797219416609
2024-04-01,2024-05-31,12,baseline_revision_12m,True,-0.129401873100278,0.260530277611939,225,214,1.8609958845971224,0.47513306877221767,0.010771706767008489,0.05982571769493974,0.056091566262502265,-0.0020399690010249856,0.04895117604087715,1.9170874508596247,-0.0020399690010249856,0.5240842448130948,-0.0020351763810475677,1.0,1.0,1.3434833585280916,available,0.2961162351568292,0.2961162351568292,0.34441530874388937,0.34441530874388937,0.16665335572329837,0.16665335572329837,0.19281510037598304,0.19281510037598304
2024-05-01,2024-06-28,12,baseline_revision_12m,True,0.1939491078727108,0.1104996633953446,226,214,1.8527778515786042,0.4732711489235583,0.010771706767008489,0.05982571769493974,0.056091566262502265,-0.0020399690010249856,0.04895117604087715,1.9088694178411065,-0.0020399690010249856,0.5222223249644354,-0.0020431852324664743,1.0,1.0,1.372645847170957,available,0.3113658300282929,0.3113658300282929,0.2493991771471336,0.2493991771471336,0.24445358025939434,0.24445358025939434,0.19478141256517922,0.19478141256517922
2024-06-01,2024-07-26,12,baseline_revision_12m,True,0.1147568761549553,-0.2175646467812129,227,215,1.84479497972383,0.47153649128590336,0.010792910719978692,0.05820034314624701,0.05582955280541892,-0.0020378462741798644,0.0492904283486627,1.900624532529249,-0.0020378462741798644,0.5208269196345661,-0.0020482197181438803,1.0,1.0,1.3557518592763067,available,0.20310905478105445,0.20310905478105445,0.17841966476269466,0.17841966476269466,0.3300604756107781,0.3300604756107781,0.28841080484547277,0.28841080484547277
2024-07-01,2024-08-30,12,baseline_revision_12m,True,-0.2545571444545697,-0.0368501655876137,228,216,1.8368058032299657,0.46981557454621753,0.010572478132020509,0.0582584028279331,0.05558037602036921,-0.0020311323405284975,0.04906189866254356,1.892386179250335,-0.0020311323405284975,0.5188774732087611,-0.0020497501611140326,1.0,1.0,1.3746457443685438,available,0.20427539583957244,0.20427539583957244,0.27532471982338147,0.27532471982338147,0.2223209642346986,0.2223209642346986,0.2980789201023475,0.2980789201023475
2024-08-01,2024-09-27,12,baseline_revision_12m,True,0.2186596728762253,0.3622435474530221,229,217,1.8290085947420824,0.46779737244970127,0.010016847275737375,0.05760182432181151,0.05539005293043381,-0.0019425640348296506,0.048928307930439646,1.8843986476725163,-0.0019425640348296506,0.5167256803801409,-0.0019686065646051672,1.0,1.0,1.3019219798207586,available,0.3899924555183659,0.3899924555183659,0.3028524323829202,0.3028524323829202,0.17328644774316493,0.17328644774316493,0.133868664355549,0.133868664355549
2024-09-01,2024-10-31,12,baseline_revision_12m,True,-0.0016905787281518,0.4315840089172421,230,219,1.8211879291542832,0.4659096424893684,0.009139997575155838,0.05660936805651472,0.0549674253133836,-0.001811395382239614,0.04878408143363712,1.8761553544676668,-0.001811395382239614,0.5146937239230055,-0.0018433356457757087,1.0,1.0,1.2800777472019198,available,0.3625335649211639,0.3625335649211639,0.3637384184809977,0.3637384184809977,0.13697404311413303,0.13697404311413303,0.13675397348370538,0.13675397348370538
2024-10-01,2024-11-27,12,baseline_revision_12m,True,-0.1483932107127908,0.4248455365526835,231,219,1.8134045088943862,0.46405267280820156,0.009139997575155838,0.05660936805651472,0.0549674253133836,-0.001811395382239614,0.04878408143363712,1.8683719342077698,-0.001811395382239614,0.5128367542418387,-0.0018505124758713967,1.0,1.0,1.279027277744909,available,0.3302284113064865,0.3302284113064865,0.39326637108334334,0.39326637108334334,0.1265460908195698,0.1265460908195698,0.14995912679060036,0.14995912679060036
2024-11-01,2024-12-20,12,baseline_revision_12m,True,-0.0792082405129053,0.2491800813760949,232,220,1.8056285532333933,0.46225792192526705,0.00926638143275174,0.056472386774077246,0.05471994653721481,-0.0018069328594849988,0.04856545112270885,1.8603484997706081,-0.0018069328594849988,0.5108233730479759,-0.0018535720891498543,1.0,1.0,1.3475798038472235,available,0.3031492529784802,0.3031492529784802,0.33317117006707303,0.33317117006707303,0.173696043414806,0.173696043414806,0.18998353353964076,0.18998353353964076
2024-12-01,2025-01-31,12,baseline_revision_12m,True,0.3346225681482522,-0.0069090998513087,233,222,1.7979220068705475,0.4604883456118032,0.008902836912283073,0.05644592093052979,0.05424597882199277,-0.0017817406691248653,0.048135141803248016,1.8521679856925402,-0.0017817406691248653,0.5086234874150513,-0.0018357185682347417,1.0,1.0,1.3672824588423034,available,0.29596416140555487,0.29596416140555487,0.20017104294021537,0.20017104294021537,0.30114648659427673,0.30114648659427673,0.20271830905995297,0.20271830905995297
2025-01-01,2025-02-28,12,baseline_revision_12m,True,-0.0175698242318299,0.689049166153312,234,222,1.7903612163167604,0.4585499479110439,0.008902836912283073,0.05644592093052979,0.05424597882199277,-0.0017817406691248653,0.048135141803248016,1.844607195138753,-0.0017817406691248653,0.5066850897142919,-0.0018429921343654167,1.0,1.0,1.1434168345116589,available,0.41225554227857386,0.41225554227857386,0.42122549657645125,0.42122549657645125,0.08258370060281528,0.08258370060281528,0.0839352605421596,0.0839352605421596
2025-02-01,2025-03-28,12,baseline_revision_12m,True,0.1016662438173484,0.5857691631532584,235,223,1.782964582775573,0.4578900167354479,0.007502695774747378,0.05635460102616693,0.05443879569675723,-0.0017452018619402725,0.04792017650963036,1.83740337847233,-0.0017452018619402725,0.5058101932450783,-0.0018102961333581941,1.0,1.0000000000000002,1.1987157065364646,available,0.42102118747908074,0.4210211874790808,0.37390420187815054,0.3739042018781506,0.10887236754289892,0.10887236754289893,0.0962022430998698,0.09620224309986981
2025-03-01,2025-04-30,12,baseline_revision_12m,True,-0.0206904666919898,-0.5078656215408891,236,225,1.7755595083406661,0.4563166771257485,0.00739702565086464,0.056685713069975587,0.05447912332008748,-0.0020163104965703767,0.04765686167019401,1.8300386316607535,-0.0020163104965703767,0.5039735387959425,-0.0020995364314466162,1.0,1.0,1.2408829842582434,available,0.11688565650797078,0.11688565650797078,0.12029732851180142,0.12029732851180142,0.37701289018982564,0.37701289018982564,0.38580412479040216,0.38580412479040216
2025-04-01,2025-05-30,12,baseline_revision_12m,True,-0.0438281038117294,0.3497217911734319,237,225,1.7682622723684702,0.45468486526440044,0.00739702565086464,0.056685713069975587,0.05447912332008748,-0.0020163104965703767,0.04765686167019401,1.8227413956885576,-0.0020163104965703767,0.5023417269345944,-0.002107149044045253,1.0,1.0,1.312594356083205,available,0.33535204970270593,0.33535204970270593,0.3537925589569308,0.3537925589569308,0.15169931664084124,0.15169931664084124,0.15915607469952203,0.15915607469952203
2025-05-01,2025-06-27,12,baseline_revision_12m,True,-0.2118162217902984,0.1647190126506519,238,226,1.7608405731811363,0.45312900247108806,0.007366228926671316,0.05615402372937374,0.05423720823014728,-0.002003648527050355,0.047508942139513816,1.8150777814112835,-0.002003648527050355,0.5006379446106018,-0.002101899949691188,1.0,1.0,1.361429105050862,available,0.258717352787706,0.258717352787706,0.3333240561892322,0.3333240561892322,0.1788178377380092,0.1788178377380092,0.22914075328505257,0.22914075328505257
2025-06-01,2025-07-31,12,baseline_revision_12m,True,0.0694946356053686,0.3709951514483184,239,228,1.7535385919982305,0.4514459224176697,0.006554916405649906,0.05596350102612124,0.05386671420671816,-0.002045047723890052,0.04727412241022395,1.8074053062049487,-0.002045047723890052,0.4987200448278936,-0.002154007736623255,1.0,1.0,1.3028838783181094,available,0.3643007160578152,0.3643007160578153,0.3360255838746608,0.33602558387466086,0.15631223610257405,0.15631223610257408,0.14336146396494986,0.1433614639649499
2025-07-01,2025-08-29,12,baseline_revision_12m,True,-0.0922559901769511,0.503101166728846,240,228,1.7462570364895922,0.4496276389310911,0.006554916405649906,0.05596350102612124,0.05386671420671816,-0.002045047723890052,0.04727412241022395,1.8001237506963104,-0.002045047723890052,0.49690176134131503,-0.002162305227340052,1.0,1.0,1.2400620646647293,available,0.35998714266669396,0.35998714266669396,0.4023087196987222,0.4023087196987222,0.11260271215751017,0.11260271215751017,0.1251014254770737,0.1251014254770737
2025-08-01,2025-09-26,12,baseline_revision_12m,True,-0.0378097663851234,0.6316313120968754,241,229,1.7390475310037619,0.44794611627886954,0.006671921317657024,0.0560740782730387,0.053633591732487974,-0.002033115395769695,0.04706957982607952,1.7926811227362498,-0.002033115395769695,0.49501569610494905,-0.0021582463816039133,1.0,1.0,1.1712794466085914,available,0.39825621586317456,0.39825621586317456,0.4170836733775624,0.4170836733775624,0.09047946830881765,0.09047946830881765,0.09418064245044538,0.09418064245044538
2025-09-01,2025-12-05,12,baseline_revision_12m,True,-0.0955796358022069,0.1228868960593906,242,232,1.7318841834580756,0.44618525433285394,0.005846372989517353,0.055944165966834894,0.053045362828882794,-0.001978068581985503,0.046487489235677255,1.7849295462869583,-0.001978068581985503,0.4926727435685312,-0.0021093640383864055,1.0,1.0,1.374977167675773,available,0.2681754276246664,0.2681754276246664,0.3013145653253493,0.3013145653253493,0.20330818123086103,0.20330818123086103,0.2272018258191233,0.2272018258191233
2025-10-01,,12,baseline_revision_12m,True,,,0,0,,,,,,,,,,,,,,,score_unavailable,,,,,,,,
2025-11-01,,12,baseline_revision_12m,True,,,0,0,,,,,,,,,,,,,,,score_unavailable,,,,,,,,
2025-12-01,2026-02-20,12,baseline_revision_12m,True,0.0610129919486151,0.4250788445977681,243,234,1.7247644263041761,0.44437237586971856,0.006367274451289966,0.05559830661450864,0.05264960265462882,-0.001934501525243437,0.04618336040187275,1.777414028958805,-0.001934501525243437,0.4905557362715913,-0.0020717177900703024,1.0,1.0,1.2776735726110409,available,0.37703615558960496,0.37703615558960496,0.3510089962072306,0.3510089962072306,0.14121483793732742,0.14121483793732742,0.13074001026583704,0.13074001026583704
2026-01-01,2026-03-13,12,baseline_revision_12m,True,0.1774511973178162,0.8743136345169217,244,235,1.7177277838710658,0.4431864591375381,0.005285247201509927,0.055720462490370826,0.05269973835046362,-0.0019572957815130626,0.045989502297462403,1.7704275222215295,-0.0019572957815130626,0.48917596143500053,-0.002103220616892179,1.0,1.0,1.0248026584884506,available,0.49447338123626117,0.49447338123626117,0.3998898216500977,0.3998898216500977,0.058574012498556094,0.058574012498556094,0.04706278461508506,0.04706278461508506
2026-02-01,2026-04-09,12,baseline_revision_12m,True,-0.1096538454293891,0.4785810806479448,245,236,1.7108134550820167,0.4415540034597708,0.0050698811995086085,0.05639950913050491,0.052486430418214,-0.00198348034346757,0.04590262291180261,1.7632998855002306,-0.00198348034346757,0.4874566263715734,-0.0021394237962183535,1.0,1.0,1.2494634160666231,available,0.3516756053661785,0.3516756053661785,0.40180024621038307,0.40180024621038307,0.11541821302013389,0.11541821302013389,0.13110593540330456,0.13110593540330456
2026-03-01,2026-04-30,12,baseline_revision_12m,True,-0.1181601808241327,0.1438019154983097,246,236,1.7038678856438854,0.44016974638772,0.0050698811995086085,0.05639950913050491,0.052486430418214,-0.00198348034346757,0.04590262291180261,1.7563543160620994,-0.00198348034346757,0.4860723692995226,-0.002146700055818778,1.0,1.0,1.3703558735997272,available,0.2698563377891062,0.2698563377891062,0.31184960102204323,0.31184960102204323,0.19462144543558246,0.19462144543558246,0.22367261575326808,0.22367261575326808
2026-04-01,2026-05-28,12,baseline_revision_12m,True,0.1247488547515804,0.7735514248814588,247,237,1.6971528208460238,0.4386815232501023,0.005476596853885254,0.05765028913725867,0.052303234266096316,-0.001854511067025058,0.04607889507054071,1.74945605511212,-0.001854511067025058,0.484760418320643,-0.0020137907175610393,1.0,1.0,1.0828913864883734,available,0.4657525150521384,0.4657525150521384,0.40096967246988857,0.40096967246988857,0.07181838667690205,0.07181838667690205,0.061459425801071055,0.061459425801071055
2026-05-01,2026-06-25,12,baseline_revision_12m,True,0.0273944260020107,0.4104760171455257,248,238,1.690406847974234,0.4371022225777805,0.005509030017584231,0.056995054589350884,0.052082795868524275,-0.0018517439422001186,0.0459866504433832,1.7424896438427584,-0.0018517439422001186,0.48308887302116366,-0.0020182841634331637,1.0,1.0,1.2834931401885108,available,0.36701084096501885,0.36701084096501885,0.35558619001000596,0.35558619001000596,0.14126774180639784,0.14126774180639784,0.13613522721857735,0.13613522721857735
2026-06-01,,12,baseline_revision_12m,True,,,0,0,,,,,,,,,,,,,,,score_unavailable,,,,,,,,
