reference_month,score_available_at,revision_horizon_months,specification_id,is_baseline,growth_score,inflation_score,disagreement_training_months,revision_training_months,growth_disagreement_variance,inflation_disagreement_variance,growth_revision_mean,inflation_revision_mean,growth_revision_variance,growth_inflation_revision_covariance,inflation_revision_variance,growth_map_variance,growth_inflation_map_covariance,inflation_map_variance,map_correlation,quadrant_weight_sum,probability_sum,entropy,mapping_status,weight_growth_up_inflation_up,probability_growth_up_inflation_up,weight_growth_down_inflation_up,probability_growth_down_inflation_up,weight_growth_up_inflation_down,probability_growth_up_inflation_down,weight_growth_down_inflation_down,probability_growth_down_inflation_down
2000-01-01,,3,sensitivity_revision_3m,False,0.878902291330785,,0,0,,,,,,,,,,,,,,,score_unavailable,,,,,,,,
2000-02-01,,3,sensitivity_revision_3m,False,-0.070212985758635,,0,0,,,,,,,,,,,,,,,score_unavailable,,,,,,,,
2000-03-01,,3,sensitivity_revision_3m,False,0.2703946659462918,,0,0,,,,,,,,,,,,,,,score_unavailable,,,,,,,,
2000-04-01,,3,sensitivity_revision_3m,False,0.9502714434372256,,0,0,,,,,,,,,,,,,,,score_unavailable,,,,,,,,
2000-05-01,,3,sensitivity_revision_3m,False,-0.1431533507136067,,0,0,,,,,,,,,,,,,,,score_unavailable,,,,,,,,
2000-06-01,,3,sensitivity_revision_3m,False,-0.0605783096260378,,0,0,,,,,,,,,,,,,,,score_unavailable,,,,,,,,
2000-07-01,,3,sensitivity_revision_3m,False,-0.1807918312686718,,0,0,,,,,,,,,,,,,,,score_unavailable,,,,,,,,
2000-08-01,,3,sensitivity_revision_3m,False,-0.1858969809408361,,0,0,,,,,,,,,,,,,,,score_unavailable,,,,,,,,
2000-09-01,,3,sensitivity_revision_3m,False,0.5791627000024956,,0,0,,,,,,,,,,,,,,,score_unavailable,,,,,,,,
2000-10-01,,3,sensitivity_revision_3m,False,-0.3615022915432911,,0,0,,,,,,,,,,,,,,,score_unavailable,,,,,,,,
2000-11-01,,3,sensitivity_revision_3m,False,-0.5333561027463194,,0,0,,,,,,,,,,,,,,,score_unavailable,,,,,,,,
2000-12-01,,3,sensitivity_revision_3m,False,-0.5516733450634137,,0,0,,,,,,,,,,,,,,,score_unavailable,,,,,,,,
2001-01-01,,3,sensitivity_revision_3m,False,-0.4518926930374925,,0,0,,,,,,,,,,,,,,,score_unavailable,,,,,,,,
2001-02-01,,3,sensitivity_revision_3m,False,-0.5373400077242031,,0,0,,,,,,,,,,,,,,,score_unavailable,,,,,,,,
2001-03-01,,3,sensitivity_revision_3m,False,-0.4028770811347093,,0,0,,,,,,,,,,,,,,,score_unavailable,,,,,,,,
2001-04-01,,3,sensitivity_revision_3m,False,-1.1285746856062384,,0,0,,,,,,,,,,,,,,,score_unavailable,,,,,,,,
2001-05-01,,3,sensitivity_revision_3m,False,-0.486729116043501,,0,0,,,,,,,,,,,,,,,score_unavailable,,,,,,,,
2001-06-01,,3,sensitivity_revision_3m,False,-0.9775597538437792,,0,0,,,,,,,,,,,,,,,score_unavailable,,,,,,,,
2001-07-01,,3,sensitivity_revision_3m,False,-0.4298743778674968,,0,0,,,,,,,,,,,,,,,score_unavailable,,,,,,,,
2001-08-01,,3,sensitivity_revision_3m,False,-1.4548806422361498,,0,0,,,,,,,,,,,,,,,score_unavailable,,,,,,,,
2001-09-01,,3,sensitivity_revision_3m,False,-2.1280358874727017,,0,0,,,,,,,,,,,,,,,score_unavailable,,,,,,,,
2001-10-01,,3,sensitivity_revision_3m,False,-0.7510356904534671,,0,0,,,,,,,,,,,,,,,score_unavailable,,,,,,,,
2001-11-01,,3,sensitivity_revision_3m,False,-1.8029799614556024,,0,0,,,,,,,,,,,,,,,score_unavailable,,,,,,,,
2001-12-01,,3,sensitivity_revision_3m,False,-0.94403909171963,,0,0,,,,,,,,,,,,,,,score_unavailable,,,,,,,,
2002-01-01,,3,sensitivity_revision_3m,False,-0.0686097571373605,,0,0,,,,,,,,,,,,,,,score_unavailable,,,,,,,,
2002-02-01,,3,sensitivity_revision_3m,False,0.3823969122757432,,0,0,,,,,,,,,,,,,,,score_unavailable,,,,,,,,
2002-03-01,,3,sensitivity_revision_3m,False,-0.1409672350157835,,0,0,,,,,,,,,,,,,,,score_unavailable,,,,,,,,
2002-04-01,,3,sensitivity_revision_3m,False,-0.4816822202728973,,0,0,,,,,,,,,,,,,,,score_unavailable,,,,,,,,
2002-05-01,,3,sensitivity_revision_3m,False,0.0876830122604449,,0,0,,,,,,,,,,,,,,,score_unavailable,,,,,,,,
2002-06-01,,3,sensitivity_revision_3m,False,0.1681910918925623,,0,0,,,,,,,,,,,,,,,score_unavailable,,,,,,,,
2002-07-01,,3,sensitivity_revision_3m,False,0.2335097594829348,,0,0,,,,,,,,,,,,,,,score_unavailable,,,,,,,,
2002-08-01,,3,sensitivity_revision_3m,False,-0.08783720349078,,0,0,,,,,,,,,,,,,,,score_unavailable,,,,,,,,
2002-09-01,,3,sensitivity_revision_3m,False,-0.708925606185173,,0,0,,,,,,,,,,,,,,,score_unavailable,,,,,,,,
2002-10-01,,3,sensitivity_revision_3m,False,-0.8179953748527826,,0,0,,,,,,,,,,,,,,,score_unavailable,,,,,,,,
2002-11-01,,3,sensitivity_revision_3m,False,-0.5058669023835718,,0,0,,,,,,,,,,,,,,,score_unavailable,,,,,,,,
2002-12-01,,3,sensitivity_revision_3m,False,-0.0351079319397115,,0,0,,,,,,,,,,,,,,,score_unavailable,,,,,,,,
2003-01-01,,3,sensitivity_revision_3m,False,0.4692671511375144,,0,0,,,,,,,,,,,,,,,score_unavailable,,,,,,,,
2003-02-01,,3,sensitivity_revision_3m,False,-1.1111112452105711,,0,0,,,,,,,,,,,,,,,score_unavailable,,,,,,,,
2003-03-01,,3,sensitivity_revision_3m,False,-0.6900065373701991,,0,0,,,,,,,,,,,,,,,score_unavailable,,,,,,,,
2003-04-01,,3,sensitivity_revision_3m,False,-0.8625394410313839,,0,0,,,,,,,,,,,,,,,score_unavailable,,,,,,,,
2003-05-01,,3,sensitivity_revision_3m,False,-0.2851904128718469,,0,0,,,,,,,,,,,,,,,score_unavailable,,,,,,,,
2003-06-01,,3,sensitivity_revision_3m,False,-0.7395744304367395,,0,0,,,,,,,,,,,,,,,score_unavailable,,,,,,,,
2003-07-01,,3,sensitivity_revision_3m,False,0.492754019933213,,0,0,,,,,,,,,,,,,,,score_unavailable,,,,,,,,
2003-08-01,,3,sensitivity_revision_3m,False,0.0367565057402243,,0,0,,,,,,,,,,,,,,,score_unavailable,,,,,,,,
2003-09-01,,3,sensitivity_revision_3m,False,-0.4443546968980824,,0,0,,,,,,,,,,,,,,,score_unavailable,,,,,,,,
2003-10-01,,3,sensitivity_revision_3m,False,0.0919362393856665,,0,0,,,,,,,,,,,,,,,score_unavailable,,,,,,,,
2003-11-01,,3,sensitivity_revision_3m,False,0.6462416477476985,,0,0,,,,,,,,,,,,,,,score_unavailable,,,,,,,,
2003-12-01,,3,sensitivity_revision_3m,False,0.144629839888717,,0,0,,,,,,,,,,,,,,,score_unavailable,,,,,,,,
2004-01-01,,3,sensitivity_revision_3m,False,0.3813908983833153,,0,0,,,,,,,,,,,,,,,score_unavailable,,,,,,,,
2004-02-01,,3,sensitivity_revision_3m,False,0.0500228697474305,,0,0,,,,,,,,,,,,,,,score_unavailable,,,,,,,,
2004-03-01,,3,sensitivity_revision_3m,False,-0.1292570786587226,,0,0,,,,,,,,,,,,,,,score_unavailable,,,,,,,,
2004-04-01,,3,sensitivity_revision_3m,False,0.7038154806437615,,0,0,,,,,,,,,,,,,,,score_unavailable,,,,,,,,
2004-05-01,,3,sensitivity_revision_3m,False,0.7738218371233861,,0,0,,,,,,,,,,,,,,,score_unavailable,,,,,,,,
2004-06-01,,3,sensitivity_revision_3m,False,-0.9200797224043414,,0,0,,,,,,,,,,,,,,,score_unavailable,,,,,,,,
2004-07-01,,3,sensitivity_revision_3m,False,0.5629523076965608,,0,0,,,,,,,,,,,,,,,score_unavailable,,,,,,,,
2004-08-01,,3,sensitivity_revision_3m,False,0.0464710892010532,,0,0,,,,,,,,,,,,,,,score_unavailable,,,,,,,,
2004-09-01,,3,sensitivity_revision_3m,False,0.1673610389701769,,0,0,,,,,,,,,,,,,,,score_unavailable,,,,,,,,
2004-10-01,,3,sensitivity_revision_3m,False,0.4918361115375411,,0,0,,,,,,,,,,,,,,,score_unavailable,,,,,,,,
2004-11-01,,3,sensitivity_revision_3m,False,0.0808977085972846,,0,0,,,,,,,,,,,,,,,score_unavailable,,,,,,,,
2004-12-01,,3,sensitivity_revision_3m,False,0.8152428262081213,,0,0,,,,,,,,,,,,,,,score_unavailable,,,,,,,,
2005-01-01,,3,sensitivity_revision_3m,False,0.0073747005834695,,0,0,,,,,,,,,,,,,,,score_unavailable,,,,,,,,
2005-02-01,,3,sensitivity_revision_3m,False,0.0165208103745342,,0,0,,,,,,,,,,,,,,,score_unavailable,,,,,,,,
2005-03-01,,3,sensitivity_revision_3m,False,0.3161839898599,,0,0,,,,,,,,,,,,,,,score_unavailable,,,,,,,,
2005-04-01,,3,sensitivity_revision_3m,False,0.019639592597255,,0,0,,,,,,,,,,,,,,,score_unavailable,,,,,,,,
2005-05-01,,3,sensitivity_revision_3m,False,0.0630408582941702,,0,0,,,,,,,,,,,,,,,score_unavailable,,,,,,,,
2005-06-01,,3,sensitivity_revision_3m,False,0.9253118476727552,,0,0,,,,,,,,,,,,,,,score_unavailable,,,,,,,,
2005-07-01,2005-09-01,3,sensitivity_revision_3m,False,0.3491950176525355,0.316649910226773,0,0,,,,,,,,,,,,,,,insufficient_uncertainty_history,,,,,,,,
2005-08-01,2005-09-30,3,sensitivity_revision_3m,False,-0.545779885724233,-0.4308245603970905,1,0,,,,,,,,,,,,,,,insufficient_uncertainty_history,,,,,,,,
2005-09-01,2005-10-31,3,sensitivity_revision_3m,False,-1.6521248965838184,-0.0820282102912122,2,0,,,,,,,,,,,,,,,insufficient_uncertainty_history,,,,,,,,
2005-10-01,2005-12-01,3,sensitivity_revision_3m,False,0.3703756445013726,0.308441010944619,3,0,,,,,,,,,,,,,,,insufficient_uncertainty_history,,,,,,,,
2005-11-01,2005-12-22,3,sensitivity_revision_3m,False,0.6926484378029637,0.115153379830333,4,1,,,,,,,,,,,,,,,insufficient_uncertainty_history,,,,,,,,
2005-12-01,2006-01-30,3,sensitivity_revision_3m,False,0.7867414315208408,0.1814980581770683,5,2,,,,,,,,,,,,,,,insufficient_uncertainty_history,,,,,,,,
2006-01-01,2006-03-01,3,sensitivity_revision_3m,False,0.2984341176068297,0.655213940729912,6,3,,,,,,,,,,,,,,,insufficient_uncertainty_history,,,,,,,,
2006-02-01,2006-03-31,3,sensitivity_revision_3m,False,0.1743781563165346,0.1467183052155072,7,5,,,,,,,,,,,,,,,insufficient_uncertainty_history,,,,,,,,
2006-03-01,2006-05-01,3,sensitivity_revision_3m,False,0.4671262069120755,0.6049652857275838,8,6,,,,,,,,,,,,,,,insufficient_uncertainty_history,,,,,,,,
2006-04-01,2006-05-26,3,sensitivity_revision_3m,False,0.2548306972240577,0.9902227223243992,9,6,,,,,,,,,,,,,,,insufficient_uncertainty_history,,,,,,,,
2006-05-01,2006-06-30,3,sensitivity_revision_3m,False,-0.121695827532355,0.2240135582669565,10,7,,,,,,,,,,,,,,,insufficient_uncertainty_history,,,,,,,,
2006-06-01,2006-08-01,3,sensitivity_revision_3m,False,0.2952162483598892,0.8994549418354344,11,8,,,,,,,,,,,,,,,insufficient_uncertainty_history,,,,,,,,
2006-07-01,2006-08-31,3,sensitivity_revision_3m,False,-0.0460867996797118,-0.0205586131797593,12,10,,,,,,,,,,,,,,,insufficient_uncertainty_history,,,,,,,,
2006-08-01,2006-09-29,3,sensitivity_revision_3m,False,-0.2046746162376405,-0.3834626847633109,13,10,,,,,,,,,,,,,,,insufficient_uncertainty_history,,,,,,,,
2006-09-01,2006-10-30,3,sensitivity_revision_3m,False,-0.1805797862698011,0.6166401292831553,14,11,,,,,,,,,,,,,,,insufficient_uncertainty_history,,,,,,,,
2006-10-01,2006-11-30,3,sensitivity_revision_3m,False,0.4195936776801698,-0.8440483456966317,15,12,,,,,,,,,,,,,,,insufficient_uncertainty_history,,,,,,,,
2006-11-01,2006-12-22,3,sensitivity_revision_3m,False,0.0508195325266193,0.3841540041296911,16,13,,,,,,,,,,,,,,,insufficient_uncertainty_history,,,,,,,,
2006-12-01,2007-02-01,3,sensitivity_revision_3m,False,0.2382150219524544,0.450123447838659,17,15,,,,,,,,,,,,,,,insufficient_uncertainty_history,,,,,,,,
2007-01-01,2007-03-01,3,sensitivity_revision_3m,False,-0.4228693386489757,0.2902897489544825,18,16,,,,,,,,,,,,,,,insufficient_uncertainty_history,,,,,,,,
2007-02-01,2007-03-30,3,sensitivity_revision_3m,False,0.4784457965760208,0.8009953430032368,19,17,,,,,,,,,,,,,,,insufficient_uncertainty_history,,,,,,,,
2007-03-01,2007-04-30,3,sensitivity_revision_3m,False,-0.1855990787330562,-0.3856662462357938,20,17,,,,,,,,,,,,,,,insufficient_uncertainty_history,,,,,,,,
2007-04-01,2007-06-01,3,sensitivity_revision_3m,False,0.0735121231576621,-0.1757469807073965,21,18,,,,,,,,,,,,,,,insufficient_uncertainty_history,,,,,,,,
2007-05-01,2007-06-29,3,sensitivity_revision_3m,False,-0.1567689573728961,0.0874801385546784,22,19,,,,,,,,,,,,,,,insufficient_uncertainty_history,,,,,,,,
2007-06-01,2007-07-31,3,sensitivity_revision_3m,False,0.0375772319729191,0.4669131590107416,23,21,,,,,,,,,,,,,,,insufficient_uncertainty_history,,,,,,,,
2007-07-01,2007-08-31,3,sensitivity_revision_3m,False,-0.0649418983875166,0.2984534789264527,24,21,,,,,,,,,,,,,,,insufficient_uncertainty_history,,,,,,,,
2007-08-01,2007-09-28,3,sensitivity_revision_3m,False,0.1169089186705839,-0.0490605618725946,25,22,,,,,,,,,,,,,,,insufficient_uncertainty_history,,,,,,,,
2007-09-01,2007-11-01,3,sensitivity_revision_3m,False,-0.3200524971660193,0.3742875547155408,26,24,0.1378866237982323,0.20933615979989167,0.06785898197715381,0.03381279389735412,0.027062951458680345,-0.0031627296803694183,0.04651729185847417,0.16494957525691264,-0.0031627296803694183,0.2558534516583658,-0.015395394899561491,1.0,1.0,1.0597793278795362,available,0.16451104077143872,0.16451104077143872,0.6058276032319498,0.6058276032319498,0.050827016345545234,0.050827016345545234,0.17883433965106624,0.17883433965106624
2007-10-01,2007-11-30,3,sensitivity_revision_3m,False,-0.4392900463564931,-0.2630410932728291,27,24,0.13338090531558655,0.203411743964894,0.06785898197715381,0.03381279389735412,0.027062951458680345,-0.0031627296803694183,0.04651729185847417,0.1604438567742669,-0.0031627296803694183,0.24992903582336817,-0.015794001349183885,1.0,1.0,1.008664131726515,available,0.0396382262991537,0.0396382262991537,0.2597513832427909,0.2597513832427909,0.0967469626262838,0.0967469626262838,0.6038634278317716,0.6038634278317716
2007-11-01,2007-12-21,3,sensitivity_revision_3m,False,0.2168530945189683,0.9445924057031744,28,25,0.13310820452263536,0.19733218327407748,0.07067490018842108,0.031277476983970556,0.026133563365548996,-0.003209430403713959,0.044739767160653296,0.15924176788818437,-0.003209430403713959,0.2420719504347308,-0.01634659235707185,1.0,1.0,0.730890946118495,available,0.6868414847880437,0.6868414847880437,0.285721463760353,0.285721463760353,0.019738836556655245,0.019738836556655245,0.007698214894948041,0.007698214894948041
2007-12-01,2008-01-31,3,sensitivity_revision_3m,False,-0.8733169422134637,0.5846838019418625,29,26,0.13009806591709505,0.1915204189362089,0.061630212172653125,0.030183040156161484,0.027215186744794027,-0.002823683356392407,0.04298131906544886,0.15731325266188909,-0.002823683356392407,0.23450173800165777,-0.014701454552224982,1.0,1.0,0.4270282001322945,available,0.012163232636997007,0.012163232636997007,0.8741960183166729,0.8741960183166729,0.0016744515042848296,0.0016744515042848296,0.11196629754204526,0.11196629754204526
2008-01-01,2008-02-29,3,sensitivity_revision_3m,False,-0.1846574796943405,0.7889613502629051,30,27,0.12999173255431626,0.1857226860598581,0.0656117630881662,0.021944679149578563,0.026596472980777403,-0.0036007194031956744,0.043160697395104655,0.15658820553509367,-0.0036007194031956744,0.22888338345496273,-0.019019654476533206,1.0,1.0,0.8243555518095228,available,0.3037958553116914,0.3037958553116914,0.6466411938002474,0.6466411938002474,0.016580794142612695,0.016580794142612695,0.032982156745448465,0.032982156745448465
2008-02-01,2008-03-28,3,sensitivity_revision_3m,False,-0.5806227107949871,-0.0442261662958359,31,29,0.12860075611470403,0.18432059621018396,0.05342119022063827,0.0045731779618695696,0.027275717674886808,-0.001920857049493858,0.049019522031014486,0.15587647378959085,-0.001920857049493858,0.23334011824119844,-0.010071868632885587,1.0,1.0,0.9459092710175631,available,0.03222818846892572,0.03222818846892572,0.43129740341816014,0.43129740341816014,0.038467271873454445,0.038467271873454445,0.4980071362394597,0.4980071362394597
2008-03-01,2008-05-01,3,sensitivity_revision_3m,False,-0.7259940985566395,0.0881534463598029,32,30,0.13055617562523159,0.19109127788316305,0.054757128337630925,-0.004198629900538701,0.02638871760567063,-0.002206178373861123,0.04963753208036765,0.15694489323090222,-0.002206178373861123,0.2407288099635307,-0.011350186408259022,1.0,1.0,0.8294220371606477,available,0.018768256560767416,0.018768256560767416,0.5525258703216047,0.5525258703216047,0.01466535301431593,0.01466535301431593,0.414040520103312,0.414040520103312
2008-04-01,2008-05-30,3,sensitivity_revision_3m,False,-0.6196750986964861,-0.3274009053166013,33,31,0.1339507318572418,0.18609261684390332,0.05340730405857038,-0.004014542265999602,0.025565576478596194,-0.0021403421594482644,0.047983998213661644,0.159516308335838,-0.0021403421594482644,0.23407661505756497,-0.011076476914447783,1.0,1.0,0.7895824190542332,available,0.014635852528006366,0.014635852528006366,0.23465998930748588,0.23465998930748588,0.04575094384829148,0.04575094384829148,0.7049532143162163,0.7049532143162163
2008-05-01,2008-06-27,3,sensitivity_revision_3m,False,-1.0966790424381734,0.1460527083790603,34,31,0.13703025867323732,0.18968988031155437,0.05340730405857038,-0.004014542265999602,0.025565576478596194,-0.0021403421594482644,0.047983998213661644,0.1625958351518335,-0.0021403421594482644,0.23767387852521601,-0.01088774074092945,1.0,1.0000000000000002,0.6871129786399348,available,0.001976885391577421,0.0019768853915774214,0.6157759414254704,0.6157759414254705,0.0012899357645446696,0.0012899357645446698,0.3809572374184075,0.38095723741840753
2008-06-01,2008-08-04,3,sensitivity_revision_3m,False,-0.3421000340876951,0.7988284567711473,35,33,0.14903680450539128,0.18472010799275196,0.04352923310307509,0.004404495942162132,0.025583927582271956,-0.0032502570009853987,0.04624776265093052,0.17462073208766324,-0.0032502570009853987,0.2309678706436825,-0.016184303530167116,1.0,1.0,0.7025490690208839,available,0.1960606681077458,0.1960606681077458,0.7557008684467397,0.7557008684467397,0.010428659704574295,0.010428659704574295,0.03780980374094026,0.03780980374094026
2008-07-01,2008-08-29,3,sensitivity_revision_3m,False,-0.8924553831056379,1.1673486599311405,36,33,0.14942490185307974,0.18155232248471964,0.04352923310307509,0.004404495942162132,0.025583927582271956,-0.0032502570009853987,0.04624776265093052,0.1750088294353517,-0.0032502570009853987,0.22780008513565017,-0.016278364970912965,1.0,0.9999999999999998,0.12670258071792603,available,0.016316319734356155,0.01631631973435615,0.9764574283345248,0.9764574283345245,0.00013281617399468846,0.00013281617399468843,0.007093435757124431,0.0070934357571244295
2008-08-01,2008-09-29,3,sensitivity_revision_3m,False,-1.669965009833873,0.4856541153052296,37,35,0.1489745363295876,0.17958102870736736,0.043883021164315354,0.017960137774458453,0.024274416976596117,-0.0029026597835810257,0.04667750476549138,0.17324895330618373,-0.0029026597835810257,0.22625853347285874,-0.014660822716266812,1.0,1.0,0.42929404671379623,available,2.50113505761429e-05,2.50113505761429e-05,0.8463471272652898,0.8463471272652898,5.078778721190336e-06,5.078778721190336e-06,0.15362278260541284,0.15362278260541284
2008-09-01,2008-10-31,3,sensitivity_revision_3m,False,-2.254149606849172,-0.0067644013173234,38,35,0.15200872047270506,0.1754792590995709,0.043883021164315354,0.017960137774458453,0.024274416976596117,-0.0029026597835810257,0.04667750476549138,0.17628313744930119,-0.0029026597835810257,0.22215676386506228,-0.014667664915061546,1.0,1.0,0.6930823370636061,available,1.830498796984159e-08,1.830498796984159e-08,0.49427472777477943,0.49427472777477943,2.132580101399384e-08,2.132580101399384e-08,0.5057252325944316,0.5057252325944316
2008-10-01,2008-11-26,3,sensitivity_revision_3m,False,-0.999052070602739,-0.7763768273665566,39,36,0.18983697739749367,0.17482653835372078,0.03553977084875042,0.016845038524748914,0.026086815935650515,-0.0024847987688943704,0.04538862584031293,0.21592379333314418,-0.0024847987688943704,0.2202151641940337,-0.01139507956146257,1.0,1.0,0.27673455723035073,available,0.0007285905641498669,0.0007285905641498669,0.04829128158133922,0.04829128158133922,0.015049131622051681,0.015049131622051681,0.9359309962324592,0.9359309962324592
2008-11-01,2008-12-24,3,sensitivity_revision_3m,False,-1.300674077278579,-0.4519772389586685,40,37,0.21133970309550848,0.18619234496739395,0.026527181777223692,0.016841810970998083,0.02836757234523172,-0.002414700302090014,0.04412783106351483,0.2397072754407402,-0.002414700302090014,0.2303201760309088,-0.010276769996172995,1.0,1.0,0.48663073893726105,available,0.0006529464093738557,0.0006529464093738557,0.17249908091912924,0.17249908091912924,0.0032935830974013536,0.0032935830974013536,0.8235543895740955,0.8235543895740955
2008-12-01,2009-02-02,3,sensitivity_revision_3m,False,-2.888088661694144,-0.7222584586798584,41,39,0.2257391665223847,0.18907797672163776,-0.00804477240081678,0.017448795394709362,0.05774438987439968,-0.00012290862590689825,0.04261579971018985,0.2834835563967844,-0.00012290862590689825,0.2316937764318276,-0.00047958019836538885,1.0,1.0,0.24513120058117396,available,1.931137916244552e-09,1.931137916244552e-09,0.06674270947903305,0.06674270947903305,2.7154042792076893e-08,2.7154042792076893e-08,0.9332572614357862,0.9332572614357862
2009-01-01,2009-03-02,3,sensitivity_revision_3m,False,-2.275328205302297,0.2110481508686222,42,40,0.225563660451946,0.19126809683801063,-0.008660509267153806,0.027374478731955282,0.056278929768547474,-0.00036422148885169455,0.04546385448555931,0.28184259022049346,-0.00036422148885169455,0.23673195132356994,-0.0014100477361651499,1.0,1.0,0.6358614264135078,available,6.056093423190134e-06,6.056093423190134e-06,0.667763888345737,0.667763888345737,3.044471851842978e-06,3.044471851842978e-06,0.332227011088988,0.332227011088988
2009-02-01,2009-03-27,3,sensitivity_revision_3m,False,-2.6182393799447534,0.0692847659044797,43,41,0.24110641548322945,0.1883480652691699,-0.020778160637502065,0.025254975698803438,0.06089229298839921,0.0006979034005689166,0.04451144214082946,0.3019987084716287,0.0006979034005689166,0.23285950740999933,0.0026317569858230368,1.0,1.0,0.686629976960167,available,5.325204919803816e-07,5.325204919803816e-07,0.5570829847251313,0.5570829847251313,4.1463418914977623e-07,4.1463418914977623e-07,0.4429160681201875,0.4429160681201875
2009-03-01,2009-04-30,3,sensitivity_revision_3m,False,-2.471250750975263,-0.264045239016994,44,41,0.24401455815642822,0.18609780571532578,-0.020778160637502065,0.025254975698803438,0.06089229298839921,0.0006979034005689166,0.04451144214082946,0.3049068511448274,0.0006979034005689166,0.23060924785615522,0.0026319241151128874,1.0,1.0,0.6032855812479236,available,1.1266072900140145e-06,1.1266072900140145e-06,0.2912118484317522,0.2912118484317522,2.686561070830429e-06,2.686561070830429e-06,0.708784338399887,0.708784338399887
2009-04-01,2009-06-01,3,sensitivity_revision_3m,False,-1.7984971425174063,-0.0680837300344819,45,42,0.2458308049475883,0.1829981576743322,-0.02868089098698278,0.027807503937546368,0.06203014728365073,-0.00016634021356055518,0.04369944402776771,0.30786095223123905,-0.00016634021356055518,0.2266976017020999,-0.0006296460565676871,1.0,1.0,0.6916804984949918,available,0.0002630313827503006,0.0002630313827503006,0.4428841602614594,0.4428841602614594,0.0003316922025278224,0.0003316922025278224,0.5565211161532625,0.5565211161532625
2009-05-01,2009-06-26,3,sensitivity_revision_3m,False,-1.7498325485747368,-0.6086375968742412,46,43,0.24675516150902715,0.18547733640091105,-0.03004020742715729,0.020776387921694676,0.0606326918859271,0.0002485932662189205,0.04478475454914536,0.3073878533949542,0.0002485932662189205,0.2302620909500564,0.0009344042119434699,1.0,1.0,0.3366773815754871,available,8.226453255444355e-05,8.226453255444355e-05,0.10224983015575728,0.10224983015575728,0.0007171581312862552,0.0007171581312862552,0.896950747180402,0.896950747180402
2009-06-01,2009-08-04,3,sensitivity_revision_3m,False,-1.2011205198184307,-0.0526269857018737,47,45,0.249168058436521,0.18230007946383264,-0.02215691057357499,0.024178921091839556,0.06190945447879877,-0.0002561530108878235,0.04344375307832758,0.31107751291531976,-0.0002561530108878235,0.22574383254216024,-0.0009666231879005931,1.0,1.0,0.7697925221998482,available,0.007114466068143921,0.007114466068143921,0.44878708672618306,0.44878708672618306,0.008523795412443413,0.008523795412443413,0.5355746517932296,0.5355746517932296
2009-07-01,2009-08-28,3,sensitivity_revision_3m,False,-0.037164199042837,-0.6924136978255652,48,45,0.24909839026644456,0.1881493425194429,-0.02215691057357499,0.024178921091839556,0.06190945447879877,-0.0002561530108878235,0.04344375307832758,0.31100784474524334,-0.0002561530108878235,0.23159309559777047,-0.0009544451805485634,1.0,1.0,0.9583767229519683,available,0.03550221810878751,0.03550221810878751,0.03960024504408288,0.03960024504408288,0.4379316809699336,0.4379316809699336,0.486965855877196,0.486965855877196
2009-08-01,2009-10-01,3,sensitivity_revision_3m,False,-0.0123036899813147,-0.2268279856378743,49,47,0.24987560238048967,0.18479753536462895,-0.024008580769020012,0.021959200893330554,0.059414823574371965,3.214455423743127e-05,0.04195032354097256,0.3092904259548616,3.214455423743127e-05,0.2267478589056015,0.00012138152004751254,1.0,1.0,1.3175120036712755,available,0.1556768909266199,0.1556768909266199,0.16123607568313197,0.16123607568313197,0.3354978638663911,0.3354978638663911,0.34758916952385704,0.34758916952385704
2009-09-01,2009-10-30,3,sensitivity_revision_3m,False,-0.7898062505798505,-0.595605654944342,50,47,0.2605117561039652,0.18371236392769885,-0.024008580769020012,0.021959200893330554,0.059414823574371965,3.214455423743127e-05,0.04195032354097256,0.31992657967833715,3.214455423743127e-05,0.2256626874686714,0.00011963337864600741,1.0,1.0,0.6177828193237058,available,0.008536699675530057,0.008536699675530057,0.09642030383661437,0.09642030383661437,0.07276732249558737,0.07276732249558737,0.8222756739922682,0.8222756739922682
2009-10-01,2009-11-25,3,sensitivity_revision_3m,False,-0.7565868486699769,-0.5114922994953881,51,48,0.2637783978657208,0.1821337703321466,-0.019079990853518452,0.02312693946707979,0.059316646322587346,0.00030771524636061633,0.04112321690771053,0.32309504418830814,0.00030771524636061633,0.22325698723985712,0.0011457274981310744,1.0,1.0,0.7102671151452092,available,0.012819177842471219,0.012819177842471219,0.1266912340653995,0.1266912340653995,0.07876747000352402,0.07876747000352402,0.7817221180886053,0.7817221180886053
2009-11-01,2009-12-23,3,sensitivity_revision_3m,False,0.516098950861784,-0.6766542540834031,52,49,0.26569546269444366,0.1867558483257621,-0.017633146428881055,0.02719868398945115,0.058183457438199554,0.0005899723742377377,0.041078859291450845,0.3238789201326432,0.0005899723742377377,0.22783470761721297,0.002171852828865832,1.0,1.0,0.7490055485700035,available,0.06399360276102731,0.06399360276102731,0.014158675942173432,0.014158675942173432,0.7537667459469176,0.7537667459469176,0.16808097534988167,0.16808097534988167
2009-12-01,2010-02-01,3,sensitivity_revision_3m,False,0.0038364889926813,-0.5590278321975669,53,51,0.26394453872925405,0.19096012500815707,-0.010126996127438592,0.030800924616857257,0.05793398670882179,0.0015479736801369956,0.03989966572456372,0.3218785254380758,0.0015479736801369956,0.23085979073272078,0.00567862803011609,1.0,1.0,1.0646452793033105,available,0.0619478771948202,0.0619478771948202,0.06036933156288282,0.06036933156288282,0.440749829383259,0.440749829383259,0.43693296185903796,0.43693296185903796
2010-01-01,2010-03-01,3,sensitivity_revision_3m,False,0.7587189671403385,-0.85084933150977,54,52,0.26121877858571463,0.18755351282265412,-0.007260024324107084,0.03702977569200934,0.0572254416058165,0.0024462341558161007,0.04113484579506158,0.3184442201915311,0.0024462341558161007,0.2286883586177157,0.00906482264933244,1.0,1.0,0.4613709164627003,available,0.034358974099126055,0.034358974099126055,0.0032425467512960104,0.0032425467512960104,0.876249372978425,0.876249372978425,0.08614910617115304,0.08614910617115304
2010-02-01,2010-03-29,3,sensitivity_revision_3m,False,-0.0389485284002433,-0.7236528629116258,55,53,0.26118613613815295,0.199264245540362,-0.007529844374358401,0.039885469251602905,0.056128810895720624,0.0023583534521543267,0.0407760053106676,0.3173149470338736,0.0023583534521543267,0.24004025085102962,0.008545187440013983,1.0,1.0,0.9448307507797244,available,0.033448364989247636,0.033448364989247636,0.036385919571858105,0.036385919571858105,0.43898968594869703,0.43898968594869703,0.49117602949019723,0.49117602949019723
2010-03-01,2010-05-03,3,sensitivity_revision_3m,False,0.2920463168245736,-1.1566381060027644,56,54,0.25715144541417045,0.1965507945699882,-0.006593639393263086,0.04297236420773394,0.05511710663527473,0.0024699144046466024,0.04052120842529039,0.3122685520494452,0.0024699144046466024,0.23707200299527859,0.009077737992570742,1.0,1.0,0.6616194664473548,available,0.006202767308144563,0.006202767308144563,0.0025595266843151943,0.0025595266843151943,0.6931785357957136,0.6931785357957136,0.29805917021182665,0.29805917021182665
2010-04-01,2010-05-28,3,sensitivity_revision_3m,False,0.1697828948975748,-0.2996718170688006,57,54,0.2531149798135014,0.1984395159309108,-0.006593639393263086,0.04297236420773394,0.05511710663527473,0.0024699144046466024,0.04052120842529039,0.30823208644877614,0.0024699144046466024,0.2389607243562012,0.009100803070320245,1.0,1.0,1.2471752152749533,available,0.16853383611534267,0.16853383611534267,0.10139399096084944,0.10139399096084944,0.45159239914444305,0.45159239914444305,0.27847977377936484,0.27847977377936484
2010-05-01,2010-06-28,3,sensitivity_revision_3m,False,1.2417136297720552,-0.0761477251525481,58,55,0.25376184899906595,0.1973674478809899,-0.006679615512867019,0.041904881389785154,0.05409682602948507,0.0024292230406787107,0.039833489252837764,0.307858675028551,0.0024292230406787107,0.23720093713382767,0.008989457705676322,1.0,1.0,0.7530966859916108,available,0.4324708648341738,0.4324708648341738,0.005407588174167881,0.005407588174167881,0.5549161993274245,0.5549161993274245,0.007205347664233808,0.007205347664233808
2010-06-01,2010-08-03,3,sensitivity_revision_3m,False,-0.0118204162330636,-0.6954075045761827,59,56,0.2518906958488237,0.19474013964661496,-0.00509840939574955,0.03999011655958985,0.05325325929035284,0.0022155076287386187,0.039314558157572635,0.3051439551391765,0.0022155076287386187,0.23405469780418758,0.008290146075260667,1.0,1.0,0.9601345003387765,available,0.037477145939916245,0.037477145939916245,0.037823604476822315,0.037823604476822315,0.4539867970335588,0.4539867970335588,0.4707124525497026,0.4707124525497026
2010-07-01,2010-08-30,3,sensitivity_revision_3m,False,0.1252635050931177,-0.2215513174401167,60,58,0.2511636859543238,0.19391042152548643,-0.006509822129234788,0.03929990233921924,0.05295475137453326,0.002931487385012146,0.038336374281890996,0.30411843732885707,0.002931487385012146,0.23224679580737742,0.011030413392578977,1.0,1.0,1.3058964419464731,available,0.19197341894858277,0.19197341894858277,0.1308828794642179,0.1308828794642179,0.3978710849922077,0.3978710849922077,0.2792726165949917,0.2792726165949917
2010-08-01,2010-10-01,3,sensitivity_revision_3m,False,-0.2845820630553425,-0.5818976702857279,61,59,0.25110802002862515,0.1930218175848786,-0.007788155042789428,0.039583938660999504,0.05213815238703464,0.0028595220133158343,0.037680162232806916,0.30324617241565976,0.0028595220133158343,0.23070197981768553,0.010811105850233501,1.0,1.0,0.9655226104414313,available,0.03488057487973861,0.03488057487973861,0.07797265710896129,0.07797265710896129,0.26777256785521664,0.26777256785521664,0.6193742001560835,0.6193742001560835
2010-09-01,2010-11-01,3,sensitivity_revision_3m,False,-0.4012882426688653,-0.9804017408064792,62,59,0.24746300223323553,0.1910916190019139,-0.007788155042789428,0.039583938660999504,0.05213815238703464,0.0028595220133158343,0.037680162232806916,0.29960115462027015,0.0028595220133158343,0.2287717812347208,0.010922460329224358,1.0,1.0,0.6401567300016783,available,0.004843616860993327,0.004843616860993327,0.015350349976120281,0.015350349976120281,0.22689404925518142,0.22689404925518142,0.752911983907705,0.752911983907705
2010-10-01,2010-11-24,3,sensitivity_revision_3m,False,0.102629614804038,-1.0713133824600058,63,60,0.24415088007687352,0.190415143111759,-0.00882185260599118,0.042602741487428444,0.051318566728079475,0.002623823790985902,0.03758830564559304,0.295469446804953,0.002623823790985902,0.22800344875735204,0.010108987697663878,1.0,1.0,0.7487753371637137,available,0.007272440775425493,0.007272440775425493,0.00515656888667354,0.00515656888667354,0.5676052299431897,0.5676052299431897,0.4199657603947113,0.4199657603947113
2010-11-01,2010-12-23,3,sensitivity_revision_3m,False,-0.1058823167485847,-0.5595265527802409,64,61,0.24054355719121673,0.1954562083056192,-0.008135167795743865,0.041040675069700126,0.05049202098035758,0.0025146619102887294,0.03711067702593021,0.2910355781715743,0.0025146619102887294,0.2325668853315494,0.009665684688500232,1.0,1.0,1.0537940025938994,available,0.052691168080083006,0.052691168080083006,0.07028496700428954,0.07028496700428954,0.36950887662668785,0.36950887662668785,0.5075149882889396,0.5075149882889396
2010-12-01,2011-01-31,3,sensitivity_revision_3m,False,1.0178450707424656,-0.5683307243126589,65,62,0.23864556183897573,0.19602583214735492,-0.004784337731194531,0.041854512786541655,0.05036042278303148,0.0026425139216802135,0.03654336984482672,0.2890059846220072,0.0026425139216802135,0.23256920199218165,0.010192665329488537,1.0,1.0,0.4973247130279849,available,0.11595613112283765,0.11595613112283765,0.0033449965171465784,0.0033449965171465784,0.8548874328644231,0.8548874328644231,0.025811439495592614,0.025811439495592614
2011-01-01,2011-02-28,3,sensitivity_revision_3m,False,0.2871243209610895,0.80349108434899,66,64,0.23887221818679338,0.19405841367135607,0.0020578129033746884,0.04715594327701604,0.05126507869298091,0.0025125372972639825,0.03764072545871435,0.2901372968797743,0.0025125372972639825,0.23169913913007043,0.009690552237361571,1.0,1.0,0.7994864195130933,available,0.6699172067618244,0.6699172067618244,0.282547906574829,0.282547906574829,0.033083416166541105,0.033083416166541105,0.014451470496805507,0.014451470496805507
2011-02-01,2011-03-28,3,sensitivity_revision_3m,False,0.2455466762803115,-0.2237865809110609,67,65,0.24245328895382232,0.19475551158638993,0.0035981146470708838,0.046413326683542366,0.05061827625340927,0.0023989284157955927,0.03708843528474063,0.2930715652072316,0.0023989284157955927,0.23184394687113055,0.009203066625889477,1.0,1.0,1.2582735884438148,available,0.2178712003508684,0.2178712003508684,0.10317762499307123,0.10317762499307123,0.45706071336148846,0.45706071336148846,0.22189046129457193,0.22189046129457193
2011-03-01,2011-04-29,3,sensitivity_revision_3m,False,0.5846892386984761,-0.5518765986170552,68,65,0.2396509803009839,0.1955508367177325,0.0035981146470708838,0.046413326683542366,0.05061827625340927,0.0023989284157955927,0.03708843528474063,0.2902692565543932,0.0023989284157955927,0.2326392720024731,0.00923156333091211,1.0,1.0,0.7822064714593283,available,0.10915232018432652,0.10915232018432652,0.017118839492084204,0.017118839492084204,0.7519393229447429,0.7519393229447429,0.12178951737884636,0.12178951737884636
2011-04-01,2011-05-27,3,sensitivity_revision_3m,False,-0.2152054388734969,0.2903115766490572,69,66,0.23708106110711444,0.19872017455052288,0.005955723533240832,0.04104669564404498,0.05020638263938809,0.0015269623009673962,0.03841869206779807,0.2872874437465025,0.0015269623009673962,0.23713886661832095,0.005850171832817482,1.0,1.0,1.232347893293281,available,0.24995143650995275,0.24995143650995275,0.4745144605378533,0.4745144605378533,0.09407139402403955,0.09407139402403955,0.18146270892815444,0.18146270892815444
2011-05-01,2011-06-27,3,sensitivity_revision_3m,False,-0.3718887275063922,0.659643546910855,70,67,0.23579231746807985,0.19601947911698595,0.009172519572760595,0.03897506498506015,0.05013898091503593,0.0010573376174840977,0.03812413146317692,0.28593129838311576,0.0010573376174840977,0.23414361058016286,0.004086407568180017,1.0,1.0,0.8490832995810501,available,0.22255052599855976,0.22255052599855976,0.6910439756663321,0.6910439756663321,0.020827987968046496,0.020827987968046496,0.06557751036706164,0.06557751036706164
2011-06-01,2011-08-02,3,sensitivity_revision_3m,False,-0.3160183540273604,-0.1293356285872169,71,69,0.2329498393605227,0.1940398472624336,0.008291604744553394,0.042517386253629205,0.048765838094712535,0.0008307210557803007,0.037535827276879354,0.28171567745523524,0.0008307210557803007,0.23157567453931294,0.0032523946759712473,1.0,1.0,1.2594578723401746,available,0.10909445635031567,0.10909445635031567,0.2849610466945516,0.2849610466945516,0.16669453709168847,0.16669453709168847,0.4392499598634443,0.4392499598634443
2011-07-01,2011-08-29,3,sensitivity_revision_3m,False,0.7007477511702902,0.8157125152288556,72,70,0.23004494481255733,0.19751724811550678,0.0040097410078988845,0.04171788979475791,0.04934249181212695,0.0010583150628270103,0.03703657340125531,0.2793874366246843,0.0010583150628270103,0.23455382151676207,0.0041341885925966024,1.0,1.0,0.49495507178881615,available,0.865799445073212,0.865799445073212,0.08813736140677864,0.08813736140677864,0.04173759599576059,0.04173759599576059,0.00432559752424877,0.00432559752424877
2011-08-01,2011-09-30,3,sensitivity_revision_3m,False,-0.2028891226263825,-0.4321331388447604,73,71,0.22760008801944892,0.19526807749761976,0.005711808750345992,0.03920613513778555,0.048843288528545116,0.0007396587391364453,0.03695541220895749,0.27644337654799406,0.0007396587391364453,0.23222348970657725,0.002919276457039641,1.0,1.0,1.126103621779078,available,0.06497560233648048,0.06497560233648048,0.11995435929832188,0.11995435929832188,0.28481605067365434,0.28481605067365434,0.5302539876915433,0.5302539876915433
2011-09-01,2011-10-28,3,sensitivity_revision_3m,False,0.2487550816313825,-0.5912037047115172,74,71,0.22491055460721252,0.19864153769383802,0.005711808750345992,0.03920613513778555,0.048843288528545116,0.0007396587391364453,0.03695541220895749,0.2737538431357576,0.0007396587391364453,0.2355969499027955,0.002912503450910938,1.0,1.0,0.9746360473682362,available,0.07639958021544935,0.07639958021544935,0.035209727521528345,0.035209727521528345,0.6063622161293698,0.6063622161293698,0.28202847613365256,0.28202847613365256
2011-10-01,2011-11-23,3,sensitivity_revision_3m,False,0.347668666341121,-0.449907184850095,75,72,0.22222317796369093,0.19747840140663936,0.004617225164579971,0.042222520491322295,0.048241619039586445,0.0004915196258807156,0.037090011248725276,0.27046479700327736,0.0004915196258807156,0.23456841265536463,0.0019514198831781752,1.0,1.0,1.0303982764210238,available,0.1321703108835814,0.1321703108835814,0.044289502664457525,0.044289502664457525,0.6159267537179027,0.6159267537179027,0.20761343273405836,0.20761343273405836
2011-11-01,2011-12-23,3,sensitivity_revision_3m,False,0.4574587485578975,-0.318238700028702,76,73,0.22018302218324504,0.19490815892939495,0.006583260110393777,0.03916538601149431,0.047853762971721295,4.593133924837716e-05,0.03725713540323007,0.2680367851549663,4.593133924837716e-05,0.232165294332625,0.00018412521160364817,1.0,1.0,1.0511760983638136,available,0.20653387219861213,0.20653387219861213,0.047941651823024845,0.047941651823024845,0.6050095055212863,0.6050095055212863,0.14051497045707678,0.14051497045707678
2011-12-01,2012-01-30,3,sensitivity_revision_3m,False,0.3874059346206049,-0.2462523074573492,77,75,0.22276626631286994,0.19296958416642615,0.010797463830543974,0.03512414587941961,0.04737752760592569,-0.0009253158343077623,0.03757622013152245,0.2701437939187956,-0.0009253158343077623,0.2305458042979486,-0.003707779382278774,1.0,1.0,1.1511125500513935,available,0.2343061147701896,0.2343061147701896,0.06971732786582485,0.06971732786582485,0.5376682209187951,0.5376682209187951,0.1583083364451905,0.1583083364451905
2012-01-01,2012-03-01,3,sensitivity_revision_3m,False,0.3387308990955858,0.2593169272572647,78,76,0.22200401829802024,0.1935788424067265,0.010076428484726827,0.03571688555108698,0.04678533902756039,-0.0009454596451649836,0.03710190572729816,0.2687893573255806,-0.0009454596451649836,0.23068074813402464,-0.0037969185998189365,1.0,1.0,1.175886156729066,available,0.5238363109176825,0.5238363109176825,0.18153577604877164,0.18153577604877164,0.2193997552324476,0.2193997552324476,0.07522815780109826,0.07522815780109826
2012-02-01,2012-03-30,3,sensitivity_revision_3m,False,0.3254383698373936,-0.3014653291142212,79,77,0.22108544683616535,0.19336463236640022,0.006639617638436904,0.03353191099278117,0.04707924095848284,-0.0003547998785902925,0.03698132952137628,0.2681646877946482,-0.0003547998785902925,0.2303459618877765,-0.0014275534123536367,1.0,1.0,1.1562565201704822,available,0.19463104554453217,0.19463104554453217,0.0703295133552356,0.0703295133552356,0.5405130466035871,0.5405130466035871,0.19452639449664513,0.19452639449664513
2012-03-01,2012-04-30,3,sensitivity_revision_3m,False,0.0536291921928456,0.1930619036592519,80,77,0.2190059735528347,0.1915015193724572,0.006639617638436904,0.03353191099278117,0.04707924095848284,-0.0003547998785902925,0.03698132952137628,0.2660852145113175,-0.0003547998785902925,0.2284828488938335,-0.0014389519381452123,1.0,1.0,1.3328138624263581,available,0.3554127997328489,0.3554127997328489,0.30144267976903116,0.30144267976903116,0.18598899220516651,0.18598899220516651,0.15715552829295337,0.15715552829295337
2012-04-01,2012-06-01,3,sensitivity_revision_3m,False,0.648274876672565,0.0819690274721703,81,78,0.2169093250458999,0.19002534149075942,0.010783536535462162,0.03231080675693428,0.04780724322309594,-0.0007448843275760049,0.03661735796787983,0.26471656826899587,-0.0007448843275760049,0.22664269945863924,-0.0030410769369490363,1.0,1.0,1.017203020305598,available,0.5091207038048982,0.5091207038048982,0.05923069547794868,0.05923069547794868,0.38704361245796726,0.38704361245796726,0.04460498825918591,0.04460498825918591
2012-05-01,2012-06-29,3,sensitivity_revision_3m,False,-0.2751108855123951,-0.3903055120203605,82,79,0.21564320619588445,0.18859967290120333,0.01610099927749458,0.03247320381397984,0.04942808723946017,-0.0006671148447843323,0.03614998811212612,0.26507129343534463,-0.0006671148447843323,0.22474966101332944,-0.0027331894359411595,1.0,1.0,1.1153981539173305,available,0.060574577564104115,0.060574577564104115,0.14459572086311667,0.14459572086311667,0.23597486439407167,0.23597486439407167,0.5588548371787075,0.5588548371787075
2012-06-01,2012-07-31,3,sensitivity_revision_3m,False,-0.0740741971281752,0.33259021302274,83,81,0.21318165808780118,0.18949502010440086,0.015330905051447796,0.03207033864356538,0.051022096379571426,-0.0009847142354669268,0.03529556292296245,0.2642037544673726,-0.0009847142354669268,0.22479058302736332,-0.004040654032533302,1.0,1.0,1.239366724777151,available,0.33529540957040405,0.33529540957040405,0.42320541174106213,0.42320541174106213,0.10741095668645428,0.10741095668645428,0.13408822200207954,0.13408822200207954
2012-07-01,2012-08-30,3,sensitivity_revision_3m,False,0.326360861118546,-0.3377715989776751,84,81,0.21155182182202067,0.1873113130686328,0.015330905051447796,0.03207033864356538,0.051022096379571426,-0.0009847142354669268,0.03529556292296245,0.2625739182015921,-0.0009847142354669268,0.22260687599159526,-0.004073006811931706,1.0,1.0000000000000002,1.1228612232782624,available,0.17449265840855355,0.17449265840855357,0.06253313760868046,0.06253313760868047,0.5634128417289475,0.5634128417289476,0.1995613622538185,0.19956136225381851
2012-08-01,2012-09-28,3,sensitivity_revision_3m,False,-0.3207303049616838,-0.7512228333507392,85,82,0.2100829157435922,0.18777042274870787,0.013015624784985552,0.03267553801018428,0.050831756817538314,-0.0010874561739632384,0.03488984906697069,0.2609146725611305,-0.0010874561739632384,0.22266027181567855,-0.004511709667598268,1.0,1.0,0.7931974921099502,available,0.01459427076302755,0.01459427076302755,0.04109629050414931,0.04109629050414931,0.25044033019977596,0.25044033019977596,0.6938691085330472,0.6938691085330472
2012-09-01,2012-10-29,3,sensitivity_revision_3m,False,0.7282808870020498,-0.1785607764910756,86,83,0.21353527513277842,0.18846134520086832,0.012902844246792538,0.03194394591880145,0.05021291305848672,-0.0010673462372714248,0.0345087869427578,0.26374818819126516,-0.0010673462372714248,0.22297013214362613,-0.004401363477052824,0.9999999999999999,0.9999999999999999,0.9231359730854206,available,0.3248847227480352,0.3248847227480352,0.0277753082701976,0.0277753082701976,0.5970332109979339,0.5970332109979339,0.05030675798383316,0.05030675798383316
2012-10-01,2012-11-30,3,sensitivity_revision_3m,False,-0.5946660411515603,-0.7532490601552997,87,84,0.21247307153515166,0.18649471359947098,0.010404741765197003,0.030474975698049953,0.05013214154707888,-0.0007462370391279491,0.034274279800169345,0.26260521308223056,-0.0007462370391279491,0.22076899339964032,-0.0030992462965007575,1.0,1.0,0.5841555648573818,available,0.006624768333605258,0.006624768333605258,0.047827876191785634,0.047827876191785634,0.11631075133268498,0.11631075133268498,0.8292366041419241,0.8292366041419241
2012-11-01,2012-12-21,3,sensitivity_revision_3m,False,1.0140441532405449,-0.4600076179993364,88,85,0.21171470297347206,0.187020182687462,0.0096689729196189,0.032853986211950736,0.04958134558068559,-0.0008861374195042469,0.03434732639683744,0.26129604855415767,-0.0008861374195042469,0.22136750908429945,-0.003684492832163785,1.0,1.0,0.5583117195996865,available,0.16017926025371876,0.16017926025371876,0.003930725361110991,0.003930725361110991,0.8161797741455671,0.8161797741455671,0.019710240239603216,0.019710240239603216
2012-12-01,2013-01-31,3,sensitivity_revision_3m,False,0.1826305975417361,-0.3508283608491688,89,87,0.210083840508708,0.18510243337723378,0.01039516992815959,0.026983760753797367,0.04857120575568855,-0.0012291098735409788,0.03530046480080677,0.25865504626439656,-0.0012291098735409788,0.22040289817804054,-0.005147798974815225,1.0,1.0,1.1894480209901794,available,0.14503835349203198,0.14503835349203198,0.08240753374584953,0.08240753374584953,0.4952007811040422,0.4952007811040422,0.2773533316580763,0.2773533316580763
2013-01-01,2013-03-01,3,sensitivity_revision_3m,False,-0.1775591650593413,0.3625575299656011,90,88,0.2077983899684834,0.18407334693585606,0.011564921162541108,0.029743391137073583,0.048133328013988445,-0.0009309110416849842,0.03556488159883447,0.25593171798247183,-0.0009309110416849842,0.21963822853469053,-0.003926378468272361,1.0,1.0,1.1813871924147583,available,0.28270205448628527,0.28270205448628527,0.49771768517608356,0.49771768517608356,0.08010002554565177,0.08010002554565177,0.1394802347919794,0.1394802347919794
2013-02-01,2013-03-29,3,sensitivity_revision_3m,False,0.7848186351439528,-0.0546958530765405,91,89,0.20593385779407059,0.18241258474610586,0.012555638070033593,0.03335304803173587,0.04767371365664629,-0.0006020553248151831,0.03632037165487883,0.2536075714507169,-0.0006020553248151831,0.2187329564009847,-0.0025562197307596856,1.0,1.0,0.9145763337696415,available,0.426320266078961,0.426320266078961,0.027129885176459326,0.027129885176459326,0.5141144412565914,0.5141144412565914,0.03243540748798823,0.03243540748798823
2013-03-01,2013-04-29,3,sensitivity_revision_3m,False,0.3482643328449309,-0.7765587568672798,92,89,0.20411917755592748,0.1806961633122601,0.012555638070033593,0.03335304803173587,0.04767371365664629,-0.0006020553248151831,0.03632037165487883,0.25179289121257376,-0.0006020553248151831,0.21701653496713894,-0.0025755397499602553,1.0,1.0,0.7473175742989059,available,0.036034504621065666,0.036034504621065666,0.0117256328849763,0.0117256328849763,0.7201383189736033,0.7201383189736033,0.23210154352035478,0.23210154352035478
2013-04-01,2013-05-31,3,sensitivity_revision_3m,False,-0.122595920071341,-0.7567359017922995,93,90,0.20208957933880273,0.18049729536754686,0.01185641246655279,0.03382796242208974,0.047182056432649735,-0.0006251771653519476,0.03593257652237573,0.24927163577145245,-0.0006251771653519476,0.21642987188992258,-0.002691584842868631,1.0,1.0,0.8783133027681528,available,0.020809499515398233,0.020809499515398233,0.031099562349137355,0.031099562349137355,0.3822058769657568,0.3822058769657568,0.5658850611697076,0.5658850611697076
2013-05-01,2013-06-27,3,sensitivity_revision_3m,False,-0.0810577295932566,-0.4097051743213099,94,91,0.2016159308243283,0.17920665860097287,0.011944278321534385,0.03382284256150651,0.04665851391834676,-0.0006182716897479981,0.03553332805750761,0.24827444474267507,-0.0006182716897479981,0.2147399866584805,-0.0026776689979743857,1.0,1.0,1.1685412540039708,available,0.08170468270943254,0.08170468270943254,0.10660896330827518,0.10660896330827518,0.35368136097115765,0.35368136097115765,0.4580049930111346,0.4580049930111346
2013-06-01,2013-08-02,3,sensitivity_revision_3m,False,0.1678269610145262,0.1962078271044668,95,93,0.19991438901069844,0.17801760932372596,0.012702877792949619,0.035031247949988714,0.04581510789458523,-0.0007525659082651269,0.03507768848954827,0.24572949690528367,-0.0007525659082651269,0.21309529781327424,-0.003288735615411859,1.0,1.0,1.2955339432196453,available,0.41992459501907486,0.41992459501907486,0.24467150162415718,0.24467150162415718,0.2126040427510476,0.2126040427510476,0.12279986060572035,0.12279986060572035
2013-07-01,2013-08-30,3,sensitivity_revision_3m,False,0.2448443405519834,-0.5706646006811282,96,93,0.1980916628732652,0.17637570636821223,0.012702877792949619,0.035031247949988714,0.04581510789458523,-0.0007525659082651269,0.03507768848954827,0.24390677076785044,-0.0007525659082651269,0.2114533948577605,-0.003313792276458243,1.0,1.0,0.9599597687031315,available,0.07381902109440153,0.07381902109440153,0.03348289231731022,0.03348289231731022,0.6161517859751328,0.6161517859751328,0.27654630061315544,0.27654630061315544
2013-08-01,2013-09-27,3,sensitivity_revision_3m,False,0.3430057786423166,-0.2318970268709018,97,94,0.19729506136867372,0.17554267191365136,0.01355267386324501,0.03490069897025436,0.04539035474176869,-0.0007549021626608186,0.03470211108881841,0.24268541611044242,-0.0007549021626608186,0.21024478300246977,-0.003341998234795448,1.0,1.0,1.1709438767792821,available,0.23162667782601293,0.23162667782601293,0.07489076287305291,0.07489076287305291,0.5252444043527686,0.5252444043527686,0.16823815494816546,0.16823815494816546
2013-09-01,2013-11-08,3,sensitivity_revision_3m,False,0.3632514348887287,-0.3611028915095707,98,96,0.19550767377107414,0.17398263200032038,0.012042928807337192,0.035887181671432185,0.044547829132975114,-0.0008262776016431896,0.034074646885330975,0.24005550290404926,-0.0008262776016431896,0.20805727888565134,-0.0036972489151828685,1.0,1.0,1.0579088305948225,available,0.1648335835269755,0.1648335835269755,0.0494454633328473,0.0494454633328473,0.6059403874206144,0.6059403874206144,0.17978056571956277,0.17978056571956277
2013-10-01,2013-12-06,3,sensitivity_revision_3m,False,-0.0338503324580466,-0.4010519606650671,99,97,0.193948683037172,0.1722892995947583,0.010095358857737618,0.03632858603028273,0.044451713030905844,-0.0009010581321899394,0.03373860191431931,0.23840039606807784,-0.0009010581321899394,0.20602790150907763,-0.004065709127795409,1.0,1.0,1.175607447677766,available,0.08858775274906677,0.08858775274906677,0.09987827043584802,0.09987827043584802,0.38377646695525586,0.38377646695525586,0.42775750985982935,0.42775750985982935
2013-11-01,2013-12-23,3,sensitivity_revision_3m,False,1.211865136230708,-0.2792144268609278,100,97,0.19279124398239966,0.17094210904155654,0.010095358857737618,0.03632858603028273,0.044451713030905844,-0.0009010581321899394,0.03373860191431931,0.2372429570133055,-0.0009010581321899394,0.20468071095587587,-0.004089005436341016,1.0,1.0,0.6206468798045736,available,0.2668145753985569,0.2668145753985569,0.0017492610736156208,0.0017492610736156208,0.7267629881918173,0.7267629881918173,0.0046731753360101935,0.0046731753360101935
2013-12-01,2014-01-31,3,sensitivity_revision_3m,False,0.4679353699278237,-0.222688762364902,101,98,0.19173433847220966,0.1693116905106814,0.011957187050750481,0.03463075561933616,0.04433315556170216,-0.0012015535886485817,0.03367327883025219,0.23606749403391183,-0.0012015535886485817,0.20298496934093357,-0.005488998470454892,1.0,1.0,1.0718432039255184,available,0.2579739021975962,0.2579739021975962,0.052583004565221525,0.052583004565221525,0.5742754215540862,0.5742754215540862,0.11516767168309605,0.11516767168309605
2014-01-01,2014-03-03,3,sensitivity_revision_3m,False,0.0499256413012247,0.3252534410813261,102,99,0.19163510459982694,0.1682920250410033,0.011423075464133828,0.03560472956022285,0.043909018666826276,-0.0012407937036661408,0.0334235878427443,0.23554412326665322,-0.0012407937036661408,0.2017156128837476,-0.005692377420958764,1.0,1.0,1.2344084117170662,available,0.41343058323696386,0.41343058323696386,0.35209467346009465,0.35209467346009465,0.12753622773892198,0.12753622773892198,0.10693851556401945,0.10693851556401945
2014-02-01,2014-03-28,3,sensitivity_revision_3m,False,0.1679386996184872,0.136062592414068,103,101,0.19065933933062876,0.16850814362467573,0.01015042105465239,0.03920915301144392,0.0445773247242577,-0.001302905708624292,0.033418482828512154,0.23523666405488647,-0.001302905708624292,0.20192662645318787,-0.0059781070284638076,1.0,1.0,1.320561981984915,available,0.39245669693283586,0.39245669693283586,0.22651846189274666,0.22651846189274666,0.24296842806568936,0.24296842806568936,0.13805641310872807,0.13805641310872807
2014-03-01,2014-05-01,3,sensitivity_revision_3m,False,0.736325532239755,-0.3734049551898643,104,102,0.1896591375508828,0.16880654696736222,0.00777612693179727,0.04004451051337328,0.044710966876868555,-0.0014923108616492684,0.033158784620818164,0.23437010442775136,-0.0014923108616492684,0.2019653315881804,-0.006859141777371659,0.9999999999999999,1.0,0.742751466535413,available,0.189754191790912,0.18975419179091202,0.013264704843230266,0.013264704843230267,0.7461112925899189,0.746111292589919,0.050869810775938745,0.05086981077593875
2014-04-01,2014-05-30,3,sensitivity_revision_3m,False,0.194058608893292,0.268587080528988,105,102,0.1887326861036499,0.17061025111966222,0.00777612693179727,0.04004451051337328,0.044710966876868555,-0.0014923108616492684,0.033158784620818164,0.23344365298051845,-0.0014923108616492684,0.2037690357404804,-0.006842253643806976,1.0,1.0,1.23268826949413,available,0.4741738075976021,0.4741738075976021,0.2499040254257634,0.2499040254257634,0.18185337332520257,0.18185337332520257,0.09406879365143195,0.09406879365143195
2014-05-01,2014-06-26,3,sensitivity_revision_3m,False,0.1613030789849232,0.1201820005992745,106,103,0.1940595327119166,0.16969867828113605,0.006853371701156102,0.03615653893840527,0.044360326217564805,-0.0011081528139449005,0.034390679762763846,0.2384198589294814,-0.0011081528139449005,0.20408935804389988,-0.005023637115880075,1.0,1.0,1.3302311724576874,available,0.38000719468359473,0.38000719468359473,0.22488443102386163,0.22488443102386163,0.24942422300866157,0.24942422300866157,0.14568415128388207,0.14568415128388207
2014-06-01,2014-08-01,3,sensitivity_revision_3m,False,0.56887689029952,-0.0493475604843451,107,104,0.1933441631887636,0.16918275032036204,0.010050626697523228,0.03454490305862354,0.04499277714798015,-0.0016332863791324633,0.03432691616971571,0.23833694033674374,-0.0016332863791324633,0.20350966649007773,-0.007416075441283278,1.0,1.0,1.0601481181585912,available,0.4001847943261401,0.4001847943261401,0.056262233221175184,0.056262233221175184,0.47785819991108774,0.47785819991108774,0.065694772541597,0.065694772541597
2014-07-01,2014-08-29,3,sensitivity_revision_3m,False,-0.1383386813663759,-0.3302638665466642,108,105,0.19226812492050135,0.1678460219801471,0.010267357338626786,0.034428378379830045,0.04456508636872132,-0.001620233421585663,0.033998275358164465,0.2368332112892227,-0.001620233421585663,0.20184429733831155,-0.007410509060032623,1.0,1.0,1.2085288822256648,available,0.0888409286691168,0.0888409286691168,0.14229507189267093,0.14229507189267093,0.2992629904529653,0.2992629904529653,0.469601008985247,0.469601008985247
2014-08-01,2014-09-29,3,sensitivity_revision_3m,False,0.3235034984963593,-0.4768709500056892,109,107,0.1919854797659251,0.16653079376534705,0.014715027332642058,0.034305883784904595,0.04538348249536448,-0.0018573487432365862,0.03345094953012479,0.23736896226128956,-0.0018573487432365862,0.19998174329547183,-0.008524841553310736,1.0,1.0,0.9765766857161742,available,0.106249987584911,0.106249987584911,0.03687945646742441,0.03687945646742441,0.6404043366396724,0.6404043366396724,0.21646621930799215,0.21646621930799215
2014-09-01,2014-10-31,3,sensitivity_revision_3m,False,0.5507625169664644,-0.4351894229452078,110,107,0.1909643148995191,0.166837003748211,0.014715027332642058,0.034305883784904595,0.04538348249536448,-0.0018573487432365862,0.03345094953012479,0.23634779739488357,-0.0018573487432365862,0.2002879532783358,-0.008536704772178617,1.0,1.0,0.8323203309845885,available,0.1436963847416741,0.1436963847416741,0.021726089188623815,0.021726089188623815,0.7276738575634545,0.7276738575634545,0.10690366850624763,0.10690366850624763
2014-10-01,2014-11-26,3,sensitivity_revision_3m,False,0.1641133688276066,0.0721127524107853,111,108,0.19239364753064037,0.1664707223904016,0.014875715345014952,0.03412752824944473,0.044962126427976735,-0.0018430855801878695,0.03314175938886073,0.2373557739586171,-0.0018430855801878695,0.19961248177926233,-0.008467432704519261,1.0,1.0,1.3428333847975815,available,0.35519921813841215,0.35519921813841215,0.2089137490130345,0.2089137490130345,0.2766879876155901,0.2766879876155901,0.15919904523296324,0.15919904523296324
2014-11-01,2014-12-23,3,sensitivity_revision_3m,False,1.1113016390562027,-0.6036438761122978,112,109,0.19123078433581256,0.16528214885699036,0.015340558408455754,0.03316771955297156,0.04456936306155806,-0.0018746514581755513,0.03293530561435825,0.23580014739737062,-0.0018746514581755513,0.19821745447134861,-0.008671167002277633,1.0,1.0,0.3576738643349783,available,0.08656572951552645,0.08656572951552645,0.0010086109286018396,0.0010086109286018396,0.9023814400067717,0.9023814400067717,0.010044219549100078,0.010044219549100078
2014-12-01,2015-02-02,3,sensitivity_revision_3m,False,0.1618846418833378,-1.3451624803750493,113,111,0.19098819676379955,0.16422452454529088,0.01868576185334649,0.032050590093924525,0.04440825618825026,-0.0020300659464414527,0.03241270267450959,0.2353964529520498,-0.0020300659464414527,0.19663722721980048,-0.009435769388513733,1.0,1.0,0.6679196352427047,available,0.0007479965345040807,0.0007479965345040807,0.00046073647371491777,0.00046073647371491777,0.6299343833390281,0.6299343833390281,0.36885688365275293,0.36885688365275293
2015-01-01,2015-03-02,3,sensitivity_revision_3m,False,0.1187063397270906,0.130185197604027,114,112,0.19119471345989406,0.16922328177327092,0.02103807534539377,0.030341077144194508,0.04462792022984111,-0.00246216382620678,0.0324480090109416,0.23582263368973516,-0.00246216382620678,0.20167129078421253,-0.011290213764980775,1.0,1.0,1.3412598374089686,available,0.3646450156287779,0.3646450156287779,0.24940640544165998,0.24940640544165998,0.23191189034415421,0.23191189034415421,0.15403668858540792,0.15403668858540792
2015-02-01,2015-03-30,3,sensitivity_revision_3m,False,0.3042688576074968,-0.3912607789357287,115,113,0.19020885906344157,0.16833814087920979,0.019407261243370146,0.032049044132520264,0.04452998633015595,-0.0027549277821054753,0.03248793273412526,0.23473884539359752,-0.0027549277821054753,0.20082607361333504,-0.012688424153347144,1.0,1.0,1.0663148893953818,available,0.13947536928744209,0.13947536928744209,0.051833147953971426,0.051833147953971426,0.5955252080120321,0.5955252080120321,0.21316627474655436,0.21316627474655436
2015-03-01,2015-04-30,3,sensitivity_revision_3m,False,-0.2554199267712225,0.5397717030772727,116,113,0.19026347519607628,0.16790032242720493,0.019407261243370146,0.032049044132520264,0.04452998633015595,-0.0027549277821054753,0.03248793273412526,0.23479346152623223,-0.0027549277821054753,0.2003882551613302,-0.012700800301022299,1.0,1.0000000000000002,0.964734421861769,available,0.2641237731262303,0.26412377312623037,0.6219282241691726,0.6219282241691727,0.03493039455966801,0.03493039455966802,0.07901760814492909,0.0790176081449291
2015-04-01,2015-06-01,3,sensitivity_revision_3m,False,-0.048614211207465,-0.0529492954286446,117,114,0.18981158956917496,0.16756384822620685,0.02111878386674115,0.03292512849760825,0.04446985695936327,-0.00255961193419385,0.03228792661950144,0.23428144652853822,-0.00255961193419385,0.1998517748457083,-0.01182908556455447,1.0,1.0,1.3786113973063858,available,0.2064543740335263,0.2064543740335263,0.24640430189457696,0.24640430189457696,0.2535442725429635,0.2535442725429635,0.29359705152893323,0.29359705152893323
2015-05-01,2015-06-25,3,sensitivity_revision_3m,False,0.1805046832402059,0.1859481696527505,118,115,0.18932679736702052,0.16735894100517631,0.017553180738508967,0.03462776629334032,0.04554182594663427,-0.0032353162227604826,0.03233808137131193,0.2348686233136548,-0.0032353162227604826,0.19969702237648823,-0.014938893793149229,1.0,1.0,1.290459362764679,available,0.4246766616448766,0.4246766616448766,0.2366578669452853,0.2366578669452853,0.2205469739876592,0.2205469739876592,0.11811849742217889,0.11811849742217889
2015-06-01,2015-08-03,3,sensitivity_revision_3m,False,0.3642003188059753,0.0961289147035836,119,117,0.18928123767228278,0.16619888314937017,0.020900840841075966,0.034592730166560524,0.04655687244204306,-0.0024892271002829613,0.032203064289113854,0.23583811011432584,-0.0024892271002829613,0.19840194743848402,-0.011507594822637914,1.0,1.0,1.2136427107788692,available,0.45140061055172803,0.45140061055172803,0.13403330461735874,0.13403330461735874,0.32195750991836675,0.32195750991836675,0.09260857491254643,0.09260857491254643
2015-07-01,2015-08-28,3,sensitivity_revision_3m,False,0.3300514463741048,-0.3453496343234027,120,117,0.1887753845714585,0.1657711713451903,0.020900840841075966,0.034592730166560524,0.04655687244204306,-0.0024892271002829613,0.032203064289113854,0.23533225701350158,-0.0024892271002829613,0.19797423563430414,-0.01153239351098302,0.9999999999999999,0.9999999999999999,1.0856785035665915,available,0.16344596381925444,0.16344596381925444,0.055379499759415446,0.055379499759415446,0.5884168252456556,0.5884168252456556,0.1927577111756744,0.1927577111756744
2015-08-01,2015-09-28,3,sensitivity_revision_3m,False,0.3098909793494881,-0.4297462713682141,121,119,0.1874703992924627,0.16444880397139153,0.020249130370896668,0.03467216956073989,0.04617210580792714,-0.0023177831960697988,0.031703776696413034,0.23364250510038984,-0.0023177831960697988,0.19615258066780455,-0.01082679390381216,1.0,1.0,1.0231951809579014,available,0.12179858779180602,0.12179858779180602,0.04414485038751986,0.04414485038751986,0.6174760222854907,0.6174760222854907,0.21658053953518347,0.21658053953518347
2015-09-01,2015-10-30,3,sensitivity_revision_3m,False,-0.0880152604171393,-0.1694785073076656,122,119,0.18749337377249153,0.16368432098920055,0.020249130370896668,0.03467216956073989,0.04617210580792714,-0.0023177831960697988,0.031703776696413034,0.23366547958041867,-0.0023177831960697988,0.19538809768561358,-0.01084742058129281,1.0,1.0,1.3305343920028618,available,0.14844145518769591,0.14844145518769591,0.2022657387658614,0.2022657387658614,0.27931877098437363,0.27931877098437363,0.36997403506206905,0.36997403506206905
2015-10-01,2015-11-25,3,sensitivity_revision_3m,False,0.121328787792362,-0.0785678694638483,123,120,0.18619619178742983,0.1638209559835177,0.019656628058477465,0.034560133134316814,0.045826231997611565,-0.002290340205347223,0.03143886466414802,0.2320224237850414,-0.002290340205347223,0.19525982064766573,-0.010760403925216312,1.0,1.0,1.3563738529923086,available,0.2557869073770254,0.2557869073770254,0.17365202681127262,0.17365202681127262,0.3436473474491391,0.3436473474491391,0.22691371836256286,0.22691371836256286
2015-11-01,2015-12-23,3,sensitivity_revision_3m,False,-0.1096601180473964,-0.2880788746239976,124,121,0.1855791858102403,0.16566073118731522,0.0203982312443679,0.03466274762752623,0.045510893740488854,-0.0022620460295243307,0.03117814822312033,0.23109007955072916,-0.0022620460295243307,0.19683887941043554,-0.010606090900301745,1.0,1.0,1.2477838186653343,available,0.10441909395202553,0.10441909395202553,0.15364804415383193,0.15364804415383193,0.3053584652455785,0.3053584652455785,0.436574396648564,0.436574396648564
2015-12-01,2016-02-01,3,sensitivity_revision_3m,False,-0.0673571264300477,-0.3406695907468911,125,123,0.18529485597763765,0.16494517343908463,0.021667901134893867,0.035618167283026136,0.04486321693267272,-0.002149683723549324,0.030745028339530234,0.23015807291031037,-0.002149683723549324,0.19569020177861488,-0.010129241400086553,1.0,1.0,1.2145747405004448,available,0.09680681433189542,0.09680681433189542,0.12381257710494109,0.12381257710494109,0.3473647384303191,0.3473647384303191,0.43201587013284437,0.43201587013284437
2016-01-01,2016-02-26,3,sensitivity_revision_3m,False,0.6764631295790464,0.6879519831627675,126,124,0.18491041022627505,0.16426658836201205,0.021287847209744002,0.03529541790138619,0.044516386013860786,-0.002116996511108672,0.03050798548778934,0.22942679624013584,-0.002116996511108672,0.1947745738498014,-0.010014561561252185,1.0,1.0000000000000002,0.5018003397092707,available,0.8660713018363969,0.866071301836397,0.07440751519947669,0.0744075151994767,0.054995530534161105,0.05499553053416111,0.004525652429965277,0.004525652429965278
2016-02-01,2016-03-28,3,sensitivity_revision_3m,False,-0.113705887246106,0.0882325103210199,127,125,0.1838972291735111,0.16386550401480235,0.020976215600608347,0.03615307853159076,0.04416952218332237,-0.0021333332288850982,0.03035390106633413,0.22806675135683346,-0.0021333332288850982,0.19421940508113647,-0.010136345380675415,1.0,1.0,1.3558164272851416,available,0.2336190915711535,0.2336190915711535,0.3457221150458244,0.3457221150458244,0.17228425592614824,0.17228425592614824,0.24837453745687385,0.24837453745687385
2016-03-01,2016-04-29,3,sensitivity_revision_3m,False,-0.4328119401644561,-0.5361958966990513,128,125,0.18349932657113466,0.1650200845395836,0.020976215600608347,0.03615307853159076,0.04416952218332237,-0.0021333332288850982,0.03035390106633413,0.22766884875445703,-0.0021333332288850982,0.19537398560591773,-0.010115177874233383,1.0,1.0,0.826488400762642,available,0.01999602342499429,0.01999602342499429,0.09255323378551905,0.09255323378551905,0.1621852093713111,0.1621852093713111,0.7252655334181756,0.7252655334181756
2016-04-01,2016-05-31,3,sensitivity_revision_3m,False,0.5932383092788439,0.2656979783823697,129,127,0.18314484753693677,0.1640579430581965,0.017743822657697375,0.0386762565615378,0.04492526851800594,-0.0026001880350280237,0.03027336674176634,0.2280701160549427,-0.0026001880350280237,0.19433130979996283,-0.012350916192801856,1.0,1.0,0.9269099018227033,available,0.6480891048856218,0.6480891048856218,0.0785639888917204,0.0785639888917204,0.24483133674986168,0.24483133674986168,0.02851556947279621,0.02851556947279621
2016-05-01,2016-06-29,3,sensitivity_revision_3m,False,0.1506774783616455,0.0191903212938631,130,128,0.18235422809275809,0.16281199850419753,0.019315339170350998,0.04003555838157994,0.04488764325735212,-0.002306284960740198,0.030271499559355885,0.2272418713501102,-0.002306284960740198,0.1930834980635534,-0.011010225385563479,1.0,1.0,1.3545728451767531,available,0.3212192392036878,0.3212192392036878,0.19619809539991878,0.19619809539991878,0.30281184178550025,0.30281184178550025,0.17977082361089325,0.17977082361089325
2016-06-01,2016-08-02,3,sensitivity_revision_3m,False,0.208142477007803,-0.124384862916659,131,129,0.1834304019146612,0.16187821054836027,0.01701537271682619,0.04047257042033397,0.04521934863807085,-0.0024179266902151914,0.030059639827388483,0.22864975055273207,-0.0024179266902151914,0.19193785037574876,-0.01154190379394547,1.0,1.0,1.3032889709387665,available,0.2578622613417976,0.2578622613417976,0.13037577958630447,0.13037577958630447,0.4104605535019959,0.4104605535019959,0.201301405569902,0.201301405569902
2016-07-01,2016-08-29,3,sensitivity_revision_3m,False,0.5240539225972767,-0.3827696524263637,132,129,0.18373472147662465,0.16076080896463746,0.01701537271682619,0.04047257042033397,0.04521934863807085,-0.0024179266902151914,0.030059639827388483,0.22895407011469548,-0.0024179266902151914,0.19082044879202595,-0.01156795228440248,1.0,1.0,0.8858055922774043,available,0.16372020264610215,0.16372020264610215,0.026728506703353694,0.026728506703353694,0.6995698997580841,0.6995698997580841,0.10998139089246001,0.10998139089246001
2016-08-01,2016-09-30,3,sensitivity_revision_3m,False,-0.3995703672491592,0.3142034235384848,133,131,0.18273712189186916,0.1608427711026915,0.016690020792562703,0.04066891102739,0.04455187138407424,-0.0024251330093918184,0.029675672004774046,0.2272889932759434,-0.0024251330093918184,0.19051844310746555,-0.011654076070314632,1.0,1.0,1.047944370623231,available,0.15257832035744098,0.15257832035744098,0.6116132016543523,0.6116132016543523,0.04840449170694719,0.04840449170694719,0.18740398628125957,0.18740398628125957
2016-09-01,2016-10-31,3,sensitivity_revision_3m,False,-0.0753326863644221,0.065556101855803,134,131,0.18202576288056402,0.16010370667778004,0.016690020792562703,0.04066891102739,0.04455187138407424,-0.0024251330093918184,0.029675672004774046,0.22657763426463826,-0.0024251330093918184,0.1897793786825541,-0.011695062142375137,1.0,1.0,1.3711684778429074,available,0.24288871401133755,0.24288871401133755,0.3169196649419086,0.3169196649419086,0.19423670723682912,0.19423670723682912,0.24595491380992474,0.24595491380992474
2016-10-01,2016-11-30,3,sensitivity_revision_3m,False,0.0648567870382715,-0.2053549473476349,135,133,0.18094604678959095,0.15962109407224448,0.014899615912537334,0.04104483172658252,0.04427611394829964,-0.0025006602029751333,0.029259893326409787,0.2252221607378906,-0.0025006602029751333,0.18888098739865428,-0.012124253269604975,1.0,1.0,1.3127673093510122,available,0.17472922023779658,0.17472922023779658,0.14355216557469103,0.14355216557469103,0.3796220570267803,0.3796220570267803,0.30209655716073214,0.30209655716073214
2016-11-01,2016-12-22,3,sensitivity_revision_3m,False,0.227075507683621,-0.508424532399137,136,133,0.17995628495202715,0.15846154574614837,0.014899615912537334,0.04104483172658252,0.04427611394829964,-0.0025006602029751333,0.029259893326409787,0.22423239890032678,-0.0025006602029751333,0.18772143907255817,-0.012188452341904856,1.0,1.0,0.9911622397087831,available,0.0814436734734657,0.0814436734734657,0.03886133298853034,0.03886133298853034,0.6027776036851444,0.6027776036851444,0.2769173898528595,0.2769173898528595
2016-12-01,2017-01-30,3,sensitivity_revision_3m,False,0.3003796785867303,0.501861102497139,137,134,0.18099687597229308,0.15762764078686128,0.0161250526207191,0.0387277537442116,0.044144437982758154,-0.0028623421902142744,0.029759320078902855,0.22514131395505124,-0.0028623421902142744,0.18738696086576415,-0.013935555010062516,1.0,1.0,0.9496780899252151,available,0.645005700760326,0.645005700760326,0.23183713667710393,0.23183713667710393,0.09164615281982474,0.09164615281982474,0.031511009742745344,0.031511009742745344
2017-01-01,2017-03-01,3,sensitivity_revision_3m,False,-0.4931644628801949,0.8013221471149709,138,136,0.1806537144784288,0.15678687209780467,0.01838400617654047,0.036795771167706215,0.043934510941591585,-0.0032533398132809565,0.029763813438685522,0.22458822542002038,-0.0032533398132809565,0.1865506855364902,-0.015894157472764542,0.9999999999999999,0.9999999999999999,0.561871428951084,available,0.14401952476926486,0.14401952476926486,0.8242021228183005,0.8242021228183005,0.005003047046689933,0.005003047046689933,0.02677530536574463,0.02677530536574463
2017-02-01,2017-03-31,3,sensitivity_revision_3m,False,0.0476187456151095,0.0526154028625234,139,137,0.18042831665044967,0.1568784846591999,0.017948812604551206,0.037989149952065815,0.04363740996899985,-0.00330056925330536,0.029740070819728886,0.2240657266194495,-0.00330056925330536,0.18661855547892878,-0.016140750421866377,1.0,1.0,1.37832207925149,available,0.2936727165109989,0.29367271651099897,0.2547972660419849,0.25479726604198494,0.24639257298647244,0.24639257298647246,0.20513744446054372,0.20513744446054374
2017-03-01,2017-05-01,3,sensitivity_revision_3m,False,0.5057989138008048,-1.213677062618047,140,138,0.17990353448640703,0.1562018620615995,0.017978945309038548,0.036676923580960134,0.04331901402957361,-0.003281934155196489,0.029760617461591227,0.22322254851598064,-0.003281934155196489,0.18596247952319073,-0.01610824285024739,1.0,1.0000000000000002,0.42604322179171644,available,0.0020675950839691704,0.002067595083969171,0.0003755944172534609,0.00037559441725346093,0.8557475536048208,0.8557475536048209,0.14180925689395654,0.14180925689395657
2017-04-01,2017-05-30,3,sensitivity_revision_3m,False,0.6393697027489245,0.001753704329129,141,138,0.17911155916568566,0.1606974119477199,0.017978945309038548,0.036676923580960134,0.04331901402957361,-0.003281934155196489,0.029760617461591227,0.22243057319525927,-0.003281934155196489,0.1904580294093111,-0.015945310472949854,1.0,1.0,0.9900699864196122,available,0.4566494885735799,0.4566494885735799,0.04495362993338353,0.04495362993338353,0.4557488278696544,0.4557488278696544,0.04264805362338214,0.04264805362338214
2017-05-01,2017-06-30,3,sensitivity_revision_3m,False,0.0582943387046798,-0.6089129972516114,142,139,0.17845566676471225,0.16045519114966936,0.017387569782884162,0.035827658300317554,0.04305371990760647,-0.0031883414000334264,0.029645214774168607,0.22150938667231873,-0.0031883414000334264,0.19010040592383798,-0.015537360021106,1.0,1.0,0.9701202951885914,available,0.04371444642691247,0.04371444642691247,0.037556521759532724,0.037556521759532724,0.5055724052383732,0.5055724052383732,0.4131566265751816,0.4131566265751816
2017-06-01,2017-08-01,3,sensitivity_revision_3m,False,-0.0188907599155838,-0.1418708812239235,143,140,0.1774528299590059,0.15956393715278372,0.018335117517468646,0.035501908869784826,0.04286967945476968,-0.003208616531011603,0.029446795624544678,0.2203225094137756,-0.003208616531011603,0.18901073277732838,-0.01572335243198594,1.0,1.0,1.3526419336376931,available,0.17770149430491777,0.17770149430491777,0.19438783238862112,0.19438783238862112,0.3062471088144443,0.3062471088144443,0.32166356449201683,0.32166356449201683
2017-07-01,2017-08-31,3,sensitivity_revision_3m,False,0.3152253079776551,-0.1938091275195824,144,142,0.17681357826597674,0.1586327532450013,0.017394898258188452,0.03441032642246068,0.042535643932873624,-0.003151203019226652,0.02913037063000334,0.21934922219885036,-0.003151203019226652,0.18776312387500466,-0.015527558833648621,1.0,1.0000000000000002,1.1950749221887869,available,0.2435692793109178,0.24356927931091782,0.08377104119830062,0.08377104119830063,0.5059757894628097,0.5059757894628099,0.16668389002797182,0.16668389002797185
2017-08-01,2017-09-29,3,sensitivity_revision_3m,False,-0.734442252538603,0.0985274893916676,145,142,0.17568854486092506,0.1578376794312947,0.017394898258188452,0.03441032642246068,0.042535643932873624,-0.003151203019226652,0.02913037063000334,0.21822418879379868,-0.003151203019226652,0.18696805006129805,-0.015600597809296417,1.0,1.0,0.8980916508321097,available,0.033494381526101735,0.033494381526101735,0.5566292254670056,0.5566292254670056,0.024458370049994738,0.024458370049994738,0.3854180229568979,0.3854180229568979
2017-09-01,2017-10-30,3,sensitivity_revision_3m,False,0.4880352840482815,0.2433072376474452,146,143,0.1756827907985651,0.15728696336956793,0.01826707685485718,0.033549380891998645,0.04234487660175559,-0.0032363899005017406,0.029031222665380888,0.2180276674003207,-0.0032363899005017406,0.18631818603494882,-0.016057480724352508,0.9999999999999999,0.9999999999999999,1.018113752071091,available,0.6066785050995431,0.6066785050995431,0.10683322292067893,0.10683322292067893,0.24535400821841197,0.24535400821841197,0.041134263761365863,0.041134263761365863
2017-10-01,2017-11-30,3,sensitivity_revision_3m,False,0.6062352658400556,0.0530539560689911,147,144,0.17584449370375874,0.1571591174855378,0.0177615233986442,0.03291228742561201,0.0420855627223423,-0.0031673775915392385,0.028886655006493747,0.21793005642610103,-0.0031673775915392385,0.18604577249203152,-0.015730095930941282,1.0,1.0,1.006844790638111,available,0.49461082283014635,0.49461082283014635,0.05433593756959221,0.05433593756959221,0.4083522708480457,0.4083522708480457,0.04270096875221574,0.04270096875221574
2017-11-01,2017-12-22,3,sensitivity_revision_3m,False,0.3257050246713394,0.0074974218139073,148,145,0.1754132743767719,0.15852134726522146,0.016554270720822693,0.03288629227592963,0.04200463342917934,-0.0031408314202808745,0.028686151219047332,0.21741790780595124,-0.0031408314202808745,0.1872074984842688,-0.015568090611652418,1.0,1.0000000000000002,1.2468720069221662,available,0.3820823225889171,0.3820823225889172,0.12483023333630772,0.12483023333630774,0.3754906229737425,0.37549062297374264,0.11759682110103259,0.11759682110103262
2017-12-01,2018-01-29,3,sensitivity_revision_3m,False,0.4257981279479413,0.498123775582603,149,146,0.1743941119000229,0.15809944570417664,0.018402411990680757,0.033287441249685835,0.042213627720471054,-0.0030109290377651433,0.028511810086273997,0.21660773962049396,-0.0030109290377651433,0.18661125579045063,-0.014975958129765576,0.9999999999999999,0.9999999999999999,0.8472313652087088,available,0.7170536290015839,0.7170536290015839,0.15851245278563736,0.15851245278563736,0.10282050946874527,0.10282050946874527,0.02161340874403339,0.02161340874403339
2018-01-01,2018-03-01,3,sensitivity_revision_3m,False,-0.2220290047892426,0.6281229652380124,150,148,0.17381814109973953,0.15777905118154772,0.020424848121182105,0.03196357274878537,0.04229681231144359,-0.003239278770034361,0.028267447012616766,0.2161149534111831,-0.003239278770034361,0.1860464981941645,-0.01615456119720608,1.0,1.0,0.8846280143218896,available,0.2926720747107773,0.2926720747107773,0.6346652301724132,0.6346652301724132,0.023794222158590367,0.023794222158590367,0.04886847295821922,0.04886847295821922
2018-02-01,2018-03-29,3,sensitivity_revision_3m,False,0.5005198671155343,0.2508208929737748,151,149,0.17321380796248298,0.15906307636647557,0.0205532654109172,0.03147513202477252,0.0420134801981141,-0.0032267376621800347,0.02811199832580826,0.21522728816059708,-0.0032267376621800347,0.18717507469228384,-0.016076480710889667,1.0,1.0,0.9994505711676502,available,0.6168706196855936,0.6168706196855936,0.10208729530811539,0.10208729530811539,0.24280849691370332,0.24280849691370332,0.03823358809258759,0.03823358809258759
2018-03-01,2018-04-30,3,sensitivity_revision_3m,False,0.2965951023340065,0.1319748238549388,152,150,0.17355290819920394,0.15838591390865958,0.019501817313873057,0.03155968561120265,0.0418973419974716,-0.0032184172608482704,0.027924399592451576,0.21545025019667555,-0.0032184172608482704,0.18631031350111116,-0.016063878070888424,1.0,1.0,1.2385029277525814,available,0.4560124745064712,0.45601247450647125,0.1640916808643726,0.16409168086437262,0.2825710898039909,0.282571089803991,0.09732475482516523,0.09732475482516524
2018-04-01,2018-05-31,3,sensitivity_revision_3m,False,0.7048876190177007,0.0953291140722926,153,150,0.17265741246309685,0.15747931459166492,0.019501817313873057,0.03155968561120265,0.0418973419974716,-0.0032184172608482704,0.027924399592451576,0.21455475446056846,-0.0032184172608482704,0.1854037141841165,-0.016136675375616846,1.0,1.0,0.9156183635337418,available,0.549196179966282,0.549196179966282,0.038411086359675786,0.038411086359675786,0.38677124689326925,0.38677124689326925,0.025621486780772917,0.025621486780772917
2018-05-01,2018-06-29,3,sensitivity_revision_3m,False,0.0190998028660649,0.4091126077126583,154,151,0.17183107642662812,0.15716693442805255,0.018373531380934272,0.03158824351812346,0.04181025378527173,-0.0032018265899585417,0.0277383600771631,0.21364133021189985,-0.0032018265899585417,0.18490529450521564,-0.01610944197492591,1.0,1.0,1.149557392761837,available,0.4266897678284832,0.4266897678284832,0.4026123550075102,0.4026123550075102,0.08979082127712934,0.08979082127712934,0.0809070558868773,0.0809070558868773
2018-06-01,2018-07-31,3,sensitivity_revision_3m,False,0.1027069495218224,-0.0493358495570647,155,153,0.17130864489799771,0.15630620862925357,0.01665834018204669,0.032276498307205956,0.0426872389786116,-0.0026501609471336726,0.02770774906474453,0.2139958838766093,-0.0026501609471336726,0.1840139576939981,-0.013355008135220543,1.0,1.0,1.3665449295145118,available,0.26495263231743604,0.26495263231743604,0.18926579507006192,0.18926579507006192,0.3228992099717368,0.3228992099717368,0.22288236264076522,0.22288236264076522
2018-07-01,2018-08-30,3,sensitivity_revision_3m,False,0.1995379032146353,0.2919692600221122,156,153,0.17148525203467083,0.15537400873522722,0.01665834018204669,0.032276498307205956,0.0426872389786116,-0.0026501609471336726,0.02770774906474453,0.21417249101328242,-0.0026501609471336726,0.18308175779997174,-0.013383443480138013,1.0,1.0,1.195952913867099,available,0.5002481554736486,0.5002481554736486,0.2522466859072834,0.2522466859072834,0.1665776659760267,0.1665776659760267,0.08092749264304122,0.08092749264304122
2018-08-01,2018-09-28,3,sensitivity_revision_3m,False,0.2289454380724094,-0.2895832440704905,157,154,0.1705017639011679,0.1549926354095188,0.01780545946705884,0.03185628555392052,0.04261088334538312,-0.0027070728933313868,0.0275538457943642,0.21311264724655102,-0.0027070728933313868,0.182546481203883,-0.013724881559254996,1.0,1.0,1.1802323506763888,available,0.17024899245022726,0.17024899245022726,0.07870762053746214,0.07870762053746214,0.5197819285806244,0.5197819285806244,0.2312614584316862,0.2312614584316862
2018-09-01,2018-10-29,3,sensitivity_revision_3m,False,0.3960747981534753,0.1564604496284416,158,155,0.16951549963951895,0.1548130046552783,0.01755002318362486,0.03109588717528939,0.04234430269039444,-0.0026593883308762972,0.027464546600382278,0.2118598023299134,-0.0026593883308762972,0.18227755125566059,-0.013532900373133684,1.0,1.0,1.1446957031742455,available,0.516378407658013,0.516378407658013,0.12661425440787244,0.12661425440787244,0.2888659715365376,0.2888659715365376,0.06814136639757695,0.06814136639757695
2018-10-01,2018-11-29,3,sensitivity_revision_3m,False,0.3022168518911169,0.0965052470025499,159,156,0.1688367147380701,0.15424145605281334,0.017494539291592257,0.031538393159405514,0.04207159388089392,-0.002646061091668578,0.027317902578326655,0.21090830861896404,-0.002646061091668578,0.18155935863113998,-0.01352208627294777,1.0,1.0,1.245003208444493,available,0.43741029709765805,0.43741029709765805,0.15217802920668738,0.15217802920668738,0.3073430004252173,0.3073430004252173,0.10306867327043728,0.10306867327043728
2018-11-01,2018-12-21,3,sensitivity_revision_3m,False,0.3296630034628864,0.5278080862638044,160,157,0.16805201233321432,0.1536077195324562,0.018581296858298086,0.03217594406100203,0.041987327771909624,-0.0025203196287579667,0.027206603789093065,0.21003934010512393,-0.0025203196287579667,0.18081432332154926,-0.012932690490746237,1.0,1.0,0.8871186135817132,available,0.681348830504298,0.6813488305042981,0.2113946563718032,0.21139465637180324,0.08267813525537776,0.08267813525537777,0.024578377868521017,0.02457837786852102
2018-12-01,2019-03-01,3,sensitivity_revision_3m,False,-0.5481786083856552,0.5556801197025594,161,160,0.16719844154772642,0.15277083077555287,0.018159161842847563,0.031176329714277574,0.04301637721905522,-0.002364130993262476,0.027012874364604963,0.21021481876678164,-0.002364130993262476,0.17978370514015785,-0.012160871779836513,1.0,1.0,0.6726864362926263,available,0.10450526359605664,0.10450526359605664,0.8004878273471818,0.8004878273471818,0.011418656358964191,0.011418656358964191,0.08358825269779732,0.08358825269779732
2019-01-01,2019-03-29,3,sensitivity_revision_3m,False,-0.3049042259592325,0.2876631521202786,162,161,0.16942127185612463,0.15220370454700344,0.020055482561278887,0.03300133156391494,0.04332648605644758,-0.0017921681747530905,0.027380275611766137,0.21274775791257222,-0.0017921681747530905,0.17958398015876958,-0.009168799346938447,1.0,1.0,1.127811788727905,available,0.19013427886796874,0.19013427886796874,0.5612376857733639,0.5612376857733639,0.06415748632225915,0.06415748632225915,0.1844705490364082,0.1844705490364082
2019-02-01,2019-04-29,3,sensitivity_revision_3m,False,0.0195743090918186,-0.0682211758473318,163,161,0.16964853076705977,0.1527520718603127,0.020055482561278887,0.03300133156391494,0.04332648605644758,-0.0017921681747530905,0.027380275611766137,0.21297501682350733,-0.0017921681747530905,0.18013234747207885,-0.009149946945494772,1.0,1.0,1.3775289799445498,available,0.22401622433574542,0.22401622433574542,0.21213295751835787,0.21213295751835787,0.292899943009029,0.292899943009029,0.27095087513686766,0.27095087513686766
2019-03-01,2019-04-29,3,sensitivity_revision_3m,False,0.3112170434578629,-0.1826745304919458,163,161,0.16964853076705977,0.1527520718603127,0.020055482561278887,0.03300133156391494,0.04332648605644758,-0.0017921681747530905,0.027380275611766137,0.21297501682350733,-0.0017921681747530905,0.18013234747207885,-0.009149946945494772,1.0,1.0,1.1989572474960117,available,0.24901517493937272,0.24901517493937272,0.08443361104749184,0.08443361104749184,0.500947164491603,0.500947164491603,0.16560404952153238,0.16560404952153238
2019-04-01,2019-05-31,3,sensitivity_revision_3m,False,0.010322561143437,0.3623059809325931,165,161,0.1694351647044164,0.15189504793720784,0.020055482561278887,0.03300133156391494,0.04332648605644758,-0.0017921681747530905,0.027380275611766137,0.212761650760864,-0.0017921681747530905,0.179275323548974,-0.0091763892563688,1.0,1.0,1.1879021380632304,available,0.4081216504463369,0.4081216504463369,0.39579305314075497,0.39579305314075497,0.10080553599289305,0.10080553599289305,0.09527976042001512,0.09527976042001512
2019-05-01,2019-06-28,3,sensitivity_revision_3m,False,0.0762528453689883,0.1279407996730824,166,162,0.17017934954004574,0.15142783437762355,0.01832810124276107,0.031570340181289416,0.04354076053497073,-0.0013805941148350147,0.02754194507470861,0.21372011007501646,-0.0013805941148350147,0.17896977945233217,-0.007059167252037785,1.0,1.0,1.3491617654906156,available,0.34889675988921204,0.34889675988921204,0.2699395939274211,0.2699395939274211,0.21660873751044846,0.21660873751044846,0.1645549086729184,0.1645549086729184
2019-06-01,2019-07-30,3,sensitivity_revision_3m,False,-0.1323977783037503,0.4332827180252437,167,165,0.16925355668006595,0.15096305509441899,0.017878539167049595,0.029320788431306363,0.04446027951694745,-0.0008997308472321855,0.027984483575799322,0.2137138361970134,-0.0008997308472321855,0.17894753867021831,-0.004600800754870949,1.0,1.0,1.095150052695532,available,0.3276720769160434,0.3276720769160434,0.5194707278760725,0.5194707278760725,0.05961599117300287,0.05961599117300287,0.09324120403488123,0.09324120403488123
2019-07-01,2019-08-30,3,sensitivity_revision_3m,False,0.0519070977949924,0.3324801108377178,168,165,0.16858368934659815,0.15131931900834128,0.017878539167049595,0.029320788431306363,0.04446027951694745,-0.0008997308472321855,0.027984483575799322,0.2130439688635456,-0.0008997308472321855,0.1793038025841406,-0.004603447964900217,1.0,1.0,1.2111512496532606,available,0.4264705993296966,0.4264705993296966,0.35735627728705627,0.35735627728705627,0.11829944756164729,0.11829944756164729,0.09787367582159989,0.09787367582159989
2019-08-01,2019-09-27,3,sensitivity_revision_3m,False,0.1609787497292096,0.7195039344418219,169,166,0.16802515238430116,0.15133656182149957,0.01874557964317897,0.02736216823591104,0.044315615302533744,-0.001176179628810715,0.02845168869462543,0.2123407676868349,-0.001176179628810715,0.17978825051612501,-0.006019720241427674,1.0,1.0,0.8384466719033249,available,0.6078141727079416,0.6078141727079416,0.34732666543894497,0.34732666543894497,0.02876986077700512,0.02876986077700512,0.016089301076108287,0.016089301076108287
2019-09-01,2019-10-31,3,sensitivity_revision_3m,False,0.0558922408712616,-0.4804868515813836,170,168,0.16739586345385307,0.15144013317318003,0.01872423680775906,0.026568708141900075,0.04379175918073269,-0.0011371839645175387,0.028244323679062013,0.21118762263458576,-0.0011371839645175387,0.17968445685224205,-0.005837692849194558,1.0,1.0,1.0719746911963228,available,0.06998403452655327,0.06998403452655327,0.0585155466411012,0.0585155466411012,0.4784173419846098,0.4784173419846098,0.39308307684773575,0.39308307684773575
2019-10-01,2019-11-27,3,sensitivity_revision_3m,False,-0.6588702425828481,-0.2961709744317636,171,168,0.1674874858120832,0.1505860322183519,0.01872423680775906,0.026568708141900075,0.04379175918073269,-0.0011371839645175387,0.028244323679062013,0.2112792449928159,-0.0011371839645175387,0.17883035589741392,-0.0058503478415170805,1.0,1.0,0.8217658847790402,available,0.018089157232810904,0.018089157232810904,0.223761826018824,0.223761826018824,0.0577807012100765,0.0577807012100765,0.7003683155382886,0.7003683155382886
2019-11-01,2019-12-20,3,sensitivity_revision_3m,False,0.789246612887962,0.3399573121118091,172,169,0.16738097068791588,0.14973372834175747,0.018095764576059777,0.028503770369497142,0.043597845118990924,-0.0013359414685024725,0.028709017429151613,0.2109788158069068,-0.0013359414685024725,0.17844274577090907,-0.0068852316590506365,1.0,1.0,0.6915519213760472,available,0.7554958889394928,0.7554958889394928,0.03402959245497102,0.03402959245497102,0.20163110477964719,0.20163110477964719,0.008843413825888935,0.008843413825888935
2019-12-01,2020-01-31,3,sensitivity_revision_3m,False,-0.273311139457705,-0.2203140280022994,173,170,0.16694762075595443,0.14903576158682447,0.019439921868860798,0.027381564349850538,0.04364701870480999,-0.0015844681283055514,0.028753230465965843,0.21059463946076443,-0.0015844681283055514,0.1777889920527903,-0.008188557777357178,1.0,1.0,1.2002873775967287,available,0.08195018108387575,0.08195018108387575,0.21870950922304555,0.21870950922304555,0.19378068489559375,0.19378068489559375,0.505559624797485,0.505559624797485
2020-01-01,2020-02-28,3,sensitivity_revision_3m,False,-0.2997331594520495,-0.0399176039592661,174,172,0.16621805078423194,0.1490078330618738,0.020291686824800308,0.028709560912052016,0.04323959701939469,-0.001526708747881292,0.0286482235024338,0.20945764780362663,-0.001526708747881292,0.17765605656430758,-0.00791440142166807,1.0,1.0,1.259396183952608,available,0.11745093814985336,0.11745093814985336,0.3448235010129416,0.3448235010129416,0.13880945668166184,0.13880945668166184,0.3989161041555432,0.3989161041555432
2020-02-01,2020-03-27,3,sensitivity_revision_3m,False,0.4306264925007906,0.2828402154450746,175,173,0.1657409122698175,0.14875372921548083,0.01950870801527616,0.026151741769382966,0.04309426266966432,-0.0011713622878270383,0.029613505970088713,0.2088351749394818,-0.0011713622878270383,0.17836723518556954,-0.006069205913075364,1.0,1.0,1.0246309552066373,available,0.6184857832430374,0.6184857832430374,0.1299913231370094,0.1299913231370094,0.20850008440843604,0.20850008440843604,0.04302280921151724,0.04302280921151724
2020-03-01,2020-04-30,3,sensitivity_revision_3m,False,-10.377242347240024,-0.6906952009920202,176,173,0.1651218206672376,0.14845481745943426,0.01950870801527616,0.026151741769382966,0.04309426266966432,-0.0011713622878270383,0.029613505970088713,0.20821608333690192,-0.0011713622878270383,0.17806832342952297,-0.0060833214603711605,1.0,1.0,0.20097276180809193,available,0.0,0.0,0.05083712258054396,0.05083712258054396,0.0,0.0,0.949162877419456,0.949162877419456
2020-04-01,2020-05-29,3,sensitivity_revision_3m,False,-51.831661055699726,3.995936839130649,177,175,0.2628528323014308,0.15362076864587573,0.019771565558387657,0.028429341842804306,0.04260545382629042,-0.0010970728603453745,0.029872360167615103,0.30545828612772125,-0.0010970728603453745,0.18349312881349084,-0.004633931537285506,1.0,1.0,2.50744513056448e-19,available,0.0,0.0,1.0,1.0,5.372365454936738e-21,5.372365454936738e-21,0.0,0.0
2020-05-01,2020-06-26,3,sensitivity_revision_3m,False,3.6543188276981,-1.3623980690427513,178,175,2.31788554643699,0.5173198492296653,0.019771565558387657,0.028429341842804306,0.04260545382629042,-0.0010970728603453745,0.029872360167615103,2.36049100026328,-0.0010970728603453745,0.5471922093972804,-0.0009653045300164185,1.0,1.0,0.1940890874237734,available,0.03246846006527171,0.03246846006527171,0.00028635200766539623,0.00028635200766539623,0.9588401932843004,0.9588401932843004,0.008404994642762564,0.008404994642762564
2020-06-01,2020-07-31,3,sensitivity_revision_3m,False,4.758746319392589,-0.7326652177209303,179,177,2.3185350989082196,0.5169588314292487,0.019613157566835644,0.031020567501612594,0.04335030329152931,-0.0009155941711030929,0.030158054242389196,2.361885402199749,-0.0009155941711030929,0.5471168856716379,-0.0008054406584148183,1.0,1.0,0.4490202589498354,available,0.16080047138688283,0.16080047138688283,0.00015827533457376869,0.00015827533457376869,0.8382202422980343,0.8382202422980343,0.000821010980509157,0.000821010980509157
2020-07-01,2020-08-28,3,sensitivity_revision_3m,False,1.8774983936103355,1.16364406460878,180,177,2.3064962120427235,0.5206441295877821,0.019613157566835644,0.031020567501612594,0.04335030329152931,-0.0009155941711030929,0.030158054242389196,2.349846515334253,-0.0009155941711030929,0.5508021838301712,-0.0008047953236906043,1.0,1.0,0.5698835404348351,available,0.8376523577062476,0.8376523577062476,0.10389707984234964,0.10389707984234964,0.052019505715334195,0.052019505715334195,0.0064310567360685855,0.0064310567360685855
2020-08-01,2020-10-01,3,sensitivity_revision_3m,False,1.2484067150752722,1.4173886411173866,181,179,2.29460830128447,0.5291388965920626,0.015399449777490562,0.029843394437406728,0.046179478666308664,-0.0003143882803881125,0.029955394934165002,2.340787779950779,-0.0003143882803881125,0.5590942915262276,-0.0002748164963390152,1.0,1.0,0.6415729506789574,available,0.7697419154293978,0.7697419154293978,0.20125152477146113,0.20125152477146113,0.022999912204754138,0.022999912204754138,0.006006647594386849,0.006006647594386849
2020-09-01,2020-10-30,3,sensitivity_revision_3m,False,0.3984833473366508,0.0192274916111271,182,179,2.2843078765499167,0.5272064714945636,0.015399449777490562,0.029843394437406728,0.046179478666308664,-0.0003143882803881125,0.029955394934165002,2.3304873552162255,-0.0003143882803881125,0.5571618664287286,-0.00027590036850220107,1.0,1.0,1.364727339882299,available,0.30763544444616053,0.30763544444616053,0.20263984295389004,0.20263984295389004,0.2953290299907688,0.2953290299907688,0.19439568260918066,0.19439568260918066
2020-10-01,2020-11-25,3,sensitivity_revision_3m,False,0.873901781407983,-0.8682196585441536,183,180,2.272752972393315,0.5245911303197889,0.017257953772354093,0.03103593125075415,0.04654321942977802,8.630827641324342e-05,0.030044032288327784,2.319296191823093,8.630827641324342e-05,0.5546351626081166,7.609754333715978e-05,1.0,1.0,0.9663906358968789,available,0.08736427405037489,0.08736427405037489,0.034482372606699674,0.034482372606699674,0.6295948698939258,0.6295948698939258,0.2485584834489996,0.2485584834489996
2020-11-01,2020-12-23,3,sensitivity_revision_3m,False,0.0415352458278681,-0.0375341347445581,184,181,2.26093973442116,0.52225290287613,0.018251914897324258,0.030619207335929224,0.04646346651645078,1.0857251804901811e-05,0.029908553244471926,2.307403200937611,1.0857251804901811e-05,0.552161456120602,9.618893610053904e-06,1.0,1.0,1.3852447302473794,available,0.24516402434282503,0.24516402434282503,0.23469322473733084,0.23469322473733084,0.265743118232481,0.265743118232481,0.2543996326873632,0.2543996326873632
2020-12-01,2021-01-29,3,sensitivity_revision_3m,False,0.1393058315181052,0.6744226314709725,185,182,2.248978007082443,0.5199282826140831,0.01916544038861307,0.029476846999772446,0.04635864652738192,-0.00017913343530330013,0.02998082027785948,2.295336653609825,-0.00017913343530330013,0.5499091028919426,-0.00015944393509159218,1.0,1.0,1.1641998506870304,available,0.439187577123161,0.439187577123161,0.379260442146265,0.379260442146265,0.09744306641113182,0.09744306641113182,0.08410891431944223,0.08410891431944223
2021-01-01,2021-02-26,3,sensitivity_revision_3m,False,0.8127126556824178,0.0256043954332337,186,184,2.238159419780284,0.5190858405368409,0.019271380702477137,0.029563921223311033,0.045977613541740056,-0.00033892832131650965,0.02986604878720176,2.284137033322024,-0.00033892832131650965,0.5489518893240427,-0.0003026771534348013,1.0,1.0,1.2996631070010443,available,0.36198239925817194,0.36198239925817194,0.15180146583337567,0.15180146583337567,0.3426408606603924,0.3426408606603924,0.14357527424806,0.14357527424806
2021-02-01,2021-03-26,3,sensitivity_revision_3m,False,-0.8636136731452471,-0.2406419735058604,187,185,2.226916223546434,0.5178545581089888,0.01965934009717154,0.02919977083771438,0.04575558001828145,-0.0003632222987573776,0.0297282653227787,2.2726718035647155,-0.0003632222987573776,0.5475828234317676,-0.0003255961285836711,1.0,1.0,1.2563878776158144,available,0.1055176129649128,0.1055176129649128,0.26699839307684425,0.26699839307684425,0.17785094891653686,0.17785094891653686,0.4496330450417061,0.4496330450417061
2021-03-01,2021-04-30,3,sensitivity_revision_3m,False,1.427623769941964,0.9092059412140976,188,186,2.2174331371768057,0.5152593360460214,0.01817650511101703,0.02846616851209195,0.045917229283609626,-0.0001589260528298617,0.029667672057931138,2.2633503664604153,-0.0001589260528298617,0.5449270081039526,-0.0001431034277643969,1.0,1.0,0.8024795293199046,available,0.7383111426389892,0.7383111426389892,0.15265199665113283,0.15265199665113283,0.09036280545445657,0.09036280545445657,0.01867405525542143,0.01867405525542143
2021-04-01,2021-05-28,3,sensitivity_revision_3m,False,0.0725493594279924,3.832135445817417,189,187,2.2079510137424054,0.5140564068957164,0.0195330172902462,0.027333941014854507,0.04601446588918245,-0.00044528124455217436,0.02974789105744506,2.2539654796315878,-0.00044528124455217436,0.5438042979531614,-0.00040219758153134616,1.0,1.0,0.6924060004229887,available,0.519270803756423,0.519270803756423,0.48072909476194914,0.48072909476194914,5.278389751199539e-08,5.278389751199539e-08,4.869773040372394e-08,4.869773040372394e-08
2021-05-01,2021-06-25,3,sensitivity_revision_3m,False,0.271387571396139,2.689044199686761,190,187,2.196511529234831,0.5201436763888472,0.0195330172902462,0.027333941014854507,0.04601446588918245,-0.00044528124455217436,0.02974789105744506,2.2425259951240135,-0.00044528124455217436,0.5498915674462922,-0.0004009840794707061,1.0,1.0,0.6841863608070153,available,0.5718227083970853,0.5718227083970853,0.4280335158784849,0.4280335158784849,8.231362121269745e-05,8.231362121269745e-05,6.146210321711365e-05,6.146210321711365e-05
2021-06-01,2021-07-30,3,sensitivity_revision_3m,False,0.2739755805558843,2.8274965165428587,191,188,2.1854625205621816,0.5214734650386152,0.01860627537317111,0.028373271111731924,0.0459298631358759,-0.0006239799255195809,0.02979189035157355,2.2313923836980574,-0.0006239799255195809,0.5512653553901888,-0.0005626033253704877,1.0,1.0,0.6832604317381613,available,0.5727218315689335,0.5727218315689335,0.4272081823249633,0.4272081823249633,4.014781880816928e-05,4.014781880816928e-05,2.9838287295080868e-05,2.9838287295080868e-05
2021-07-01,2021-08-27,3,sensitivity_revision_3m,False,0.5259092111725943,1.5600869267128228,192,189,2.174229951856238,0.5260259096541994,0.021170875290360464,0.029552819743550885,0.04692864100020007,-4.892259222413838e-05,0.0298963851599456,2.2211585928564377,-4.892259222413838e-05,0.555922294814145,-4.4026344802979275e-05,1.0,1.0,0.7455684879241862,available,0.6262969903749593,0.6262969903749593,0.3555009979949748,0.3555009979949748,0.011611963764575461,0.011611963764575461,0.006590047865490334,0.006590047865490334
2021-08-01,2021-10-01,3,sensitivity_revision_3m,False,0.2433012792172466,0.8379325589510702,193,191,2.1633715448733635,0.5243710915865705,0.020421119413979814,0.028857507052820596,0.04648861770033313,-1.4007176175648795e-05,0.03003517924855072,2.2098601625736967,-1.4007176175648795e-05,0.5544062708351212,-1.2654766251651567e-05,1.0,1.0,1.0714700273203497,available,0.49142975032072317,0.49142975032072317,0.3783539268922575,0.3783539268922575,0.07357373064667144,0.07357373064667144,0.05664259214034789,0.05664259214034789
2021-09-01,2021-10-29,3,sensitivity_revision_3m,False,-0.1633949188050871,1.0290425507569374,194,191,2.152231590778217,0.5228804428427895,0.020421119413979814,0.028857507052820596,0.04648861770033313,-1.4007176175648795e-05,0.03003517924855072,2.19872020847855,-1.4007176175648795e-05,0.5529156220913402,-1.2703873970938916e-05,1.0,1.0000000000000002,0.9757967418955851,available,0.41817987549458496,0.418179875494585,0.49862519259208926,0.4986251925920893,0.0379483260074121,0.03794832600741211,0.04524660590591367,0.04524660590591368
2021-10-01,2021-11-24,3,sensitivity_revision_3m,False,0.6899407958142352,1.6948146751484958,195,192,2.142313189192991,0.5207671516556244,0.02064364873142515,0.02883069672809957,0.04625472950119046,-1.5079328160776707e-05,0.02987806500953035,2.1885679186941815,-1.5079328160776707e-05,0.5506452166651548,-1.3736182197080408e-05,1.0,1.0,0.6886155714322295,available,0.6719229380470225,0.6719229380470225,0.3168897789521553,0.3168897789521553,0.007602184301281243,0.007602184301281243,0.003585098699540934,0.003585098699540934
2021-11-01,2021-12-23,3,sensitivity_revision_3m,False,0.2569480707489244,1.9138062922328056,196,193,2.1318174805231425,0.5206242232188094,0.02028609067489328,0.028101015983942393,0.04603849407011673,3.5353533159254496e-05,0.0298252098473657,2.177855974593259,3.5353533159254496e-05,0.5504494330661751,3.2289366952159836e-05,1.0,1.0,0.7147611695087547,available,0.5662964750881331,0.5662964750881331,0.4287566694378147,0.4287566694378147,0.002815131138892762,0.002815131138892762,0.0021317243351594017,0.0021317243351594017
2021-12-01,2022-01-28,3,sensitivity_revision_3m,False,-0.2052985234395343,2.229541796707313,197,194,2.1211595478653282,0.5190994431272846,0.020295785685003148,0.027916449217340347,0.0457999708847492,3.482321515734728e-05,0.029677283670235966,2.1669595187500774,3.482321515734728e-05,0.5487767267975205,3.193343408108086e-05,0.9999999999999999,1.0000000000000002,0.69697256031857,available,0.44396069599209503,0.44396069599209514,0.5547316127199069,0.554731612719907,0.0005812693420712976,0.0005812693420712978,0.000726421945926703,0.0007264219459267031
2022-01-01,2022-02-25,3,sensitivity_revision_3m,False,0.6793901555777725,2.6329605655036863,198,196,2.1110843250414444,0.5170720369259203,0.02077448512719541,0.029814916353424085,0.045449961262842904,3.5889555760996116e-06,0.02987088267754829,2.156534286304287,3.5889555760996116e-06,0.5469429196034686,3.3045999864946404e-06,0.9999999999999999,1.0,0.6300053705597989,available,0.6780623148281131,0.6780623148281132,0.32175239291062546,0.3217523929106255,0.0001256621479608331,0.00012566214796083314,5.963011330056833e-05,5.963011330056834e-05
2022-02-01,2022-03-31,3,sensitivity_revision_3m,False,0.176989753597042,1.8598142229209496,199,197,2.1011588141002537,0.5155589328688572,0.021580007687282923,0.030001400897967538,0.04534590042455696,3.3163493602528914e-05,0.029725331182522394,2.1465047145248106,3.3163493602528914e-05,0.5452842640513796,3.06536976298091e-05,1.0,1.0,0.7246383687372977,available,0.5448483127968546,0.5448483127968546,0.4492604577872851,0.4492604577872851,0.0032286439932055202,0.0032286439932055202,0.0026625854226547396,0.0026625854226547396
2022-03-01,2022-04-29,3,sensitivity_revision_3m,False,0.3705966804931029,1.2812161474244093,200,198,2.090934291603661,0.5151221390959505,0.02101484641200231,0.029914989191438354,0.045178960827780536,4.266478794712809e-05,0.029575919639158753,2.1361132524314415,4.266478794712809e-05,0.5446980587351092,3.9553010130165464e-05,1.0,1.0000000000000002,0.8449802949465268,available,0.5753118140854196,0.5753118140854198,0.38340441998525226,0.3834044199852523,0.024772384639858015,0.02477238463985802,0.01651138128947005,0.016511381289470054
2022-04-01,2022-05-27,3,sensitivity_revision_3m,False,0.4221241059009075,2.004529295827864,201,199,2.080657218081538,0.513315839639107,0.020466217364158622,0.028349368340122052,0.04501068203053867,0.00021337937953155877,0.029914328869013046,2.125667900112077,0.00021337937953155877,0.54323016850812,0.0001985696180670881,1.0,1.0,0.6889281967908066,available,0.6119068450974812,0.6119068450974812,0.3848260635053896,0.3848260635053896,0.0020049554110673474,0.0020049554110673474,0.0012621359860618409,0.0012621359860618409
2022-05-01,2022-06-30,3,sensitivity_revision_3m,False,-0.053996951837284,2.05419888339238,202,199,2.070569160469074,0.5128933134152771,0.020466217364158622,0.028349368340122052,0.04501068203053867,0.00021337937953155877,0.029914328869013046,2.1155798424996126,0.00021337937953155877,0.5428076422842901,0.000199119943787653,1.0,1.0,0.7110799912920895,available,0.48390780727788624,0.48390780727788624,0.5134418704742836,0.5134418704742836,0.0012852685470997318,0.0012852685470997318,0.0013650537007305341,0.0013650537007305341
2022-06-01,2022-07-29,3,sensitivity_revision_3m,False,-0.0521577737129124,2.443995598768895,203,200,2.060518991231568,0.5117374189508916,0.021459887884465897,0.02778090368556154,0.044981973919312454,9.933380752827272e-05,0.029828636021061658,2.1055009651508803,9.933380752827272e-05,0.5415660549719533,9.302370707901993e-05,1.0,1.0,0.6966414577844321,available,0.48544529887484267,0.48544529887484267,0.5141062950247919,0.5141062950247919,0.0002177146724802081,0.0002177146724802081,0.00023069142788528785,0.00023069142788528785
2022-07-01,2022-08-26,3,sensitivity_revision_3m,False,0.2443700012439405,0.6118756454277855,204,201,2.050488392159359,0.5115340526700197,0.021072157866555183,0.02770098910783084,0.04478728129764051,0.00010506517990225603,0.02968077649524286,2.0952756734569995,0.00010506517990225603,0.5412148291652625,9.866278703181522e-05,1.0,1.0,1.1883698250134076,available,0.45205810731248663,0.45205810731248663,0.3451590253542146,0.3451590253542146,0.11497330078244217,0.11497330078244217,0.08780956655085664,0.08780956655085664
2022-08-01,2022-09-30,3,sensitivity_revision_3m,False,-0.1457481649056139,1.8139837974433537,205,202,2.040528493581553,0.5097661769184569,0.019855617501944096,0.02786265338695038,0.044863413035290435,6.481490110937048e-05,0.02953839027904709,2.0853919066168434,6.481490110937048e-05,0.5393045671975041,6.111727351116489e-05,1.0,1.0,0.7303951760309833,available,0.4566991702890031,0.4566991702890031,0.5365472606796287,0.5365472606796287,0.003104860270347498,0.003104860270347498,0.0036487087610208024,0.0036487087610208024
2022-09-01,2022-10-28,3,sensitivity_revision_3m,False,0.210240439550025,1.3659876032935447,206,203,2.0306965380158775,0.5090888823419134,0.01989555392624213,0.027929887958767965,0.04464164069950643,6.503911226497821e-05,0.029393078283192774,2.0753381787153837,6.503911226497821e-05,0.5384819606251062,6.152400341893842e-05,1.0,1.0,0.8257611235378407,available,0.540530273475386,0.540530273475386,0.42813236321452675,0.42813236321452675,0.017485014667954733,0.017485014667954733,0.013852348642132584,0.013852348642132584
2022-10-01,2022-12-01,3,sensitivity_revision_3m,False,-0.0467420200796381,0.4078793064125754,207,205,2.020899031428636,0.5085978846128855,0.019729714951475314,0.027948149487364998,0.04423316640042696,9.169079227032703e-05,0.02913381355534173,2.065132197829063,9.169079227032703e-05,0.5377316981682272,8.700996168134288e-05,1.0,1.0,1.2940906998220234,available,0.3462732438675975,0.3462732438675975,0.3646975077833924,0.3646975077833924,0.140752960795813,0.140752960795813,0.1482762875531971,0.1482762875531971
2022-11-01,2022-12-23,3,sensitivity_revision_3m,False,-0.1083737469486145,0.7309788389482788,208,205,2.011304188095025,0.5061852300719711,0.019729714951475314,0.027948149487364998,0.04423316640042696,9.169079227032703e-05,0.02913381355534173,2.055537354495452,9.169079227032703e-05,0.5353190436273129,8.740910872077272e-05,1.0,1.0,1.129137071385961,available,0.3952283541507221,0.3952283541507221,0.44589266961500673,0.44589266961500673,0.07464449589175104,0.07464449589175104,0.08423448034252012,0.08423448034252012
2022-12-01,2023-01-27,3,sensitivity_revision_3m,False,-0.2779656707813678,0.5722140069035621,209,206,2.0017380423391495,0.5043843178087968,0.02017516186448592,0.027854251839727673,0.04405826998518624,8.262727815343574e-05,0.028993513645912898,2.045796312324336,8.262727815343574e-05,0.5333778314547096,7.909968798637454e-05,1.0,1.0,1.2038833115352419,available,0.3313244161953487,0.3313244161953487,0.4520098675317349,0.4520098675317349,0.09163080820885561,0.09163080820885561,0.1250349080640608,0.1250349080640608
2023-01-01,2023-02-24,3,sensitivity_revision_3m,False,0.3260573558767672,1.6573536212945263,210,207,1.992512173053721,0.5022606332478046,0.019978568994477402,0.028240169816832802,0.04385239518077417,6.652134926108466e-05,0.0288835974998455,2.0363645682344953,6.652134926108466e-05,0.53114423074765,6.396273848484558e-05,1.0,1.0,0.7394217346653975,available,0.5835904219048369,0.5835904219048369,0.4049294945952865,0.4049294945952865,0.006776716847875237,0.006776716847875237,0.004703366652001328,0.004703366652001328
2023-02-01,2023-03-31,3,sensitivity_revision_3m,False,-0.1561992645064282,1.0711579925746364,211,209,1.9832985520231707,0.5016148929249054,0.019210436649430944,0.030003906454484003,0.04353403791157772,6.490835274212665e-06,0.029087774736077095,2.0268325899347484,6.490835274212665e-06,0.5307026676609824,6.2584388461098735e-06,1.0,1.0,0.9448496364031529,available,0.4240422166108576,0.4240422166108576,0.505227576716132,0.505227576716132,0.032275080867181116,0.032275080867181116,0.038455125805829216,0.038455125805829216
2023-03-01,2023-04-28,3,sensitivity_revision_3m,False,0.0779494534274871,0.793517713478652,212,210,1.974005844889464,0.49961289073448134,0.018191571995630748,0.031691809388015954,0.043543738967845226,-0.0003546865953383809,0.02954689220613748,2.017549583857309,-0.0003546865953383809,0.5291597829406188,-0.00034327268916030975,1.0,1.0,1.0929012307392618,available,0.4500044428180824,0.45000444281808244,0.4123251029143979,0.41232510291439795,0.07187786315092326,0.07187786315092327,0.06579259111659641,0.06579259111659642
2023-04-01,2023-05-26,3,sensitivity_revision_3m,False,0.2306513079528956,0.7928366730527708,213,211,1.9647848676195383,0.49753299682264046,0.019448325198666003,0.031355640982303805,0.04366964726731772,-0.0004421410436056738,0.0294300376600084,2.0084545148868562,-0.0004421410436056738,0.5269630344826488,-0.00042977362145639664,1.0,1.0,1.0849401203049513,available,0.4870366368937162,0.4870366368937162,0.3755860553291341,0.3755860553291341,0.0776063033116941,0.0776063033116941,0.05977100446545558,0.05977100446545558
2023-05-01,2023-06-30,3,sensitivity_revision_3m,False,-0.2173168473792473,1.035121058479249,214,211,1.9556181053991453,0.49623287603610294,0.019448325198666003,0.031355640982303805,0.04366964726731772,-0.0004421410436056738,0.0294300376600084,1.999287752666463,-0.0004421410436056738,0.5256629136961113,-0.0004312901207767221,1.0,1.0,0.9562753551366368,available,0.40524047498105353,0.40524047498105353,0.5180706558935216,0.5180706558935216,0.033685196240938034,0.033685196240938034,0.04300367288448681,0.04300367288448681
2023-06-01,2023-07-28,3,sensitivity_revision_3m,False,-0.0703746275612321,-0.0250303822333407,215,212,1.9466277675777814,0.4942242383157452,0.019379641890305818,0.03131007543182251,0.04346368220252368,-0.00043938211475879485,0.029290998967049977,1.990091449780305,-0.00043938211475879485,0.5235152372827951,-0.0004304683191943889,1.0,1.0,1.385121782254973,available,0.23336023762096736,0.23336023762096736,0.2528414406494571,0.2528414406494571,0.2467463376181911,0.2467463376181911,0.2670519841113844,0.2670519841113844
2023-07-01,2023-08-31,3,sensitivity_revision_3m,False,0.3780230736043591,0.2980296625029319,216,214,1.937839649905346,0.49210398511847797,0.01861783355803983,0.030922197195832526,0.0431174761900189,-0.000407096662711078,0.029144225984993985,1.980957126095365,-0.000407096662711078,0.521248211103472,-0.0004006246941349855,1.0,1.0,1.3115115527150318,available,0.39989543370146824,0.39989543370146824,0.2602271247498949,0.2602271247498949,0.20597980394565835,0.20597980394565835,0.13389763760297857,0.13389763760297857
2023-08-01,2023-09-29,3,sensitivity_revision_3m,False,-0.0858683684010111,0.1436747753250475,217,214,1.9290732916953368,0.4900027204693071,0.01861783355803983,0.030922197195832526,0.0431174761900189,-0.000407096662711078,0.029144225984993985,1.9721907678853556,-0.000407096662711078,0.519146946454301,-0.00040232584255056456,1.0,1.0,1.3725622482589708,available,0.27533527363484717,0.27533527363484717,0.303691631412423,0.303691631412423,0.20028671533489323,0.20028671533489323,0.2206863796178366,0.2206863796178366
2023-09-01,2023-10-27,3,sensitivity_revision_3m,False,0.1311086315943703,0.4373514429391578,218,215,1.9203559470672265,0.4878841582172891,0.018444296794130746,0.030223748140280164,0.0429224673832327,-0.0003791349252532676,0.02911292169598991,1.9632784144504591,-0.0003791349252532676,0.516997079913279,-0.00037632130128262476,1.0,0.9999999999999998,1.2751194860331219,available,0.3913505130547746,0.3913505130547745,0.33714069203294417,0.3371406920329441,0.14592443359734925,0.14592443359734922,0.12558436131493206,0.12558436131493203
2023-10-01,2023-11-30,3,sensitivity_revision_3m,False,-0.249762092879386,0.0642657192473765,219,216,1.9115973550546512,0.48606848797708635,0.018109254669938728,0.0298528899389862,0.042747074696651226,-0.0003505328331765933,0.029007220491849908,1.9543444297513024,-0.0003505328331765933,0.5150757084689362,-0.0003493756362299786,1.0,1.0000000000000002,1.3736597907127646,available,0.22980535442375666,0.22980535442375669,0.3058704539935484,0.30587045399354845,0.19929720439156823,0.19929720439156826,0.2650269871911267,0.2650269871911268
2023-11-01,2023-12-22,3,sensitivity_revision_3m,False,0.1638558667854148,0.2173046462590719,220,217,1.9030871877522044,0.4839737936185058,0.017989442411741396,0.02929501999764469,0.04255228660311117,-0.00033440579031875984,0.028940462299492816,1.9456394743553156,-0.00033440579031875984,0.5129142559179986,-0.0003347497175865424,1.0,1.0,1.3532151574792235,available,0.33850976612755884,0.33850976612755884,0.28070597596031743,0.28070597596031743,0.2082468376815096,0.2082468376815096,0.17253742023061414,0.17253742023061414
2023-12-01,2024-01-26,3,sensitivity_revision_3m,False,0.0831196133541121,0.1116720446172479,221,218,1.8944933009121332,0.4821763024072468,0.017294356993453483,0.028599594088734796,0.04246151845150104,-0.00022748782069570965,0.028912524662243585,1.9369548193636343,-0.00022748782069570965,0.5110888270694903,-0.00022863894707566792,1.0,1.0,1.3774359953939443,available,0.2943802269938463,0.2943802269938463,0.2676842455480013,0.2676842455480013,0.22943176442761243,0.22943176442761243,0.20850376303053997,0.20850376303053997
2024-01-01,2024-02-29,3,sensitivity_revision_3m,False,-0.0892937796153958,1.1709441400923557,222,219,1.886001357538704,0.4805411223018918,0.016887512879829324,0.028997467842917242,0.04230299019100651,-0.0002618943968556002,0.028814566874139566,1.9283043477297106,-0.0002618943968556002,0.5093556891760314,-0.00026425781276344953,1.0,1.0,0.8916153283745115,available,0.4504306378360361,0.4504306378360361,0.4991381047812807,0.4991381047812807,0.023933715982231714,0.023933715982231714,0.02649754140045152,0.02649754140045152
2024-02-01,2024-03-29,3,sensitivity_revision_3m,False,-0.0067941694265624,0.6174690636885556,223,221,1.8776013215166958,0.47868695875014566,0.016714992762750652,0.02929960007407735,0.04192744653516876,-0.000264175142993427,0.028562856931685456,1.9195287680518645,-0.000264175142993427,0.5072498156818311,-0.00026772177121314023,1.0,1.0,1.1836535177821446,available,0.40190235983116,0.40190235983116,0.40511851760100254,0.40511851760100254,0.09614128642752001,0.09614128642752001,0.09683783614031743,0.09683783614031743
2024-03-01,2024-04-26,3,sensitivity_revision_3m,False,0.2285633560956129,0.606129496388919,224,221,1.8692962802494324,0.47682909979837934,0.016714992762750652,0.02929960007407735,0.04192744653516876,-0.000264175142993427,0.028562856931685456,1.911223726784601,-0.000264175142993427,0.5053919567300648,-0.0002687955187630286,1.0,1.0000000000000002,1.1806276060406595,available,0.4542292729980442,0.4542292729980443,0.3488333734455571,0.34883337344555715,0.11142847975799636,0.11142847975799637,0.08550887379840233,0.08550887379840234
2024-04-01,2024-05-31,3,sensitivity_revision_3m,False,-0.129401873100278,0.260530277611939,225,223,1.8609958845971224,0.47513306877221767,0.014960670177326394,0.02919797123459613,0.04194317274653352,-0.00027853019325008166,0.028332414988394856,1.902939057343656,-0.00027853019325008166,0.5034654837606125,-0.0002845607452422985,1.0,1.0,1.3418736705355603,available,0.2975484835827146,0.2975484835827146,0.34570735151287935,0.34570735151287935,0.16508336313852723,0.16508336313852723,0.19166080176587885,0.19166080176587885
2024-05-01,2024-06-28,3,sensitivity_revision_3m,False,0.1939491078727108,0.1104996633953446,226,223,1.8527778515786042,0.4732711489235583,0.014960670177326394,0.02919797123459613,0.04194317274653352,-0.00027853019325008166,0.028332414988394856,1.8947210243251378,-0.00027853019325008166,0.5016035639119532,-0.00028570598401720846,1.0,1.0,1.3722976157288764,available,0.3124374009568398,0.3124374009568398,0.24955402382711206,0.24955402382711206,0.2435886605807034,0.2435886605807034,0.1944199146353448,0.1944199146353448
2024-06-01,2024-07-26,3,sensitivity_revision_3m,False,0.1147568761549553,-0.2175646467812129,227,224,1.84479497972383,0.47153649128590336,0.015497208481388738,0.0290247199401004,0.04181957040087832,-0.0002981033130130517,0.02821208738658006,1.8866145501247085,-0.0002981033130130517,0.4997485786724834,-0.00030700781382111427,1.0,1.0,1.3545665704649514,available,0.20214189267362132,0.20214189267362132,0.17699048814984492,0.17699048814984492,0.331150282998075,0.331150282998075,0.2897173361784588,0.2897173361784588
2024-07-01,2024-08-30,3,sensitivity_revision_3m,False,-0.2545571444545697,-0.0368501655876137,228,225,1.8368058032299657,0.46981557454621753,0.014498926812250543,0.029200481855399182,0.04185710330562099,-0.0003362509717408497,0.028093091324335608,1.8786629065355867,-0.0003362509717408497,0.49790866587055316,-0.0003476676446190118,1.0,1.0,1.3745331349402259,available,0.20423338777119748,0.20423338777119748,0.27494198212398757,0.27494198212398757,0.22209841750720916,0.22209841750720916,0.2987262125976058,0.2987262125976058
2024-08-01,2024-09-27,3,sensitivity_revision_3m,False,0.2186596728762253,0.3622435474530221,229,226,1.8290085947420824,0.46779737244970127,0.01439174206419973,0.028875446806507027,0.04167366815224234,-0.00032688295421751546,0.02799210953963177,1.8706822628943247,-0.00032688295421751546,0.49578948198933304,-0.00033942482712395527,1.0,1.0,1.29883037251554,available,0.39245664703912886,0.39245664703912886,0.30407830479336656,0.30407830479336656,0.17105185962424585,0.17105185962424585,0.13241318854325868,0.13241318854325868
2024-09-01,2024-10-31,3,sensitivity_revision_3m,False,-0.0016905787281518,0.4315840089172421,230,228,1.8211879291542832,0.4659096424893684,0.013595479324459576,0.02874494137824869,0.04145683834249159,-0.0004163026744117675,0.02788566445594934,1.8626447674967748,-0.0004163026744117675,0.4937953069453177,-0.00043408092661662554,1.0,1.0,1.2759573764893237,available,0.36480683340140085,0.36480683340140085,0.36564319518413313,0.36564319518413313,0.13469899209292213,0.13469899209292213,0.13485097932154388,0.13485097932154388
2024-10-01,2024-11-27,3,sensitivity_revision_3m,False,-0.1483932107127908,0.4248455365526835,231,228,1.8134045088943862,0.46405267280820156,0.013595479324459576,0.02874494137824869,0.04145683834249159,-0.0004163026744117675,0.02788566445594934,1.8548613472368778,-0.0004163026744117675,0.4919383372641509,-0.00043581095290075826,1.0,1.0,1.2749592400683203,available,0.3322013262552799,0.3322013262552799,0.39545008876972065,0.39545008876972065,0.12441665656522533,0.12441665656522533,0.1479319284097741,0.1479319284097741
2024-11-01,2024-12-20,3,sensitivity_revision_3m,False,-0.0792082405129053,0.2491800813760949,232,229,1.8056285532333933,0.46225792192526705,0.013504672407708687,0.02860611374262028,0.041276898414361066,-0.0004115898948016762,0.02776777245283276,1.8469054516477543,-0.0004115898948016762,0.4900256943780998,-0.00043264625180630017,1.0,1.0,1.3460206180664938,available,0.30461719444682955,0.30461719444682955,0.33444837330835264,0.33444837330835264,0.1721440818329596,0.1721440818329596,0.1887903504118582,0.1887903504118582
2024-12-01,2025-01-31,3,sensitivity_revision_3m,False,0.3346225681482522,-0.0069090998513087,233,230,1.7979220068705475,0.4604883456118032,0.012983019952089897,0.02849610000869319,0.04115923784509375,-0.0003965931040918975,0.027649299499547204,1.8390812447156413,-0.0003965931040918975,0.4881376451113504,-0.00041857525447429393,1.0,1.0,1.367148629078372,available,0.2963027233539181,0.2963027233539181,0.1997522194336338,0.1997522194336338,0.3011458967887953,0.3011458967887953,0.2027991604236528,0.2027991604236528
2025-01-01,2025-02-28,3,sensitivity_revision_3m,False,-0.0175698242318299,0.689049166153312,234,232,1.7903612163167604,0.4585499479110439,0.012814033262570503,0.028323833865940028,0.04080859636141406,-0.00038339164701813857,0.027430312632251957,1.8311698126781744,-0.00038339164701813857,0.4859802605432959,-0.0004064143385670751,1.0,1.0,1.1351992929079113,available,0.41488011524231044,0.41488011524231044,0.4236460367970644,0.4236460367970644,0.0799402281276354,0.0799402281276354,0.08153361983298973,0.08153361983298973
2025-02-01,2025-03-28,3,sensitivity_revision_3m,False,0.1016662438173484,0.5857691631532584,235,233,1.782964582775573,0.4578900167354479,0.012962748225432768,0.027870327595728793,0.04063785029982831,-0.00039745335499029284,0.027359999155427632,1.8236024330754013,-0.00039745335499029284,0.4852500158908755,-0.00042251127869590764,1.0,1.0,1.1920280900540665,available,0.4238506820484067,0.4238506820484067,0.37594699898341466,0.37594699898341466,0.1061555635920195,0.1061555635920195,0.09404675537615914,0.09404675537615914
2025-03-01,2025-04-30,3,sensitivity_revision_3m,False,-0.0206904666919898,-0.5078656215408891,236,233,1.7755595083406661,0.4563166771257485,0.012962748225432768,0.027870327595728793,0.04063785029982831,-0.00039745335499029284,0.027359999155427632,1.8161973586404945,-0.00039745335499029284,0.48367667628117617,-0.00042405977122012434,1.0,1.0,1.235493551307099,available,0.11483302942966,0.11483302942966,0.11778582886621158,0.11778582886621158,0.3790423135732207,0.3790423135732207,0.3883388281309077,0.3883388281309077
2025-04-01,2025-05-30,3,sensitivity_revision_3m,False,-0.0438281038117294,0.3497217911734319,237,235,1.7682622723684702,0.45468486526440044,0.013058096939223876,0.02879782415445985,0.040354166214611735,-0.0003677973704074711,0.02723084610320196,1.8086164385830819,-0.0003677973704074711,0.4819157113676024,-0.00039395792406337504,1.0,1.0,1.309658884116585,available,0.33733439739589255,0.33733439739589255,0.35545607381996697,0.35545607381996697,0.1496665219080342,0.1496665219080342,0.15754300687610628,0.15754300687610628
2025-05-01,2025-06-27,3,sensitivity_revision_3m,False,-0.2118162217902984,0.1647190126506519,238,235,1.7608405731811363,0.45312900247108806,0.013058096939223876,0.02879782415445985,0.040354166214611735,-0.0003677973704074711,0.02723084610320196,1.801194739395748,-0.0003677973704074711,0.48035984857429004,-0.0003954075297479674,1.0,1.0,1.3606598282723608,available,0.25966267668198517,0.25966267668198517,0.33426582828870394,0.33426582828870394,0.1776342309022505,0.1776342309022505,0.2284372641270604,0.2284372641270604
2025-06-01,2025-07-31,3,sensitivity_revision_3m,False,0.0694946356053686,0.3709951514483184,239,237,1.7535385919982305,0.4514459224176697,0.012969618903627895,0.030121742612896504,0.040014897657238174,-0.0003714028462318971,0.02723502289742584,1.7935534896554686,-0.0003714028462318971,0.47868094531509553,-0.00040083440454587876,1.0,1.0,1.2996428395603312,available,0.3665630726852893,0.3665630726852893,0.33753459056087437,0.33753459056087437,0.1541292533157108,0.1541292533157108,0.14177308343812545,0.14177308343812545
2025-07-01,2025-08-29,3,sensitivity_revision_3m,False,-0.0922559901769511,0.503101166728846,240,237,1.7462570364895922,0.4496276389310911,0.012969618903627895,0.030121742612896504,0.040014897657238174,-0.0003714028462318971,0.02723502289742584,1.7862719341468303,-0.0003714028462318971,0.47686266182851694,-0.00040241557476512513,1.0,1.0,1.2346734371339074,available,0.3622805873216523,0.3622805873216523,0.4045805682381297,0.4045805682381297,0.1102033634836887,0.1102033634836887,0.12293548095652929,0.12293548095652929
2025-08-01,2025-09-26,3,sensitivity_revision_3m,False,-0.0378097663851234,0.6316313120968754,241,238,1.7390475310037619,0.44794611627886954,0.01286606360431885,0.02955804981926446,0.03984861066722045,-0.00035594288213571136,0.027195731585608927,1.7788961416709823,-0.00035594288213571136,0.4751418478644785,-0.00038716257968629433,1.0,1.0,1.1639008236808346,available,0.40081078091954836,0.40081078091954836,0.41944235821844483,0.41944235821844483,0.0878813545353766,0.0878813545353766,0.09186550632663021,0.09186550632663021
2025-09-01,2025-12-05,3,sensitivity_revision_3m,False,-0.0955796358022069,0.1228868960593906,242,241,1.7318841834580756,0.44618525433285394,0.013099824981415974,0.02931146123463545,0.03940076761655031,-0.00030674703149931673,0.026928412612479042,1.7712849510746258,-0.00030674703149931673,0.47311366694533297,-0.00033508377945907375,1.0,1.0,1.3745678562112817,available,0.2690537192957269,0.2690537192957269,0.30184321401231884,0.30184321401231884,0.20232045424198936,0.20232045424198936,0.2267826124499649,0.2267826124499649
2025-10-01,,3,sensitivity_revision_3m,False,,,0,0,,,,,,,,,,,,,,,score_unavailable,,,,,,,,
2025-11-01,,3,sensitivity_revision_3m,False,,,0,0,,,,,,,,,,,,,,,score_unavailable,,,,,,,,
2025-12-01,2026-02-20,3,sensitivity_revision_3m,False,0.0610129919486151,0.4250788445977681,243,242,1.7247644263041761,0.44437237586971856,0.012568029134874748,0.02914400671755328,0.03930571820526138,-0.00028392373100611767,0.02682346238626051,1.7640701445094376,-0.00028392373100611767,0.47119583825597905,-0.00031141752257412555,1.0,1.0,1.273609116391614,available,0.3794342776126489,0.3794342776126489,0.3526911764536313,0.3526911764536313,0.13888556513766281,0.13888556513766281,0.12898898079605697,0.12898898079605697
2026-01-01,2026-03-13,3,sensitivity_revision_3m,False,0.1774511973178162,0.8743136345169217,244,243,1.7177277838710658,0.4431864591375381,0.0125352815204878,0.028922474195488157,0.039143558476817435,-0.0002809876096777989,0.026724547260573092,1.7568713423478832,-0.0002809876096777989,0.46991100639811123,-0.00030924976749954194,1.0,1.0,1.0149083182627792,available,0.4973078782493346,0.4973078782493346,0.40161504075390664,0.40161504075390664,0.05594256635675293,0.05594256635675293,0.045134514640005785,0.045134514640005785
2026-02-01,2026-04-09,3,sensitivity_revision_3m,False,-0.1096538454293891,0.4785810806479448,245,243,1.7108134550820167,0.4415540034597708,0.0125352815204878,0.028922474195488157,0.039143558476817435,-0.0002809876096777989,0.026724547260573092,1.749957013558834,-0.0002809876096777989,0.4682785507203439,-0.00031039973850061477,1.0,1.0,1.2445229622774059,available,0.35384811293813095,0.35384811293813095,0.40398965756820054,0.40398965756820054,0.11312077999601305,0.11312077999601305,0.12904144949765545,0.12904144949765545
2026-03-01,2026-04-30,3,sensitivity_revision_3m,False,-0.1181601808241327,0.1438019154983097,246,243,1.7038678856438854,0.44016974638772,0.0125352815204878,0.028922474195488157,0.039143558476817435,-0.0002809876096777989,0.026724547260573092,1.7430114441207027,-0.0002809876096777989,0.4668942936482931,-0.00031147827978599696,1.0,1.0,1.3697920966236858,available,0.27082261187648654,0.27082261187648654,0.3125203732593647,0.3125203732593647,0.19351982931665518,0.19351982931665518,0.22313718554749357,0.22313718554749357
2026-04-01,2026-05-28,3,sensitivity_revision_3m,False,0.1247488547515804,0.7735514248814588,247,244,1.6971528208460238,0.4386815232501023,0.012625966105032069,0.02850614099244852,0.03898448045533743,-0.0002890435029320679,0.026656863033802592,1.7361373013013612,-0.0002890435029320679,0.4653383862839049,-0.000321578302251416,1.0,1.0,1.0736370292920983,available,0.46864402651089765,0.4686440265108977,0.4029541519343249,0.40295415193432493,0.06907028377653257,0.06907028377653258,0.05933153777824485,0.059331537778244854
2026-05-01,2026-06-25,3,sensitivity_revision_3m,False,0.0273944260020107,0.4104760171455257,248,245,1.690406847974234,0.4371022225777805,0.011626836297669297,0.02879078083171478,0.0390692817855853,-0.0003575349746164512,0.026567463455473356,1.7294761297598193,-0.0003575349746164512,0.4636696860332538,-0.0003992610032875173,1.0,1.0,1.2795383941879996,available,0.3693274411615224,0.3693274411615224,0.3573563916873216,0.3573563916873216,0.13898222501889812,0.13898222501889812,0.13433394213225786,0.13433394213225786
2026-06-01,,3,sensitivity_revision_3m,False,,,0,0,,,,,,,,,,,,,,,score_unavailable,,,,,,,,
