evaluation_sample,comparison_id,candidate_id,reference_id,block_id,experiment_arm,primary_atomic,evaluation_checkpoint,metric,better_direction,paired_months,mean_candidate_minus_reference,median_candidate_minus_reference,bootstrap_lower,bootstrap_upper,bootstrap_probability_candidate_better,mean_block_benefit,block_benefit_lower,block_benefit_upper,bootstrap_probability_block_beneficial,centered_two_sided_p_value,block_length_months,calendar_segments,replications,random_seed,holm_adjusted_p_value_primary_atomic,holm_adjusted_p_value_secondary_add_one,holm_adjusted_p_value_secondary_leave_one_out,holm_adjusted_p_value_exploratory_inflation_pressure_pair
excluding_2020_03_through_2020_05,add_inflation_pressure_pair__vs__partial_only,add_inflation_pressure_pair,partial_only,inflation_pressure_pair,add_one,False,after_employment_situation,hard_quadrant_correct,higher,180,0.0,0.0,0.0,0.0,0.0,0.0,0.0,0.0,0.0,1.0,12,2,5000,20260722,,,,1.0
excluding_2020_03_through_2020_05,add_one_business_investment__vs__partial_only,add_one_business_investment,partial_only,business_investment,add_one,True,after_employment_situation,hard_quadrant_correct,higher,180,0.0,0.0,0.0,0.0,0.0,0.0,0.0,0.0,0.0,1.0,12,2,5000,20260722,1.0,1.0,,
excluding_2020_03_through_2020_05,add_one_consumer_demand__vs__partial_only,add_one_consumer_demand,partial_only,consumer_demand,add_one,True,after_employment_situation,hard_quadrant_correct,higher,180,0.0,0.0,0.0,0.0,0.0,0.0,0.0,0.0,0.0,1.0,12,2,5000,20260722,1.0,1.0,,
excluding_2020_03_through_2020_05,add_one_housing_activity__vs__partial_only,add_one_housing_activity,partial_only,housing_activity,add_one,True,after_employment_situation,hard_quadrant_correct,higher,180,0.0,0.0,0.0,0.0,0.0,0.0,0.0,0.0,0.0,1.0,12,2,5000,20260722,1.0,1.0,,
excluding_2020_03_through_2020_05,add_one_inflation_expectations__vs__partial_only,add_one_inflation_expectations,partial_only,inflation_expectations,add_one,True,after_employment_situation,hard_quadrant_correct,higher,180,0.0,0.0,0.0,0.0,0.0,0.0,0.0,0.0,0.0,1.0,12,2,5000,20260722,1.0,1.0,,
excluding_2020_03_through_2020_05,add_one_inflation_input_costs__vs__partial_only,add_one_inflation_input_costs,partial_only,inflation_input_costs,add_one,True,after_employment_situation,hard_quadrant_correct,higher,180,0.0,0.0,0.0,0.0,0.0,0.0,0.0,0.0,0.0,1.0,12,2,5000,20260722,1.0,1.0,,
excluding_2020_03_through_2020_05,add_one_monthly_labor_demand__vs__partial_only,add_one_monthly_labor_demand,partial_only,monthly_labor_demand,add_one,True,after_employment_situation,hard_quadrant_correct,higher,180,0.0,0.0,0.0,0.0,0.0,0.0,0.0,0.0,0.0,1.0,12,2,5000,20260722,1.0,1.0,,
excluding_2020_03_through_2020_05,add_one_weekly_labor_stress__vs__partial_only,add_one_weekly_labor_stress,partial_only,weekly_labor_stress,add_one,True,after_employment_situation,hard_quadrant_correct,higher,180,0.011111111111111112,0.0,-0.011111111111111112,0.03888888888888889,0.7288,0.011111111111111112,-0.011111111111111112,0.03888888888888889,0.7288,0.38492301539692064,12,2,5000,20260722,1.0,1.0,,
excluding_2020_03_through_2020_05,leave_one_out_business_investment__vs__student_t_7_combined,leave_one_out_business_investment,student_t_7_combined,business_investment,leave_one_out,True,after_employment_situation,hard_quadrant_correct,higher,180,0.0,0.0,0.0,0.0,0.0,-0.0,-0.0,0.0,0.0,1.0,12,2,5000,20260722,1.0,,1.0,
excluding_2020_03_through_2020_05,leave_one_out_consumer_demand__vs__student_t_7_combined,leave_one_out_consumer_demand,student_t_7_combined,consumer_demand,leave_one_out,True,after_employment_situation,hard_quadrant_correct,higher,180,0.005555555555555556,0.0,0.0,0.016666666666666666,0.6726,-0.005555555555555556,-0.016666666666666666,0.0,0.0,0.265746850629874,12,2,5000,20260722,1.0,,1.0,
excluding_2020_03_through_2020_05,leave_one_out_housing_activity__vs__student_t_7_combined,leave_one_out_housing_activity,student_t_7_combined,housing_activity,leave_one_out,True,after_employment_situation,hard_quadrant_correct,higher,180,0.0,0.0,0.0,0.0,0.0,-0.0,-0.0,0.0,0.0,1.0,12,2,5000,20260722,1.0,,1.0,
excluding_2020_03_through_2020_05,leave_one_out_inflation_expectations__vs__student_t_7_combined,leave_one_out_inflation_expectations,student_t_7_combined,inflation_expectations,leave_one_out,True,after_employment_situation,hard_quadrant_correct,higher,180,0.0,0.0,0.0,0.0,0.0,-0.0,-0.0,0.0,0.0,1.0,12,2,5000,20260722,1.0,,1.0,
excluding_2020_03_through_2020_05,leave_one_out_inflation_input_costs__vs__student_t_7_combined,leave_one_out_inflation_input_costs,student_t_7_combined,inflation_input_costs,leave_one_out,True,after_employment_situation,hard_quadrant_correct,higher,180,0.005555555555555556,0.0,0.0,0.016666666666666666,0.6648,-0.005555555555555556,-0.016666666666666666,0.0,0.0,0.2591481703659268,12,2,5000,20260722,1.0,,1.0,
excluding_2020_03_through_2020_05,leave_one_out_monthly_labor_demand__vs__student_t_7_combined,leave_one_out_monthly_labor_demand,student_t_7_combined,monthly_labor_demand,leave_one_out,True,after_employment_situation,hard_quadrant_correct,higher,180,0.0,0.0,0.0,0.0,0.0,-0.0,-0.0,0.0,0.0,1.0,12,2,5000,20260722,1.0,,1.0,
excluding_2020_03_through_2020_05,leave_one_out_weekly_labor_stress__vs__student_t_7_combined,leave_one_out_weekly_labor_stress,student_t_7_combined,weekly_labor_stress,leave_one_out,True,after_employment_situation,hard_quadrant_correct,higher,180,-0.005555555555555556,0.0,-0.027777777777777776,0.011111111111111112,0.1976,0.005555555555555556,-0.011111111111111112,0.027777777777777776,0.6104,0.5812837432513497,12,2,5000,20260722,1.0,,1.0,
excluding_2020_03_through_2020_05,leave_out_inflation_pressure_pair__vs__student_t_7_combined,leave_out_inflation_pressure_pair,student_t_7_combined,inflation_pressure_pair,leave_one_out,False,after_employment_situation,hard_quadrant_correct,higher,180,0.005555555555555556,0.0,0.0,0.016666666666666666,0.6686,-0.005555555555555556,-0.016666666666666666,0.0,0.0,0.2695460907818436,12,2,5000,20260722,,,,0.5390921815636872
excluding_2020_03_through_2020_05,add_inflation_pressure_pair__vs__partial_only,add_inflation_pressure_pair,partial_only,inflation_pressure_pair,add_one,False,after_employment_situation,quadrant_brier_distance_to_exact_score_map,lower,180,2.7094519974385433e-05,0.0,-2.0291979477584563e-08,8.13038519026326e-05,0.105,-2.7094519974385433e-05,-8.13038519026326e-05,2.0291979477584563e-08,0.105,0.23995200959808038,12,2,5000,20260722,,,,0.47990401919616077
excluding_2020_03_through_2020_05,add_one_business_investment__vs__partial_only,add_one_business_investment,partial_only,business_investment,add_one,True,after_employment_situation,quadrant_brier_distance_to_exact_score_map,lower,180,-4.731731225065225e-06,0.0,-1.419519367519527e-05,1.171058813192397e-18,0.882,4.731731225065225e-06,-1.1710588131923983e-18,1.419519367519527e-05,0.882,0.259748050389922,12,2,5000,20260722,1.0,1.0,,
excluding_2020_03_through_2020_05,add_one_consumer_demand__vs__partial_only,add_one_consumer_demand,partial_only,consumer_demand,add_one,True,after_employment_situation,quadrant_brier_distance_to_exact_score_map,lower,180,-2.798391848307313e-05,0.0,-8.012860733963537e-05,7.498549877459691e-07,0.9576,2.798391848307313e-05,-7.498549877459691e-07,8.012860733963536e-05,0.9576,0.14297140571885622,12,2,5000,20260722,1.0,1.0,,
excluding_2020_03_through_2020_05,add_one_housing_activity__vs__partial_only,add_one_housing_activity,partial_only,housing_activity,add_one,True,after_employment_situation,quadrant_brier_distance_to_exact_score_map,lower,180,1.225421343691507e-06,0.0,-2.8161081580455365e-07,3.7634718138918026e-06,0.2264,-1.225421343691507e-06,-3.7634718138918136e-06,2.8161081580455365e-07,0.2264,0.4289142171565687,12,2,5000,20260722,1.0,1.0,,
excluding_2020_03_through_2020_05,add_one_inflation_expectations__vs__partial_only,add_one_inflation_expectations,partial_only,inflation_expectations,add_one,True,after_employment_situation,quadrant_brier_distance_to_exact_score_map,lower,180,-2.0291979477863322e-08,0.0,-6.087593843358997e-08,0.0,0.6654,2.0291979477863322e-08,-0.0,6.087593843358997e-08,0.6654,0.2605478904219156,12,2,5000,20260722,1.0,1.0,,
excluding_2020_03_through_2020_05,add_one_inflation_input_costs__vs__partial_only,add_one_inflation_input_costs,partial_only,inflation_input_costs,add_one,True,after_employment_situation,quadrant_brier_distance_to_exact_score_map,lower,180,2.7114811953863294e-05,0.0,-4.346973085309065e-19,8.134443586158908e-05,0.0748,-2.7114811953863294e-05,-8.134443586158908e-05,4.346973085309053e-19,0.0748,0.18316336732653468,12,2,5000,20260722,1.0,1.0,,
excluding_2020_03_through_2020_05,add_one_monthly_labor_demand__vs__partial_only,add_one_monthly_labor_demand,partial_only,monthly_labor_demand,add_one,True,after_employment_situation,quadrant_brier_distance_to_exact_score_map,lower,180,7.255548088058747e-06,0.0,-2.7415787982097843e-06,2.2369845833797617e-05,0.2762,-7.255548088058747e-06,-2.2369845833797617e-05,2.7415787982097843e-06,0.2762,0.4989002199560088,12,2,5000,20260722,1.0,1.0,,
excluding_2020_03_through_2020_05,add_one_weekly_labor_stress__vs__partial_only,add_one_weekly_labor_stress,partial_only,weekly_labor_stress,add_one,True,after_employment_situation,quadrant_brier_distance_to_exact_score_map,lower,180,-7.964641264472841e-06,0.0,-0.00020781286452189684,0.00014576852587416586,0.5042,7.964641264472841e-06,-0.00014576852587416586,0.00020781286452189681,0.5042,0.9290141971605679,12,2,5000,20260722,1.0,1.0,,
excluding_2020_03_through_2020_05,leave_one_out_business_investment__vs__student_t_7_combined,leave_one_out_business_investment,student_t_7_combined,business_investment,leave_one_out,True,after_employment_situation,quadrant_brier_distance_to_exact_score_map,lower,180,1.967830703432471e-06,0.0,-7.511457569232402e-09,5.911091248309727e-06,0.2822,1.967830703432471e-06,-7.511457569232402e-09,5.911091248309727e-06,0.7178,0.5008998200359928,12,2,5000,20260722,1.0,,1.0,
excluding_2020_03_through_2020_05,leave_one_out_consumer_demand__vs__student_t_7_combined,leave_one_out_consumer_demand,student_t_7_combined,consumer_demand,leave_one_out,True,after_employment_situation,quadrant_brier_distance_to_exact_score_map,lower,180,2.8143591178250926e-05,0.0,-1.2021296684302196e-06,8.119350739609227e-05,0.061,2.8143591178250926e-05,-1.2021296684302196e-06,8.119350739609227e-05,0.939,0.16656668666266747,12,2,5000,20260722,1.0,,1.0,
excluding_2020_03_through_2020_05,leave_one_out_housing_activity__vs__student_t_7_combined,leave_one_out_housing_activity,student_t_7_combined,housing_activity,leave_one_out,True,after_employment_situation,quadrant_brier_distance_to_exact_score_map,lower,180,-6.060988308695791e-07,0.0,-1.9190321183981305e-06,1.5868028933888227e-07,0.767,-6.060988308695791e-07,-1.9190321183981305e-06,1.5868028933888227e-07,0.233,0.4385122975404919,12,2,5000,20260722,1.0,,1.0,
excluding_2020_03_through_2020_05,leave_one_out_inflation_expectations__vs__student_t_7_combined,leave_one_out_inflation_expectations,student_t_7_combined,inflation_expectations,leave_one_out,True,after_employment_situation,quadrant_brier_distance_to_exact_score_map,lower,180,1.8803235334584536e-07,0.0,0.0,5.640970600375361e-07,0.0,1.8803235334584536e-07,0.0,5.640970600375361e-07,0.6596,0.23535292941411717,12,2,5000,20260722,1.0,,1.0,
excluding_2020_03_through_2020_05,leave_one_out_inflation_input_costs__vs__student_t_7_combined,leave_one_out_inflation_input_costs,student_t_7_combined,inflation_input_costs,leave_one_out,True,after_employment_situation,quadrant_brier_distance_to_exact_score_map,lower,180,-2.5041308272255517e-05,0.0,-7.515068099760986e-05,2.594239564123877e-08,0.7344,-2.5041308272255517e-05,-7.515068099760986e-05,2.594239564123877e-08,0.2646,0.4641071785642871,12,2,5000,20260722,1.0,,1.0,
excluding_2020_03_through_2020_05,leave_one_out_monthly_labor_demand__vs__student_t_7_combined,leave_one_out_monthly_labor_demand,student_t_7_combined,monthly_labor_demand,leave_one_out,True,after_employment_situation,quadrant_brier_distance_to_exact_score_map,lower,180,-6.845478404478425e-06,0.0,-2.0536240943467832e-05,4.817301645064231e-07,0.8844,-6.845478404478425e-06,-2.0536240943467832e-05,4.817301645064231e-07,0.1156,0.2523495300939812,12,2,5000,20260722,1.0,,1.0,
excluding_2020_03_through_2020_05,leave_one_out_weekly_labor_stress__vs__student_t_7_combined,leave_one_out_weekly_labor_stress,student_t_7_combined,weekly_labor_stress,leave_one_out,True,after_employment_situation,quadrant_brier_distance_to_exact_score_map,lower,180,8.286489610630054e-06,0.0,-0.0001434966330936022,0.00021388167803372188,0.5006,8.286489610630054e-06,-0.0001434966330936022,0.00021388167803372188,0.4994,0.9306138772245551,12,2,5000,20260722,1.0,,1.0,
excluding_2020_03_through_2020_05,leave_out_inflation_pressure_pair__vs__student_t_7_combined,leave_out_inflation_pressure_pair,student_t_7_combined,inflation_pressure_pair,leave_one_out,False,after_employment_situation,quadrant_brier_distance_to_exact_score_map,lower,180,-2.4853295674413194e-05,0.0,-7.459557952258762e-05,2.0060583379874372e-07,0.724,-2.4853295674413194e-05,-7.459557952258762e-05,2.0060583379874372e-07,0.2746,0.46690661867626476,12,2,5000,20260722,,,,0.47990401919616077
excluding_2020_03_through_2020_05,add_inflation_pressure_pair__vs__partial_only,add_inflation_pressure_pair,partial_only,inflation_pressure_pair,add_one,False,after_employment_situation,quadrant_cross_entropy_to_exact_score_map,lower,180,5.7480006660622546e-05,0.0,-4.685379934279668e-08,0.00017244001998186148,0.0774,-5.7480006660622546e-05,-0.00017244001998186148,4.685379934279668e-08,0.0774,0.22155568886222757,12,2,5000,20260722,,,,0.44311137772445514
excluding_2020_03_through_2020_05,add_one_business_investment__vs__partial_only,add_one_business_investment,partial_only,business_investment,add_one,True,after_employment_situation,quadrant_cross_entropy_to_exact_score_map,lower,180,-9.630487455148138e-06,0.0,-2.889146236548327e-05,2.528841333868412e-17,0.7018,9.630487455148138e-06,-2.528841333868412e-17,2.889146236548327e-05,0.7018,0.5312937412517497,12,2,5000,20260722,1.0,1.0,,
excluding_2020_03_through_2020_05,add_one_consumer_demand__vs__partial_only,add_one_consumer_demand,partial_only,consumer_demand,add_one,True,after_employment_situation,quadrant_cross_entropy_to_exact_score_map,lower,180,-5.60843548604741e-05,0.0,-0.00016323846147343652,2.8031468566478235e-06,0.9274,5.60843548604741e-05,-2.8031468566478303e-06,0.00016323846147343652,0.9274,0.1903619276144771,12,2,5000,20260722,1.0,1.0,,
excluding_2020_03_through_2020_05,add_one_housing_activity__vs__partial_only,add_one_housing_activity,partial_only,housing_activity,add_one,True,after_employment_situation,quadrant_cross_entropy_to_exact_score_map,lower,180,2.3067776952712117e-06,0.0,-8.059017844163105e-07,7.457600942091385e-06,0.2178,-2.3067776952712117e-06,-7.457600942091385e-06,8.059017844163105e-07,0.2178,0.4081183763247351,12,2,5000,20260722,1.0,1.0,,
excluding_2020_03_through_2020_05,add_one_inflation_expectations__vs__partial_only,add_one_inflation_expectations,partial_only,inflation_expectations,add_one,True,after_employment_situation,quadrant_cross_entropy_to_exact_score_map,lower,180,-4.6853799346497425e-08,0.0,-1.4056139803949227e-07,0.0,0.6544,4.6853799346497425e-08,-0.0,1.4056139803949227e-07,0.6544,0.46350729854029193,12,2,5000,20260722,1.0,1.0,,
excluding_2020_03_through_2020_05,add_one_inflation_input_costs__vs__partial_only,add_one_inflation_input_costs,partial_only,inflation_input_costs,add_one,True,after_employment_situation,quadrant_cross_entropy_to_exact_score_map,lower,180,5.752686045996904e-05,0.0,-1.2335811384723962e-18,0.00017258058137989974,0.039,-5.752686045996904e-05,-0.00017258058137989974,1.2335811384723962e-18,0.039,0.16336732653469307,12,2,5000,20260722,1.0,1.0,,
excluding_2020_03_through_2020_05,add_one_monthly_labor_demand__vs__partial_only,add_one_monthly_labor_demand,partial_only,monthly_labor_demand,add_one,True,after_employment_situation,quadrant_cross_entropy_to_exact_score_map,lower,180,1.452294795783213e-05,0.0,-5.73548701312051e-06,4.4892928596022995e-05,0.0858,-1.452294795783213e-05,-4.4892928596022995e-05,5.73548701312051e-06,0.0858,0.22835432913417317,12,2,5000,20260722,1.0,1.0,,
excluding_2020_03_through_2020_05,add_one_weekly_labor_stress__vs__partial_only,add_one_weekly_labor_stress,partial_only,weekly_labor_stress,add_one,True,after_employment_situation,quadrant_cross_entropy_to_exact_score_map,lower,180,-0.0001365730729716522,0.0,-0.0005325135675754235,0.00019401043619731996,0.7602,0.0001365730729716522,-0.00019401043619732004,0.0005325135675754234,0.7602,0.47010597880423916,12,2,5000,20260722,1.0,1.0,,
excluding_2020_03_through_2020_05,leave_one_out_business_investment__vs__student_t_7_combined,leave_one_out_business_investment,student_t_7_combined,business_investment,leave_one_out,True,after_employment_situation,quadrant_cross_entropy_to_exact_score_map,lower,180,3.993825111194776e-06,0.0,-2.0241471103718854e-08,1.2002287771337909e-05,0.2454,3.993825111194776e-06,-2.0241471103718854e-08,1.2002287771337909e-05,0.7546,0.45190961807638474,12,2,5000,20260722,1.0,,1.0,
excluding_2020_03_through_2020_05,leave_one_out_consumer_demand__vs__student_t_7_combined,leave_one_out_consumer_demand,student_t_7_combined,consumer_demand,leave_one_out,True,after_employment_situation,quadrant_cross_entropy_to_exact_score_map,lower,180,5.6498513868167656e-05,0.0,-3.7767668575858837e-06,0.00016599972083672484,0.09,5.6498513868167656e-05,-3.7767668575858837e-06,0.00016599972083672484,0.91,0.21775644871025795,12,2,5000,20260722,1.0,,1.0,
excluding_2020_03_through_2020_05,leave_one_out_housing_activity__vs__student_t_7_combined,leave_one_out_housing_activity,student_t_7_combined,housing_activity,leave_one_out,True,after_employment_situation,quadrant_cross_entropy_to_exact_score_map,lower,180,-1.0637723317860923e-06,0.0,-3.9490941943600025e-06,7.878262330394804e-07,0.7656,-1.0637723317860923e-06,-3.9490941943600025e-06,7.878262330394804e-07,0.2344,0.4409118176364727,12,2,5000,20260722,1.0,,1.0,
excluding_2020_03_through_2020_05,leave_one_out_inflation_expectations__vs__student_t_7_combined,leave_one_out_inflation_expectations,student_t_7_combined,inflation_expectations,leave_one_out,True,after_employment_situation,quadrant_cross_entropy_to_exact_score_map,lower,180,3.467373846624236e-07,0.0,0.0,1.0402121539872706e-06,0.0,3.467373846624236e-07,0.0,1.0402121539872706e-06,0.655,0.6086782643471306,12,2,5000,20260722,1.0,,1.0,
excluding_2020_03_through_2020_05,leave_one_out_inflation_input_costs__vs__student_t_7_combined,leave_one_out_inflation_input_costs,student_t_7_combined,inflation_input_costs,leave_one_out,True,after_employment_situation,quadrant_cross_entropy_to_exact_score_map,lower,180,-5.262528642677116e-05,0.0,-0.0001579254257228895,4.8993210464358994e-08,0.724,-5.262528642677116e-05,-0.0001579254257228895,4.8993210464358994e-08,0.2736,0.47170565886822635,12,2,5000,20260722,1.0,,1.0,
excluding_2020_03_through_2020_05,leave_one_out_monthly_labor_demand__vs__student_t_7_combined,leave_one_out_monthly_labor_demand,student_t_7_combined,monthly_labor_demand,leave_one_out,True,after_employment_situation,quadrant_cross_entropy_to_exact_score_map,lower,180,-1.418307840803163e-05,0.0,-4.254912587681983e-05,8.175186552637307e-07,0.8822,-1.418307840803163e-05,-4.254912587681983e-05,8.175186552637307e-07,0.1178,0.2589482103579284,12,2,5000,20260722,1.0,,1.0,
excluding_2020_03_through_2020_05,leave_one_out_weekly_labor_stress__vs__student_t_7_combined,leave_one_out_weekly_labor_stress,student_t_7_combined,weekly_labor_stress,leave_one_out,True,after_employment_situation,quadrant_cross_entropy_to_exact_score_map,lower,180,0.00013777396035911783,0.0,-0.00018614554841318105,0.0005327501417974389,0.234,0.00013777396035911783,-0.00018614554841318105,0.0005327501417974389,0.766,0.45810837832433515,12,2,5000,20260722,1.0,,1.0,
excluding_2020_03_through_2020_05,leave_out_inflation_pressure_pair__vs__student_t_7_combined,leave_out_inflation_pressure_pair,student_t_7_combined,inflation_pressure_pair,leave_one_out,False,after_employment_situation,quadrant_cross_entropy_to_exact_score_map,lower,180,-5.2278587191129714e-05,0.0,-0.00015721742552398096,3.6867295477931303e-07,0.7322,-5.2278587191129714e-05,-0.00015721742552398096,3.6867295477931303e-07,0.2664,0.45770845830833834,12,2,5000,20260722,,,,0.45770845830833834
excluding_2020_03_through_2020_05,add_inflation_pressure_pair__vs__partial_only,add_inflation_pressure_pair,partial_only,inflation_pressure_pair,add_one,False,after_employment_situation,score_center_negative_log_predictive_density,lower,180,0.00018701229202846312,0.0,0.0,0.0005610368760853721,0.0178,-0.00018701229202846312,-0.0005610368760853721,0.0,0.0178,0.1279744051189762,12,2,5000,20260722,,,,0.2559488102379524
excluding_2020_03_through_2020_05,add_one_business_investment__vs__partial_only,add_one_business_investment,partial_only,business_investment,add_one,True,after_employment_situation,score_center_negative_log_predictive_density,lower,180,-2.48713874739072e-05,0.0,-7.461416242187242e-05,1.654579251386678e-16,0.7618,2.48713874739072e-05,-1.6545792513866785e-16,7.461416242187242e-05,0.7618,0.45610877824435114,12,2,5000,20260722,1.0,1.0,,
excluding_2020_03_through_2020_05,add_one_consumer_demand__vs__partial_only,add_one_consumer_demand,partial_only,consumer_demand,add_one,True,after_employment_situation,score_center_negative_log_predictive_density,lower,180,-0.00017040634417168487,0.0,-0.0004590746318309727,8.556814254356924e-06,0.9522,0.00017040634417168487,-8.556814254356924e-06,0.0004590746318309724,0.9522,0.14757048590281943,12,2,5000,20260722,1.0,0.7666466706658668,,
excluding_2020_03_through_2020_05,add_one_housing_activity__vs__partial_only,add_one_housing_activity,partial_only,housing_activity,add_one,True,after_employment_situation,score_center_negative_log_predictive_density,lower,180,5.592962060727168e-06,0.0,-2.2070139545861707e-06,1.8748743902433283e-05,0.2314,-5.592962060727168e-06,-1.8748743902433283e-05,2.2070139545861707e-06,0.2314,0.4371125774845031,12,2,5000,20260722,1.0,1.0,,
excluding_2020_03_through_2020_05,add_one_inflation_expectations__vs__partial_only,add_one_inflation_expectations,partial_only,inflation_expectations,add_one,True,after_employment_situation,score_center_negative_log_predictive_density,lower,180,3.177422740647313e-06,0.0,0.0,9.532268221941939e-06,0.0,-3.177422740647313e-06,-9.532268221941939e-06,0.0,0.0,0.5128974205158968,12,2,5000,20260722,1.0,1.0,,
excluding_2020_03_through_2020_05,add_one_inflation_input_costs__vs__partial_only,add_one_inflation_input_costs,partial_only,inflation_input_costs,add_one,True,after_employment_situation,score_center_negative_log_predictive_density,lower,180,0.00018383486928781828,0.0,0.0,0.0005515046078634425,0.0232,-0.00018383486928781828,-0.0005515046078634425,0.0,0.0232,0.1277744451109778,12,2,5000,20260722,1.0,0.7666466706658668,,
excluding_2020_03_through_2020_05,add_one_monthly_labor_demand__vs__partial_only,add_one_monthly_labor_demand,partial_only,monthly_labor_demand,add_one,True,after_employment_situation,score_center_negative_log_predictive_density,lower,180,2.5397130046171823e-05,0.0,-1.8470234137474902e-05,8.082832827637252e-05,0.2396,-2.5397130046171823e-05,-8.082832827637252e-05,1.8470234137474902e-05,0.2396,0.4405118976204759,12,2,5000,20260722,1.0,1.0,,
excluding_2020_03_through_2020_05,add_one_weekly_labor_stress__vs__partial_only,add_one_weekly_labor_stress,partial_only,weekly_labor_stress,add_one,True,after_employment_situation,score_center_negative_log_predictive_density,lower,180,-0.003018191575718196,0.0,-0.004238311876310174,-0.0017359300839472035,1.0,0.003018191575718196,0.0017359300839472033,0.004238311876310174,1.0,0.0001999600079984003,12,2,5000,20260722,0.0027994401119776045,0.0013997200559888023,,
excluding_2020_03_through_2020_05,leave_one_out_business_investment__vs__student_t_7_combined,leave_one_out_business_investment,student_t_7_combined,business_investment,leave_one_out,True,after_employment_situation,score_center_negative_log_predictive_density,lower,180,1.0377254592798072e-05,0.0,-5.700214040902744e-08,3.1181505865434345e-05,0.2228,1.0377254592798072e-05,-5.700214040902744e-08,3.1181505865434345e-05,0.7772,0.42391521695660866,12,2,5000,20260722,1.0,,1.0,
excluding_2020_03_through_2020_05,leave_one_out_consumer_demand__vs__student_t_7_combined,leave_one_out_consumer_demand,student_t_7_combined,consumer_demand,leave_one_out,True,after_employment_situation,score_center_negative_log_predictive_density,lower,180,0.00016927669563575933,0.0,-6.951860464866134e-06,0.00046550710611342993,0.0396,0.00016927669563575933,-6.951860464866134e-06,0.00046550710611342993,0.9604,0.13937212557488501,12,2,5000,20260722,1.0,,0.8362327534493101,
excluding_2020_03_through_2020_05,leave_one_out_housing_activity__vs__student_t_7_combined,leave_one_out_housing_activity,student_t_7_combined,housing_activity,leave_one_out,True,after_employment_situation,score_center_negative_log_predictive_density,lower,180,-2.603687453786277e-06,0.0,-9.683092732946475e-06,2.1164469707969874e-06,0.7748,-2.603687453786277e-06,-9.683092732946475e-06,2.1164469707969874e-06,0.2252,0.4327134573085383,12,2,5000,20260722,1.0,,1.0,
excluding_2020_03_through_2020_05,leave_one_out_inflation_expectations__vs__student_t_7_combined,leave_one_out_inflation_expectations,student_t_7_combined,inflation_expectations,leave_one_out,True,after_employment_situation,score_center_negative_log_predictive_density,lower,180,-2.4653306021107624e-06,0.0,-7.395991806332288e-06,0.0,0.6656,-2.4653306021107624e-06,-7.395991806332288e-06,0.0,0.0,0.40091981603679266,12,2,5000,20260722,1.0,,1.0,
excluding_2020_03_through_2020_05,leave_one_out_inflation_input_costs__vs__student_t_7_combined,leave_one_out_inflation_input_costs,student_t_7_combined,inflation_input_costs,leave_one_out,True,after_employment_situation,score_center_negative_log_predictive_density,lower,180,-0.00016745800733106967,0.0,-0.0005025127886526288,1.154163177694012e-07,0.7272,-0.00016745800733106967,-0.0005025127886526288,1.154163177694012e-07,0.2716,0.47630473905218956,12,2,5000,20260722,1.0,,1.0,
excluding_2020_03_through_2020_05,leave_one_out_monthly_labor_demand__vs__student_t_7_combined,leave_one_out_monthly_labor_demand,student_t_7_combined,monthly_labor_demand,leave_one_out,True,after_employment_situation,score_center_negative_log_predictive_density,lower,180,-3.2140087203366694e-05,0.0,-9.641835524146028e-05,1.6394154943156892e-09,0.898,-3.2140087203366694e-05,-9.641835524146028e-05,1.6394154943156892e-09,0.102,0.23155368926214756,12,2,5000,20260722,1.0,,1.0,
excluding_2020_03_through_2020_05,leave_one_out_weekly_labor_stress__vs__student_t_7_combined,leave_one_out_weekly_labor_stress,student_t_7_combined,weekly_labor_stress,leave_one_out,True,after_employment_situation,score_center_negative_log_predictive_density,lower,180,0.0030242950517513295,0.0,0.0017180603702616887,0.004293890556735612,0.0,0.0030242950517513295,0.0017180603702616887,0.004293890556735612,1.0,0.0001999600079984003,12,2,5000,20260722,0.0027994401119776045,,0.0013997200559888023,
excluding_2020_03_through_2020_05,leave_out_inflation_pressure_pair__vs__student_t_7_combined,leave_out_inflation_pressure_pair,student_t_7_combined,inflation_pressure_pair,leave_one_out,False,after_employment_situation,score_center_negative_log_predictive_density,lower,180,-0.00016992343122154634,0.0,-0.0005098974395878033,1.0952992620768788e-07,0.786,-0.00016992343122154634,-0.0005098974395878033,1.0952992620768788e-07,0.212,0.3783243351329734,12,2,5000,20260722,,,,0.3783243351329734
excluding_2020_03_through_2020_05,add_inflation_pressure_pair__vs__partial_only,add_inflation_pressure_pair,partial_only,inflation_pressure_pair,add_one,False,after_midmonth_defining_releases,hard_quadrant_correct,higher,180,0.0,0.0,0.0,0.0,0.0,0.0,0.0,0.0,0.0,1.0,12,2,5000,20260722,,,,1.0
excluding_2020_03_through_2020_05,add_one_business_investment__vs__partial_only,add_one_business_investment,partial_only,business_investment,add_one,True,after_midmonth_defining_releases,hard_quadrant_correct,higher,180,-0.005555555555555556,0.0,-0.016666666666666666,0.0,0.0,-0.005555555555555556,-0.016666666666666666,0.0,0.0,0.254749050189962,12,2,5000,20260722,1.0,1.0,,
excluding_2020_03_through_2020_05,add_one_consumer_demand__vs__partial_only,add_one_consumer_demand,partial_only,consumer_demand,add_one,True,after_midmonth_defining_releases,hard_quadrant_correct,higher,180,-0.03888888888888889,0.0,-0.06666666666666667,-0.011111111111111112,0.003,-0.03888888888888889,-0.06666666666666667,-0.011111111111111112,0.003,0.004599080183963208,12,2,5000,20260722,0.0643871225754849,0.03219356128774245,,
excluding_2020_03_through_2020_05,add_one_housing_activity__vs__partial_only,add_one_housing_activity,partial_only,housing_activity,add_one,True,after_midmonth_defining_releases,hard_quadrant_correct,higher,180,0.0,0.0,-0.011111111111111112,0.011111111111111112,0.3388,0.0,-0.011111111111111112,0.011111111111111112,0.3388,1.0,12,2,5000,20260722,1.0,1.0,,
excluding_2020_03_through_2020_05,add_one_inflation_expectations__vs__partial_only,add_one_inflation_expectations,partial_only,inflation_expectations,add_one,True,after_midmonth_defining_releases,hard_quadrant_correct,higher,180,0.0,0.0,0.0,0.0,0.0,0.0,0.0,0.0,0.0,1.0,12,2,5000,20260722,1.0,1.0,,
excluding_2020_03_through_2020_05,add_one_inflation_input_costs__vs__partial_only,add_one_inflation_input_costs,partial_only,inflation_input_costs,add_one,True,after_midmonth_defining_releases,hard_quadrant_correct,higher,180,0.0,0.0,0.0,0.0,0.0,0.0,0.0,0.0,0.0,1.0,12,2,5000,20260722,1.0,1.0,,
excluding_2020_03_through_2020_05,add_one_monthly_labor_demand__vs__partial_only,add_one_monthly_labor_demand,partial_only,monthly_labor_demand,add_one,True,after_midmonth_defining_releases,hard_quadrant_correct,higher,180,0.0,0.0,0.0,0.0,0.0,0.0,0.0,0.0,0.0,1.0,12,2,5000,20260722,1.0,1.0,,
excluding_2020_03_through_2020_05,add_one_weekly_labor_stress__vs__partial_only,add_one_weekly_labor_stress,partial_only,weekly_labor_stress,add_one,True,after_midmonth_defining_releases,hard_quadrant_correct,higher,180,-0.005555555555555556,0.0,-0.022222222222222223,0.005555555555555556,0.1012,-0.005555555555555556,-0.022222222222222223,0.005555555555555556,0.1012,0.4445110977804439,12,2,5000,20260722,1.0,1.0,,
excluding_2020_03_through_2020_05,leave_one_out_business_investment__vs__student_t_7_combined,leave_one_out_business_investment,student_t_7_combined,business_investment,leave_one_out,True,after_midmonth_defining_releases,hard_quadrant_correct,higher,180,0.005555555555555556,0.0,0.0,0.016666666666666666,0.6556,-0.005555555555555556,-0.016666666666666666,0.0,0.0,0.2529494101179764,12,2,5000,20260722,1.0,,1.0,
excluding_2020_03_through_2020_05,leave_one_out_consumer_demand__vs__student_t_7_combined,leave_one_out_consumer_demand,student_t_7_combined,consumer_demand,leave_one_out,True,after_midmonth_defining_releases,hard_quadrant_correct,higher,180,0.027777777777777776,0.0,0.0,0.06111111111111111,0.9414,-0.027777777777777776,-0.06111111111111111,0.0,0.0242,0.08218356328734253,12,2,5000,20260722,1.0,,0.5752849430113977,
excluding_2020_03_through_2020_05,leave_one_out_housing_activity__vs__student_t_7_combined,leave_one_out_housing_activity,student_t_7_combined,housing_activity,leave_one_out,True,after_midmonth_defining_releases,hard_quadrant_correct,higher,180,0.005555555555555556,0.0,0.0,0.016666666666666666,0.645,-0.005555555555555556,-0.016666666666666666,0.0,0.0,0.26654669066186765,12,2,5000,20260722,1.0,,1.0,
excluding_2020_03_through_2020_05,leave_one_out_inflation_expectations__vs__student_t_7_combined,leave_one_out_inflation_expectations,student_t_7_combined,inflation_expectations,leave_one_out,True,after_midmonth_defining_releases,hard_quadrant_correct,higher,180,0.0,0.0,0.0,0.0,0.0,-0.0,-0.0,0.0,0.0,1.0,12,2,5000,20260722,1.0,,1.0,
excluding_2020_03_through_2020_05,leave_one_out_inflation_input_costs__vs__student_t_7_combined,leave_one_out_inflation_input_costs,student_t_7_combined,inflation_input_costs,leave_one_out,True,after_midmonth_defining_releases,hard_quadrant_correct,higher,180,0.0,0.0,-0.011111111111111112,0.011111111111111112,0.2212,-0.0,-0.011111111111111112,0.011111111111111112,0.227,1.0,12,2,5000,20260722,1.0,,1.0,
excluding_2020_03_through_2020_05,leave_one_out_monthly_labor_demand__vs__student_t_7_combined,leave_one_out_monthly_labor_demand,student_t_7_combined,monthly_labor_demand,leave_one_out,True,after_midmonth_defining_releases,hard_quadrant_correct,higher,180,0.0,0.0,0.0,0.0,0.0,-0.0,-0.0,0.0,0.0,1.0,12,2,5000,20260722,1.0,,1.0,
excluding_2020_03_through_2020_05,leave_one_out_weekly_labor_stress__vs__student_t_7_combined,leave_one_out_weekly_labor_stress,student_t_7_combined,weekly_labor_stress,leave_one_out,True,after_midmonth_defining_releases,hard_quadrant_correct,higher,180,0.011111111111111112,0.0,0.0,0.027777777777777776,0.8806,-0.011111111111111112,-0.027777777777777776,0.0,0.0,0.1321735652869426,12,2,5000,20260722,1.0,,0.7930413917216557,
excluding_2020_03_through_2020_05,leave_out_inflation_pressure_pair__vs__student_t_7_combined,leave_out_inflation_pressure_pair,student_t_7_combined,inflation_pressure_pair,leave_one_out,False,after_midmonth_defining_releases,hard_quadrant_correct,higher,180,0.0,0.0,-0.011111111111111112,0.011111111111111112,0.2224,-0.0,-0.011111111111111112,0.011111111111111112,0.2348,1.0,12,2,5000,20260722,,,,1.0
excluding_2020_03_through_2020_05,add_inflation_pressure_pair__vs__partial_only,add_inflation_pressure_pair,partial_only,inflation_pressure_pair,add_one,False,after_midmonth_defining_releases,quadrant_brier_distance_to_exact_score_map,lower,180,5.776975771498635e-05,0.0,-2.5227621427909986e-05,0.0001527184484353801,0.0962,-5.776975771498635e-05,-0.0001527184484353801,2.5227621427909972e-05,0.0962,0.20875824835032994,12,2,5000,20260722,,,,0.33913217356528697
excluding_2020_03_through_2020_05,add_one_business_investment__vs__partial_only,add_one_business_investment,partial_only,business_investment,add_one,True,after_midmonth_defining_releases,quadrant_brier_distance_to_exact_score_map,lower,180,1.7868324151413647e-05,0.0,-1.67021072899285e-06,5.3604972454245056e-05,0.2974,-1.7868324151413647e-05,-5.3604972454245056e-05,1.67021072899285e-06,0.2974,0.525494901019796,12,2,5000,20260722,1.0,1.0,,
excluding_2020_03_through_2020_05,add_one_consumer_demand__vs__partial_only,add_one_consumer_demand,partial_only,consumer_demand,add_one,True,after_midmonth_defining_releases,quadrant_brier_distance_to_exact_score_map,lower,180,-1.0483141817739207e-05,-1.1150007443475659e-05,-0.000748047249864082,0.0007378622132528027,0.5104,1.0483141817739207e-05,-0.0007378622132528027,0.0007480472498640817,0.5104,0.9786042791441711,12,2,5000,20260722,1.0,1.0,,
excluding_2020_03_through_2020_05,add_one_housing_activity__vs__partial_only,add_one_housing_activity,partial_only,housing_activity,add_one,True,after_midmonth_defining_releases,quadrant_brier_distance_to_exact_score_map,lower,180,3.013506776196164e-05,0.0,-2.607088462944313e-05,8.212726834843959e-05,0.1274,-3.013506776196164e-05,-8.212726834843963e-05,2.6070884629443096e-05,0.1274,0.2503499300139972,12,2,5000,20260722,1.0,1.0,,
excluding_2020_03_through_2020_05,add_one_inflation_expectations__vs__partial_only,add_one_inflation_expectations,partial_only,inflation_expectations,add_one,True,after_midmonth_defining_releases,quadrant_brier_distance_to_exact_score_map,lower,180,-5.165528454690209e-07,0.0,-1.5496585364070625e-06,8.960622649601762e-08,0.6672,5.165528454690209e-07,-8.960622649601762e-08,1.5496585364070625e-06,0.6672,0.4357128574285143,12,2,5000,20260722,1.0,1.0,,
excluding_2020_03_through_2020_05,add_one_inflation_input_costs__vs__partial_only,add_one_inflation_input_costs,partial_only,inflation_input_costs,add_one,True,after_midmonth_defining_releases,quadrant_brier_distance_to_exact_score_map,lower,180,5.8341664767202124e-05,0.0,-2.0722061743243343e-05,0.00015188352444183697,0.084,-5.8341664767202124e-05,-0.00015188352444183705,2.072206174324334e-05,0.084,0.1895620875824835,12,2,5000,20260722,1.0,1.0,,
excluding_2020_03_through_2020_05,add_one_monthly_labor_demand__vs__partial_only,add_one_monthly_labor_demand,partial_only,monthly_labor_demand,add_one,True,after_midmonth_defining_releases,quadrant_brier_distance_to_exact_score_map,lower,180,3.997424996690404e-06,0.0,-7.825300362540896e-07,1.3087979332787015e-05,0.2648,-3.997424996690404e-06,-1.3087979332787015e-05,7.825300362540896e-07,0.2648,0.48010397920415915,12,2,5000,20260722,1.0,1.0,,
excluding_2020_03_through_2020_05,add_one_weekly_labor_stress__vs__partial_only,add_one_weekly_labor_stress,partial_only,weekly_labor_stress,add_one,True,after_midmonth_defining_releases,quadrant_brier_distance_to_exact_score_map,lower,180,7.618254059862608e-05,0.0,-1.9938491227647617e-05,0.0002032645618931747,0.0758,-7.618254059862608e-05,-0.00020326456189317474,1.9938491227647614e-05,0.0758,0.1801639672065587,12,2,5000,20260722,1.0,1.0,,
excluding_2020_03_through_2020_05,leave_one_out_business_investment__vs__student_t_7_combined,leave_one_out_business_investment,student_t_7_combined,business_investment,leave_one_out,True,after_midmonth_defining_releases,quadrant_brier_distance_to_exact_score_map,lower,180,-1.1729089486606514e-05,0.0,-3.5188617463682685e-05,8.034169190825536e-07,0.7976,-1.1729089486606514e-05,-3.5188617463682685e-05,8.034169190825536e-07,0.2024,0.3715256948610278,12,2,5000,20260722,1.0,,1.0,
excluding_2020_03_through_2020_05,leave_one_out_consumer_demand__vs__student_t_7_combined,leave_one_out_consumer_demand,student_t_7_combined,consumer_demand,leave_one_out,True,after_midmonth_defining_releases,quadrant_brier_distance_to_exact_score_map,lower,180,-1.7393626381210595e-06,2.0929219330837877e-05,-0.0007684453088064555,0.0007843625720324408,0.5036,-1.7393626381210595e-06,-0.0007684453088064555,0.0007843625720324408,0.4964,0.99500099980004,12,2,5000,20260722,1.0,,1.0,
excluding_2020_03_through_2020_05,leave_one_out_housing_activity__vs__student_t_7_combined,leave_one_out_housing_activity,student_t_7_combined,housing_activity,leave_one_out,True,after_midmonth_defining_releases,quadrant_brier_distance_to_exact_score_map,lower,180,1.2786062600439832e-05,0.0,-4.963557746730191e-05,9.223959506380826e-05,0.4082,1.2786062600439832e-05,-4.963557746730191e-05,9.223959506380826e-05,0.5918,0.7544491101779645,12,2,5000,20260722,1.0,,1.0,
excluding_2020_03_through_2020_05,leave_one_out_inflation_expectations__vs__student_t_7_combined,leave_one_out_inflation_expectations,student_t_7_combined,inflation_expectations,leave_one_out,True,after_midmonth_defining_releases,quadrant_brier_distance_to_exact_score_map,lower,180,5.716538842322046e-07,0.0,0.0,1.7149616526966138e-06,0.0,5.716538842322046e-07,0.0,1.7149616526966138e-06,0.7022,0.3709258148370326,12,2,5000,20260722,1.0,,1.0,
excluding_2020_03_through_2020_05,leave_one_out_inflation_input_costs__vs__student_t_7_combined,leave_one_out_inflation_input_costs,student_t_7_combined,inflation_input_costs,leave_one_out,True,after_midmonth_defining_releases,quadrant_brier_distance_to_exact_score_map,lower,180,-6.092221158954957e-05,0.0,-0.00015135186891362284,2.0144291666261203e-05,0.919,-6.092221158954957e-05,-0.00015135186891362284,2.0144291666261203e-05,0.0806,0.16616676664667065,12,2,5000,20260722,1.0,,0.997000599880024,
excluding_2020_03_through_2020_05,leave_one_out_monthly_labor_demand__vs__student_t_7_combined,leave_one_out_monthly_labor_demand,student_t_7_combined,monthly_labor_demand,leave_one_out,True,after_midmonth_defining_releases,quadrant_brier_distance_to_exact_score_map,lower,180,-3.126744272991386e-06,0.0,-1.046768869875191e-05,7.766396892412998e-07,0.7516,-3.126744272991386e-06,-1.046768869875191e-05,7.766396892412998e-07,0.2484,0.47290541891621674,12,2,5000,20260722,1.0,,1.0,
excluding_2020_03_through_2020_05,leave_one_out_weekly_labor_stress__vs__student_t_7_combined,leave_one_out_weekly_labor_stress,student_t_7_combined,weekly_labor_stress,leave_one_out,True,after_midmonth_defining_releases,quadrant_brier_distance_to_exact_score_map,lower,180,-0.00010931269799326669,0.0,-0.00024168123093251562,8.52946335106219e-06,0.9652,-0.00010931269799326669,-0.00024168123093251562,8.52946335106219e-06,0.0348,0.08498300339932013,12,2,5000,20260722,1.0,,0.5948810237952409,
excluding_2020_03_through_2020_05,leave_out_inflation_pressure_pair__vs__student_t_7_combined,leave_out_inflation_pressure_pair,student_t_7_combined,inflation_pressure_pair,leave_one_out,False,after_midmonth_defining_releases,quadrant_brier_distance_to_exact_score_map,lower,180,-6.040863079150086e-05,0.0,-0.0001488125449044314,1.885283979152604e-05,0.921,-6.040863079150086e-05,-0.0001488125449044314,1.885283979152604e-05,0.078,0.16956608678264348,12,2,5000,20260722,,,,0.33913217356528697
excluding_2020_03_through_2020_05,add_inflation_pressure_pair__vs__partial_only,add_inflation_pressure_pair,partial_only,inflation_pressure_pair,add_one,False,after_midmonth_defining_releases,quadrant_cross_entropy_to_exact_score_map,lower,180,0.00010903260751649786,0.0,-5.856619591593909e-05,0.0003032823218716027,0.1146,-0.00010903260751649786,-0.00030328232187160276,5.856619591593891e-05,0.1146,0.24335132973405318,12,2,5000,20260722,,,,0.4451109778044391
excluding_2020_03_through_2020_05,add_one_business_investment__vs__partial_only,add_one_business_investment,partial_only,business_investment,add_one,True,after_midmonth_defining_releases,quadrant_cross_entropy_to_exact_score_map,lower,180,3.7305978044656815e-05,0.0,-3.4095339516180174e-06,0.00011191793413398217,0.2778,-3.7305978044656815e-05,-0.00011191793413398217,3.4095339516180174e-06,0.2778,0.5282943411317736,12,2,5000,20260722,1.0,1.0,,
excluding_2020_03_through_2020_05,add_one_consumer_demand__vs__partial_only,add_one_consumer_demand,partial_only,consumer_demand,add_one,True,after_midmonth_defining_releases,quadrant_cross_entropy_to_exact_score_map,lower,180,0.00013994740767751503,-3.399568715034551e-06,-0.001340293531613948,0.0015831541493622348,0.4212,-0.00013994740767751503,-0.0015831541493622357,0.001340293531613948,0.4212,0.860627874425115,12,2,5000,20260722,1.0,1.0,,
excluding_2020_03_through_2020_05,add_one_housing_activity__vs__partial_only,add_one_housing_activity,partial_only,housing_activity,add_one,True,after_midmonth_defining_releases,quadrant_cross_entropy_to_exact_score_map,lower,180,8.4563503455009e-05,0.0,1.529315252397591e-05,0.00016100153738717865,0.0048,-8.4563503455009e-05,-0.0001610015373871787,-1.5293152523975987e-05,0.0048,0.020995800839832032,12,2,5000,20260722,0.2939412117576484,0.1469706058788242,,
excluding_2020_03_through_2020_05,add_one_inflation_expectations__vs__partial_only,add_one_inflation_expectations,partial_only,inflation_expectations,add_one,True,after_midmonth_defining_releases,quadrant_cross_entropy_to_exact_score_map,lower,180,-1.1389953085213142e-06,0.0,-3.4169859255639424e-06,2.0035293126774434e-07,0.6678,1.1389953085213142e-06,-2.0035293126774434e-07,3.4169859255639424e-06,0.6678,0.4383123375324935,12,2,5000,20260722,1.0,1.0,,
excluding_2020_03_through_2020_05,add_one_inflation_input_costs__vs__partial_only,add_one_inflation_input_costs,partial_only,inflation_input_costs,add_one,True,after_midmonth_defining_releases,quadrant_cross_entropy_to_exact_score_map,lower,180,0.00011030254100779205,0.0,-6.144790583418503e-05,0.00030270994462107956,0.1162,-0.00011030254100779205,-0.0003027099446210797,6.144790583418499e-05,0.1162,0.23475304939012198,12,2,5000,20260722,1.0,1.0,,
excluding_2020_03_through_2020_05,add_one_monthly_labor_demand__vs__partial_only,add_one_monthly_labor_demand,partial_only,monthly_labor_demand,add_one,True,after_midmonth_defining_releases,quadrant_cross_entropy_to_exact_score_map,lower,180,8.15381811372578e-06,0.0,-1.6017996790592312e-06,2.667757029787153e-05,0.2712,-8.15381811372578e-06,-2.667757029787153e-05,1.6017996790592312e-06,0.2712,0.5102979404119176,12,2,5000,20260722,1.0,1.0,,
excluding_2020_03_through_2020_05,add_one_weekly_labor_stress__vs__partial_only,add_one_weekly_labor_stress,partial_only,weekly_labor_stress,add_one,True,after_midmonth_defining_releases,quadrant_cross_entropy_to_exact_score_map,lower,180,7.784933790794288e-05,0.0,-5.199593797600206e-05,0.00022165973844341582,0.1264,-7.784933790794288e-05,-0.00022165973844341598,5.1995937976002044e-05,0.1264,0.26374725054989,12,2,5000,20260722,1.0,1.0,,
excluding_2020_03_through_2020_05,leave_one_out_business_investment__vs__student_t_7_combined,leave_one_out_business_investment,student_t_7_combined,business_investment,leave_one_out,True,after_midmonth_defining_releases,quadrant_cross_entropy_to_exact_score_map,lower,180,-2.3834052172422292e-05,0.0,-7.15011371513286e-05,1.6377711392580937e-06,0.9512,-2.3834052172422292e-05,-7.15011371513286e-05,1.6377711392580937e-06,0.0488,0.16436712657468505,12,2,5000,20260722,1.0,,1.0,
excluding_2020_03_through_2020_05,leave_one_out_consumer_demand__vs__student_t_7_combined,leave_one_out_consumer_demand,student_t_7_combined,consumer_demand,leave_one_out,True,after_midmonth_defining_releases,quadrant_cross_entropy_to_exact_score_map,lower,180,-0.00013297198633688308,9.505726262182268e-06,-0.0016352402287212334,0.0013979224964692297,0.5722,-0.00013297198633688308,-0.0016352402287212334,0.0013979224964692297,0.4278,0.8632273545290942,12,2,5000,20260722,1.0,,1.0,
excluding_2020_03_through_2020_05,leave_one_out_housing_activity__vs__student_t_7_combined,leave_one_out_housing_activity,student_t_7_combined,housing_activity,leave_one_out,True,after_midmonth_defining_releases,quadrant_cross_entropy_to_exact_score_map,lower,180,-3.624282672356328e-05,0.0,-0.00011940096069218469,3.386733660381458e-05,0.8224,-3.624282672356328e-05,-0.00011940096069218469,3.386733660381458e-05,0.1776,0.34873025394921014,12,2,5000,20260722,1.0,,1.0,
excluding_2020_03_through_2020_05,leave_one_out_inflation_expectations__vs__student_t_7_combined,leave_one_out_inflation_expectations,student_t_7_combined,inflation_expectations,leave_one_out,True,after_midmonth_defining_releases,quadrant_cross_entropy_to_exact_score_map,lower,180,1.2685878647284494e-06,0.0,0.0,3.805763594185348e-06,0.0,1.2685878647284494e-06,0.0,3.805763594185348e-06,0.7006,0.4517096580683863,12,2,5000,20260722,1.0,,1.0,
excluding_2020_03_through_2020_05,leave_one_out_inflation_input_costs__vs__student_t_7_combined,leave_one_out_inflation_input_costs,student_t_7_combined,inflation_input_costs,leave_one_out,True,after_midmonth_defining_releases,quadrant_cross_entropy_to_exact_score_map,lower,180,-0.00010906826600442818,0.0,-0.00029395954429747156,5.281748123609103e-05,0.892,-0.00010906826600442818,-0.00029395954429747156,5.281748123609103e-05,0.1072,0.22415516896620677,12,2,5000,20260722,1.0,,1.0,
excluding_2020_03_through_2020_05,leave_one_out_monthly_labor_demand__vs__student_t_7_combined,leave_one_out_monthly_labor_demand,student_t_7_combined,monthly_labor_demand,leave_one_out,True,after_midmonth_defining_releases,quadrant_cross_entropy_to_exact_score_map,lower,180,-6.385325105169438e-06,0.0,-2.135588142968253e-05,1.5899018590494505e-06,0.7468,-6.385325105169438e-06,-2.135588142968253e-05,1.5899018590494505e-06,0.2532,0.4783043391321736,12,2,5000,20260722,1.0,,1.0,
excluding_2020_03_through_2020_05,leave_one_out_weekly_labor_stress__vs__student_t_7_combined,leave_one_out_weekly_labor_stress,student_t_7_combined,weekly_labor_stress,leave_one_out,True,after_midmonth_defining_releases,quadrant_cross_entropy_to_exact_score_map,lower,180,-9.395820108518076e-05,0.0,-0.00026166682390458553,7.512686277693135e-05,0.8654,-9.395820108518076e-05,-0.00026166682390458553,7.512686277693135e-05,0.1346,0.2741451709658068,12,2,5000,20260722,1.0,,1.0,
excluding_2020_03_through_2020_05,leave_out_inflation_pressure_pair__vs__student_t_7_combined,leave_out_inflation_pressure_pair,student_t_7_combined,inflation_pressure_pair,leave_one_out,False,after_midmonth_defining_releases,quadrant_cross_entropy_to_exact_score_map,lower,180,-0.00010793592895184606,0.0,-0.0002928768815571389,5.379517088177361e-05,0.8946,-0.00010793592895184606,-0.0002928768815571389,5.379517088177361e-05,0.1044,0.22255548890221954,12,2,5000,20260722,,,,0.4451109778044391
excluding_2020_03_through_2020_05,add_inflation_pressure_pair__vs__partial_only,add_inflation_pressure_pair,partial_only,inflation_pressure_pair,add_one,False,after_midmonth_defining_releases,score_center_negative_log_predictive_density,lower,180,-1.280899871987404e-05,0.0,-0.0009719122448289548,0.0009094486714145358,0.5052,1.280899871987404e-05,-0.0009094486714145361,0.0009719122448289548,0.5052,0.9762047590481904,12,2,5000,20260722,,,,1.0
excluding_2020_03_through_2020_05,add_one_business_investment__vs__partial_only,add_one_business_investment,partial_only,business_investment,add_one,True,after_midmonth_defining_releases,score_center_negative_log_predictive_density,lower,180,0.000122586215541833,0.0,-1.1224979814381299e-05,0.000367758646625491,0.1234,-0.000122586215541833,-0.000367758646625491,1.1224979814381299e-05,0.1234,0.2591481703659268,12,2,5000,20260722,1.0,1.0,,
excluding_2020_03_through_2020_05,add_one_consumer_demand__vs__partial_only,add_one_consumer_demand,partial_only,consumer_demand,add_one,True,after_midmonth_defining_releases,score_center_negative_log_predictive_density,lower,180,-0.055844274528832054,-0.01772377892008037,-0.08586571740962894,-0.02199438720845758,0.9994,0.055844274528832054,0.021994387208457537,0.08586571740962894,0.9994,0.0007998400319936012,12,2,5000,20260722,0.010397920415916816,0.005598880223955209,,
excluding_2020_03_through_2020_05,add_one_housing_activity__vs__partial_only,add_one_housing_activity,partial_only,housing_activity,add_one,True,after_midmonth_defining_releases,score_center_negative_log_predictive_density,lower,180,0.0003066004175744825,0.0,-0.00013582701672089438,0.0007612434664764365,0.0856,-0.0003066004175744825,-0.0007612434664764366,0.00013582701672089343,0.0856,0.1811637672465507,12,2,5000,20260722,1.0,1.0,,
excluding_2020_03_through_2020_05,add_one_inflation_expectations__vs__partial_only,add_one_inflation_expectations,partial_only,inflation_expectations,add_one,True,after_midmonth_defining_releases,score_center_negative_log_predictive_density,lower,180,-7.2064137339283234e-06,0.0,-2.161924120178497e-05,0.0,0.6856,7.2064137339283234e-06,-0.0,2.161924120178497e-05,0.6856,0.5452909418116376,12,2,5000,20260722,1.0,1.0,,
excluding_2020_03_through_2020_05,add_one_inflation_input_costs__vs__partial_only,add_one_inflation_input_costs,partial_only,inflation_input_costs,add_one,True,after_midmonth_defining_releases,score_center_negative_log_predictive_density,lower,180,-4.813624079613104e-06,0.0,-0.00098227061208897,0.0009196836910446307,0.5014,4.813624079613104e-06,-0.0009196836910446315,0.0009822706120889689,0.5014,0.9902019596080783,12,2,5000,20260722,1.0,1.0,,
excluding_2020_03_through_2020_05,add_one_monthly_labor_demand__vs__partial_only,add_one_monthly_labor_demand,partial_only,monthly_labor_demand,add_one,True,after_midmonth_defining_releases,score_center_negative_log_predictive_density,lower,180,1.9729501547121546e-05,0.0,-1.914149331915252e-05,8.548234069475235e-05,0.2408,-1.9729501547121546e-05,-8.548234069475235e-05,1.914149331915252e-05,0.2408,0.4631073785242951,12,2,5000,20260722,1.0,1.0,,
excluding_2020_03_through_2020_05,add_one_weekly_labor_stress__vs__partial_only,add_one_weekly_labor_stress,partial_only,weekly_labor_stress,add_one,True,after_midmonth_defining_releases,score_center_negative_log_predictive_density,lower,180,0.0002536248734701522,0.0,-0.0012420738374093443,0.002600654353642682,0.4212,-0.0002536248734701522,-0.002600654353642682,0.0012420738374093441,0.4212,0.7832433513297341,12,2,5000,20260722,1.0,1.0,,
excluding_2020_03_through_2020_05,leave_one_out_business_investment__vs__student_t_7_combined,leave_one_out_business_investment,student_t_7_combined,business_investment,leave_one_out,True,after_midmonth_defining_releases,score_center_negative_log_predictive_density,lower,180,-0.0001689494038282761,0.0,-0.0005068390206845074,5.547145988660133e-06,0.9296,-0.0001689494038282761,-0.0005068390206845074,5.547145988660133e-06,0.0704,0.1855628874225155,12,2,5000,20260722,1.0,,1.0,
excluding_2020_03_through_2020_05,leave_one_out_consumer_demand__vs__student_t_7_combined,leave_one_out_consumer_demand,student_t_7_combined,consumer_demand,leave_one_out,True,after_midmonth_defining_releases,score_center_negative_log_predictive_density,lower,180,0.05484004799089594,0.018345376498620225,0.02052209935095876,0.08642138085353311,0.0,0.05484004799089594,0.02052209935095876,0.08642138085353311,1.0,0.0001999600079984003,12,2,5000,20260722,0.0027994401119776045,,0.0013997200559888023,
excluding_2020_03_through_2020_05,leave_one_out_housing_activity__vs__student_t_7_combined,leave_one_out_housing_activity,student_t_7_combined,housing_activity,leave_one_out,True,after_midmonth_defining_releases,score_center_negative_log_predictive_density,lower,180,-0.0002060016823900674,0.0,-0.0007785598686319853,0.00041337374165085474,0.75,-0.0002060016823900674,-0.0007785598686319853,0.00041337374165085474,0.25,0.5042991401719656,12,2,5000,20260722,1.0,,1.0,
excluding_2020_03_through_2020_05,leave_one_out_inflation_expectations__vs__student_t_7_combined,leave_one_out_inflation_expectations,student_t_7_combined,inflation_expectations,leave_one_out,True,after_midmonth_defining_releases,score_center_negative_log_predictive_density,lower,180,7.973327295574601e-06,0.0,0.0,2.3919981886723803e-05,0.0,7.973327295574601e-06,0.0,2.3919981886723803e-05,0.7054,0.5142971405718856,12,2,5000,20260722,1.0,,1.0,
excluding_2020_03_through_2020_05,leave_one_out_inflation_input_costs__vs__student_t_7_combined,leave_one_out_inflation_input_costs,student_t_7_combined,inflation_input_costs,leave_one_out,True,after_midmonth_defining_releases,score_center_negative_log_predictive_density,lower,180,-0.00030089410422695086,0.0,-0.0013658079268883076,0.00087977520563489,0.6994,-0.00030089410422695086,-0.0013658079268883076,0.00087977520563489,0.2996,0.596880623875225,12,2,5000,20260722,1.0,,1.0,
excluding_2020_03_through_2020_05,leave_one_out_monthly_labor_demand__vs__student_t_7_combined,leave_one_out_monthly_labor_demand,student_t_7_combined,monthly_labor_demand,leave_one_out,True,after_midmonth_defining_releases,score_center_negative_log_predictive_density,lower,180,-1.4787956703026116e-05,0.0,-6.900877536149812e-05,2.4646798424160202e-05,0.722,-1.4787956703026116e-05,-6.900877536149812e-05,2.4646798424160202e-05,0.278,0.5000999800039992,12,2,5000,20260722,1.0,,1.0,
excluding_2020_03_through_2020_05,leave_one_out_weekly_labor_stress__vs__student_t_7_combined,leave_one_out_weekly_labor_stress,student_t_7_combined,weekly_labor_stress,leave_one_out,True,after_midmonth_defining_releases,score_center_negative_log_predictive_density,lower,180,-0.0007788944602321058,0.0,-0.003392834525675333,0.0010689873907528545,0.6916,-0.0007788944602321058,-0.003392834525675333,0.0010689873907528545,0.3084,0.5486902619476105,12,2,5000,20260722,1.0,,1.0,
excluding_2020_03_through_2020_05,leave_out_inflation_pressure_pair__vs__student_t_7_combined,leave_out_inflation_pressure_pair,student_t_7_combined,inflation_pressure_pair,leave_one_out,False,after_midmonth_defining_releases,score_center_negative_log_predictive_density,lower,180,-0.0002937375919742469,0.0,-0.0013830541743557814,0.0008687121642667824,0.6982,-0.0002937375919742469,-0.0013830541743557814,0.0008687121642667824,0.3006,0.6056788642271546,12,2,5000,20260722,,,,1.0
excluding_2020_03_through_2020_05,add_inflation_pressure_pair__vs__partial_only,add_inflation_pressure_pair,partial_only,inflation_pressure_pair,add_one,False,before_any_defining_release,hard_quadrant_correct,higher,180,0.0,0.0,0.0,0.0,0.0,0.0,0.0,0.0,0.0,1.0,12,2,5000,20260722,,,,1.0
excluding_2020_03_through_2020_05,add_one_business_investment__vs__partial_only,add_one_business_investment,partial_only,business_investment,add_one,True,before_any_defining_release,hard_quadrant_correct,higher,180,0.0,0.0,0.0,0.0,0.0,0.0,0.0,0.0,0.0,1.0,12,2,5000,20260722,1.0,1.0,,
excluding_2020_03_through_2020_05,add_one_consumer_demand__vs__partial_only,add_one_consumer_demand,partial_only,consumer_demand,add_one,True,before_any_defining_release,hard_quadrant_correct,higher,180,0.0,0.0,0.0,0.0,0.0,0.0,0.0,0.0,0.0,1.0,12,2,5000,20260722,1.0,1.0,,
excluding_2020_03_through_2020_05,add_one_housing_activity__vs__partial_only,add_one_housing_activity,partial_only,housing_activity,add_one,True,before_any_defining_release,hard_quadrant_correct,higher,180,0.0,0.0,0.0,0.0,0.0,0.0,0.0,0.0,0.0,1.0,12,2,5000,20260722,1.0,1.0,,
excluding_2020_03_through_2020_05,add_one_inflation_expectations__vs__partial_only,add_one_inflation_expectations,partial_only,inflation_expectations,add_one,True,before_any_defining_release,hard_quadrant_correct,higher,180,0.0,0.0,0.0,0.0,0.0,0.0,0.0,0.0,0.0,1.0,12,2,5000,20260722,1.0,1.0,,
excluding_2020_03_through_2020_05,add_one_inflation_input_costs__vs__partial_only,add_one_inflation_input_costs,partial_only,inflation_input_costs,add_one,True,before_any_defining_release,hard_quadrant_correct,higher,180,0.0,0.0,0.0,0.0,0.0,0.0,0.0,0.0,0.0,1.0,12,2,5000,20260722,1.0,1.0,,
excluding_2020_03_through_2020_05,add_one_monthly_labor_demand__vs__partial_only,add_one_monthly_labor_demand,partial_only,monthly_labor_demand,add_one,True,before_any_defining_release,hard_quadrant_correct,higher,180,0.0,0.0,0.0,0.0,0.0,0.0,0.0,0.0,0.0,1.0,12,2,5000,20260722,1.0,1.0,,
excluding_2020_03_through_2020_05,add_one_weekly_labor_stress__vs__partial_only,add_one_weekly_labor_stress,partial_only,weekly_labor_stress,add_one,True,before_any_defining_release,hard_quadrant_correct,higher,180,0.011111111111111112,0.0,-0.011249999999999401,0.03888888888888889,0.7342,0.011111111111111112,-0.011249999999999401,0.03888888888888889,0.7342,0.3967206558688262,12,2,5000,20260722,1.0,1.0,,
excluding_2020_03_through_2020_05,leave_one_out_business_investment__vs__student_t_7_combined,leave_one_out_business_investment,student_t_7_combined,business_investment,leave_one_out,True,before_any_defining_release,hard_quadrant_correct,higher,180,0.0,0.0,0.0,0.0,0.0,-0.0,-0.0,0.0,0.0,1.0,12,2,5000,20260722,1.0,,1.0,
excluding_2020_03_through_2020_05,leave_one_out_consumer_demand__vs__student_t_7_combined,leave_one_out_consumer_demand,student_t_7_combined,consumer_demand,leave_one_out,True,before_any_defining_release,hard_quadrant_correct,higher,180,0.0,0.0,0.0,0.0,0.0,-0.0,-0.0,0.0,0.0,1.0,12,2,5000,20260722,1.0,,1.0,
excluding_2020_03_through_2020_05,leave_one_out_housing_activity__vs__student_t_7_combined,leave_one_out_housing_activity,student_t_7_combined,housing_activity,leave_one_out,True,before_any_defining_release,hard_quadrant_correct,higher,180,0.0,0.0,0.0,0.0,0.0,-0.0,-0.0,0.0,0.0,1.0,12,2,5000,20260722,1.0,,1.0,
excluding_2020_03_through_2020_05,leave_one_out_inflation_expectations__vs__student_t_7_combined,leave_one_out_inflation_expectations,student_t_7_combined,inflation_expectations,leave_one_out,True,before_any_defining_release,hard_quadrant_correct,higher,180,0.0,0.0,0.0,0.0,0.0,-0.0,-0.0,0.0,0.0,1.0,12,2,5000,20260722,1.0,,1.0,
excluding_2020_03_through_2020_05,leave_one_out_inflation_input_costs__vs__student_t_7_combined,leave_one_out_inflation_input_costs,student_t_7_combined,inflation_input_costs,leave_one_out,True,before_any_defining_release,hard_quadrant_correct,higher,180,0.0,0.0,0.0,0.0,0.0,-0.0,-0.0,0.0,0.0,1.0,12,2,5000,20260722,1.0,,1.0,
excluding_2020_03_through_2020_05,leave_one_out_monthly_labor_demand__vs__student_t_7_combined,leave_one_out_monthly_labor_demand,student_t_7_combined,monthly_labor_demand,leave_one_out,True,before_any_defining_release,hard_quadrant_correct,higher,180,0.0,0.0,0.0,0.0,0.0,-0.0,-0.0,0.0,0.0,1.0,12,2,5000,20260722,1.0,,1.0,
excluding_2020_03_through_2020_05,leave_one_out_weekly_labor_stress__vs__student_t_7_combined,leave_one_out_weekly_labor_stress,student_t_7_combined,weekly_labor_stress,leave_one_out,True,before_any_defining_release,hard_quadrant_correct,higher,180,-0.011111111111111112,0.0,-0.03333333333333333,0.011249999999997979,0.1374,0.011111111111111112,-0.011249999999999401,0.03333333333333333,0.7404,0.39532093581283745,12,2,5000,20260722,1.0,,1.0,
excluding_2020_03_through_2020_05,leave_out_inflation_pressure_pair__vs__student_t_7_combined,leave_out_inflation_pressure_pair,student_t_7_combined,inflation_pressure_pair,leave_one_out,False,before_any_defining_release,hard_quadrant_correct,higher,180,0.0,0.0,0.0,0.0,0.0,-0.0,-0.0,0.0,0.0,1.0,12,2,5000,20260722,,,,1.0
excluding_2020_03_through_2020_05,add_inflation_pressure_pair__vs__partial_only,add_inflation_pressure_pair,partial_only,inflation_pressure_pair,add_one,False,before_any_defining_release,quadrant_brier_distance_to_exact_score_map,lower,180,2.7425052121306056e-05,0.0,-1.3925974571036035e-18,8.227515636391896e-05,0.1706,-2.7425052121306056e-05,-8.227515636391896e-05,1.3925974571036035e-18,0.1706,0.33473305338932213,12,2,5000,20260722,,,,0.6694661067786443
excluding_2020_03_through_2020_05,add_one_business_investment__vs__partial_only,add_one_business_investment,partial_only,business_investment,add_one,True,before_any_defining_release,quadrant_brier_distance_to_exact_score_map,lower,180,-4.587346933073284e-06,0.0,-1.3762040799217877e-05,7.035267430350384e-19,0.9286,4.587346933073284e-06,-7.035267430350384e-19,1.3762040799217877e-05,0.9286,0.16796640671865626,12,2,5000,20260722,1.0,1.0,,
excluding_2020_03_through_2020_05,add_one_consumer_demand__vs__partial_only,add_one_consumer_demand,partial_only,consumer_demand,add_one,True,before_any_defining_release,quadrant_brier_distance_to_exact_score_map,lower,180,-3.094841678512613e-05,0.0,-8.048976679156042e-05,7.969995400418329e-06,0.923,3.094841678512613e-05,-7.969995400418335e-06,8.048976679156036e-05,0.923,0.1801639672065587,12,2,5000,20260722,1.0,1.0,,
excluding_2020_03_through_2020_05,add_one_housing_activity__vs__partial_only,add_one_housing_activity,partial_only,housing_activity,add_one,True,before_any_defining_release,quadrant_brier_distance_to_exact_score_map,lower,180,8.123039962532197e-07,0.0,-1.1720225484568257e-18,2.077874697415141e-06,0.0544,-8.123039962532197e-07,-2.077874697415141e-06,1.1720225484568146e-18,0.0544,0.14797040591881624,12,2,5000,20260722,1.0,1.0,,
excluding_2020_03_through_2020_05,add_one_inflation_expectations__vs__partial_only,add_one_inflation_expectations,partial_only,inflation_expectations,add_one,True,before_any_defining_release,quadrant_brier_distance_to_exact_score_map,lower,180,1.322683417632163e-08,0.0,0.0,3.968050252896489e-08,0.0,-1.322683417632163e-08,-3.968050252896489e-08,0.0,0.0,0.5844831033793242,12,2,5000,20260722,1.0,1.0,,
excluding_2020_03_through_2020_05,add_one_inflation_input_costs__vs__partial_only,add_one_inflation_input_costs,partial_only,inflation_input_costs,add_one,True,before_any_defining_release,quadrant_brier_distance_to_exact_score_map,lower,180,2.741182528712981e-05,0.0,-1.5035474794212863e-18,8.223547586139101e-05,0.2106,-2.741182528712981e-05,-8.223547586139101e-05,1.5035474794212851e-18,0.2106,0.40591881623675263,12,2,5000,20260722,1.0,1.0,,
excluding_2020_03_through_2020_05,add_one_monthly_labor_demand__vs__partial_only,add_one_monthly_labor_demand,partial_only,monthly_labor_demand,add_one,True,before_any_defining_release,quadrant_brier_distance_to_exact_score_map,lower,180,7.248257214392229e-06,0.0,-2.3068473721918983e-06,2.1973402445789433e-05,0.2716,-7.248257214392229e-06,-2.1973402445789433e-05,2.3068473721918983e-06,0.2716,0.4949010197960408,12,2,5000,20260722,1.0,1.0,,
excluding_2020_03_through_2020_05,add_one_weekly_labor_stress__vs__partial_only,add_one_weekly_labor_stress,partial_only,weekly_labor_stress,add_one,True,before_any_defining_release,quadrant_brier_distance_to_exact_score_map,lower,180,4.439809830422077e-05,0.0,-0.0014196633174263212,0.0011466296437740088,0.4264,-4.439809830422077e-05,-0.0011466296437740097,0.0014196633174263207,0.4264,0.9468106378724255,12,2,5000,20260722,1.0,1.0,,
excluding_2020_03_through_2020_05,leave_one_out_business_investment__vs__student_t_7_combined,leave_one_out_business_investment,student_t_7_combined,business_investment,leave_one_out,True,before_any_defining_release,quadrant_brier_distance_to_exact_score_map,lower,180,1.9353404878908054e-06,0.0,-2.9336903480432643e-08,5.831806339648749e-06,0.242,1.9353404878908054e-06,-2.9336903480432643e-08,5.831806339648749e-06,0.758,0.45310937812437513,12,2,5000,20260722,1.0,,1.0,
excluding_2020_03_through_2020_05,leave_one_out_consumer_demand__vs__student_t_7_combined,leave_one_out_consumer_demand,student_t_7_combined,consumer_demand,leave_one_out,True,before_any_defining_release,quadrant_brier_distance_to_exact_score_map,lower,180,3.3242292797273946e-05,0.0,-9.251337702371734e-06,8.851788263208101e-05,0.0788,3.3242292797273946e-05,-9.251337702371734e-06,8.851788263208101e-05,0.9212,0.17876424715056988,12,2,5000,20260722,1.0,,1.0,
excluding_2020_03_through_2020_05,leave_one_out_housing_activity__vs__student_t_7_combined,leave_one_out_housing_activity,student_t_7_combined,housing_activity,leave_one_out,True,before_any_defining_release,quadrant_brier_distance_to_exact_score_map,lower,180,-6.803482905176285e-07,0.0,-1.8006144647451981e-06,3.470130874433572e-08,0.9184,-6.803482905176285e-07,-1.8006144647451981e-06,3.470130874433572e-08,0.0816,0.1837632473505299,12,2,5000,20260722,1.0,,1.0,
excluding_2020_03_through_2020_05,leave_one_out_inflation_expectations__vs__student_t_7_combined,leave_one_out_inflation_expectations,student_t_7_combined,inflation_expectations,leave_one_out,True,before_any_defining_release,quadrant_brier_distance_to_exact_score_map,lower,180,1.422289286421898e-06,0.0,0.0,4.266867859265694e-06,0.0,1.422289286421898e-06,0.0,4.266867859265694e-06,0.6748,0.41011797640471903,12,2,5000,20260722,1.0,,1.0,
excluding_2020_03_through_2020_05,leave_one_out_inflation_input_costs__vs__student_t_7_combined,leave_one_out_inflation_input_costs,student_t_7_combined,inflation_input_costs,leave_one_out,True,before_any_defining_release,quadrant_brier_distance_to_exact_score_map,lower,180,-2.6756158216114776e-05,0.0,-8.03088537225401e-05,6.022706810680557e-08,0.7924,-2.6756158216114776e-05,-8.03088537225401e-05,6.022706810680557e-08,0.2064,0.3859228154369126,12,2,5000,20260722,1.0,,1.0,
excluding_2020_03_through_2020_05,leave_one_out_monthly_labor_demand__vs__student_t_7_combined,leave_one_out_monthly_labor_demand,student_t_7_combined,monthly_labor_demand,leave_one_out,True,before_any_defining_release,quadrant_brier_distance_to_exact_score_map,lower,180,-8.399696681462918e-06,0.0,-2.5200257048341494e-05,2.038738549934096e-09,0.8242,-8.399696681462918e-06,-2.5200257048341494e-05,2.038738549934096e-09,0.1758,0.34613077384523094,12,2,5000,20260722,1.0,,1.0,
excluding_2020_03_through_2020_05,leave_one_out_weekly_labor_stress__vs__student_t_7_combined,leave_one_out_weekly_labor_stress,student_t_7_combined,weekly_labor_stress,leave_one_out,True,before_any_defining_release,quadrant_brier_distance_to_exact_score_map,lower,180,-4.266852208224307e-05,0.0,-0.0011462385158853374,0.001438704284122765,0.5536,-4.266852208224307e-05,-0.0011462385158853374,0.001438704284122765,0.4464,0.9482103579284143,12,2,5000,20260722,1.0,,1.0,
excluding_2020_03_through_2020_05,leave_out_inflation_pressure_pair__vs__student_t_7_combined,leave_out_inflation_pressure_pair,student_t_7_combined,inflation_pressure_pair,leave_one_out,False,before_any_defining_release,quadrant_brier_distance_to_exact_score_map,lower,180,-2.533401089114458e-05,0.0,-7.606807896936668e-05,1.4284445819853219e-06,0.7554,-2.533401089114458e-05,-7.606807896936668e-05,1.4284445819853219e-06,0.2432,0.41211757648470304,12,2,5000,20260722,,,,0.6694661067786443
excluding_2020_03_through_2020_05,add_inflation_pressure_pair__vs__partial_only,add_inflation_pressure_pair,partial_only,inflation_pressure_pair,add_one,False,before_any_defining_release,quadrant_cross_entropy_to_exact_score_map,lower,180,6.403025090659808e-05,0.0,-2.834414694841136e-07,0.0001923741941892845,0.2448,-6.403025090659808e-05,-0.0001923741941892845,2.834414694841136e-07,0.2448,0.45670865826834633,12,2,5000,20260722,,,,0.8302339532093581
excluding_2020_03_through_2020_05,add_one_business_investment__vs__partial_only,add_one_business_investment,partial_only,business_investment,add_one,True,before_any_defining_release,quadrant_cross_entropy_to_exact_score_map,lower,180,-1.0069866174833914e-05,0.0,-3.0209598524487555e-05,-1.2335811384723962e-18,0.985,1.0069866174833914e-05,1.2335811384723962e-18,3.0209598524487555e-05,0.985,0.09358128374325135,12,2,5000,20260722,1.0,0.6550689862027594,,
excluding_2020_03_through_2020_05,add_one_consumer_demand__vs__partial_only,add_one_consumer_demand,partial_only,consumer_demand,add_one,True,before_any_defining_release,quadrant_cross_entropy_to_exact_score_map,lower,180,-6.588427194479262e-05,0.0,-0.0001719876476514618,1.4454376053893806e-05,0.9352,6.588427194479262e-05,-1.4454376053893806e-05,0.0001719876476514618,0.9352,0.16536692661467706,12,2,5000,20260722,1.0,0.8268346330733853,,
excluding_2020_03_through_2020_05,add_one_housing_activity__vs__partial_only,add_one_housing_activity,partial_only,housing_activity,add_one,True,before_any_defining_release,quadrant_cross_entropy_to_exact_score_map,lower,180,1.6880348933120033e-06,0.0,-3.7007434154171884e-18,4.168510143090806e-06,0.0434,-1.6880348933120033e-06,-4.168510143090806e-06,3.7007434154171884e-18,0.0434,0.1225754849030194,12,2,5000,20260722,1.0,0.7354529094181164,,
excluding_2020_03_through_2020_05,add_one_inflation_expectations__vs__partial_only,add_one_inflation_expectations,partial_only,inflation_expectations,add_one,True,before_any_defining_release,quadrant_cross_entropy_to_exact_score_map,lower,180,-2.834414694804129e-07,0.0,-8.503244084412387e-07,0.0,0.6666,2.834414694804129e-07,-0.0,8.503244084412387e-07,0.6666,0.5578884223155369,12,2,5000,20260722,1.0,1.0,,
excluding_2020_03_through_2020_05,add_one_inflation_input_costs__vs__partial_only,add_one_inflation_input_costs,partial_only,inflation_input_costs,add_one,True,before_any_defining_release,quadrant_cross_entropy_to_exact_score_map,lower,180,6.431369237607972e-05,0.0,-9.86864910777917e-18,0.0001929410771282503,0.234,-6.431369237607972e-05,-0.0001929410771282503,9.86864910777917e-18,0.234,0.44831033793241354,12,2,5000,20260722,1.0,1.0,,
excluding_2020_03_through_2020_05,add_one_monthly_labor_demand__vs__partial_only,add_one_monthly_labor_demand,partial_only,monthly_labor_demand,add_one,True,before_any_defining_release,quadrant_cross_entropy_to_exact_score_map,lower,180,1.415895374165964e-05,0.0,-7.0725856770777655e-06,4.423249753282442e-05,0.285,-1.415895374165964e-05,-4.423249753282442e-05,7.0725856770777655e-06,0.285,0.5256948610277944,12,2,5000,20260722,1.0,1.0,,
excluding_2020_03_through_2020_05,add_one_weekly_labor_stress__vs__partial_only,add_one_weekly_labor_stress,partial_only,weekly_labor_stress,add_one,True,before_any_defining_release,quadrant_cross_entropy_to_exact_score_map,lower,180,-0.0010596786957240483,0.0,-0.004663374083021742,0.001302066248400631,0.7008,0.0010596786957240483,-0.0013020662484006323,0.004663374083021742,0.7008,0.5448910217956409,12,2,5000,20260722,1.0,1.0,,
excluding_2020_03_through_2020_05,leave_one_out_business_investment__vs__student_t_7_combined,leave_one_out_business_investment,student_t_7_combined,business_investment,leave_one_out,True,before_any_defining_release,quadrant_cross_entropy_to_exact_score_map,lower,180,4.164034353263155e-06,0.0,-8.03358312781752e-08,1.2541272396789772e-05,0.2176,4.164034353263155e-06,-8.03358312781752e-08,1.2541272396789772e-05,0.7824,0.4071185762847431,12,2,5000,20260722,1.0,,1.0,
excluding_2020_03_through_2020_05,leave_one_out_consumer_demand__vs__student_t_7_combined,leave_one_out_consumer_demand,student_t_7_combined,consumer_demand,leave_one_out,True,before_any_defining_release,quadrant_cross_entropy_to_exact_score_map,lower,180,7.018990553333178e-05,0.0,-1.565466470702033e-05,0.0001824894179200373,0.073,7.018990553333178e-05,-1.565466470702033e-05,0.0001824894179200373,0.927,0.16816636672665466,12,2,5000,20260722,1.0,,1.0,
excluding_2020_03_through_2020_05,leave_one_out_housing_activity__vs__student_t_7_combined,leave_one_out_housing_activity,student_t_7_combined,housing_activity,leave_one_out,True,before_any_defining_release,quadrant_cross_entropy_to_exact_score_map,lower,180,-1.3654875367542631e-06,0.0,-3.588117122566107e-06,4.349324046409229e-08,0.9492,-1.3654875367542631e-06,-3.588117122566107e-06,4.349324046409229e-08,0.0508,0.13557288542291543,12,2,5000,20260722,1.0,,0.949010197960408,
excluding_2020_03_through_2020_05,leave_one_out_inflation_expectations__vs__student_t_7_combined,leave_one_out_inflation_expectations,student_t_7_combined,inflation_expectations,leave_one_out,True,before_any_defining_release,quadrant_cross_entropy_to_exact_score_map,lower,180,2.6705504935245173e-06,0.0,0.0,8.011651480573552e-06,0.0,2.6705504935245173e-06,0.0,8.011651480573552e-06,0.6556,0.40331933613277343,12,2,5000,20260722,1.0,,1.0,
excluding_2020_03_through_2020_05,leave_one_out_inflation_input_costs__vs__student_t_7_combined,leave_one_out_inflation_input_costs,student_t_7_combined,inflation_input_costs,leave_one_out,True,before_any_defining_release,quadrant_cross_entropy_to_exact_score_map,lower,180,-5.77272073061488e-05,0.0,-0.00017325615021676329,9.82301151524077e-08,0.7936,-5.77272073061488e-05,-0.00017325615021676329,9.82301151524077e-08,0.2058,0.3877224555088982,12,2,5000,20260722,1.0,,1.0,
excluding_2020_03_through_2020_05,leave_one_out_monthly_labor_demand__vs__student_t_7_combined,leave_one_out_monthly_labor_demand,student_t_7_combined,monthly_labor_demand,leave_one_out,True,before_any_defining_release,quadrant_cross_entropy_to_exact_score_map,lower,180,-1.802692226414715e-05,0.0,-5.4082115932171444e-05,2.717290506477744e-09,0.8378,-1.802692226414715e-05,-5.4082115932171444e-05,2.717290506477744e-09,0.1622,0.3129374125174965,12,2,5000,20260722,1.0,,1.0,
excluding_2020_03_through_2020_05,leave_one_out_weekly_labor_stress__vs__student_t_7_combined,leave_one_out_weekly_labor_stress,student_t_7_combined,weekly_labor_stress,leave_one_out,True,before_any_defining_release,quadrant_cross_entropy_to_exact_score_map,lower,180,0.0010667857114715943,0.0,-0.0013073806313226696,0.004625464317935981,0.2994,0.0010667857114715943,-0.0013073806313226696,0.004625464317935981,0.7006,0.5488902219556089,12,2,5000,20260722,1.0,,1.0,
excluding_2020_03_through_2020_05,leave_out_inflation_pressure_pair__vs__student_t_7_combined,leave_out_inflation_pressure_pair,student_t_7_combined,inflation_pressure_pair,leave_one_out,False,before_any_defining_release,quadrant_cross_entropy_to_exact_score_map,lower,180,-5.5056943775825634e-05,0.0,-0.00016528380907415596,2.688331258011958e-06,0.7642,-5.5056943775825634e-05,-0.00016528380907415596,2.688331258011958e-06,0.2346,0.41511697660467906,12,2,5000,20260722,,,,0.8302339532093581
excluding_2020_03_through_2020_05,add_inflation_pressure_pair__vs__partial_only,add_inflation_pressure_pair,partial_only,inflation_pressure_pair,add_one,False,before_any_defining_release,score_center_negative_log_predictive_density,lower,180,0.0001967254649280924,0.0,-4.934324553889585e-18,0.0005901763947842673,0.0542,-0.0001967254649280924,-0.0005901763947842673,4.934324553889585e-18,0.0542,0.21995600879824034,12,2,5000,20260722,,,,0.4399120175964807
excluding_2020_03_through_2020_05,add_one_business_investment__vs__partial_only,add_one_business_investment,partial_only,business_investment,add_one,True,before_any_defining_release,score_center_negative_log_predictive_density,lower,180,-2.4416715920730666e-05,0.0,-7.325014776241343e-05,2.1525990866343313e-16,0.7204,2.4416715920730666e-05,-2.1525990866343313e-16,7.325014776241343e-05,0.7204,0.4931013797240552,12,2,5000,20260722,1.0,0.9862027594481104,,
excluding_2020_03_through_2020_05,add_one_consumer_demand__vs__partial_only,add_one_consumer_demand,partial_only,consumer_demand,add_one,True,before_any_defining_release,score_center_negative_log_predictive_density,lower,180,-0.00019006889799986771,0.0,-0.0004656722511057096,1.1773857374682376e-05,0.9612,0.00019006889799986771,-1.1773857374682376e-05,0.0004656722511057096,0.9612,0.11717656468706258,12,2,5000,20260722,1.0,0.585882823435313,,
excluding_2020_03_through_2020_05,add_one_housing_activity__vs__partial_only,add_one_housing_activity,partial_only,housing_activity,add_one,True,before_any_defining_release,score_center_negative_log_predictive_density,lower,180,3.953911399686026e-06,0.0,3.0685330819501518e-18,9.525820511492435e-06,0.0214,-3.953911399686026e-06,-9.525820511492435e-06,-3.0685330819503097e-18,0.0214,0.08898220355928814,12,2,5000,20260722,1.0,0.5338932213557288,,
excluding_2020_03_through_2020_05,add_one_inflation_expectations__vs__partial_only,add_one_inflation_expectations,partial_only,inflation_expectations,add_one,True,before_any_defining_release,score_center_negative_log_predictive_density,lower,180,3.2828512130316726e-06,0.0,0.0,9.848553639095018e-06,0.0,-3.2828512130316726e-06,-9.848553639095018e-06,0.0,0.0,0.5806838632273545,12,2,5000,20260722,1.0,0.9862027594481104,,
excluding_2020_03_through_2020_05,add_one_inflation_input_costs__vs__partial_only,add_one_inflation_input_costs,partial_only,inflation_input_costs,add_one,True,before_any_defining_release,score_center_negative_log_predictive_density,lower,180,0.00019344261371506317,0.0,-4.934324553889585e-18,0.0005803278411451846,0.0586,-0.00019344261371506317,-0.0005803278411451846,4.934324553889585e-18,0.0586,0.244751049790042,12,2,5000,20260722,1.0,0.979004199160168,,
excluding_2020_03_through_2020_05,add_one_monthly_labor_demand__vs__partial_only,add_one_monthly_labor_demand,partial_only,monthly_labor_demand,add_one,True,before_any_defining_release,score_center_negative_log_predictive_density,lower,180,2.270402797370076e-05,0.0,-1.8775427971778922e-05,7.151229922353137e-05,0.1142,-2.270402797370076e-05,-7.151229922353137e-05,1.8775427971778922e-05,0.1142,0.27294541091781643,12,2,5000,20260722,1.0,0.979004199160168,,
excluding_2020_03_through_2020_05,add_one_weekly_labor_stress__vs__partial_only,add_one_weekly_labor_stress,partial_only,weekly_labor_stress,add_one,True,before_any_defining_release,score_center_negative_log_predictive_density,lower,180,-0.019341996626166823,0.0,-0.023914717144624686,-0.015660813014995684,1.0,0.019341996626166823,0.015660813014995684,0.023914717144624682,1.0,0.0001999600079984003,12,2,5000,20260722,0.0027994401119776045,0.0013997200559888023,,
excluding_2020_03_through_2020_05,leave_one_out_business_investment__vs__student_t_7_combined,leave_one_out_business_investment,student_t_7_combined,business_investment,leave_one_out,True,before_any_defining_release,score_center_negative_log_predictive_density,lower,180,1.0155905193752016e-05,0.0,-6.867937001803208e-08,3.0485470331101167e-05,0.1416,1.0155905193752016e-05,-6.867937001803208e-08,3.0485470331101167e-05,0.8584,0.28534293141371725,12,2,5000,20260722,1.0,,1.0,
excluding_2020_03_through_2020_05,leave_one_out_consumer_demand__vs__student_t_7_combined,leave_one_out_consumer_demand,student_t_7_combined,consumer_demand,leave_one_out,True,before_any_defining_release,score_center_negative_log_predictive_density,lower,180,0.00019764179720935466,0.0,-1.0754159421572047e-05,0.0004845333115416115,0.0356,0.00019764179720935466,-1.0754159421572047e-05,0.0004845333115416115,0.9644,0.11437712457508498,12,2,5000,20260722,1.0,,0.6862627474505099,
excluding_2020_03_through_2020_05,leave_one_out_housing_activity__vs__student_t_7_combined,leave_one_out_housing_activity,student_t_7_combined,housing_activity,leave_one_out,True,before_any_defining_release,score_center_negative_log_predictive_density,lower,180,-2.3930115835698223e-06,0.0,-6.542455140154899e-06,6.91933518483496e-07,0.9156,-2.3930115835698223e-06,-6.542455140154899e-06,6.91933518483496e-07,0.0844,0.1949610077984403,12,2,5000,20260722,1.0,,0.9748050389922015,
excluding_2020_03_through_2020_05,leave_one_out_inflation_expectations__vs__student_t_7_combined,leave_one_out_inflation_expectations,student_t_7_combined,inflation_expectations,leave_one_out,True,before_any_defining_release,score_center_negative_log_predictive_density,lower,180,6.013186679698634e-07,0.0,0.0,1.8039560039095903e-06,0.0,6.013186679698634e-07,0.0,1.8039560039095903e-06,0.6672,0.6040791841631674,12,2,5000,20260722,1.0,,1.0,
excluding_2020_03_through_2020_05,leave_one_out_inflation_input_costs__vs__student_t_7_combined,leave_one_out_inflation_input_costs,student_t_7_combined,inflation_input_costs,leave_one_out,True,before_any_defining_release,score_center_negative_log_predictive_density,lower,180,-0.00017299569565486383,0.0,-0.000519120047591123,1.8015654122189364e-07,0.7654,-0.00017299569565486383,-0.000519120047591123,1.8015654122189364e-07,0.2336,0.4201159768046391,12,2,5000,20260722,1.0,,1.0,
excluding_2020_03_through_2020_05,leave_one_out_monthly_labor_demand__vs__student_t_7_combined,leave_one_out_monthly_labor_demand,student_t_7_combined,monthly_labor_demand,leave_one_out,True,before_any_defining_release,score_center_negative_log_predictive_density,lower,180,-3.6808657407246754e-05,0.0,-0.00011042581806902691,4.2892352476808165e-09,0.8798,-3.6808657407246754e-05,-0.00011042581806902691,4.2892352476808165e-09,0.1202,0.26294741051789644,12,2,5000,20260722,1.0,,1.0,
excluding_2020_03_through_2020_05,leave_one_out_weekly_labor_stress__vs__student_t_7_combined,leave_one_out_weekly_labor_stress,student_t_7_combined,weekly_labor_stress,leave_one_out,True,before_any_defining_release,score_center_negative_log_predictive_density,lower,180,0.01936225789813782,0.0,0.015752849573434712,0.023867452161525814,0.0,0.01936225789813782,0.015752849573434712,0.023867452161525814,1.0,0.0001999600079984003,12,2,5000,20260722,0.0027994401119776045,,0.0013997200559888023,
excluding_2020_03_through_2020_05,leave_out_inflation_pressure_pair__vs__student_t_7_combined,leave_out_inflation_pressure_pair,student_t_7_combined,inflation_pressure_pair,leave_one_out,False,before_any_defining_release,score_center_negative_log_predictive_density,lower,180,-0.0001723948692152582,0.0,-0.00051785454518289,6.902733842396097e-07,0.7504,-0.0001723948692152582,-0.00051785454518289,6.902733842396097e-07,0.2492,0.4295140971805639,12,2,5000,20260722,,,,0.4399120175964807
excluding_2020_03_through_2020_05,add_inflation_pressure_pair__vs__partial_only,add_inflation_pressure_pair,partial_only,inflation_pressure_pair,add_one,False,strict_pre_final_score_day,hard_quadrant_correct,higher,180,0.0,0.0,0.0,0.0,0.0,0.0,0.0,0.0,0.0,1.0,12,2,5000,20260722,,,,1.0
excluding_2020_03_through_2020_05,add_one_business_investment__vs__partial_only,add_one_business_investment,partial_only,business_investment,add_one,True,strict_pre_final_score_day,hard_quadrant_correct,higher,180,-0.05555555555555555,0.0,-0.08888888888888889,-0.022222222222222223,0.0,-0.05555555555555555,-0.08888888888888889,-0.022222222222222223,0.0,0.0009998000399920016,12,2,5000,20260722,0.012997400519896021,0.00599880023995201,,
excluding_2020_03_through_2020_05,add_one_consumer_demand__vs__partial_only,add_one_consumer_demand,partial_only,consumer_demand,add_one,True,strict_pre_final_score_day,hard_quadrant_correct,higher,180,-0.05555555555555555,0.0,-0.08888888888888889,-0.022222222222222223,0.0002,-0.05555555555555555,-0.08888888888888889,-0.022222222222222223,0.0002,0.0007998400319936012,12,2,5000,20260722,0.011197760447910418,0.005598880223955209,,
excluding_2020_03_through_2020_05,add_one_housing_activity__vs__partial_only,add_one_housing_activity,partial_only,housing_activity,add_one,True,strict_pre_final_score_day,hard_quadrant_correct,higher,180,-0.016666666666666666,0.0,-0.03333333333333333,0.005555555555555556,0.0312,-0.016666666666666666,-0.03333333333333333,0.005555555555555556,0.0312,0.07498500299940011,12,2,5000,20260722,0.8998200359928014,0.3749250149970006,,
excluding_2020_03_through_2020_05,add_one_inflation_expectations__vs__partial_only,add_one_inflation_expectations,partial_only,inflation_expectations,add_one,True,strict_pre_final_score_day,hard_quadrant_correct,higher,180,0.0,0.0,0.0,0.0,0.0,0.0,0.0,0.0,0.0,1.0,12,2,5000,20260722,1.0,1.0,,
excluding_2020_03_through_2020_05,add_one_inflation_input_costs__vs__partial_only,add_one_inflation_input_costs,partial_only,inflation_input_costs,add_one,True,strict_pre_final_score_day,hard_quadrant_correct,higher,180,0.0,0.0,0.0,0.0,0.0,0.0,0.0,0.0,0.0,1.0,12,2,5000,20260722,1.0,1.0,,
excluding_2020_03_through_2020_05,add_one_monthly_labor_demand__vs__partial_only,add_one_monthly_labor_demand,partial_only,monthly_labor_demand,add_one,True,strict_pre_final_score_day,hard_quadrant_correct,higher,180,0.0,0.0,0.0,0.0,0.0,0.0,0.0,0.0,0.0,1.0,12,2,5000,20260722,1.0,1.0,,
excluding_2020_03_through_2020_05,add_one_weekly_labor_stress__vs__partial_only,add_one_weekly_labor_stress,partial_only,weekly_labor_stress,add_one,True,strict_pre_final_score_day,hard_quadrant_correct,higher,180,-0.011111111111111112,0.0,-0.022222222222222223,0.0,0.0,-0.011111111111111112,-0.022222222222222223,0.0,0.0,0.10097980403919216,12,2,5000,20260722,1.0,0.4039192161567686,,
excluding_2020_03_through_2020_05,leave_one_out_business_investment__vs__student_t_7_combined,leave_one_out_business_investment,student_t_7_combined,business_investment,leave_one_out,True,strict_pre_final_score_day,hard_quadrant_correct,higher,180,0.011111111111111112,0.0,-0.011111111111111112,0.027777777777777776,0.7936,-0.011111111111111112,-0.027777777777777776,0.011111111111111112,0.1002,0.33833233353329334,12,2,5000,20260722,1.0,,1.0,
excluding_2020_03_through_2020_05,leave_one_out_consumer_demand__vs__student_t_7_combined,leave_one_out_consumer_demand,student_t_7_combined,consumer_demand,leave_one_out,True,strict_pre_final_score_day,hard_quadrant_correct,higher,180,0.011111111111111112,0.0,-0.027777777777777776,0.05555555555555555,0.6424,-0.011111111111111112,-0.05555555555555555,0.027777777777777776,0.2652,0.6184763047390522,12,2,5000,20260722,1.0,,1.0,
excluding_2020_03_through_2020_05,leave_one_out_housing_activity__vs__student_t_7_combined,leave_one_out_housing_activity,student_t_7_combined,housing_activity,leave_one_out,True,strict_pre_final_score_day,hard_quadrant_correct,higher,180,-0.005555555555555556,0.0,-0.022222222222222223,0.011111111111111112,0.1324,0.005555555555555556,-0.011111111111111112,0.022222222222222223,0.6452,0.47990401919616077,12,2,5000,20260722,1.0,,1.0,
excluding_2020_03_through_2020_05,leave_one_out_inflation_expectations__vs__student_t_7_combined,leave_one_out_inflation_expectations,student_t_7_combined,inflation_expectations,leave_one_out,True,strict_pre_final_score_day,hard_quadrant_correct,higher,180,0.0,0.0,0.0,0.0,0.0,-0.0,-0.0,0.0,0.0,1.0,12,2,5000,20260722,1.0,,1.0,
excluding_2020_03_through_2020_05,leave_one_out_inflation_input_costs__vs__student_t_7_combined,leave_one_out_inflation_input_costs,student_t_7_combined,inflation_input_costs,leave_one_out,True,strict_pre_final_score_day,hard_quadrant_correct,higher,180,0.005555555555555556,0.0,-0.005555555555555556,0.016666666666666666,0.6534,-0.005555555555555556,-0.016666666666666666,0.005555555555555556,0.1006,0.41671665666866625,12,2,5000,20260722,1.0,,1.0,
excluding_2020_03_through_2020_05,leave_one_out_monthly_labor_demand__vs__student_t_7_combined,leave_one_out_monthly_labor_demand,student_t_7_combined,monthly_labor_demand,leave_one_out,True,strict_pre_final_score_day,hard_quadrant_correct,higher,180,0.0,0.0,0.0,0.0,0.0,-0.0,-0.0,0.0,0.0,1.0,12,2,5000,20260722,1.0,,1.0,
excluding_2020_03_through_2020_05,leave_one_out_weekly_labor_stress__vs__student_t_7_combined,leave_one_out_weekly_labor_stress,student_t_7_combined,weekly_labor_stress,leave_one_out,True,strict_pre_final_score_day,hard_quadrant_correct,higher,180,0.0,0.0,0.0,0.0,0.0,-0.0,-0.0,0.0,0.0,1.0,12,2,5000,20260722,1.0,,1.0,
excluding_2020_03_through_2020_05,leave_out_inflation_pressure_pair__vs__student_t_7_combined,leave_out_inflation_pressure_pair,student_t_7_combined,inflation_pressure_pair,leave_one_out,False,strict_pre_final_score_day,hard_quadrant_correct,higher,180,0.005555555555555556,0.0,-0.005555555555555556,0.016666666666666666,0.6428,-0.005555555555555556,-0.016666666666666666,0.005555555555555556,0.0996,0.42231553689262147,12,2,5000,20260722,,,,0.8446310737852429
excluding_2020_03_through_2020_05,add_inflation_pressure_pair__vs__partial_only,add_inflation_pressure_pair,partial_only,inflation_pressure_pair,add_one,False,strict_pre_final_score_day,quadrant_brier_distance_to_exact_score_map,lower,180,5.507959921513388e-05,0.0,-2.3801583024667378e-05,0.00015085570270714804,0.1028,-5.507959921513388e-05,-0.00015085570270714804,2.380158302466737e-05,0.1028,0.22635472905418916,12,2,5000,20260722,,,,0.22635472905418916
excluding_2020_03_through_2020_05,add_one_business_investment__vs__partial_only,add_one_business_investment,partial_only,business_investment,add_one,True,strict_pre_final_score_day,quadrant_brier_distance_to_exact_score_map,lower,180,0.000417659252256138,0.0,0.0002030846270879287,0.0006022065643367478,0.0006,-0.000417659252256138,-0.0006022065643367478,-0.00020308462708792875,0.0006,0.0007998400319936012,12,2,5000,20260722,0.011197760447910418,0.005598880223955209,,
excluding_2020_03_through_2020_05,add_one_consumer_demand__vs__partial_only,add_one_consumer_demand,partial_only,consumer_demand,add_one,True,strict_pre_final_score_day,quadrant_brier_distance_to_exact_score_map,lower,180,0.0002396934515742248,-5.9663557833165674e-05,-0.0005666462993141354,0.0010801841894735747,0.2824,-0.0002396934515742248,-0.0010801841894735747,0.0005666462993141353,0.2824,0.5812837432513497,12,2,5000,20260722,1.0,1.0,,
excluding_2020_03_through_2020_05,add_one_housing_activity__vs__partial_only,add_one_housing_activity,partial_only,housing_activity,add_one,True,strict_pre_final_score_day,quadrant_brier_distance_to_exact_score_map,lower,180,0.000170538992236927,0.0,-2.5809854751822127e-05,0.0003175831845620072,0.0358,-0.000170538992236927,-0.0003175831845620072,2.5809854751821947e-05,0.0358,0.04399120175964807,12,2,5000,20260722,0.4399120175964807,0.2639472105578884,,
excluding_2020_03_through_2020_05,add_one_inflation_expectations__vs__partial_only,add_one_inflation_expectations,partial_only,inflation_expectations,add_one,True,strict_pre_final_score_day,quadrant_brier_distance_to_exact_score_map,lower,180,-5.165528454690209e-07,0.0,-1.5496585364070625e-06,8.960622649601762e-08,0.6646,5.165528454690209e-07,-8.960622649601762e-08,1.5496585364070625e-06,0.6646,0.4285142971405719,12,2,5000,20260722,1.0,1.0,,
excluding_2020_03_through_2020_05,add_one_inflation_input_costs__vs__partial_only,add_one_inflation_input_costs,partial_only,inflation_input_costs,add_one,True,strict_pre_final_score_day,quadrant_brier_distance_to_exact_score_map,lower,180,5.565150626734965e-05,0.0,-2.6752896599365723e-05,0.00014535572229863898,0.1016,-5.565150626734965e-05,-0.000145355722298639,2.6752896599365682e-05,0.1016,0.20835832833433313,12,2,5000,20260722,1.0,0.8334333133373325,,
excluding_2020_03_through_2020_05,add_one_monthly_labor_demand__vs__partial_only,add_one_monthly_labor_demand,partial_only,monthly_labor_demand,add_one,True,strict_pre_final_score_day,quadrant_brier_distance_to_exact_score_map,lower,180,5.279470293075275e-05,0.0,-6.689823206671305e-05,0.00019283041778230138,0.2294,-5.279470293075275e-05,-0.0001928304177823015,6.689823206671304e-05,0.2294,0.4385122975404919,12,2,5000,20260722,1.0,1.0,,
excluding_2020_03_through_2020_05,add_one_weekly_labor_stress__vs__partial_only,add_one_weekly_labor_stress,partial_only,weekly_labor_stress,add_one,True,strict_pre_final_score_day,quadrant_brier_distance_to_exact_score_map,lower,180,7.05249939434407e-05,0.0,-1.947064972817179e-06,0.00015035118398377012,0.0282,-7.05249939434407e-05,-0.00015035118398377015,1.9470649728171657e-06,0.0282,0.07318536292741452,12,2,5000,20260722,0.6586682663467307,0.3659268146370726,,
excluding_2020_03_through_2020_05,leave_one_out_business_investment__vs__student_t_7_combined,leave_one_out_business_investment,student_t_7_combined,business_investment,leave_one_out,True,strict_pre_final_score_day,quadrant_brier_distance_to_exact_score_map,lower,180,-0.0004805781775376129,0.0,-0.0007908907356889384,-0.00017627501197825445,0.9996,-0.0004805781775376129,-0.0007908907356889384,-0.00017627501197825445,0.0004,0.0021995600879824036,12,2,5000,20260722,0.028594281143771248,,0.015396920615876825,
excluding_2020_03_through_2020_05,leave_one_out_consumer_demand__vs__student_t_7_combined,leave_one_out_consumer_demand,student_t_7_combined,consumer_demand,leave_one_out,True,strict_pre_final_score_day,quadrant_brier_distance_to_exact_score_map,lower,180,-0.0001789063259011666,7.254979474530829e-05,-0.001551269289788759,0.00103876220609427,0.5882,-0.0001789063259011666,-0.001551269289788759,0.00103876220609427,0.4118,0.789242151569686,12,2,5000,20260722,1.0,,1.0,
excluding_2020_03_through_2020_05,leave_one_out_housing_activity__vs__student_t_7_combined,leave_one_out_housing_activity,student_t_7_combined,housing_activity,leave_one_out,True,strict_pre_final_score_day,quadrant_brier_distance_to_exact_score_map,lower,180,-6.676469631402203e-05,0.0,-0.00025221132181416084,0.00013121790068906124,0.7714,-6.676469631402203e-05,-0.00025221132181416084,0.00013121790068906124,0.2286,0.4843031393721256,12,2,5000,20260722,1.0,,1.0,
excluding_2020_03_through_2020_05,leave_one_out_inflation_expectations__vs__student_t_7_combined,leave_one_out_inflation_expectations,student_t_7_combined,inflation_expectations,leave_one_out,True,strict_pre_final_score_day,quadrant_brier_distance_to_exact_score_map,lower,180,5.668847859732464e-07,0.0,0.0,1.7006543579197389e-06,0.0,5.668847859732464e-07,0.0,1.7006543579197389e-06,0.6944,0.5374925014997001,12,2,5000,20260722,1.0,,1.0,
excluding_2020_03_through_2020_05,leave_one_out_inflation_input_costs__vs__student_t_7_combined,leave_one_out_inflation_input_costs,student_t_7_combined,inflation_input_costs,leave_one_out,True,strict_pre_final_score_day,quadrant_brier_distance_to_exact_score_map,lower,180,-0.00012518888317977566,0.0,-0.00024658208739291383,-7.732298259170245e-06,0.9818,-0.00012518888317977566,-0.00024658208739291383,-7.732298259170245e-06,0.0174,0.03959208158368326,12,2,5000,20260722,0.4355128974205159,,0.19796040791841632,
excluding_2020_03_through_2020_05,leave_one_out_monthly_labor_demand__vs__student_t_7_combined,leave_one_out_monthly_labor_demand,student_t_7_combined,monthly_labor_demand,leave_one_out,True,strict_pre_final_score_day,quadrant_brier_distance_to_exact_score_map,lower,180,8.665713734177735e-05,0.0,1.0563087134832727e-05,0.0001679878228465854,0.0124,8.665713734177735e-05,1.0563087134832727e-05,0.0001679878228465854,0.9876,0.030393921215756847,12,2,5000,20260722,0.36472705458908217,,0.18236352729454108,
excluding_2020_03_through_2020_05,leave_one_out_weekly_labor_stress__vs__student_t_7_combined,leave_one_out_weekly_labor_stress,student_t_7_combined,weekly_labor_stress,leave_one_out,True,strict_pre_final_score_day,quadrant_brier_distance_to_exact_score_map,lower,180,-8.232758865931983e-05,0.0,-0.00019450581199797614,1.6301582899897348e-05,0.947,-8.232758865931983e-05,-0.00019450581199797614,1.6301582899897348e-05,0.053,0.1221755648870226,12,2,5000,20260722,0.9774045190961808,,0.4887022595480904,
excluding_2020_03_through_2020_05,leave_out_inflation_pressure_pair__vs__student_t_7_combined,leave_out_inflation_pressure_pair,student_t_7_combined,inflation_pressure_pair,leave_one_out,False,strict_pre_final_score_day,quadrant_brier_distance_to_exact_score_map,lower,180,-0.0001246589100266621,0.0,-0.00024815253395636655,0.0,0.974,-0.0001246589100266621,-0.00024815253395636655,0.0,0.0248,0.04839032193561288,12,2,5000,20260722,,,,0.09678064387122576
excluding_2020_03_through_2020_05,add_inflation_pressure_pair__vs__partial_only,add_inflation_pressure_pair,partial_only,inflation_pressure_pair,add_one,False,strict_pre_final_score_day,quadrant_cross_entropy_to_exact_score_map,lower,180,0.00010348480239695072,0.0,-6.5901534180775e-05,0.00029514038131174184,0.1338,-0.00010348480239695072,-0.00029514038131174184,6.590153418077499e-05,0.1338,0.26914617076584685,12,2,5000,20260722,,,,0.26914617076584685
excluding_2020_03_through_2020_05,add_one_business_investment__vs__partial_only,add_one_business_investment,partial_only,business_investment,add_one,True,strict_pre_final_score_day,quadrant_cross_entropy_to_exact_score_map,lower,180,0.0005917572279228283,0.0,6.153262924257559e-05,0.001015854829628931,0.012,-0.0005917572279228283,-0.0010158548296289312,-6.153262924257574e-05,0.012,0.013397320535892822,12,2,5000,20260722,0.1741651669666067,0.09378124375124976,,
excluding_2020_03_through_2020_05,add_one_consumer_demand__vs__partial_only,add_one_consumer_demand,partial_only,consumer_demand,add_one,True,strict_pre_final_score_day,quadrant_cross_entropy_to_exact_score_map,lower,180,0.0006338186630201661,-8.844072808045222e-06,-0.0010509427000199999,0.0022837999601168766,0.2326,-0.0006338186630201661,-0.0022837999601168783,0.0010509427000199999,0.2326,0.46950609878024396,12,2,5000,20260722,1.0,1.0,,
excluding_2020_03_through_2020_05,add_one_housing_activity__vs__partial_only,add_one_housing_activity,partial_only,housing_activity,add_one,True,strict_pre_final_score_day,quadrant_cross_entropy_to_exact_score_map,lower,180,0.00021414432490900933,0.0,-0.0002470322318004279,0.0005276173454810949,0.155,-0.00021414432490900933,-0.0005276173454810949,0.00024703223180042765,0.155,0.29114177164567084,12,2,5000,20260722,1.0,1.0,,
excluding_2020_03_through_2020_05,add_one_inflation_expectations__vs__partial_only,add_one_inflation_expectations,partial_only,inflation_expectations,add_one,True,strict_pre_final_score_day,quadrant_cross_entropy_to_exact_score_map,lower,180,-1.1389953085213142e-06,0.0,-3.4169859255639424e-06,2.0035293126774434e-07,0.6704,1.1389953085213142e-06,-2.0035293126774434e-07,3.4169859255639424e-06,0.6704,0.4427114577084583,12,2,5000,20260722,1.0,1.0,,
excluding_2020_03_through_2020_05,add_one_inflation_input_costs__vs__partial_only,add_one_inflation_input_costs,partial_only,inflation_input_costs,add_one,True,strict_pre_final_score_day,quadrant_cross_entropy_to_exact_score_map,lower,180,0.00010475473588824489,0.0,-6.723394067378421e-05,0.0003050297802787498,0.1356,-0.00010475473588824489,-0.00030502978027875004,6.723394067378414e-05,0.1356,0.27634473105378926,12,2,5000,20260722,1.0,1.0,,
excluding_2020_03_through_2020_05,add_one_monthly_labor_demand__vs__partial_only,add_one_monthly_labor_demand,partial_only,monthly_labor_demand,add_one,True,strict_pre_final_score_day,quadrant_cross_entropy_to_exact_score_map,lower,180,6.650717754064228e-05,0.0,-0.00013707077323007785,0.00028191816587178216,0.2744,-6.650717754064228e-05,-0.00028191816587178227,0.0001370707732300778,0.2744,0.5374925014997001,12,2,5000,20260722,1.0,1.0,,
excluding_2020_03_through_2020_05,add_one_weekly_labor_stress__vs__partial_only,add_one_weekly_labor_stress,partial_only,weekly_labor_stress,add_one,True,strict_pre_final_score_day,quadrant_cross_entropy_to_exact_score_map,lower,180,8.380579977128938e-05,0.0,-2.1155675143714416e-05,0.00019015439752098965,0.0622,-8.380579977128938e-05,-0.00019015439752098965,2.1155675143714376e-05,0.0622,0.122375524895021,12,2,5000,20260722,1.0,0.734253149370126,,
excluding_2020_03_through_2020_05,leave_one_out_business_investment__vs__student_t_7_combined,leave_one_out_business_investment,student_t_7_combined,business_investment,leave_one_out,True,strict_pre_final_score_day,quadrant_cross_entropy_to_exact_score_map,lower,180,-0.000963853925095,0.0,-0.0015613042192234659,-0.00040009749684381617,1.0,-0.000963853925095,-0.0015613042192234659,-0.00040009749684381617,0.0,0.0013997200559888023,12,2,5000,20260722,0.019596080783843232,,0.009798040391921616,
excluding_2020_03_through_2020_05,leave_one_out_consumer_demand__vs__student_t_7_combined,leave_one_out_consumer_demand,student_t_7_combined,consumer_demand,leave_one_out,True,strict_pre_final_score_day,quadrant_cross_entropy_to_exact_score_map,lower,180,-0.0008166479424247457,0.0001782925956310133,-0.003700500279810288,0.0017164406714729043,0.7082,-0.0008166479424247457,-0.003700500279810288,0.0017164406714729043,0.2918,0.564887022595481,12,2,5000,20260722,1.0,,1.0,
excluding_2020_03_through_2020_05,leave_one_out_housing_activity__vs__student_t_7_combined,leave_one_out_housing_activity,student_t_7_combined,housing_activity,leave_one_out,True,strict_pre_final_score_day,quadrant_cross_entropy_to_exact_score_map,lower,180,-0.0002018778355212195,0.0,-0.0004928112815755556,4.9847844317964264e-05,0.9338,-0.0002018778355212195,-0.0004928112815755556,4.9847844317964264e-05,0.0662,0.14697060587882424,12,2,5000,20260722,1.0,,0.587882423515297,
excluding_2020_03_through_2020_05,leave_one_out_inflation_expectations__vs__student_t_7_combined,leave_one_out_inflation_expectations,student_t_7_combined,inflation_expectations,leave_one_out,True,strict_pre_final_score_day,quadrant_cross_entropy_to_exact_score_map,lower,180,1.2187031190608662e-06,0.0,0.0,3.6561093571825983e-06,0.0,1.2187031190608662e-06,0.0,3.6561093571825983e-06,0.694,0.46230753849230155,12,2,5000,20260722,1.0,,1.0,
excluding_2020_03_through_2020_05,leave_one_out_inflation_input_costs__vs__student_t_7_combined,leave_one_out_inflation_input_costs,student_t_7_combined,inflation_input_costs,leave_one_out,True,strict_pre_final_score_day,quadrant_cross_entropy_to_exact_score_map,lower,180,-0.00023556343228683138,0.0,-0.00047570046254922984,-1.3573562724632151e-06,0.9756,-0.00023556343228683138,-0.00047570046254922984,-1.3573562724632151e-06,0.0226,0.05318936212757448,12,2,5000,20260722,0.5850829834033193,,0.27234553089382124,
excluding_2020_03_through_2020_05,leave_one_out_monthly_labor_demand__vs__student_t_7_combined,leave_one_out_monthly_labor_demand,student_t_7_combined,monthly_labor_demand,leave_one_out,True,strict_pre_final_score_day,quadrant_cross_entropy_to_exact_score_map,lower,180,0.0001412246751624978,0.0,8.126896457264137e-06,0.00029038292342742047,0.0154,0.0001412246751624978,8.126896457264137e-06,0.00029038292342742047,0.9846,0.04539092181563687,12,2,5000,20260722,0.5446910617876425,,0.27234553089382124,
excluding_2020_03_through_2020_05,leave_one_out_weekly_labor_stress__vs__student_t_7_combined,leave_one_out_weekly_labor_stress,student_t_7_combined,weekly_labor_stress,leave_one_out,True,strict_pre_final_score_day,quadrant_cross_entropy_to_exact_score_map,lower,180,-5.6145852795398845e-05,0.0,-0.00020508266946272653,8.52707794288933e-05,0.779,-5.6145852795398845e-05,-0.00020508266946272653,8.52707794288933e-05,0.221,0.4537092581483703,12,2,5000,20260722,1.0,,1.0,
excluding_2020_03_through_2020_05,leave_out_inflation_pressure_pair__vs__student_t_7_combined,leave_out_inflation_pressure_pair,student_t_7_combined,inflation_pressure_pair,leave_one_out,False,strict_pre_final_score_day,quadrant_cross_entropy_to_exact_score_map,lower,180,-0.0002344373262097811,0.0,-0.0004710654077447204,1.9561841643908377e-06,0.9734,-0.0002344373262097811,-0.0004710654077447204,1.9561841643908377e-06,0.026,0.05338932213557288,12,2,5000,20260722,,,,0.10677864427114576
excluding_2020_03_through_2020_05,add_inflation_pressure_pair__vs__partial_only,add_inflation_pressure_pair,partial_only,inflation_pressure_pair,add_one,False,strict_pre_final_score_day,score_center_negative_log_predictive_density,lower,180,-2.8424877375722426e-05,0.0,-0.0010074998944026743,0.0009004852373645963,0.5174,2.8424877375722426e-05,-0.0009004852373645965,0.0010074998944026743,0.5174,0.948010397920416,12,2,5000,20260722,,,,0.948010397920416
excluding_2020_03_through_2020_05,add_one_business_investment__vs__partial_only,add_one_business_investment,partial_only,business_investment,add_one,True,strict_pre_final_score_day,score_center_negative_log_predictive_density,lower,180,-0.00011780580280390591,0.0,-0.004190675885869675,0.00574793534640596,0.5518,0.00011780580280390591,-0.005747935346405963,0.004190675885869673,0.5518,0.9604079184163168,12,2,5000,20260722,1.0,1.0,,
excluding_2020_03_through_2020_05,add_one_consumer_demand__vs__partial_only,add_one_consumer_demand,partial_only,consumer_demand,add_one,True,strict_pre_final_score_day,score_center_negative_log_predictive_density,lower,180,-0.061388716285971284,-0.03201823197735054,-0.09221128619184926,-0.02675891441866585,0.9998,0.061388716285971284,0.026758914418665843,0.09221128619184926,0.9998,0.0003999200159968006,12,2,5000,20260722,0.005598880223955209,0.0027994401119776045,,
excluding_2020_03_through_2020_05,add_one_housing_activity__vs__partial_only,add_one_housing_activity,partial_only,housing_activity,add_one,True,strict_pre_final_score_day,score_center_negative_log_predictive_density,lower,180,0.0004331258291148943,0.0,-0.0009001700282214603,0.0019829847568125147,0.2686,-0.0004331258291148943,-0.001982984756812515,0.0009001700282214597,0.2686,0.5242951409718056,12,2,5000,20260722,1.0,1.0,,
excluding_2020_03_through_2020_05,add_one_inflation_expectations__vs__partial_only,add_one_inflation_expectations,partial_only,inflation_expectations,add_one,True,strict_pre_final_score_day,score_center_negative_log_predictive_density,lower,180,-7.2064137339283234e-06,0.0,-2.161924120178497e-05,0.0,0.691,7.2064137339283234e-06,-0.0,2.161924120178497e-05,0.691,0.5464907018596281,12,2,5000,20260722,1.0,1.0,,
excluding_2020_03_through_2020_05,add_one_inflation_input_costs__vs__partial_only,add_one_inflation_input_costs,partial_only,inflation_input_costs,add_one,True,strict_pre_final_score_day,score_center_negative_log_predictive_density,lower,180,-2.042950273546149e-05,0.0,-0.0009878247358846171,0.0008894905198735179,0.497,2.042950273546149e-05,-0.0008894905198735186,0.0009878247358846165,0.497,0.9672065586882623,12,2,5000,20260722,1.0,1.0,,
excluding_2020_03_through_2020_05,add_one_monthly_labor_demand__vs__partial_only,add_one_monthly_labor_demand,partial_only,monthly_labor_demand,add_one,True,strict_pre_final_score_day,score_center_negative_log_predictive_density,lower,180,4.009437634945632e-05,0.0,-0.0011354247431836228,0.0012926240246851023,0.4934,-4.009437634945632e-05,-0.0012926240246851027,0.0011354247431836215,0.4934,0.9378124375124975,12,2,5000,20260722,1.0,1.0,,
excluding_2020_03_through_2020_05,add_one_weekly_labor_stress__vs__partial_only,add_one_weekly_labor_stress,partial_only,weekly_labor_stress,add_one,True,strict_pre_final_score_day,score_center_negative_log_predictive_density,lower,180,0.0004904446987935821,0.0,-0.0017059917930249066,0.0039838139905590255,0.3802,-0.0004904446987935821,-0.0039838139905590255,0.0017059917930249062,0.3802,0.6832633473305338,12,2,5000,20260722,1.0,1.0,,
excluding_2020_03_through_2020_05,leave_one_out_business_investment__vs__student_t_7_combined,leave_one_out_business_investment,student_t_7_combined,business_investment,leave_one_out,True,strict_pre_final_score_day,score_center_negative_log_predictive_density,lower,180,-0.006920100509047505,0.0,-0.016459955956059896,0.0006682347439606412,0.961,-0.006920100509047505,-0.016459955956059896,0.0006682347439606412,0.039,0.11717656468706258,12,2,5000,20260722,1.0,,0.5828834233153369,
excluding_2020_03_through_2020_05,leave_one_out_consumer_demand__vs__student_t_7_combined,leave_one_out_consumer_demand,student_t_7_combined,consumer_demand,leave_one_out,True,strict_pre_final_score_day,score_center_negative_log_predictive_density,lower,180,0.05344576804697039,0.029663861131655866,0.009193796000437996,0.09009649927001057,0.0086,0.05344576804697039,0.009193796000437996,0.09009649927001057,0.9914,0.009198160367926415,12,2,5000,20260722,0.11957608478304341,,0.0643871225754849,
excluding_2020_03_through_2020_05,leave_one_out_housing_activity__vs__student_t_7_combined,leave_one_out_housing_activity,student_t_7_combined,housing_activity,leave_one_out,True,strict_pre_final_score_day,score_center_negative_log_predictive_density,lower,180,-0.0020732841698928492,0.0,-0.0061588710614060875,0.0010303551284023083,0.8626,-0.0020732841698928492,-0.0061588710614060875,0.0010303551284023083,0.1374,0.28514297140571887,12,2,5000,20260722,1.0,,0.8554289142171566,
excluding_2020_03_through_2020_05,leave_one_out_inflation_expectations__vs__student_t_7_combined,leave_one_out_inflation_expectations,student_t_7_combined,inflation_expectations,leave_one_out,True,strict_pre_final_score_day,score_center_negative_log_predictive_density,lower,180,8.234295342306957e-06,0.0,0.0,2.470288602692087e-05,0.0,8.234295342306957e-06,0.0,2.470288602692087e-05,0.6882,0.4979004199160168,12,2,5000,20260722,1.0,,0.9958008398320336,
excluding_2020_03_through_2020_05,leave_one_out_inflation_input_costs__vs__student_t_7_combined,leave_one_out_inflation_input_costs,student_t_7_combined,inflation_input_costs,leave_one_out,True,strict_pre_final_score_day,score_center_negative_log_predictive_density,lower,180,-0.001506206507364353,0.0,-0.0034009323632034597,0.000307312613918008,0.9452,-0.001506206507364353,-0.0034009323632034597,0.000307312613918008,0.0536,0.11657668466306739,12,2,5000,20260722,1.0,,0.5828834233153369,
excluding_2020_03_through_2020_05,leave_one_out_monthly_labor_demand__vs__student_t_7_combined,leave_one_out_monthly_labor_demand,student_t_7_combined,monthly_labor_demand,leave_one_out,True,strict_pre_final_score_day,score_center_negative_log_predictive_density,lower,180,0.001055918097024837,0.0,5.8280117157640554e-05,0.002100187640820637,0.0168,0.001055918097024837,5.8280117157640554e-05,0.002100187640820637,0.9832,0.041391721655668866,12,2,5000,20260722,0.49670065986802636,,0.24835032993401318,
excluding_2020_03_through_2020_05,leave_one_out_weekly_labor_stress__vs__student_t_7_combined,leave_one_out_weekly_labor_stress,student_t_7_combined,weekly_labor_stress,leave_one_out,True,strict_pre_final_score_day,score_center_negative_log_predictive_density,lower,180,-0.0006442777041956171,0.0,-0.004542797078924661,0.002170376328412642,0.6152,-0.0006442777041956171,-0.004542797078924661,0.002170376328412642,0.3848,0.7008598280343932,12,2,5000,20260722,1.0,,0.9958008398320336,
excluding_2020_03_through_2020_05,leave_out_inflation_pressure_pair__vs__student_t_7_combined,leave_out_inflation_pressure_pair,student_t_7_combined,inflation_pressure_pair,leave_one_out,False,strict_pre_final_score_day,score_center_negative_log_predictive_density,lower,180,-0.0014986196775770547,0.0,-0.0033160878952866383,0.00032279160273923895,0.946,-0.0014986196775770547,-0.0033160878952866383,0.00032279160273923895,0.0526,0.11137772445510898,12,2,5000,20260722,,,,0.22275544891021795
full_sample,add_inflation_pressure_pair__vs__partial_only,add_inflation_pressure_pair,partial_only,inflation_pressure_pair,add_one,False,after_employment_situation,hard_quadrant_correct,higher,183,0.0,0.0,0.0,0.0,0.0,0.0,0.0,0.0,0.0,1.0,12,1,5000,20260722,,,,1.0
full_sample,add_one_business_investment__vs__partial_only,add_one_business_investment,partial_only,business_investment,add_one,True,after_employment_situation,hard_quadrant_correct,higher,183,0.0,0.0,0.0,0.0,0.0,0.0,0.0,0.0,0.0,1.0,12,1,5000,20260722,1.0,1.0,,
full_sample,add_one_consumer_demand__vs__partial_only,add_one_consumer_demand,partial_only,consumer_demand,add_one,True,after_employment_situation,hard_quadrant_correct,higher,183,0.0,0.0,0.0,0.0,0.0,0.0,0.0,0.0,0.0,1.0,12,1,5000,20260722,1.0,1.0,,
full_sample,add_one_housing_activity__vs__partial_only,add_one_housing_activity,partial_only,housing_activity,add_one,True,after_employment_situation,hard_quadrant_correct,higher,183,0.0,0.0,0.0,0.0,0.0,0.0,0.0,0.0,0.0,1.0,12,1,5000,20260722,1.0,1.0,,
full_sample,add_one_inflation_expectations__vs__partial_only,add_one_inflation_expectations,partial_only,inflation_expectations,add_one,True,after_employment_situation,hard_quadrant_correct,higher,183,0.0,0.0,0.0,0.0,0.0,0.0,0.0,0.0,0.0,1.0,12,1,5000,20260722,1.0,1.0,,
full_sample,add_one_inflation_input_costs__vs__partial_only,add_one_inflation_input_costs,partial_only,inflation_input_costs,add_one,True,after_employment_situation,hard_quadrant_correct,higher,183,0.0,0.0,0.0,0.0,0.0,0.0,0.0,0.0,0.0,1.0,12,1,5000,20260722,1.0,1.0,,
full_sample,add_one_monthly_labor_demand__vs__partial_only,add_one_monthly_labor_demand,partial_only,monthly_labor_demand,add_one,True,after_employment_situation,hard_quadrant_correct,higher,183,0.0,0.0,0.0,0.0,0.0,0.0,0.0,0.0,0.0,1.0,12,1,5000,20260722,1.0,1.0,,
full_sample,add_one_weekly_labor_stress__vs__partial_only,add_one_weekly_labor_stress,partial_only,weekly_labor_stress,add_one,True,after_employment_situation,hard_quadrant_correct,higher,183,0.01092896174863388,0.0,-0.01092896174863388,0.03825136612021858,0.7032,0.01092896174863388,-0.01092896174863388,0.03825136612021858,0.7032,0.4465106978604279,12,1,5000,20260722,1.0,1.0,,
full_sample,leave_one_out_business_investment__vs__student_t_7_combined,leave_one_out_business_investment,student_t_7_combined,business_investment,leave_one_out,True,after_employment_situation,hard_quadrant_correct,higher,183,0.0,0.0,0.0,0.0,0.0,-0.0,-0.0,0.0,0.0,1.0,12,1,5000,20260722,1.0,,1.0,
full_sample,leave_one_out_consumer_demand__vs__student_t_7_combined,leave_one_out_consumer_demand,student_t_7_combined,consumer_demand,leave_one_out,True,after_employment_situation,hard_quadrant_correct,higher,183,0.00546448087431694,0.0,0.0,0.01639344262295082,0.6508,-0.00546448087431694,-0.01639344262295082,0.0,0.0,0.43951209758048393,12,1,5000,20260722,1.0,,1.0,
full_sample,leave_one_out_housing_activity__vs__student_t_7_combined,leave_one_out_housing_activity,student_t_7_combined,housing_activity,leave_one_out,True,after_employment_situation,hard_quadrant_correct,higher,183,0.0,0.0,0.0,0.0,0.0,-0.0,-0.0,0.0,0.0,1.0,12,1,5000,20260722,1.0,,1.0,
full_sample,leave_one_out_inflation_expectations__vs__student_t_7_combined,leave_one_out_inflation_expectations,student_t_7_combined,inflation_expectations,leave_one_out,True,after_employment_situation,hard_quadrant_correct,higher,183,0.0,0.0,0.0,0.0,0.0,-0.0,-0.0,0.0,0.0,1.0,12,1,5000,20260722,1.0,,1.0,
full_sample,leave_one_out_inflation_input_costs__vs__student_t_7_combined,leave_one_out_inflation_input_costs,student_t_7_combined,inflation_input_costs,leave_one_out,True,after_employment_situation,hard_quadrant_correct,higher,183,0.00546448087431694,0.0,0.0,0.01639344262295082,0.649,-0.00546448087431694,-0.01639344262295082,0.0,0.0,0.4479104179164167,12,1,5000,20260722,1.0,,1.0,
full_sample,leave_one_out_monthly_labor_demand__vs__student_t_7_combined,leave_one_out_monthly_labor_demand,student_t_7_combined,monthly_labor_demand,leave_one_out,True,after_employment_situation,hard_quadrant_correct,higher,183,0.0,0.0,0.0,0.0,0.0,-0.0,-0.0,0.0,0.0,1.0,12,1,5000,20260722,1.0,,1.0,
full_sample,leave_one_out_weekly_labor_stress__vs__student_t_7_combined,leave_one_out_weekly_labor_stress,student_t_7_combined,weekly_labor_stress,leave_one_out,True,after_employment_situation,hard_quadrant_correct,higher,183,-0.00546448087431694,0.0,-0.0273224043715847,0.01092896174863388,0.2092,0.00546448087431694,-0.01092896174863388,0.0273224043715847,0.5896,0.6274745050989802,12,1,5000,20260722,1.0,,1.0,
full_sample,leave_out_inflation_pressure_pair__vs__student_t_7_combined,leave_out_inflation_pressure_pair,student_t_7_combined,inflation_pressure_pair,leave_one_out,False,after_employment_situation,hard_quadrant_correct,higher,183,0.00546448087431694,0.0,0.0,0.01639344262295082,0.6362,-0.00546448087431694,-0.01639344262295082,0.0,0.0,0.45550889822035595,12,1,5000,20260722,,,,0.9110177964407119
full_sample,add_inflation_pressure_pair__vs__partial_only,add_inflation_pressure_pair,partial_only,inflation_pressure_pair,add_one,False,after_employment_situation,quadrant_brier_distance_to_exact_score_map,lower,183,2.665034751578895e-05,0.0,-1.9959324076383374e-08,7.997100187144303e-05,0.1146,-2.665034751578895e-05,-7.997100187144303e-05,1.9959324076383374e-08,0.1146,0.2643471305738852,12,1,5000,20260722,,,,0.5286942611477704
full_sample,add_one_business_investment__vs__partial_only,add_one_business_investment,partial_only,business_investment,add_one,True,after_employment_situation,quadrant_brier_distance_to_exact_score_map,lower,183,-4.654161860719894e-06,0.0,-1.3962485582160796e-05,1.5925922731466026e-18,0.8258,4.654161860719894e-06,-1.5925922731466032e-18,1.3962485582160796e-05,0.8258,0.34033193361327735,12,1,5000,20260722,1.0,1.0,,
full_sample,add_one_consumer_demand__vs__partial_only,add_one_consumer_demand,partial_only,consumer_demand,add_one,True,after_employment_situation,quadrant_brier_distance_to_exact_score_map,lower,183,-2.752516572105554e-05,0.0,-8.048583406394681e-05,9.500507656034056e-07,0.9444,2.752516572105554e-05,-9.500507656034074e-07,8.048583406394677e-05,0.9444,0.16776644671065788,12,1,5000,20260722,1.0,1.0,,
full_sample,add_one_housing_activity__vs__partial_only,add_one_housing_activity,partial_only,housing_activity,add_one,True,after_employment_situation,quadrant_brier_distance_to_exact_score_map,lower,183,1.2053324692047612e-06,0.0,-2.7699424505421587e-07,3.7430761439549362e-06,0.2532,-1.2053324692047612e-06,-3.7430761439549362e-06,2.7699424505421587e-07,0.2532,0.45810837832433515,12,1,5000,20260722,1.0,1.0,,
full_sample,add_one_inflation_expectations__vs__partial_only,add_one_inflation_expectations,partial_only,inflation_expectations,add_one,True,after_employment_situation,quadrant_brier_distance_to_exact_score_map,lower,183,-1.9959324076586877e-08,0.0,-5.987797222976063e-08,0.0,0.6328,1.9959324076586877e-08,-0.0,5.987797222976063e-08,0.6328,0.4413117376524695,12,1,5000,20260722,1.0,1.0,,
full_sample,add_one_inflation_input_costs__vs__partial_only,add_one_inflation_input_costs,partial_only,inflation_input_costs,add_one,True,after_employment_situation,quadrant_brier_distance_to_exact_score_map,lower,183,2.6670306839865535e-05,0.0,-3.896610758708827e-19,8.001092051959603e-05,0.0786,-2.6670306839865535e-05,-8.001092051959603e-05,3.8966107587088147e-19,0.0786,0.2019596080783843,12,1,5000,20260722,1.0,1.0,,
full_sample,add_one_monthly_labor_demand__vs__partial_only,add_one_monthly_labor_demand,partial_only,monthly_labor_demand,add_one,True,after_employment_situation,quadrant_brier_distance_to_exact_score_map,lower,183,7.136604676779095e-06,0.0,-2.6966348834848736e-06,2.351313589452517e-05,0.2912,-7.136604676779095e-06,-2.351313589452517e-05,2.6966348834848736e-06,0.2912,0.5016996600679864,12,1,5000,20260722,1.0,1.0,,
full_sample,add_one_weekly_labor_stress__vs__partial_only,add_one_weekly_labor_stress,partial_only,weekly_labor_stress,add_one,True,after_employment_situation,quadrant_brier_distance_to_exact_score_map,lower,183,-6.70451225266753e-06,0.0,-0.00020962721145915736,0.00014663710182381714,0.4802,6.70451225266753e-06,-0.0001466371018238172,0.00020962721145915733,0.4802,0.943011397720456,12,1,5000,20260722,1.0,1.0,,
full_sample,leave_one_out_business_investment__vs__student_t_7_combined,leave_one_out_business_investment,student_t_7_combined,business_investment,leave_one_out,True,after_employment_situation,quadrant_brier_distance_to_exact_score_map,lower,183,1.9355711877845947e-06,0.0,-7.777939491111452e-09,5.8166568760060855e-06,0.293,1.9355711877845947e-06,-7.777939491111452e-09,5.8166568760060855e-06,0.707,0.5156968606278745,12,1,5000,20260722,1.0,,1.0,
full_sample,leave_one_out_consumer_demand__vs__student_t_7_combined,leave_one_out_consumer_demand,student_t_7_combined,consumer_demand,leave_one_out,True,after_employment_situation,quadrant_brier_distance_to_exact_score_map,lower,183,2.7682194181126792e-05,0.0,-9.4845597690018e-07,8.106372642172521e-05,0.0568,2.7682194181126792e-05,-9.4845597690018e-07,8.106372642172521e-05,0.9432,0.16476704659068186,12,1,5000,20260722,1.0,,1.0,
full_sample,leave_one_out_housing_activity__vs__student_t_7_combined,leave_one_out_housing_activity,student_t_7_combined,housing_activity,leave_one_out,True,after_employment_situation,quadrant_brier_distance_to_exact_score_map,lower,183,-5.961645896020107e-07,0.0,-1.9201934861539497e-06,2.6442064414030575e-07,0.7336,-5.961645896020107e-07,-1.9201934861539497e-06,2.6442064414030575e-07,0.2664,0.47070585882823435,12,1,5000,20260722,1.0,,1.0,
full_sample,leave_one_out_inflation_expectations__vs__student_t_7_combined,leave_one_out_inflation_expectations,student_t_7_combined,inflation_expectations,leave_one_out,True,after_employment_situation,quadrant_brier_distance_to_exact_score_map,lower,183,1.8494985575001184e-07,0.0,0.0,5.548495672500355e-07,0.0,1.8494985575001184e-07,0.0,5.548495672500355e-07,0.6414,0.4647070585882823,12,1,5000,20260722,1.0,,1.0,
full_sample,leave_one_out_inflation_input_costs__vs__student_t_7_combined,leave_one_out_inflation_input_costs,student_t_7_combined,inflation_input_costs,leave_one_out,True,after_employment_situation,quadrant_brier_distance_to_exact_score_map,lower,183,-2.4630795021890673e-05,0.0,-7.392800342733597e-05,2.6129449768848742e-08,0.7044,-2.4630795021890673e-05,-7.392800342733597e-05,2.6129449768848742e-08,0.2862,0.4911017796440712,12,1,5000,20260722,1.0,,1.0,
full_sample,leave_one_out_monthly_labor_demand__vs__student_t_7_combined,leave_one_out_monthly_labor_demand,student_t_7_combined,monthly_labor_demand,leave_one_out,True,after_employment_situation,quadrant_brier_distance_to_exact_score_map,lower,183,-6.73325744702796e-06,0.0,-2.06739907093763e-05,8.635541978393276e-10,0.8778,-6.73325744702796e-06,-2.06739907093763e-05,8.635541978393276e-10,0.1222,0.2693461307738452,12,1,5000,20260722,1.0,,1.0,
full_sample,leave_one_out_weekly_labor_stress__vs__student_t_7_combined,leave_one_out_weekly_labor_stress,student_t_7_combined,weekly_labor_stress,leave_one_out,True,after_employment_situation,quadrant_brier_distance_to_exact_score_map,lower,183,7.021055951787405e-06,0.0,-0.0001479919012308056,0.00021520555384361783,0.5168,7.021055951787405e-06,-0.0001479919012308056,0.00021520555384361783,0.4832,0.937612477504499,12,1,5000,20260722,1.0,,1.0,
full_sample,leave_out_inflation_pressure_pair__vs__student_t_7_combined,leave_out_inflation_pressure_pair,student_t_7_combined,inflation_pressure_pair,leave_one_out,False,after_employment_situation,quadrant_brier_distance_to_exact_score_map,lower,183,-2.4445864597783468e-05,0.0,-7.355719759989212e-05,1.9444376656257246e-07,0.7084,-2.4445864597783468e-05,-7.355719759989212e-05,1.9444376656257246e-07,0.2824,0.48890221955608876,12,1,5000,20260722,,,,0.5286942611477704
full_sample,add_inflation_pressure_pair__vs__partial_only,add_inflation_pressure_pair,partial_only,inflation_pressure_pair,add_one,False,after_employment_situation,quadrant_cross_entropy_to_exact_score_map,lower,183,5.65377114694648e-05,0.0,-4.608570427281665e-08,0.00016965922011266844,0.0832,-5.65377114694648e-05,-0.00016965922011266844,4.608570427281665e-08,0.0832,0.22315536892621476,12,1,5000,20260722,,,,0.44631073785242953
full_sample,add_one_business_investment__vs__partial_only,add_one_business_investment,partial_only,business_investment,add_one,True,after_employment_situation,quadrant_cross_entropy_to_exact_score_map,lower,183,-9.472610611622332e-06,0.0,-2.8417831834904915e-05,2.5480528434019987e-17,0.677,9.472610611622332e-06,-2.5480528434019987e-17,2.8417831834904915e-05,0.677,0.5556888622275545,12,1,5000,20260722,1.0,1.0,,
full_sample,add_one_consumer_demand__vs__partial_only,add_one_consumer_demand,partial_only,consumer_demand,add_one,True,after_employment_situation,quadrant_cross_entropy_to_exact_score_map,lower,183,-5.5164939207023707e-05,0.0,-0.0001647477046829593,3.077566662438756e-06,0.92,5.5164939207023707e-05,-3.077566662438756e-06,0.00016474770468295928,0.92,0.20615876824635074,12,1,5000,20260722,1.0,1.0,,
full_sample,add_one_housing_activity__vs__partial_only,add_one_housing_activity,partial_only,housing_activity,add_one,True,after_employment_situation,quadrant_cross_entropy_to_exact_score_map,lower,183,2.268961667478667e-06,0.0,-7.926902797610131e-07,7.599575282193373e-06,0.238,-2.268961667478667e-06,-7.599575282193373e-06,7.926902797610131e-07,0.238,0.4427114577084583,12,1,5000,20260722,1.0,1.0,,
full_sample,add_one_inflation_expectations__vs__partial_only,add_one_inflation_expectations,partial_only,inflation_expectations,add_one,True,after_employment_situation,quadrant_cross_entropy_to_exact_score_map,lower,183,-4.608570427524337e-08,0.0,-1.382571128257301e-07,0.0,0.6506,4.608570427524337e-08,-0.0,1.382571128257301e-07,0.6506,0.6040791841631674,12,1,5000,20260722,1.0,1.0,,
full_sample,add_one_inflation_input_costs__vs__partial_only,add_one_inflation_input_costs,partial_only,inflation_input_costs,add_one,True,after_employment_situation,quadrant_cross_entropy_to_exact_score_map,lower,183,5.658379717374004e-05,0.0,-2.426716993716189e-18,0.00016975139152122378,0.0454,-5.658379717374004e-05,-0.00016975139152122378,2.426716993716189e-18,0.0454,0.16816636672665466,12,1,5000,20260722,1.0,1.0,,
full_sample,add_one_monthly_labor_demand__vs__partial_only,add_one_monthly_labor_demand,partial_only,monthly_labor_demand,add_one,True,after_employment_situation,quadrant_cross_entropy_to_exact_score_map,lower,183,1.4284866843769309e-05,0.0,-5.641462635858044e-06,4.849606316716294e-05,0.0988,-1.4284866843769309e-05,-4.849606316716294e-05,5.641462635858044e-06,0.0988,0.28114377124575085,12,1,5000,20260722,1.0,1.0,,
full_sample,add_one_weekly_labor_stress__vs__partial_only,add_one_weekly_labor_stress,partial_only,weekly_labor_stress,add_one,True,after_employment_situation,quadrant_cross_entropy_to_exact_score_map,lower,183,-0.00012045996696783357,0.0,-0.0005644568868177025,0.00019872041983113952,0.7104,0.00012045996696783357,-0.00019872041983113955,0.0005644568868177022,0.7104,0.5318936212757448,12,1,5000,20260722,1.0,1.0,,
full_sample,leave_one_out_business_investment__vs__student_t_7_combined,leave_one_out_business_investment,student_t_7_combined,business_investment,leave_one_out,True,after_employment_situation,quadrant_cross_entropy_to_exact_score_map,lower,183,3.9283525732902724e-06,0.0,-2.251308816862051e-08,1.180955333771125e-05,0.257,3.9283525732902724e-06,-2.251308816862051e-08,1.180955333771125e-05,0.743,0.46770645870825833,12,1,5000,20260722,1.0,,1.0,
full_sample,leave_one_out_consumer_demand__vs__student_t_7_combined,leave_one_out_consumer_demand,student_t_7_combined,consumer_demand,leave_one_out,True,after_employment_situation,quadrant_cross_entropy_to_exact_score_map,lower,183,5.557222584580511e-05,0.0,-3.7847692884437188e-06,0.00016592995377292573,0.0982,5.557222584580511e-05,-3.7847692884437188e-06,0.00016592995377292573,0.9018,0.22115576884623075,12,1,5000,20260722,1.0,,1.0,
full_sample,leave_one_out_housing_activity__vs__student_t_7_combined,leave_one_out_housing_activity,student_t_7_combined,housing_activity,leave_one_out,True,after_employment_situation,quadrant_cross_entropy_to_exact_score_map,lower,183,-1.0471823300589873e-06,0.0,-3.912881098392042e-06,7.972352277908259e-07,0.7576,-1.0471823300589873e-06,-3.912881098392042e-06,7.972352277908259e-07,0.2424,0.46290741851629674,12,1,5000,20260722,1.0,,1.0,
full_sample,leave_one_out_inflation_expectations__vs__student_t_7_combined,leave_one_out_inflation_expectations,student_t_7_combined,inflation_expectations,leave_one_out,True,after_employment_situation,quadrant_cross_entropy_to_exact_score_map,lower,183,3.410531652417281e-07,0.0,0.0,1.0231594957251842e-06,0.0,3.410531652417281e-07,0.0,1.0231594957251842e-06,0.6372,0.4393121375724855,12,1,5000,20260722,1.0,,1.0,
full_sample,leave_one_out_inflation_input_costs__vs__student_t_7_combined,leave_one_out_inflation_input_costs,student_t_7_combined,inflation_input_costs,leave_one_out,True,after_employment_situation,quadrant_cross_entropy_to_exact_score_map,lower,183,-5.1762576813217534e-05,0.0,-0.00015534818320839822,4.771721674896783e-08,0.7058,-5.1762576813217534e-05,-0.00015534818320839822,4.771721674896783e-08,0.2844,0.48470305938812236,12,1,5000,20260722,1.0,,1.0,
full_sample,leave_one_out_monthly_labor_demand__vs__student_t_7_combined,leave_one_out_monthly_labor_demand,student_t_7_combined,monthly_labor_demand,leave_one_out,True,after_employment_situation,quadrant_cross_entropy_to_exact_score_map,lower,183,-1.395056892593275e-05,0.0,-4.2657511918927755e-05,1.4640440430107876e-09,0.8818,-1.395056892593275e-05,-4.2657511918927755e-05,1.4640440430107876e-09,0.118,0.2625474905018996,12,1,5000,20260722,1.0,,1.0,
full_sample,leave_one_out_weekly_labor_stress__vs__student_t_7_combined,leave_one_out_weekly_labor_stress,student_t_7_combined,weekly_labor_stress,leave_one_out,True,after_employment_situation,quadrant_cross_entropy_to_exact_score_map,lower,183,0.0001216402358499649,0.0,-0.0002018716710212358,0.0005207647379765513,0.2838,0.0001216402358499649,-0.0002018716710212358,0.0005207647379765513,0.7162,0.5164967006598681,12,1,5000,20260722,1.0,,1.0,
full_sample,leave_out_inflation_pressure_pair__vs__student_t_7_combined,leave_out_inflation_pressure_pair,student_t_7_combined,inflation_pressure_pair,leave_one_out,False,after_employment_situation,quadrant_cross_entropy_to_exact_score_map,lower,183,-5.1421561171603e-05,0.0,-0.00015465496636401444,3.5972835431877065e-07,0.6946,-5.1421561171603e-05,-0.00015465496636401444,3.5972835431877065e-07,0.2934,0.4977004599080184,12,1,5000,20260722,,,,0.4977004599080184
full_sample,add_inflation_pressure_pair__vs__partial_only,add_inflation_pressure_pair,partial_only,inflation_pressure_pair,add_one,False,after_employment_situation,score_center_negative_log_predictive_density,lower,183,0.000183946516749308,0.0,0.0,0.0005518395502479154,0.0238,-0.000183946516749308,-0.0005518395502479154,0.0,0.0238,0.14237152569486103,12,1,5000,20260722,,,,0.28474305138972206
full_sample,add_one_business_investment__vs__partial_only,add_one_business_investment,partial_only,business_investment,add_one,True,after_employment_situation,score_center_negative_log_predictive_density,lower,183,-2.4463659810711147e-05,0.0,-7.339097943185792e-05,1.6791744072925198e-16,0.9044,2.4463659810711147e-05,-1.6791744072925218e-16,7.339097943185792e-05,0.9044,0.21275744851029793,12,1,5000,20260722,1.0,0.9630073985202958,,
full_sample,add_one_consumer_demand__vs__partial_only,add_one_consumer_demand,partial_only,consumer_demand,add_one,True,after_employment_situation,score_center_negative_log_predictive_density,lower,183,-0.00016761279753970713,0.0,-0.0004649560899079678,5.7578415141005316e-06,0.9582,0.00016761279753970713,-5.7578415141005316e-06,0.00046495608990796745,0.9582,0.15056988602279545,12,1,5000,20260722,1.0,0.9630073985202958,,
full_sample,add_one_housing_activity__vs__partial_only,add_one_housing_activity,partial_only,housing_activity,add_one,True,after_employment_situation,score_center_negative_log_predictive_density,lower,183,5.501274159024156e-06,0.0,-2.1708333970209932e-06,1.8441387446043668e-05,0.2228,-5.501274159024156e-06,-1.8441387446043668e-05,2.1708333970209932e-06,0.2228,0.4261147770445911,12,1,5000,20260722,1.0,1.0,,
full_sample,add_one_inflation_expectations__vs__partial_only,add_one_inflation_expectations,partial_only,inflation_expectations,add_one,True,after_employment_situation,score_center_negative_log_predictive_density,lower,183,3.125333843259652e-06,0.0,0.0,9.376001529778955e-06,0.0,-3.125333843259652e-06,-9.376001529778955e-06,0.0,0.0,0.4479104179164167,12,1,5000,20260722,1.0,1.0,,
full_sample,add_one_inflation_input_costs__vs__partial_only,add_one_inflation_input_costs,partial_only,inflation_input_costs,add_one,True,after_employment_situation,score_center_negative_log_predictive_density,lower,183,0.00018082118290605077,0.0,-1.2133584968580946e-18,0.0005424635487181474,0.0332,-0.00018082118290605077,-0.0005424635487181474,1.2133584968580946e-18,0.0332,0.15236952609478105,12,1,5000,20260722,1.0,0.9630073985202958,,
full_sample,add_one_monthly_labor_demand__vs__partial_only,add_one_monthly_labor_demand,partial_only,monthly_labor_demand,add_one,True,after_employment_situation,score_center_negative_log_predictive_density,lower,183,2.4980783651972284e-05,0.0,-1.8167443413913687e-05,9.310979436983267e-05,0.2512,-2.4980783651972284e-05,-9.310979436983267e-05,1.8167443413913687e-05,0.2512,0.4523095380923815,12,1,5000,20260722,1.0,1.0,,
full_sample,add_one_weekly_labor_stress__vs__partial_only,add_one_weekly_labor_stress,partial_only,weekly_labor_stress,add_one,True,after_employment_situation,score_center_negative_log_predictive_density,lower,183,-0.05208131548668054,0.0,-0.16479139081653996,0.012061572133531854,0.9686,0.05208131548668054,-0.012061572133531857,0.16479139081653993,0.9686,0.1375724855028994,12,1,5000,20260722,1.0,0.9630073985202958,,
full_sample,leave_one_out_business_investment__vs__student_t_7_combined,leave_one_out_business_investment,student_t_7_combined,business_investment,leave_one_out,True,after_employment_situation,score_center_negative_log_predictive_density,lower,183,1.0206802613243784e-05,0.0,-5.871314454207472e-08,3.0674941903586205e-05,0.238,1.0206802613243784e-05,-5.871314454207472e-08,3.0674941903586205e-05,0.762,0.4331133773245351,12,1,5000,20260722,1.0,,1.0,
full_sample,leave_one_out_consumer_demand__vs__student_t_7_combined,leave_one_out_consumer_demand,student_t_7_combined,consumer_demand,leave_one_out,True,after_employment_situation,score_center_negative_log_predictive_density,lower,183,0.0001667948330209182,0.0,-7.0174940030256665e-06,0.00046607213968901924,0.045,0.0001667948330209182,-7.0174940030256665e-06,0.00046607213968901924,0.955,0.15576884623075385,12,1,5000,20260722,1.0,,0.9346130773845231,
full_sample,leave_one_out_housing_activity__vs__student_t_7_combined,leave_one_out_housing_activity,student_t_7_combined,housing_activity,leave_one_out,True,after_employment_situation,score_center_negative_log_predictive_density,lower,183,1.9406250128282887e-06,0.0,-8.263650851219597e-06,1.3697483489664191e-05,0.3758,1.9406250128282887e-06,-8.263650851219597e-06,1.3697483489664191e-05,0.6242,0.7246550689862028,12,1,5000,20260722,1.0,,1.0,
full_sample,leave_one_out_inflation_expectations__vs__student_t_7_combined,leave_one_out_inflation_expectations,student_t_7_combined,inflation_expectations,leave_one_out,True,after_employment_situation,score_center_negative_log_predictive_density,lower,183,-2.424915346338455e-06,0.0,-7.274746039015365e-06,0.0,0.6608,-2.424915346338455e-06,-7.274746039015365e-06,0.0,0.0,0.27434513097380525,12,1,5000,20260722,1.0,,1.0,
full_sample,leave_one_out_inflation_input_costs__vs__student_t_7_combined,leave_one_out_inflation_input_costs,student_t_7_combined,inflation_input_costs,leave_one_out,True,after_employment_situation,score_center_negative_log_predictive_density,lower,183,-0.00016471279409613408,0.0,-0.0004942900991996896,1.1189401224665299e-07,0.7132,-0.00016471279409613408,-0.0004942900991996896,1.1189401224665299e-07,0.2774,0.4993001399720056,12,1,5000,20260722,1.0,,1.0,
full_sample,leave_one_out_monthly_labor_demand__vs__student_t_7_combined,leave_one_out_monthly_labor_demand,student_t_7_combined,monthly_labor_demand,leave_one_out,True,after_employment_situation,score_center_negative_log_predictive_density,lower,183,-3.161320052790167e-05,0.0,-9.483940450929583e-05,1.6147283648008899e-09,0.876,-3.161320052790167e-05,-9.483940450929583e-05,1.6147283648008899e-09,0.124,0.2575484903019396,12,1,5000,20260722,1.0,,1.0,
full_sample,leave_one_out_weekly_labor_stress__vs__student_t_7_combined,leave_one_out_weekly_labor_stress,student_t_7_combined,weekly_labor_stress,leave_one_out,True,after_employment_situation,score_center_negative_log_predictive_density,lower,183,0.052092113757528716,0.0,-0.011605032585552228,0.16490450530830997,0.028,0.052092113757528716,-0.011605032585552228,0.16490450530830997,0.972,0.13097380523895222,12,1,5000,20260722,1.0,,0.9168166366726656,
full_sample,leave_out_inflation_pressure_pair__vs__student_t_7_combined,leave_out_inflation_pressure_pair,student_t_7_combined,inflation_pressure_pair,leave_one_out,False,after_employment_situation,score_center_negative_log_predictive_density,lower,183,-0.000167137801201521,0.0,-0.0005015614536816604,1.0946693235251673e-07,0.7502,-0.000167137801201521,-0.0005015614536816604,1.0946693235251673e-07,0.2392,0.4227154569086183,12,1,5000,20260722,,,,0.4227154569086183
full_sample,add_inflation_pressure_pair__vs__partial_only,add_inflation_pressure_pair,partial_only,inflation_pressure_pair,add_one,False,after_midmonth_defining_releases,hard_quadrant_correct,higher,183,0.0,0.0,0.0,0.0,0.0,0.0,0.0,0.0,0.0,1.0,12,1,5000,20260722,,,,1.0
full_sample,add_one_business_investment__vs__partial_only,add_one_business_investment,partial_only,business_investment,add_one,True,after_midmonth_defining_releases,hard_quadrant_correct,higher,183,-0.00546448087431694,0.0,-0.01639344262295082,0.0,0.0,-0.00546448087431694,-0.01639344262295082,0.0,0.0,0.4563087382523495,12,1,5000,20260722,1.0,1.0,,
full_sample,add_one_consumer_demand__vs__partial_only,add_one_consumer_demand,partial_only,consumer_demand,add_one,True,after_midmonth_defining_releases,hard_quadrant_correct,higher,183,-0.03825136612021858,0.0,-0.08196721311475409,-0.00546448087431694,0.0068,-0.03825136612021858,-0.08196721311475409,-0.00546448087431694,0.0068,0.041191761647670466,12,1,5000,20260722,0.5766846630673865,0.28834233153369326,,
full_sample,add_one_housing_activity__vs__partial_only,add_one_housing_activity,partial_only,housing_activity,add_one,True,after_midmonth_defining_releases,hard_quadrant_correct,higher,183,0.0,0.0,-0.01092896174863388,0.01092896174863388,0.322,0.0,-0.01092896174863388,0.01092896174863388,0.322,1.0,12,1,5000,20260722,1.0,1.0,,
full_sample,add_one_inflation_expectations__vs__partial_only,add_one_inflation_expectations,partial_only,inflation_expectations,add_one,True,after_midmonth_defining_releases,hard_quadrant_correct,higher,183,0.0,0.0,0.0,0.0,0.0,0.0,0.0,0.0,0.0,1.0,12,1,5000,20260722,1.0,1.0,,
full_sample,add_one_inflation_input_costs__vs__partial_only,add_one_inflation_input_costs,partial_only,inflation_input_costs,add_one,True,after_midmonth_defining_releases,hard_quadrant_correct,higher,183,0.0,0.0,0.0,0.0,0.0,0.0,0.0,0.0,0.0,1.0,12,1,5000,20260722,1.0,1.0,,
full_sample,add_one_monthly_labor_demand__vs__partial_only,add_one_monthly_labor_demand,partial_only,monthly_labor_demand,add_one,True,after_midmonth_defining_releases,hard_quadrant_correct,higher,183,0.0,0.0,0.0,0.0,0.0,0.0,0.0,0.0,0.0,1.0,12,1,5000,20260722,1.0,1.0,,
full_sample,add_one_weekly_labor_stress__vs__partial_only,add_one_weekly_labor_stress,partial_only,weekly_labor_stress,add_one,True,after_midmonth_defining_releases,hard_quadrant_correct,higher,183,-0.00546448087431694,0.0,-0.02185792349726776,0.00546448087431694,0.0992,-0.00546448087431694,-0.02185792349726776,0.00546448087431694,0.0992,0.5020995800839833,12,1,5000,20260722,1.0,1.0,,
full_sample,leave_one_out_business_investment__vs__student_t_7_combined,leave_one_out_business_investment,student_t_7_combined,business_investment,leave_one_out,True,after_midmonth_defining_releases,hard_quadrant_correct,higher,183,0.00546448087431694,0.0,0.0,0.01639344262295082,0.649,-0.00546448087431694,-0.01639344262295082,0.0,0.0,0.4439112177564487,12,1,5000,20260722,1.0,,1.0,
full_sample,leave_one_out_consumer_demand__vs__student_t_7_combined,leave_one_out_consumer_demand,student_t_7_combined,consumer_demand,leave_one_out,True,after_midmonth_defining_releases,hard_quadrant_correct,higher,183,0.0273224043715847,0.0,-0.00546448087431694,0.06557377049180328,0.9354,-0.0273224043715847,-0.06557377049180328,0.00546448087431694,0.028,0.11257748450309939,12,1,5000,20260722,1.0,,0.7880423915216958,
full_sample,leave_one_out_housing_activity__vs__student_t_7_combined,leave_one_out_housing_activity,student_t_7_combined,housing_activity,leave_one_out,True,after_midmonth_defining_releases,hard_quadrant_correct,higher,183,0.00546448087431694,0.0,0.0,0.01639344262295082,0.6526,-0.00546448087431694,-0.01639344262295082,0.0,0.0,0.4379124175164967,12,1,5000,20260722,1.0,,1.0,
full_sample,leave_one_out_inflation_expectations__vs__student_t_7_combined,leave_one_out_inflation_expectations,student_t_7_combined,inflation_expectations,leave_one_out,True,after_midmonth_defining_releases,hard_quadrant_correct,higher,183,0.0,0.0,0.0,0.0,0.0,-0.0,-0.0,0.0,0.0,1.0,12,1,5000,20260722,1.0,,1.0,
full_sample,leave_one_out_inflation_input_costs__vs__student_t_7_combined,leave_one_out_inflation_input_costs,student_t_7_combined,inflation_input_costs,leave_one_out,True,after_midmonth_defining_releases,hard_quadrant_correct,higher,183,0.0,0.0,-0.01092896174863388,0.01092896174863388,0.2208,-0.0,-0.01092896174863388,0.01092896174863388,0.217,1.0,12,1,5000,20260722,1.0,,1.0,
full_sample,leave_one_out_monthly_labor_demand__vs__student_t_7_combined,leave_one_out_monthly_labor_demand,student_t_7_combined,monthly_labor_demand,leave_one_out,True,after_midmonth_defining_releases,hard_quadrant_correct,higher,183,0.0,0.0,0.0,0.0,0.0,-0.0,-0.0,0.0,0.0,1.0,12,1,5000,20260722,1.0,,1.0,
full_sample,leave_one_out_weekly_labor_stress__vs__student_t_7_combined,leave_one_out_weekly_labor_stress,student_t_7_combined,weekly_labor_stress,leave_one_out,True,after_midmonth_defining_releases,hard_quadrant_correct,higher,183,0.01092896174863388,0.0,0.0,0.0273224043715847,0.8618,-0.01092896174863388,-0.0273224043715847,0.0,0.0,0.1907618476304739,12,1,5000,20260722,1.0,,1.0,
full_sample,leave_out_inflation_pressure_pair__vs__student_t_7_combined,leave_out_inflation_pressure_pair,student_t_7_combined,inflation_pressure_pair,leave_one_out,False,after_midmonth_defining_releases,hard_quadrant_correct,higher,183,0.0,0.0,-0.01092896174863388,0.01092896174863388,0.2188,-0.0,-0.01092896174863388,0.01092896174863388,0.2368,1.0,12,1,5000,20260722,,,,1.0
full_sample,add_inflation_pressure_pair__vs__partial_only,add_inflation_pressure_pair,partial_only,inflation_pressure_pair,add_one,False,after_midmonth_defining_releases,quadrant_brier_distance_to_exact_score_map,lower,183,5.682271250654397e-05,0.0,-2.158203985460472e-05,0.00016134414671700867,0.1002,-5.682271250654397e-05,-0.00016134414671700875,2.158203985460472e-05,0.1002,0.235752849430114,12,1,5000,20260722,,,,0.41391721655668867
full_sample,add_one_business_investment__vs__partial_only,add_one_business_investment,partial_only,business_investment,add_one,True,after_midmonth_defining_releases,quadrant_brier_distance_to_exact_score_map,lower,183,1.757540080466916e-05,0.0,-1.6428302252381895e-06,5.436903263924746e-05,0.3018,-1.757540080466916e-05,-5.436903263924746e-05,1.6428302252381895e-06,0.3018,0.5332933413317337,12,1,5000,20260722,1.0,1.0,,
full_sample,add_one_consumer_demand__vs__partial_only,add_one_consumer_demand,partial_only,consumer_demand,add_one,True,after_midmonth_defining_releases,quadrant_brier_distance_to_exact_score_map,lower,183,-8.977987944777924e-06,-2.99355722005977e-06,-0.0007864967898245415,0.0009187278417655378,0.5324,8.977987944777924e-06,-0.0009187278417655384,0.0007864967898245411,0.5324,0.9838032393521295,12,1,5000,20260722,1.0,1.0,,
full_sample,add_one_housing_activity__vs__partial_only,add_one_housing_activity,partial_only,housing_activity,add_one,True,after_midmonth_defining_releases,quadrant_brier_distance_to_exact_score_map,lower,183,2.9641050257667185e-05,0.0,-2.2752814029683235e-05,8.604762523064848e-05,0.1252,-2.9641050257667185e-05,-8.604762523064849e-05,2.275281402968322e-05,0.1252,0.26714657068586284,12,1,5000,20260722,1.0,1.0,,
full_sample,add_one_inflation_expectations__vs__partial_only,add_one_inflation_expectations,partial_only,inflation_expectations,add_one,True,after_midmonth_defining_releases,quadrant_brier_distance_to_exact_score_map,lower,183,-5.080847660351025e-07,0.0,-1.6123915700686035e-06,8.813727196329602e-08,0.6498,5.080847660351025e-07,-8.813727196329602e-08,1.6123915700686035e-06,0.6498,0.15516896620675866,12,1,5000,20260722,1.0,1.0,,
full_sample,add_one_inflation_input_costs__vs__partial_only,add_one_inflation_input_costs,partial_only,inflation_input_costs,add_one,True,after_midmonth_defining_releases,quadrant_brier_distance_to_exact_score_map,lower,183,5.738524403331358e-05,0.0,-2.2854083261536695e-05,0.00015991082821108178,0.093,-5.738524403331358e-05,-0.00015991082821108183,2.2854083261536532e-05,0.093,0.21895620875824834,12,1,5000,20260722,1.0,1.0,,
full_sample,add_one_monthly_labor_demand__vs__partial_only,add_one_monthly_labor_demand,partial_only,monthly_labor_demand,add_one,True,after_midmonth_defining_releases,quadrant_brier_distance_to_exact_score_map,lower,183,3.9318934393676115e-06,0.0,-7.825735937539753e-07,1.2873422294545678e-05,0.2624,-3.9318934393676115e-06,-1.2873422294545678e-05,7.825735937539248e-07,0.2624,0.4913017396520696,12,1,5000,20260722,1.0,1.0,,
full_sample,add_one_weekly_labor_stress__vs__partial_only,add_one_weekly_labor_stress,partial_only,weekly_labor_stress,add_one,True,after_midmonth_defining_releases,quadrant_brier_distance_to_exact_score_map,lower,183,7.49928605838873e-05,0.0,-2.489548017041763e-05,0.0002184754503790384,0.1026,-7.49928605838873e-05,-0.0002184754503790384,2.489548017041761e-05,0.1026,0.22435512897420515,12,1,5000,20260722,1.0,1.0,,
full_sample,leave_one_out_business_investment__vs__student_t_7_combined,leave_one_out_business_investment,student_t_7_combined,business_investment,leave_one_out,True,after_midmonth_defining_releases,quadrant_brier_distance_to_exact_score_map,lower,183,-1.1536809330895527e-05,0.0,-3.540110332865696e-05,7.903808263873206e-07,0.7952,-1.1536809330895527e-05,-3.540110332865696e-05,7.903808263873206e-07,0.2048,0.3787242551489702,12,1,5000,20260722,1.0,,1.0,
full_sample,leave_one_out_consumer_demand__vs__student_t_7_combined,leave_one_out_consumer_demand,student_t_7_combined,consumer_demand,leave_one_out,True,after_midmonth_defining_releases,quadrant_brier_distance_to_exact_score_map,lower,183,-3.0423314467777385e-06,1.5916019717964608e-05,-0.0010017425411422791,0.0008133023074833151,0.4798,-3.0423314467777385e-06,-0.0010017425411422791,0.0008133023074833151,0.5202,0.9954009198160368,12,1,5000,20260722,1.0,,1.0,
full_sample,leave_one_out_housing_activity__vs__student_t_7_combined,leave_one_out_housing_activity,student_t_7_combined,housing_activity,leave_one_out,True,after_midmonth_defining_releases,quadrant_brier_distance_to_exact_score_map,lower,183,1.2576451584751824e-05,0.0,-4.8753094058601015e-05,9.12520695000424e-05,0.42,1.2576451584751824e-05,-4.8753094058601015e-05,9.12520695000424e-05,0.58,0.7520495900819836,12,1,5000,20260722,1.0,,1.0,
full_sample,leave_one_out_inflation_expectations__vs__student_t_7_combined,leave_one_out_inflation_expectations,student_t_7_combined,inflation_expectations,leave_one_out,True,after_midmonth_defining_releases,quadrant_brier_distance_to_exact_score_map,lower,183,5.62282509080857e-07,0.0,0.0,1.686847527242571e-06,0.0,5.62282509080857e-07,0.0,1.686847527242571e-06,0.68,0.5052989402119576,12,1,5000,20260722,1.0,,1.0,
full_sample,leave_one_out_inflation_input_costs__vs__student_t_7_combined,leave_one_out_inflation_input_costs,student_t_7_combined,inflation_input_costs,leave_one_out,True,after_midmonth_defining_releases,quadrant_brier_distance_to_exact_score_map,lower,183,-5.992348680939302e-05,0.0,-0.00016130697390430253,2.1692325723972217e-05,0.897,-5.992348680939302e-05,-0.00016130697390430253,2.1692325723972217e-05,0.0942,0.21115776844631073,12,1,5000,20260722,1.0,,1.0,
full_sample,leave_one_out_monthly_labor_demand__vs__student_t_7_combined,leave_one_out_monthly_labor_demand,student_t_7_combined,monthly_labor_demand,leave_one_out,True,after_midmonth_defining_releases,quadrant_brier_distance_to_exact_score_map,lower,183,-3.075486170155462e-06,0.0,-1.0296281102009758e-05,1.019139554629454e-06,0.745,-3.075486170155462e-06,-1.0296281102009758e-05,1.019139554629454e-06,0.2542,0.48830233953209357,12,1,5000,20260722,1.0,,1.0,
full_sample,leave_one_out_weekly_labor_stress__vs__student_t_7_combined,leave_one_out_weekly_labor_stress,student_t_7_combined,weekly_labor_stress,leave_one_out,True,after_midmonth_defining_releases,quadrant_brier_distance_to_exact_score_map,lower,183,-0.00010757808804286966,0.0,-0.00025696759423173867,1.3280798225436763e-05,0.9532,-0.00010757808804286966,-0.00025696759423173867,1.3280798225436763e-05,0.0468,0.129374125174965,12,1,5000,20260722,1.0,,0.905618876224755,
full_sample,leave_out_inflation_pressure_pair__vs__student_t_7_combined,leave_out_inflation_pressure_pair,student_t_7_combined,inflation_pressure_pair,leave_one_out,False,after_midmonth_defining_releases,quadrant_brier_distance_to_exact_score_map,lower,183,-5.9418325368689374e-05,0.0,-0.00016112715386603775,2.0970599466260615e-05,0.9048,-5.9418325368689374e-05,-0.00016112715386603775,2.0970599466260615e-05,0.0872,0.20695860827834434,12,1,5000,20260722,,,,0.41391721655668867
full_sample,add_inflation_pressure_pair__vs__partial_only,add_inflation_pressure_pair,partial_only,inflation_pressure_pair,add_one,False,after_midmonth_defining_releases,quadrant_cross_entropy_to_exact_score_map,lower,183,0.00010724518772114544,0.0,-6.044326664124661e-05,0.00031789344634571584,0.1218,-0.00010724518772114544,-0.00031789344634571606,6.044326664124661e-05,0.1218,0.26854629074185166,12,1,5000,20260722,,,,0.4943011397720456
full_sample,add_one_business_investment__vs__partial_only,add_one_business_investment,partial_only,business_investment,add_one,True,after_midmonth_defining_releases,quadrant_cross_entropy_to_exact_score_map,lower,183,3.669440463408867e-05,0.0,-3.3536399524099513e-06,0.0001134368538546796,0.2918,-3.669440463408867e-05,-0.0001134368538546796,3.3536399524099513e-06,0.2918,0.5208958208358329,12,1,5000,20260722,1.0,1.0,,
full_sample,add_one_consumer_demand__vs__partial_only,add_one_consumer_demand,partial_only,consumer_demand,add_one,True,after_midmonth_defining_releases,quadrant_cross_entropy_to_exact_score_map,lower,183,0.00014136546649818208,-2.220446049250313e-16,-0.0014642697467205968,0.0019547882557906277,0.4646,-0.00014136546649818208,-0.001954788255790628,0.0014642697467205958,0.4646,0.8742251549690062,12,1,5000,20260722,1.0,1.0,,
full_sample,add_one_housing_activity__vs__partial_only,add_one_housing_activity,partial_only,housing_activity,add_one,True,after_midmonth_defining_releases,quadrant_cross_entropy_to_exact_score_map,lower,183,8.317721651312361e-05,0.0,1.0133336468491694e-05,0.00017921816279294116,0.0088,-8.317721651312361e-05,-0.00017921816279294116,-1.0133336468491726e-05,0.0088,0.04819036192761448,12,1,5000,20260722,0.6746650669866027,0.33733253349330133,,
full_sample,add_one_inflation_expectations__vs__partial_only,add_one_inflation_expectations,partial_only,inflation_expectations,add_one,True,after_midmonth_defining_releases,quadrant_cross_entropy_to_exact_score_map,lower,183,-1.1203232542832598e-06,0.0,-3.558038219834446e-06,1.9706845698466655e-07,0.6496,1.1203232542832598e-06,-1.9706845698466655e-07,3.558038219834446e-06,0.6496,0.5826834633073386,12,1,5000,20260722,1.0,1.0,,
full_sample,add_one_inflation_input_costs__vs__partial_only,add_one_inflation_input_costs,partial_only,inflation_input_costs,add_one,True,after_midmonth_defining_releases,quadrant_cross_entropy_to_exact_score_map,lower,183,0.00010849430263061513,0.0,-5.962630501500612e-05,0.00032911748130968533,0.1158,-0.00010849430263061513,-0.0003291174813096854,5.962630501500586e-05,0.1158,0.26774645070985803,12,1,5000,20260722,1.0,1.0,,
full_sample,add_one_monthly_labor_demand__vs__partial_only,add_one_monthly_labor_demand,partial_only,monthly_labor_demand,add_one,True,after_midmonth_defining_releases,quadrant_cross_entropy_to_exact_score_map,lower,183,8.020148964320438e-06,0.0,-2.179786186911123e-06,2.624023307987667e-05,0.3,-8.020148964320438e-06,-2.624023307987667e-05,2.179786186911123e-06,0.3,0.5420915816836632,12,1,5000,20260722,1.0,1.0,,
full_sample,add_one_weekly_labor_stress__vs__partial_only,add_one_weekly_labor_stress,partial_only,weekly_labor_stress,add_one,True,after_midmonth_defining_releases,quadrant_cross_entropy_to_exact_score_map,lower,183,8.237997138137066e-05,0.0,-5.46590054851647e-05,0.00025866196555435276,0.145,-8.237997138137066e-05,-0.00025866196555435276,5.465900548516469e-05,0.145,0.2971405718856229,12,1,5000,20260722,1.0,1.0,,
full_sample,leave_one_out_business_investment__vs__student_t_7_combined,leave_one_out_business_investment,student_t_7_combined,business_investment,leave_one_out,True,after_midmonth_defining_releases,quadrant_cross_entropy_to_exact_score_map,lower,183,-2.3443330005451967e-05,0.0,-7.19421654190474e-05,1.611661710055401e-06,0.9492,-2.3443330005451967e-05,-7.19421654190474e-05,1.611661710055401e-06,0.0508,0.1801639672065587,12,1,5000,20260722,1.0,,1.0,
full_sample,leave_one_out_consumer_demand__vs__student_t_7_combined,leave_one_out_consumer_demand,student_t_7_combined,consumer_demand,leave_one_out,True,after_midmonth_defining_releases,quadrant_cross_entropy_to_exact_score_map,lower,183,-0.00013447544549629288,4.649443998805403e-06,-0.002044723530460398,0.0015412387676403514,0.5426,-0.00013447544549629288,-0.002044723530460398,0.0015412387676403514,0.4574,0.8840231953609278,12,1,5000,20260722,1.0,,1.0,
full_sample,leave_one_out_housing_activity__vs__student_t_7_combined,leave_one_out_housing_activity,student_t_7_combined,housing_activity,leave_one_out,True,after_midmonth_defining_releases,quadrant_cross_entropy_to_exact_score_map,lower,183,-3.564904814121574e-05,0.0,-0.0001198959068487009,3.202918687323188e-05,0.8282,-3.564904814121574e-05,-0.0001198959068487009,3.202918687323188e-05,0.1718,0.34653069386122776,12,1,5000,20260722,1.0,,1.0,
full_sample,leave_one_out_inflation_expectations__vs__student_t_7_combined,leave_one_out_inflation_expectations,student_t_7_combined,inflation_expectations,leave_one_out,True,after_midmonth_defining_releases,quadrant_cross_entropy_to_exact_score_map,lower,183,1.2477913423558518e-06,0.0,0.0,3.7433740270675555e-06,0.0,1.2477913423558518e-06,0.0,3.7433740270675555e-06,0.6732,0.40771845630873826,12,1,5000,20260722,1.0,,1.0,
full_sample,leave_one_out_inflation_input_costs__vs__student_t_7_combined,leave_one_out_inflation_input_costs,student_t_7_combined,inflation_input_costs,leave_one_out,True,after_midmonth_defining_releases,quadrant_cross_entropy_to_exact_score_map,lower,183,-0.00010728026164369985,0.0,-0.0003094281143495865,5.1339297820138435e-05,0.8744,-0.00010728026164369985,-0.0003094281143495865,5.1339297820138435e-05,0.1156,0.260747850429914,12,1,5000,20260722,1.0,,1.0,
full_sample,leave_one_out_monthly_labor_demand__vs__student_t_7_combined,leave_one_out_monthly_labor_demand,student_t_7_combined,monthly_labor_demand,leave_one_out,True,after_midmonth_defining_releases,quadrant_cross_entropy_to_exact_score_map,lower,183,-6.280647644428955e-06,0.0,-2.1005981135069202e-05,2.0490527972026355e-06,0.741,-6.280647644428955e-06,-2.1005981135069202e-05,2.0490527972026355e-06,0.259,0.4859028194361128,12,1,5000,20260722,1.0,,1.0,
full_sample,leave_one_out_weekly_labor_stress__vs__student_t_7_combined,leave_one_out_weekly_labor_stress,student_t_7_combined,weekly_labor_stress,leave_one_out,True,after_midmonth_defining_releases,quadrant_cross_entropy_to_exact_score_map,lower,183,-9.819617163258125e-05,0.0,-0.00028928308707342745,6.5813313030027e-05,0.8592,-9.819617163258125e-05,-0.00028928308707342745,6.5813313030027e-05,0.1408,0.28654269146170763,12,1,5000,20260722,1.0,,1.0,
full_sample,leave_out_inflation_pressure_pair__vs__student_t_7_combined,leave_out_inflation_pressure_pair,student_t_7_combined,inflation_pressure_pair,leave_one_out,False,after_midmonth_defining_releases,quadrant_cross_entropy_to_exact_score_map,lower,183,-0.00010616648749361907,0.0,-0.00030930465361059717,5.3940284223113105e-05,0.8762,-0.00010616648749361907,-0.00030930465361059717,5.3940284223113105e-05,0.116,0.2471505698860228,12,1,5000,20260722,,,,0.4943011397720456
full_sample,add_inflation_pressure_pair__vs__partial_only,add_inflation_pressure_pair,partial_only,inflation_pressure_pair,add_one,False,after_midmonth_defining_releases,score_center_negative_log_predictive_density,lower,183,-1.2599015134302334e-05,0.0,-0.0009634254127510937,0.000895401954194158,0.5026,1.2599015134302334e-05,-0.0008954019541941585,0.0009634254127510924,0.5026,0.9778044391121775,12,1,5000,20260722,,,,1.0
full_sample,add_one_business_investment__vs__partial_only,add_one_business_investment,partial_only,business_investment,add_one,True,after_midmonth_defining_releases,score_center_negative_log_predictive_density,lower,183,0.00012057660544911954,0.0,-1.1040963751907563e-05,0.0003727707801029359,0.2942,-0.00012057660544911954,-0.0003727707801029359,1.1040963751907563e-05,0.2942,0.5232953409318136,12,1,5000,20260722,1.0,1.0,,
full_sample,add_one_consumer_demand__vs__partial_only,add_one_consumer_demand,partial_only,consumer_demand,add_one,True,after_midmonth_defining_releases,score_center_negative_log_predictive_density,lower,183,-0.07026974507755496,-0.018550543290373644,-0.11809933682730427,-0.02748291278060789,1.0,0.07026974507755496,0.027482912780607882,0.11809933682730425,1.0,0.002599480103979204,12,1,5000,20260722,0.036392721455708855,0.018196360727854428,,
full_sample,add_one_housing_activity__vs__partial_only,add_one_housing_activity,partial_only,housing_activity,add_one,True,after_midmonth_defining_releases,score_center_negative_log_predictive_density,lower,183,0.0003015741812212684,0.0,-0.00012390216293775054,0.0007598242741403777,0.0846,-0.0003015741812212684,-0.0007598242741403781,0.00012390216293775013,0.0846,0.17556488702259548,12,1,5000,20260722,1.0,1.0,,
full_sample,add_one_inflation_expectations__vs__partial_only,add_one_inflation_expectations,partial_only,inflation_expectations,add_one,True,after_midmonth_defining_releases,score_center_negative_log_predictive_density,lower,183,-7.0882758038639244e-06,0.0,-2.1264827411591775e-05,0.0,0.6794,7.0882758038639244e-06,-0.0,2.1264827411591775e-05,0.6794,0.5462907418516296,12,1,5000,20260722,1.0,1.0,,
full_sample,add_one_inflation_input_costs__vs__partial_only,add_one_inflation_input_costs,partial_only,inflation_input_costs,add_one,True,after_midmonth_defining_releases,score_center_negative_log_predictive_density,lower,183,-4.734712209455513e-06,0.0,-0.0009474393095213657,0.0009244565414716448,0.4936,4.734712209455513e-06,-0.0009244565414716452,0.000947439309521365,0.4936,0.9928014397120576,12,1,5000,20260722,1.0,1.0,,
full_sample,add_one_monthly_labor_demand__vs__partial_only,add_one_monthly_labor_demand,partial_only,monthly_labor_demand,add_one,True,after_midmonth_defining_releases,score_center_negative_log_predictive_density,lower,183,1.940606709552939e-05,0.0,-2.586278956072135e-05,8.40809908473071e-05,0.2766,-1.940606709552939e-05,-8.40809908473071e-05,2.586278956072135e-05,0.2766,0.5132973405318936,12,1,5000,20260722,1.0,1.0,,
full_sample,add_one_weekly_labor_stress__vs__partial_only,add_one_weekly_labor_stress,partial_only,weekly_labor_stress,add_one,True,after_midmonth_defining_releases,score_center_negative_log_predictive_density,lower,183,-0.017378739947145297,0.0,-0.06399089963447002,0.0121886418335186,0.827,0.017378739947145297,-0.012188641833518601,0.06399089963447,0.827,0.3683263347330534,12,1,5000,20260722,1.0,1.0,,
full_sample,leave_one_out_business_investment__vs__student_t_7_combined,leave_one_out_business_investment,student_t_7_combined,business_investment,leave_one_out,True,after_midmonth_defining_releases,score_center_negative_log_predictive_density,lower,183,-0.0001661799381649723,0.0,-0.000498556056268983,5.459482554757833e-06,0.9316,-0.0001661799381649723,-0.000498556056268983,5.459482554757833e-06,0.0682,0.19996000799840033,12,1,5000,20260722,1.0,,1.0,
full_sample,leave_one_out_consumer_demand__vs__student_t_7_combined,leave_one_out_consumer_demand,student_t_7_combined,consumer_demand,leave_one_out,True,after_midmonth_defining_releases,score_center_negative_log_predictive_density,lower,183,0.06917567298844059,0.018635235246228454,0.02539518052587113,0.1152428513333516,0.0002,0.06917567298844059,0.02539518052587113,0.1152428513333516,0.9998,0.0033993201359728054,12,1,5000,20260722,0.044191161767646474,,0.023795240951809637,
full_sample,leave_one_out_housing_activity__vs__student_t_7_combined,leave_one_out_housing_activity,student_t_7_combined,housing_activity,leave_one_out,True,after_midmonth_defining_releases,score_center_negative_log_predictive_density,lower,183,-0.00020012873712785823,0.0,-0.0007656695689198229,0.00040575446153968205,0.753,-0.00020012873712785823,-0.0007656695689198229,0.00040575446153968205,0.247,0.489502099580084,12,1,5000,20260722,1.0,,1.0,
full_sample,leave_one_out_inflation_expectations__vs__student_t_7_combined,leave_one_out_inflation_expectations,student_t_7_combined,inflation_expectations,leave_one_out,True,after_midmonth_defining_releases,score_center_negative_log_predictive_density,lower,183,7.842617012040592e-06,0.0,0.0,2.3527851036121772e-05,0.0,7.842617012040592e-06,0.0,2.3527851036121772e-05,0.6826,0.4331133773245351,12,1,5000,20260722,1.0,,1.0,
full_sample,leave_one_out_inflation_input_costs__vs__student_t_7_combined,leave_one_out_inflation_input_costs,student_t_7_combined,inflation_input_costs,leave_one_out,True,after_midmonth_defining_releases,score_center_negative_log_predictive_density,lower,183,-0.00029596141399372214,0.0,-0.0014309249809619665,0.0007932565635635459,0.6976,-0.00029596141399372214,-0.0014309249809619665,0.0007932565635635459,0.2944,0.5926814637072585,12,1,5000,20260722,1.0,,1.0,
full_sample,leave_one_out_monthly_labor_demand__vs__student_t_7_combined,leave_one_out_monthly_labor_demand,student_t_7_combined,monthly_labor_demand,leave_one_out,True,after_midmonth_defining_releases,score_center_negative_log_predictive_density,lower,183,-1.4545531183304377e-05,0.0,-6.931341980030622e-05,2.5676577553935574e-05,0.7132,-1.4545531183304377e-05,-6.931341980030622e-05,2.5676577553935574e-05,0.2868,0.5140971805638872,12,1,5000,20260722,1.0,,1.0,
full_sample,leave_one_out_weekly_labor_stress__vs__student_t_7_combined,leave_one_out_weekly_labor_stress,student_t_7_combined,weekly_labor_stress,leave_one_out,True,after_midmonth_defining_releases,score_center_negative_log_predictive_density,lower,183,0.016758276120966777,0.0,-0.012576460364919956,0.06267775628435192,0.2346,0.016758276120966777,-0.012576460364919956,0.06267775628435192,0.7654,0.4539092181563687,12,1,5000,20260722,1.0,,1.0,
full_sample,leave_out_inflation_pressure_pair__vs__student_t_7_combined,leave_out_inflation_pressure_pair,student_t_7_combined,inflation_pressure_pair,leave_one_out,False,after_midmonth_defining_releases,score_center_negative_log_predictive_density,lower,183,-0.0002889222216140133,0.0,-0.0014436187678499148,0.0007889785321594878,0.6968,-0.0002889222216140133,-0.0014436187678499148,0.0007889785321594878,0.2932,0.5874825034993001,12,1,5000,20260722,,,,1.0
full_sample,add_inflation_pressure_pair__vs__partial_only,add_inflation_pressure_pair,partial_only,inflation_pressure_pair,add_one,False,before_any_defining_release,hard_quadrant_correct,higher,183,0.0,0.0,0.0,0.0,0.0,0.0,0.0,0.0,0.0,1.0,12,1,5000,20260722,,,,1.0
full_sample,add_one_business_investment__vs__partial_only,add_one_business_investment,partial_only,business_investment,add_one,True,before_any_defining_release,hard_quadrant_correct,higher,183,0.0,0.0,0.0,0.0,0.0,0.0,0.0,0.0,0.0,1.0,12,1,5000,20260722,1.0,1.0,,
full_sample,add_one_consumer_demand__vs__partial_only,add_one_consumer_demand,partial_only,consumer_demand,add_one,True,before_any_defining_release,hard_quadrant_correct,higher,183,0.0,0.0,0.0,0.0,0.0,0.0,0.0,0.0,0.0,1.0,12,1,5000,20260722,1.0,1.0,,
full_sample,add_one_housing_activity__vs__partial_only,add_one_housing_activity,partial_only,housing_activity,add_one,True,before_any_defining_release,hard_quadrant_correct,higher,183,0.0,0.0,0.0,0.0,0.0,0.0,0.0,0.0,0.0,1.0,12,1,5000,20260722,1.0,1.0,,
full_sample,add_one_inflation_expectations__vs__partial_only,add_one_inflation_expectations,partial_only,inflation_expectations,add_one,True,before_any_defining_release,hard_quadrant_correct,higher,183,0.0,0.0,0.0,0.0,0.0,0.0,0.0,0.0,0.0,1.0,12,1,5000,20260722,1.0,1.0,,
full_sample,add_one_inflation_input_costs__vs__partial_only,add_one_inflation_input_costs,partial_only,inflation_input_costs,add_one,True,before_any_defining_release,hard_quadrant_correct,higher,183,0.0,0.0,0.0,0.0,0.0,0.0,0.0,0.0,0.0,1.0,12,1,5000,20260722,1.0,1.0,,
full_sample,add_one_monthly_labor_demand__vs__partial_only,add_one_monthly_labor_demand,partial_only,monthly_labor_demand,add_one,True,before_any_defining_release,hard_quadrant_correct,higher,183,0.0,0.0,0.0,0.0,0.0,0.0,0.0,0.0,0.0,1.0,12,1,5000,20260722,1.0,1.0,,
full_sample,add_one_weekly_labor_stress__vs__partial_only,add_one_weekly_labor_stress,partial_only,weekly_labor_stress,add_one,True,before_any_defining_release,hard_quadrant_correct,higher,183,0.01092896174863388,0.0,-0.01639344262295082,0.03825136612021858,0.7328,0.01092896174863388,-0.01639344262295082,0.03825136612021858,0.7328,0.41391721655668867,12,1,5000,20260722,1.0,1.0,,
full_sample,leave_one_out_business_investment__vs__student_t_7_combined,leave_one_out_business_investment,student_t_7_combined,business_investment,leave_one_out,True,before_any_defining_release,hard_quadrant_correct,higher,183,0.0,0.0,0.0,0.0,0.0,-0.0,-0.0,0.0,0.0,1.0,12,1,5000,20260722,1.0,,1.0,
full_sample,leave_one_out_consumer_demand__vs__student_t_7_combined,leave_one_out_consumer_demand,student_t_7_combined,consumer_demand,leave_one_out,True,before_any_defining_release,hard_quadrant_correct,higher,183,0.0,0.0,0.0,0.0,0.0,-0.0,-0.0,0.0,0.0,1.0,12,1,5000,20260722,1.0,,1.0,
full_sample,leave_one_out_housing_activity__vs__student_t_7_combined,leave_one_out_housing_activity,student_t_7_combined,housing_activity,leave_one_out,True,before_any_defining_release,hard_quadrant_correct,higher,183,0.0,0.0,0.0,0.0,0.0,-0.0,-0.0,0.0,0.0,1.0,12,1,5000,20260722,1.0,,1.0,
full_sample,leave_one_out_inflation_expectations__vs__student_t_7_combined,leave_one_out_inflation_expectations,student_t_7_combined,inflation_expectations,leave_one_out,True,before_any_defining_release,hard_quadrant_correct,higher,183,0.0,0.0,0.0,0.0,0.0,-0.0,-0.0,0.0,0.0,1.0,12,1,5000,20260722,1.0,,1.0,
full_sample,leave_one_out_inflation_input_costs__vs__student_t_7_combined,leave_one_out_inflation_input_costs,student_t_7_combined,inflation_input_costs,leave_one_out,True,before_any_defining_release,hard_quadrant_correct,higher,183,0.0,0.0,0.0,0.0,0.0,-0.0,-0.0,0.0,0.0,1.0,12,1,5000,20260722,1.0,,1.0,
full_sample,leave_one_out_monthly_labor_demand__vs__student_t_7_combined,leave_one_out_monthly_labor_demand,student_t_7_combined,monthly_labor_demand,leave_one_out,True,before_any_defining_release,hard_quadrant_correct,higher,183,0.0,0.0,0.0,0.0,0.0,-0.0,-0.0,0.0,0.0,1.0,12,1,5000,20260722,1.0,,1.0,
full_sample,leave_one_out_weekly_labor_stress__vs__student_t_7_combined,leave_one_out_weekly_labor_stress,student_t_7_combined,weekly_labor_stress,leave_one_out,True,before_any_defining_release,hard_quadrant_correct,higher,183,-0.01092896174863388,0.0,-0.03825136612021858,0.01092896174863388,0.148,0.01092896174863388,-0.01092896174863388,0.03825136612021858,0.7302,0.42071585682863427,12,1,5000,20260722,1.0,,1.0,
full_sample,leave_out_inflation_pressure_pair__vs__student_t_7_combined,leave_out_inflation_pressure_pair,student_t_7_combined,inflation_pressure_pair,leave_one_out,False,before_any_defining_release,hard_quadrant_correct,higher,183,0.0,0.0,0.0,0.0,0.0,-0.0,-0.0,0.0,0.0,1.0,12,1,5000,20260722,,,,1.0
full_sample,add_inflation_pressure_pair__vs__partial_only,add_inflation_pressure_pair,partial_only,inflation_pressure_pair,add_one,False,before_any_defining_release,quadrant_brier_distance_to_exact_score_map,lower,183,2.697546110292399e-05,0.0,-1.275092850067378e-18,8.092638330877375e-05,0.1874,-2.697546110292399e-05,-8.092638330877375e-05,1.2750928500673769e-18,0.1874,0.357128574285143,12,1,5000,20260722,,,,0.714257148570286
full_sample,add_one_business_investment__vs__partial_only,add_one_business_investment,partial_only,business_investment,add_one,True,before_any_defining_release,quadrant_brier_distance_to_exact_score_map,lower,183,-4.512144524335591e-06,0.0,-1.3536433573004138e-05,3.7917453026815454e-19,0.96,4.512144524335591e-06,-3.7917453026815454e-19,1.3536433573004138e-05,0.96,0.14297140571885622,12,1,5000,20260722,1.0,1.0,,
full_sample,add_one_consumer_demand__vs__partial_only,add_one_consumer_demand,partial_only,consumer_demand,add_one,True,before_any_defining_release,quadrant_brier_distance_to_exact_score_map,lower,183,-3.0441065690289205e-05,0.0,-8.33120083053129e-05,9.359210254635291e-06,0.9196,3.0441065690289205e-05,-9.359210254635332e-06,8.331200830531288e-05,0.9196,0.1839632073585283,12,1,5000,20260722,1.0,1.0,,
full_sample,add_one_housing_activity__vs__partial_only,add_one_housing_activity,partial_only,housing_activity,add_one,True,before_any_defining_release,quadrant_brier_distance_to_exact_score_map,lower,183,7.989875372970355e-07,0.0,-4.0537312046886924e-18,2.0438111777872367e-06,0.0902,-7.989875372970355e-07,-2.0438111777872367e-06,4.053731204688679e-18,0.0902,0.1863627274545091,12,1,5000,20260722,1.0,1.0,,
full_sample,add_one_inflation_expectations__vs__partial_only,add_one_inflation_expectations,partial_only,inflation_expectations,add_one,True,before_any_defining_release,quadrant_brier_distance_to_exact_score_map,lower,183,1.3010000829168818e-08,0.0,0.0,3.903000248750645e-08,0.0,-1.3010000829168818e-08,-3.903000248750645e-08,0.0,0.0,0.4439112177564487,12,1,5000,20260722,1.0,1.0,,
full_sample,add_one_inflation_input_costs__vs__partial_only,add_one_inflation_input_costs,partial_only,inflation_input_costs,add_one,True,before_any_defining_release,quadrant_brier_distance_to_exact_score_map,lower,183,2.6962451102094894e-05,0.0,-1.3655022771281895e-18,8.088735330628643e-05,0.2302,-2.6962451102094894e-05,-8.088735330628643e-05,1.3655022771281847e-18,0.2302,0.41571685662867425,12,1,5000,20260722,1.0,1.0,,
full_sample,add_one_monthly_labor_demand__vs__partial_only,add_one_monthly_labor_demand,partial_only,monthly_labor_demand,add_one,True,before_any_defining_release,quadrant_brier_distance_to_exact_score_map,lower,183,7.129433325631701e-06,0.0,-2.2690302021562592e-06,2.3657330179052357e-05,0.287,-7.129433325631701e-06,-2.3657330179052357e-05,2.2690302021562592e-06,0.287,0.5072985402919417,12,1,5000,20260722,1.0,1.0,,
full_sample,add_one_weekly_labor_stress__vs__partial_only,add_one_weekly_labor_stress,partial_only,weekly_labor_stress,add_one,True,before_any_defining_release,quadrant_brier_distance_to_exact_score_map,lower,183,6.852935705573427e-05,0.0,-0.001350244895451622,0.001216402586489578,0.4146,-6.852935705573427e-05,-0.001216402586489578,0.0013502448954516215,0.4146,0.9148170365926814,12,1,5000,20260722,1.0,1.0,,
full_sample,leave_one_out_business_investment__vs__student_t_7_combined,leave_one_out_business_investment,student_t_7_combined,business_investment,leave_one_out,True,before_any_defining_release,quadrant_brier_distance_to_exact_score_map,lower,183,1.903614057426478e-06,0.0,-2.6218965518471428e-08,5.734908635334395e-06,0.2338,1.903614057426478e-06,-2.6218965518471428e-08,5.734908635334395e-06,0.7662,0.4289142171565687,12,1,5000,20260722,1.0,,1.0,
full_sample,leave_one_out_consumer_demand__vs__student_t_7_combined,leave_one_out_consumer_demand,student_t_7_combined,consumer_demand,leave_one_out,True,before_any_defining_release,quadrant_brier_distance_to_exact_score_map,lower,183,3.26976943986188e-05,0.0,-7.739065310924229e-06,8.812211212422922e-05,0.0826,3.26976943986188e-05,-7.739065310924229e-06,8.812211212422922e-05,0.9174,0.1899620075984803,12,1,5000,20260722,1.0,,1.0,
full_sample,leave_one_out_housing_activity__vs__student_t_7_combined,leave_one_out_housing_activity,student_t_7_combined,housing_activity,leave_one_out,True,before_any_defining_release,quadrant_brier_distance_to_exact_score_map,lower,183,-6.692455716944118e-07,0.0,-1.7816153559681107e-06,6.480825647969777e-08,0.8946,-6.692455716944118e-07,-1.7816153559681107e-06,6.480825647969777e-08,0.1054,0.20435912817436513,12,1,5000,20260722,1.0,,1.0,
full_sample,leave_one_out_inflation_expectations__vs__student_t_7_combined,leave_one_out_inflation_expectations,student_t_7_combined,inflation_expectations,leave_one_out,True,before_any_defining_release,quadrant_brier_distance_to_exact_score_map,lower,183,1.3989730686117028e-06,0.0,0.0,4.196919205835109e-06,0.0,1.3989730686117028e-06,0.0,4.196919205835109e-06,0.6402,0.25154969006198763,12,1,5000,20260722,1.0,,1.0,
full_sample,leave_one_out_inflation_input_costs__vs__student_t_7_combined,leave_one_out_inflation_input_costs,student_t_7_combined,inflation_input_costs,leave_one_out,True,before_any_defining_release,quadrant_brier_distance_to_exact_score_map,lower,183,-2.6317532671588305e-05,0.0,-7.900487161397466e-05,5.56447362046977e-08,0.7764,-2.6317532671588305e-05,-7.900487161397466e-05,5.56447362046977e-08,0.2134,0.40211957608478305,12,1,5000,20260722,1.0,,1.0,
full_sample,leave_one_out_monthly_labor_demand__vs__student_t_7_combined,leave_one_out_monthly_labor_demand,student_t_7_combined,monthly_labor_demand,leave_one_out,True,before_any_defining_release,quadrant_brier_distance_to_exact_score_map,lower,183,-8.261996735865166e-06,0.0,-2.4787872782142438e-05,1.888901041440324e-09,0.803,-8.261996735865166e-06,-2.4787872782142438e-05,1.888901041440324e-09,0.197,0.3769246150769846,12,1,5000,20260722,1.0,,1.0,
full_sample,leave_one_out_weekly_labor_stress__vs__student_t_7_combined,leave_one_out_weekly_labor_stress,student_t_7_combined,weekly_labor_stress,leave_one_out,True,before_any_defining_release,quadrant_brier_distance_to_exact_score_map,lower,183,-6.68278274913613e-05,0.0,-0.0011825949048791852,0.0013861900823411303,0.5708,-6.68278274913613e-05,-0.0011825949048791852,0.0013861900823411303,0.4292,0.9302139572085583,12,1,5000,20260722,1.0,,1.0,
full_sample,leave_out_inflation_pressure_pair__vs__student_t_7_combined,leave_out_inflation_pressure_pair,student_t_7_combined,inflation_pressure_pair,leave_one_out,False,before_any_defining_release,quadrant_brier_distance_to_exact_score_map,lower,183,-2.491869923719139e-05,0.0,-7.912874019167177e-05,1.4034712966762532e-06,0.7676,-2.491869923719139e-05,-7.912874019167177e-05,1.4034712966762532e-06,0.2236,0.4013197360527894,12,1,5000,20260722,,,,0.714257148570286
full_sample,add_inflation_pressure_pair__vs__partial_only,add_inflation_pressure_pair,partial_only,inflation_pressure_pair,add_one,False,before_any_defining_release,quadrant_cross_entropy_to_exact_score_map,lower,183,6.298057466222762e-05,0.0,-2.7879488801716096e-07,0.00018922051887470731,0.2468,-6.298057466222762e-05,-0.00018922051887470731,2.7879488801716096e-07,0.2468,0.4813037392521496,12,1,5000,20260722,,,,0.874625074985003
full_sample,add_one_business_investment__vs__partial_only,add_one_business_investment,partial_only,business_investment,add_one,True,before_any_defining_release,quadrant_cross_entropy_to_exact_score_map,lower,183,-9.904786401477195e-06,0.0,-2.9714359204424303e-05,-1.2133584968580946e-18,0.9816,9.904786401477195e-06,1.2133584968580946e-18,2.9714359204424303e-05,0.9816,0.1231753649270146,12,1,5000,20260722,1.0,0.8622275544891022,,
full_sample,add_one_consumer_demand__vs__partial_only,add_one_consumer_demand,partial_only,consumer_demand,add_one,True,before_any_defining_release,quadrant_cross_entropy_to_exact_score_map,lower,183,-6.480420191291198e-05,0.0,-0.0001669318733112386,1.6434200924137383e-05,0.9248,6.480420191291198e-05,-1.6434200924137383e-05,0.00016693187331123856,0.9248,0.16636672665466906,12,1,5000,20260722,1.0,0.9058188362327534,,
full_sample,add_one_housing_activity__vs__partial_only,add_one_housing_activity,partial_only,housing_activity,add_one,True,before_any_defining_release,quadrant_cross_entropy_to_exact_score_map,lower,183,1.6603621901417407e-06,0.0,-5.4601132358614255e-18,4.100173911236252e-06,0.0566,-1.6603621901417407e-06,-4.100173911236252e-06,5.4601132358614255e-18,0.0566,0.15096980603879223,12,1,5000,20260722,1.0,0.9058188362327534,,
full_sample,add_one_inflation_expectations__vs__partial_only,add_one_inflation_expectations,partial_only,inflation_expectations,add_one,True,before_any_defining_release,quadrant_cross_entropy_to_exact_score_map,lower,183,-2.787948880135209e-07,0.0,-8.363846640405626e-07,0.0,0.6556,2.787948880135209e-07,-0.0,8.363846640405626e-07,0.6556,0.6068786242751449,12,1,5000,20260722,1.0,1.0,,
full_sample,add_one_inflation_input_costs__vs__partial_only,add_one_inflation_input_costs,partial_only,inflation_input_costs,add_one,True,before_any_defining_release,quadrant_cross_entropy_to_exact_score_map,lower,183,6.325936955024235e-05,0.0,-9.706867974864757e-18,0.00018977810865074038,0.2356,-6.325936955024235e-05,-0.00018977810865074038,9.706867974864757e-18,0.2356,0.4767046590681864,12,1,5000,20260722,1.0,1.0,,
full_sample,add_one_monthly_labor_demand__vs__partial_only,add_one_monthly_labor_demand,partial_only,monthly_labor_demand,add_one,True,before_any_defining_release,quadrant_cross_entropy_to_exact_score_map,lower,183,1.3926839745894728e-05,0.0,-6.956641649584718e-06,4.523423000719693e-05,0.315,-1.3926839745894728e-05,-4.523423000719693e-05,6.956641649584718e-06,0.315,0.5572885422915417,12,1,5000,20260722,1.0,1.0,,
full_sample,add_one_weekly_labor_stress__vs__partial_only,add_one_weekly_labor_stress,partial_only,weekly_labor_stress,add_one,True,before_any_defining_release,quadrant_cross_entropy_to_exact_score_map,lower,183,-0.0010180337529339734,0.0,-0.004895609112268973,0.0014247113798853646,0.6684,0.0010180337529339734,-0.0014247113798853649,0.004895609112268972,0.6684,0.5880823835232953,12,1,5000,20260722,1.0,1.0,,
full_sample,leave_one_out_business_investment__vs__student_t_7_combined,leave_one_out_business_investment,student_t_7_combined,business_investment,leave_one_out,True,before_any_defining_release,quadrant_cross_entropy_to_exact_score_map,lower,183,4.095771896340969e-06,0.0,-7.100257339589845e-08,1.234769024385682e-05,0.1992,4.095771896340969e-06,-7.100257339589845e-08,1.234769024385682e-05,0.8008,0.3847230553889222,12,1,5000,20260722,1.0,,1.0,
full_sample,leave_one_out_consumer_demand__vs__student_t_7_combined,leave_one_out_consumer_demand,student_t_7_combined,consumer_demand,leave_one_out,True,before_any_defining_release,quadrant_cross_entropy_to_exact_score_map,lower,183,6.903998893128258e-05,0.0,-1.5555011382898587e-05,0.0001906100199284587,0.0732,6.903998893128258e-05,-1.5555011382898587e-05,0.0001906100199284587,0.9268,0.1819636072785443,12,1,5000,20260722,1.0,,1.0,
full_sample,leave_one_out_housing_activity__vs__student_t_7_combined,leave_one_out_housing_activity,student_t_7_combined,housing_activity,leave_one_out,True,before_any_defining_release,quadrant_cross_entropy_to_exact_score_map,lower,183,-1.3443645877964701e-06,0.0,-3.486336103518432e-06,9.626690465694298e-08,0.926,-1.3443645877964701e-06,-3.486336103518432e-06,9.626690465694298e-08,0.074,0.16216756648670266,12,1,5000,20260722,1.0,,1.0,
full_sample,leave_one_out_inflation_expectations__vs__student_t_7_combined,leave_one_out_inflation_expectations,student_t_7_combined,inflation_expectations,leave_one_out,True,before_any_defining_release,quadrant_cross_entropy_to_exact_score_map,lower,183,2.6267709772372303e-06,0.0,0.0,7.88031293171169e-06,0.0,2.6267709772372303e-06,0.0,7.88031293171169e-06,0.6492,0.22815436912617476,12,1,5000,20260722,1.0,,1.0,
full_sample,leave_one_out_inflation_input_costs__vs__student_t_7_combined,leave_one_out_inflation_input_costs,student_t_7_combined,inflation_input_costs,leave_one_out,True,before_any_defining_release,quadrant_cross_entropy_to_exact_score_map,lower,183,-5.678085964539226e-05,0.0,-0.00017044458941352947,9.837138286400334e-08,0.7612,-5.678085964539226e-05,-0.00017044458941352947,9.837138286400334e-08,0.2296,0.4195160967806439,12,1,5000,20260722,1.0,,1.0,
full_sample,leave_one_out_monthly_labor_demand__vs__student_t_7_combined,leave_one_out_monthly_labor_demand,student_t_7_combined,monthly_labor_demand,leave_one_out,True,before_any_defining_release,quadrant_cross_entropy_to_exact_score_map,lower,183,-1.7731398948341458e-05,0.0,-5.319759559024822e-05,2.2897382059015737e-09,0.8262,-1.7731398948341458e-05,-5.319759559024822e-05,2.2897382059015737e-09,0.1734,0.3333333333333333,12,1,5000,20260722,1.0,,1.0,
full_sample,leave_one_out_weekly_labor_stress__vs__student_t_7_combined,leave_one_out_weekly_labor_stress,student_t_7_combined,weekly_labor_stress,leave_one_out,True,before_any_defining_release,quadrant_cross_entropy_to_exact_score_map,lower,183,0.0010250237358046652,0.0,-0.001371949612670879,0.004838172201521435,0.3122,0.0010250237358046652,-0.001371949612670879,0.004838172201521435,0.6878,0.5666866626674665,12,1,5000,20260722,1.0,,1.0,
full_sample,leave_out_inflation_pressure_pair__vs__student_t_7_combined,leave_out_inflation_pressure_pair,student_t_7_combined,inflation_pressure_pair,leave_one_out,False,before_any_defining_release,quadrant_cross_entropy_to_exact_score_map,lower,183,-5.415437092704161e-05,0.0,-0.00016517048076075103,2.6466914898437854e-06,0.7482,-5.415437092704161e-05,-0.00016517048076075103,2.6466914898437854e-06,0.243,0.4373125374925015,12,1,5000,20260722,,,,0.874625074985003
full_sample,add_inflation_pressure_pair__vs__partial_only,add_inflation_pressure_pair,partial_only,inflation_pressure_pair,add_one,False,before_any_defining_release,score_center_negative_log_predictive_density,lower,183,0.00019350045730632038,0.0,-2.426716993716189e-18,0.0005805013719189611,0.0524,-0.00019350045730632038,-0.0005805013719189611,2.426716993716189e-18,0.0524,0.24315136972605478,12,1,5000,20260722,,,,0.48630273945210956
full_sample,add_one_business_investment__vs__partial_only,add_one_business_investment,partial_only,business_investment,add_one,True,before_any_defining_release,score_center_negative_log_predictive_density,lower,183,-2.4016441899338422e-05,0.0,-7.204932568812648e-05,1.1103746944372617e-16,0.9106,2.4016441899338422e-05,-1.1103746944372631e-16,7.204932568812648e-05,0.9106,0.20455908818236354,12,1,5000,20260722,1.0,0.9768046390721856,,
full_sample,add_one_consumer_demand__vs__partial_only,add_one_consumer_demand,partial_only,consumer_demand,add_one,True,before_any_defining_release,score_center_negative_log_predictive_density,lower,183,-0.0001869530144217507,0.0,-0.0004672811959524242,1.3746020796087454e-05,0.9574,0.0001869530144217507,-1.3746020796087454e-05,0.000467281195952424,0.9574,0.1235752849430114,12,1,5000,20260722,1.0,0.8650269946010798,,
full_sample,add_one_housing_activity__vs__partial_only,add_one_housing_activity,partial_only,housing_activity,add_one,True,before_any_defining_release,score_center_negative_log_predictive_density,lower,183,3.889093179087183e-06,0.0,-1.5907433233433833e-15,9.36965951927209e-06,0.0938,-3.889093179087183e-06,-9.36965951927209e-06,1.590743323343383e-15,0.0938,0.19536092781443712,12,1,5000,20260722,1.0,0.9768046390721856,,
full_sample,add_one_inflation_expectations__vs__partial_only,add_one_inflation_expectations,partial_only,inflation_expectations,add_one,True,before_any_defining_release,score_center_negative_log_predictive_density,lower,183,3.2290339800311534e-06,0.0,0.0,9.68710194009346e-06,0.0,-3.2290339800311534e-06,-9.68710194009346e-06,0.0,0.0,0.26374725054989,12,1,5000,20260722,1.0,0.9768046390721856,,
full_sample,add_one_inflation_input_costs__vs__partial_only,add_one_inflation_input_costs,partial_only,inflation_input_costs,add_one,True,before_any_defining_release,score_center_negative_log_predictive_density,lower,183,0.00019027142332629166,0.0,-4.853433987432378e-18,0.0005708142699788774,0.0786,-0.00019027142332629166,-0.0005708142699788774,4.853433987432378e-18,0.0786,0.28594281143771244,12,1,5000,20260722,1.0,0.9768046390721856,,
full_sample,add_one_monthly_labor_demand__vs__partial_only,add_one_monthly_labor_demand,partial_only,monthly_labor_demand,add_one,True,before_any_defining_release,score_center_negative_log_predictive_density,lower,183,2.2331830793804025e-05,0.0,-1.846763407060158e-05,8.546312645200547e-05,0.131,-2.2331830793804025e-05,-8.546312645200547e-05,1.846763407060158e-05,0.131,0.2959408118376325,12,1,5000,20260722,1.0,0.9768046390721856,,
full_sample,add_one_weekly_labor_stress__vs__partial_only,add_one_weekly_labor_stress,partial_only,weekly_labor_stress,add_one,True,before_any_defining_release,score_center_negative_log_predictive_density,lower,183,-0.06578560070548639,0.0,-0.21100601250491252,0.03232024374222478,0.9688,0.06578560070548639,-0.032320243742224794,0.21100601250491244,0.9688,0.133373325334933,12,1,5000,20260722,1.0,0.8650269946010798,,
full_sample,leave_one_out_business_investment__vs__student_t_7_combined,leave_one_out_business_investment,student_t_7_combined,business_investment,leave_one_out,True,before_any_defining_release,score_center_negative_log_predictive_density,lower,183,9.988066838231608e-06,0.0,-6.488682070114715e-08,3.000606588372481e-05,0.1406,9.988066838231608e-06,-6.488682070114715e-08,3.000606588372481e-05,0.8594,0.3057388522295541,12,1,5000,20260722,1.0,,1.0,
full_sample,leave_one_out_consumer_demand__vs__student_t_7_combined,leave_one_out_consumer_demand,student_t_7_combined,consumer_demand,leave_one_out,True,before_any_defining_release,score_center_negative_log_predictive_density,lower,183,0.0001949022505554724,0.0,-1.0626268205528827e-05,0.0004960196917808272,0.0364,0.0001949022505554724,-1.0626268205528827e-05,0.0004960196917808272,0.9636,0.1221755648870226,12,1,5000,20260722,1.0,,0.8552289542091581,
full_sample,leave_one_out_housing_activity__vs__student_t_7_combined,leave_one_out_housing_activity,student_t_7_combined,housing_activity,leave_one_out,True,before_any_defining_release,score_center_negative_log_predictive_density,lower,183,4.620443093101785e-06,0.0,-6.1954132965737e-06,2.2466913101658416e-05,0.3472,4.620443093101785e-06,-6.1954132965737e-06,2.2466913101658416e-05,0.6528,0.6010797840431914,12,1,5000,20260722,1.0,,1.0,
full_sample,leave_one_out_inflation_expectations__vs__student_t_7_combined,leave_one_out_inflation_expectations,student_t_7_combined,inflation_expectations,leave_one_out,True,before_any_defining_release,score_center_negative_log_predictive_density,lower,183,5.914609848883903e-07,0.0,0.0,1.7743829546651709e-06,0.0,5.914609848883903e-07,0.0,1.7743829546651709e-06,0.6396,0.5934813037392521,12,1,5000,20260722,1.0,,1.0,
full_sample,leave_one_out_inflation_input_costs__vs__student_t_7_combined,leave_one_out_inflation_input_costs,student_t_7_combined,inflation_input_costs,leave_one_out,True,before_any_defining_release,score_center_negative_log_predictive_density,lower,183,-0.00017015970064412835,0.0,-0.0005106717922699989,1.732771470090792e-07,0.7572,-0.00017015970064412835,-0.0005106717922699989,1.732771470090792e-07,0.2342,0.43171365726854627,12,1,5000,20260722,1.0,,1.0,
full_sample,leave_one_out_monthly_labor_demand__vs__student_t_7_combined,leave_one_out_monthly_labor_demand,student_t_7_combined,monthly_labor_demand,leave_one_out,True,before_any_defining_release,score_center_negative_log_predictive_density,lower,183,-3.62052367940132e-05,0.0,-0.00010861934410689528,3.985159911115229e-09,0.8608,-3.62052367940132e-05,-0.00010861934410689528,3.985159911115229e-09,0.139,0.27754449110177964,12,1,5000,20260722,1.0,,1.0,
full_sample,leave_one_out_weekly_labor_stress__vs__student_t_7_combined,leave_one_out_weekly_labor_stress,student_t_7_combined,weekly_labor_stress,leave_one_out,True,before_any_defining_release,score_center_negative_log_predictive_density,lower,183,0.0658130037915948,0.0,-0.03181837418023582,0.2075247296121982,0.0316,0.0658130037915948,-0.03181837418023582,0.2075247296121982,0.9684,0.14257148570285944,12,1,5000,20260722,1.0,,0.8554289142171566,
full_sample,leave_out_inflation_pressure_pair__vs__student_t_7_combined,leave_out_inflation_pressure_pair,student_t_7_combined,inflation_pressure_pair,leave_one_out,False,before_any_defining_release,score_center_negative_log_predictive_density,lower,183,-0.00016956872381828676,0.0,-0.0005095583444039307,6.670864550899349e-07,0.7414,-0.00016956872381828676,-0.0005095583444039307,6.670864550899349e-07,0.2484,0.45450909818036395,12,1,5000,20260722,,,,0.48630273945210956
full_sample,add_inflation_pressure_pair__vs__partial_only,add_inflation_pressure_pair,partial_only,inflation_pressure_pair,add_one,False,strict_pre_final_score_day,hard_quadrant_correct,higher,183,0.0,0.0,0.0,0.0,0.0,0.0,0.0,0.0,0.0,1.0,12,1,5000,20260722,,,,1.0
full_sample,add_one_business_investment__vs__partial_only,add_one_business_investment,partial_only,business_investment,add_one,True,strict_pre_final_score_day,hard_quadrant_correct,higher,183,-0.0546448087431694,0.0,-0.10382513661202186,-0.01092896174863388,0.0,-0.0546448087431694,-0.10382513661202186,-0.01092896174863388,0.0,0.02439512097580484,12,1,5000,20260722,0.34153169366126773,0.17076584683063387,,
full_sample,add_one_consumer_demand__vs__partial_only,add_one_consumer_demand,partial_only,consumer_demand,add_one,True,strict_pre_final_score_day,hard_quadrant_correct,higher,183,-0.0546448087431694,0.0,-0.11475409836065574,-0.00546448087431694,0.0078,-0.0546448087431694,-0.11475409836065574,-0.00546448087431694,0.0078,0.04539092181563687,12,1,5000,20260722,0.5900819836032793,0.27234553089382124,,
full_sample,add_one_housing_activity__vs__partial_only,add_one_housing_activity,partial_only,housing_activity,add_one,True,strict_pre_final_score_day,hard_quadrant_correct,higher,183,-0.01639344262295082,0.0,-0.03825136612021858,0.00546448087431694,0.0374,-0.01639344262295082,-0.03825136612021858,0.00546448087431694,0.0374,0.15556888622275544,12,1,5000,20260722,1.0,0.7778444311137772,,
full_sample,add_one_inflation_expectations__vs__partial_only,add_one_inflation_expectations,partial_only,inflation_expectations,add_one,True,strict_pre_final_score_day,hard_quadrant_correct,higher,183,0.0,0.0,0.0,0.0,0.0,0.0,0.0,0.0,0.0,1.0,12,1,5000,20260722,1.0,1.0,,
full_sample,add_one_inflation_input_costs__vs__partial_only,add_one_inflation_input_costs,partial_only,inflation_input_costs,add_one,True,strict_pre_final_score_day,hard_quadrant_correct,higher,183,0.0,0.0,0.0,0.0,0.0,0.0,0.0,0.0,0.0,1.0,12,1,5000,20260722,1.0,1.0,,
full_sample,add_one_monthly_labor_demand__vs__partial_only,add_one_monthly_labor_demand,partial_only,monthly_labor_demand,add_one,True,strict_pre_final_score_day,hard_quadrant_correct,higher,183,0.0,0.0,0.0,0.0,0.0,0.0,0.0,0.0,0.0,1.0,12,1,5000,20260722,1.0,1.0,,
full_sample,add_one_weekly_labor_stress__vs__partial_only,add_one_weekly_labor_stress,partial_only,weekly_labor_stress,add_one,True,strict_pre_final_score_day,hard_quadrant_correct,higher,183,-0.01092896174863388,0.0,-0.0273224043715847,0.0,0.0,-0.01092896174863388,-0.0273224043715847,0.0,0.0,0.16076784643071385,12,1,5000,20260722,1.0,0.7778444311137772,,
full_sample,leave_one_out_business_investment__vs__student_t_7_combined,leave_one_out_business_investment,student_t_7_combined,business_investment,leave_one_out,True,strict_pre_final_score_day,hard_quadrant_correct,higher,183,0.01092896174863388,0.0,-0.01092896174863388,0.03278688524590164,0.7682,-0.01092896174863388,-0.03278688524590164,0.01092896174863388,0.111,0.34493101379724056,12,1,5000,20260722,1.0,,1.0,
full_sample,leave_one_out_consumer_demand__vs__student_t_7_combined,leave_one_out_consumer_demand,student_t_7_combined,consumer_demand,leave_one_out,True,strict_pre_final_score_day,hard_quadrant_correct,higher,183,0.01092896174863388,0.0,-0.0273224043715847,0.0546448087431694,0.6466,-0.01092896174863388,-0.0546448087431694,0.0273224043715847,0.2576,0.6064787042591482,12,1,5000,20260722,1.0,,1.0,
full_sample,leave_one_out_housing_activity__vs__student_t_7_combined,leave_one_out_housing_activity,student_t_7_combined,housing_activity,leave_one_out,True,strict_pre_final_score_day,hard_quadrant_correct,higher,183,-0.00546448087431694,0.0,-0.02185792349726776,0.01092896174863388,0.118,0.00546448087431694,-0.01092896174863388,0.02185792349726776,0.6326,0.5258948210357929,12,1,5000,20260722,1.0,,1.0,
full_sample,leave_one_out_inflation_expectations__vs__student_t_7_combined,leave_one_out_inflation_expectations,student_t_7_combined,inflation_expectations,leave_one_out,True,strict_pre_final_score_day,hard_quadrant_correct,higher,183,0.0,0.0,0.0,0.0,0.0,-0.0,-0.0,0.0,0.0,1.0,12,1,5000,20260722,1.0,,1.0,
full_sample,leave_one_out_inflation_input_costs__vs__student_t_7_combined,leave_one_out_inflation_input_costs,student_t_7_combined,inflation_input_costs,leave_one_out,True,strict_pre_final_score_day,hard_quadrant_correct,higher,183,0.00546448087431694,0.0,-0.00546448087431694,0.02185792349726776,0.6336,-0.00546448087431694,-0.02185792349726776,0.00546448087431694,0.1054,0.4957008598280344,12,1,5000,20260722,1.0,,1.0,
full_sample,leave_one_out_monthly_labor_demand__vs__student_t_7_combined,leave_one_out_monthly_labor_demand,student_t_7_combined,monthly_labor_demand,leave_one_out,True,strict_pre_final_score_day,hard_quadrant_correct,higher,183,0.0,0.0,0.0,0.0,0.0,-0.0,-0.0,0.0,0.0,1.0,12,1,5000,20260722,1.0,,1.0,
full_sample,leave_one_out_weekly_labor_stress__vs__student_t_7_combined,leave_one_out_weekly_labor_stress,student_t_7_combined,weekly_labor_stress,leave_one_out,True,strict_pre_final_score_day,hard_quadrant_correct,higher,183,0.0,0.0,0.0,0.0,0.0,-0.0,-0.0,0.0,0.0,1.0,12,1,5000,20260722,1.0,,1.0,
full_sample,leave_out_inflation_pressure_pair__vs__student_t_7_combined,leave_out_inflation_pressure_pair,student_t_7_combined,inflation_pressure_pair,leave_one_out,False,strict_pre_final_score_day,hard_quadrant_correct,higher,183,0.00546448087431694,0.0,-0.00546448087431694,0.02185792349726776,0.6342,-0.00546448087431694,-0.02185792349726776,0.00546448087431694,0.0972,0.4881023795240952,12,1,5000,20260722,,,,0.9762047590481904
full_sample,add_inflation_pressure_pair__vs__partial_only,add_inflation_pressure_pair,partial_only,inflation_pressure_pair,add_one,False,strict_pre_final_score_day,quadrant_brier_distance_to_exact_score_map,lower,183,5.417665496570547e-05,0.0,-2.5161402594631632e-05,0.0001610205074386893,0.1138,-5.417665496570547e-05,-0.00016102050743868935,2.516140259463158e-05,0.1138,0.2465506898620276,12,1,5000,20260722,,,,0.2465506898620276
full_sample,add_one_business_investment__vs__partial_only,add_one_business_investment,partial_only,business_investment,add_one,True,strict_pre_final_score_day,quadrant_brier_distance_to_exact_score_map,lower,183,0.0004107746893552905,0.0,0.00012224089320495766,0.0007201622234403652,0.0002,-0.0004107746893552905,-0.0007201622234403654,-0.000122240893204958,0.0002,0.0057988402319536095,12,1,5000,20260722,0.08118376324735053,0.04059188162367527,,
full_sample,add_one_consumer_demand__vs__partial_only,add_one_consumer_demand,partial_only,consumer_demand,add_one,True,strict_pre_final_score_day,quadrant_brier_distance_to_exact_score_map,lower,183,0.0002370973498178096,-4.261834761315822e-05,-0.0007616582397610393,0.0013915881579752707,0.348,-0.0002370973498178096,-0.0013915881579752707,0.0007616582397610392,0.348,0.6714657068586283,12,1,5000,20260722,1.0,0.870625874825035,,
full_sample,add_one_housing_activity__vs__partial_only,add_one_housing_activity,partial_only,housing_activity,add_one,True,strict_pre_final_score_day,quadrant_brier_distance_to_exact_score_map,lower,183,0.00016756181836524278,0.0,-1.505717470678953e-05,0.00035476129910360244,0.0384,-0.00016756181836524278,-0.0003547612991036026,1.5057174706789397e-05,0.0384,0.07638472305538892,12,1,5000,20260722,0.840231953609278,0.45830833833233353,,
full_sample,add_one_inflation_expectations__vs__partial_only,add_one_inflation_expectations,partial_only,inflation_expectations,add_one,True,strict_pre_final_score_day,quadrant_brier_distance_to_exact_score_map,lower,183,-5.080847660351025e-07,0.0,-1.6123915700686035e-06,8.813727196329602e-08,0.6472,5.080847660351025e-07,-8.813727196329602e-08,1.6123915700686035e-06,0.6472,0.15756848630273945,12,1,5000,20260722,1.0,0.6302739452109578,,
full_sample,add_one_inflation_input_costs__vs__partial_only,add_one_inflation_input_costs,partial_only,inflation_input_costs,add_one,True,strict_pre_final_score_day,quadrant_brier_distance_to_exact_score_map,lower,183,5.473918649247509e-05,0.0,-2.4670839232180158e-05,0.00016291550040644037,0.1114,-5.473918649247509e-05,-0.0001629155004064404,2.4670839232180128e-05,0.1114,0.25374925014997,12,1,5000,20260722,1.0,0.76124775044991,,
full_sample,add_one_monthly_labor_demand__vs__partial_only,add_one_monthly_labor_demand,partial_only,monthly_labor_demand,add_one,True,strict_pre_final_score_day,quadrant_brier_distance_to_exact_score_map,lower,183,5.192921599746172e-05,0.0,-6.759161910625758e-05,0.00019762995846497026,0.2236,-5.192921599746172e-05,-0.0001976299584649705,6.759161910625754e-05,0.2236,0.4353129374125175,12,1,5000,20260722,1.0,0.870625874825035,,
full_sample,add_one_weekly_labor_stress__vs__partial_only,add_one_weekly_labor_stress,partial_only,weekly_labor_stress,add_one,True,strict_pre_final_score_day,quadrant_brier_distance_to_exact_score_map,lower,183,6.935804367257085e-05,0.0,-8.71444746735615e-06,0.00016924522677466138,0.045,-6.935804367257085e-05,-0.0001692452267746614,8.714447467356144e-06,0.045,0.11997600479904019,12,1,5000,20260722,1.0,0.5998800239952009,,
full_sample,leave_one_out_business_investment__vs__student_t_7_combined,leave_one_out_business_investment,student_t_7_combined,business_investment,leave_one_out,True,strict_pre_final_score_day,quadrant_brier_distance_to_exact_score_map,lower,183,-0.0004726561591932803,0.0,-0.0008959902780348237,-0.00012474657178675161,0.9992,-0.0004726561591932803,-0.0008959902780348237,-0.00012474657178675161,0.0008,0.017996400719856028,12,1,5000,20260722,0.23395320935812836,,0.1259748050389922,
full_sample,leave_one_out_consumer_demand__vs__student_t_7_combined,leave_one_out_consumer_demand,student_t_7_combined,consumer_demand,leave_one_out,True,strict_pre_final_score_day,quadrant_brier_distance_to_exact_score_map,lower,183,-0.00017729949230437455,5.391067063911098e-05,-0.0017961133258868778,0.0011022013658988513,0.5724,-0.00017729949230437455,-0.0017961133258868778,0.0011022013658988513,0.4276,0.8156368726254749,12,1,5000,20260722,1.0,,1.0,
full_sample,leave_one_out_housing_activity__vs__student_t_7_combined,leave_one_out_housing_activity,student_t_7_combined,housing_activity,leave_one_out,True,strict_pre_final_score_day,quadrant_brier_distance_to_exact_score_map,lower,183,-6.54779514654239e-05,0.0,-0.0002706772037034311,0.00013892123557938396,0.7436,-6.54779514654239e-05,-0.0002706772037034311,0.00013892123557938396,0.2564,0.5036992601479704,12,1,5000,20260722,1.0,,1.0,
full_sample,leave_one_out_inflation_expectations__vs__student_t_7_combined,leave_one_out_inflation_expectations,student_t_7_combined,inflation_expectations,leave_one_out,True,strict_pre_final_score_day,quadrant_brier_distance_to_exact_score_map,lower,183,5.575915927605701e-07,0.0,0.0,1.6727747782817103e-06,0.0,5.575915927605701e-07,0.0,1.6727747782817103e-06,0.6766,0.531493701259748,12,1,5000,20260722,1.0,,1.0,
full_sample,leave_one_out_inflation_input_costs__vs__student_t_7_combined,leave_one_out_inflation_input_costs,student_t_7_combined,inflation_input_costs,leave_one_out,True,strict_pre_final_score_day,quadrant_brier_distance_to_exact_score_map,lower,183,-0.00012313660640633672,0.0,-0.0002800141870277236,3.4875252414999553e-06,0.9654,-0.00012313660640633672,-0.0002800141870277236,3.4875252414999553e-06,0.028,0.08538292341531693,12,1,5000,20260722,0.8538292341531694,,0.4269146170765847,
full_sample,leave_one_out_monthly_labor_demand__vs__student_t_7_combined,leave_one_out_monthly_labor_demand,student_t_7_combined,monthly_labor_demand,leave_one_out,True,strict_pre_final_score_day,quadrant_brier_distance_to_exact_score_map,lower,183,8.523652853289575e-05,0.0,3.7910667328207275e-06,0.0001867756739099519,0.0168,8.523652853289575e-05,3.7910667328207275e-06,0.0001867756739099519,0.9832,0.0651869626074785,12,1,5000,20260722,0.782243551289742,,0.391121775644871,
full_sample,leave_one_out_weekly_labor_stress__vs__student_t_7_combined,leave_one_out_weekly_labor_stress,student_t_7_combined,weekly_labor_stress,leave_one_out,True,strict_pre_final_score_day,quadrant_brier_distance_to_exact_score_map,lower,183,-8.095381470204382e-05,0.0,-0.00022032226215650853,2.8261504705437232e-05,0.9112,-8.095381470204382e-05,-0.00022032226215650853,2.8261504705437232e-05,0.0888,0.19916016796640673,12,1,5000,20260722,1.0,,0.7966406718656269,
full_sample,leave_out_inflation_pressure_pair__vs__student_t_7_combined,leave_out_inflation_pressure_pair,student_t_7_combined,inflation_pressure_pair,leave_one_out,False,strict_pre_final_score_day,quadrant_brier_distance_to_exact_score_map,lower,183,-0.00012261532133770044,0.0,-0.0002841277690812536,5.610218834069996e-06,0.9602,-0.00012261532133770044,-0.0002841277690812536,5.610218834069996e-06,0.031,0.09938012397520496,12,1,5000,20260722,,,,0.19876024795040992
full_sample,add_inflation_pressure_pair__vs__partial_only,add_inflation_pressure_pair,partial_only,inflation_pressure_pair,add_one,False,strict_pre_final_score_day,quadrant_cross_entropy_to_exact_score_map,lower,183,0.00010178833022650891,0.0,-6.57099510846482e-05,0.00031878698135805324,0.1484,-0.00010178833022650891,-0.00031878698135805335,6.57099510846482e-05,0.1484,0.3061387722455509,12,1,5000,20260722,,,,0.3061387722455509
full_sample,add_one_business_investment__vs__partial_only,add_one_business_investment,partial_only,business_investment,add_one,True,strict_pre_final_score_day,quadrant_cross_entropy_to_exact_score_map,lower,183,0.0005838565085862381,0.0,6.863426934427486e-05,0.0011815741476876229,0.0128,-0.0005838565085862381,-0.0011815741476876233,-6.863426934427503e-05,0.0128,0.03959208158368326,12,1,5000,20260722,0.5146970605878824,0.27714457108578283,,
full_sample,add_one_consumer_demand__vs__partial_only,add_one_consumer_demand,partial_only,consumer_demand,add_one,True,strict_pre_final_score_day,quadrant_cross_entropy_to_exact_score_map,lower,183,0.0006271404717532488,-4.797835059577871e-06,-0.001419753660172894,0.0029734385298798263,0.2928,-0.0006271404717532488,-0.002973438529879827,0.001419753660172893,0.2928,0.5712857428514297,12,1,5000,20260722,1.0,1.0,,
full_sample,add_one_housing_activity__vs__partial_only,add_one_housing_activity,partial_only,housing_activity,add_one,True,strict_pre_final_score_day,quadrant_cross_entropy_to_exact_score_map,lower,183,0.00021404804902431685,0.0,-0.00022689407997094737,0.0006007132911895654,0.1542,-0.00021404804902431685,-0.0006007132911895656,0.00022689407997094726,0.1542,0.3023395320935813,12,1,5000,20260722,1.0,1.0,,
full_sample,add_one_inflation_expectations__vs__partial_only,add_one_inflation_expectations,partial_only,inflation_expectations,add_one,True,strict_pre_final_score_day,quadrant_cross_entropy_to_exact_score_map,lower,183,-1.1203232542832598e-06,0.0,-3.558038219834446e-06,1.9706845698466655e-07,0.6444,1.1203232542832598e-06,-1.9706845698466655e-07,3.558038219834446e-06,0.6444,0.5782843431313738,12,1,5000,20260722,1.0,1.0,,
full_sample,add_one_inflation_input_costs__vs__partial_only,add_one_inflation_input_costs,partial_only,inflation_input_costs,add_one,True,strict_pre_final_score_day,quadrant_cross_entropy_to_exact_score_map,lower,183,0.00010303744513597858,0.0,-6.363001338138465e-05,0.0003259306221349662,0.1362,-0.00010303744513597858,-0.0003259306221349662,6.363001338138465e-05,0.1362,0.3015396920615877,12,1,5000,20260722,1.0,1.0,,
full_sample,add_one_monthly_labor_demand__vs__partial_only,add_one_monthly_labor_demand,partial_only,monthly_labor_demand,add_one,True,strict_pre_final_score_day,quadrant_cross_entropy_to_exact_score_map,lower,183,6.541689594161536e-05,0.0,-0.0001317438171524602,0.0002967071701022889,0.2808,-6.541689594161536e-05,-0.000296707170102289,0.00013174381715246015,0.2808,0.5372925414917017,12,1,5000,20260722,1.0,1.0,,
full_sample,add_one_weekly_labor_stress__vs__partial_only,add_one_weekly_labor_stress,partial_only,weekly_labor_stress,add_one,True,strict_pre_final_score_day,quadrant_cross_entropy_to_exact_score_map,lower,183,9.082720791469797e-05,0.0,-2.3618575751629403e-05,0.00021883625195470165,0.0632,-9.082720791469797e-05,-0.0002188362519547018,2.36185757516294e-05,0.0632,0.14237152569486103,12,1,5000,20260722,1.0,0.8542291541691662,,
full_sample,leave_one_out_business_investment__vs__student_t_7_combined,leave_one_out_business_investment,student_t_7_combined,business_investment,leave_one_out,True,strict_pre_final_score_day,quadrant_cross_entropy_to_exact_score_map,lower,183,-0.0009498038225446472,0.0,-0.0017931260303706083,-0.00027065594554532836,0.9998,-0.0009498038225446472,-0.0017931260303706083,-0.00027065594554532836,0.0002,0.013797240551889621,12,1,5000,20260722,0.1931613677264547,,0.09658068386322735,
full_sample,leave_one_out_consumer_demand__vs__student_t_7_combined,leave_one_out_consumer_demand,student_t_7_combined,consumer_demand,leave_one_out,True,strict_pre_final_score_day,quadrant_cross_entropy_to_exact_score_map,lower,183,-0.000806919123230381,0.00013095832613263525,-0.0041275067595505765,0.0019214207136747977,0.6804,-0.000806919123230381,-0.0041275067595505765,0.0019214207136747977,0.3196,0.6052789442111578,12,1,5000,20260722,1.0,,1.0,
full_sample,leave_one_out_housing_activity__vs__student_t_7_combined,leave_one_out_housing_activity,student_t_7_combined,housing_activity,leave_one_out,True,strict_pre_final_score_day,quadrant_cross_entropy_to_exact_score_map,lower,183,-0.0002019728466860566,0.0,-0.0005515744619921735,7.866310803012628e-05,0.9062,-0.0002019728466860566,-0.0005515744619921735,7.866310803012628e-05,0.0938,0.20095980803839233,12,1,5000,20260722,1.0,,0.8038392321535693,
full_sample,leave_one_out_inflation_expectations__vs__student_t_7_combined,leave_one_out_inflation_expectations,student_t_7_combined,inflation_expectations,leave_one_out,True,strict_pre_final_score_day,quadrant_cross_entropy_to_exact_score_map,lower,183,1.1987243794041305e-06,0.0,0.0,3.596173138212392e-06,0.0,1.1987243794041305e-06,0.0,3.596173138212392e-06,0.6816,0.4117176564687063,12,1,5000,20260722,1.0,,1.0,
full_sample,leave_one_out_inflation_input_costs__vs__student_t_7_combined,leave_one_out_inflation_input_costs,student_t_7_combined,inflation_input_costs,leave_one_out,True,strict_pre_final_score_day,quadrant_cross_entropy_to_exact_score_map,lower,183,-0.00023170173667557185,0.0,-0.0005404035444695121,8.96025463077323e-06,0.9628,-0.00023170173667557185,-0.0005404035444695121,8.96025463077323e-06,0.0288,0.09618076384723055,12,1,5000,20260722,1.0,,0.5290941811637673,
full_sample,leave_one_out_monthly_labor_demand__vs__student_t_7_combined,leave_one_out_monthly_labor_demand,student_t_7_combined,monthly_labor_demand,leave_one_out,True,strict_pre_final_score_day,quadrant_cross_entropy_to_exact_score_map,lower,183,0.00013890951655327652,0.0,4.87051913344423e-07,0.00032115269652392415,0.024,0.00013890951655327652,4.87051913344423e-07,0.00032115269652392415,0.976,0.08818236352729454,12,1,5000,20260722,1.0,,0.5290941811637673,
full_sample,leave_one_out_weekly_labor_stress__vs__student_t_7_combined,leave_one_out_weekly_labor_stress,student_t_7_combined,weekly_labor_stress,leave_one_out,True,strict_pre_final_score_day,quadrant_cross_entropy_to_exact_score_map,lower,183,-6.353104253770327e-05,0.0,-0.00023660131050331766,9.332637443458987e-05,0.7732,-6.353104253770327e-05,-0.00023660131050331766,9.332637443458987e-05,0.2268,0.4353129374125175,12,1,5000,20260722,1.0,,1.0,
full_sample,leave_out_inflation_pressure_pair__vs__student_t_7_combined,leave_out_inflation_pressure_pair,student_t_7_combined,inflation_pressure_pair,leave_one_out,False,strict_pre_final_score_day,quadrant_cross_entropy_to_exact_score_map,lower,183,-0.00023059409135388304,0.0,-0.0005397503658721837,8.610085359351685e-06,0.963,-0.00023059409135388304,-0.0005397503658721837,8.610085359351685e-06,0.0296,0.10657868426314737,12,1,5000,20260722,,,,0.21315736852629474
full_sample,add_inflation_pressure_pair__vs__partial_only,add_inflation_pressure_pair,partial_only,inflation_pressure_pair,add_one,False,strict_pre_final_score_day,score_center_negative_log_predictive_density,lower,183,-2.7958895779399105e-05,0.0,-0.0009697909036715291,0.0008762756317035775,0.508,2.7958895779399105e-05,-0.0008762756317035776,0.000969790903671529,0.508,0.9562087582483503,12,1,5000,20260722,,,,0.9562087582483503
full_sample,add_one_business_investment__vs__partial_only,add_one_business_investment,partial_only,business_investment,add_one,True,strict_pre_final_score_day,score_center_negative_log_predictive_density,lower,183,-0.018344516808320305,0.0,-0.05256281351154978,-0.00038659293221712045,0.9868,0.018344516808320305,0.00038659293221711893,0.05256281351154978,0.9868,0.10777844431113777,12,1,5000,20260722,1.0,0.6466706658668266,,
full_sample,add_one_consumer_demand__vs__partial_only,add_one_consumer_demand,partial_only,consumer_demand,add_one,True,strict_pre_final_score_day,score_center_negative_log_predictive_density,lower,183,-0.07572329434687226,-0.0328304639724013,-0.11962298904261086,-0.03555986050544846,1.0,0.07572329434687226,0.03555986050544844,0.11962298904261084,1.0,0.0001999600079984003,12,1,5000,20260722,0.0027994401119776045,0.0013997200559888023,,
full_sample,add_one_housing_activity__vs__partial_only,add_one_housing_activity,partial_only,housing_activity,add_one,True,strict_pre_final_score_day,score_center_negative_log_predictive_density,lower,183,-0.007113954956837197,0.0,-0.025371596306630575,0.004155708478591237,0.7474,0.007113954956837197,-0.004155708478591242,0.02537159630663054,0.7474,0.4449110177964407,12,1,5000,20260722,1.0,1.0,,
full_sample,add_one_inflation_expectations__vs__partial_only,add_one_inflation_expectations,partial_only,inflation_expectations,add_one,True,strict_pre_final_score_day,score_center_negative_log_predictive_density,lower,183,-7.0882758038639244e-06,0.0,-2.1264827411591775e-05,0.0,0.687,7.0882758038639244e-06,-0.0,2.1264827411591775e-05,0.687,0.5546890621875625,12,1,5000,20260722,1.0,1.0,,
full_sample,add_one_inflation_input_costs__vs__partial_only,add_one_inflation_input_costs,partial_only,inflation_input_costs,add_one,True,strict_pre_final_score_day,score_center_negative_log_predictive_density,lower,183,-2.0094592854552283e-05,0.0,-0.0009874043332360474,0.0008719631678260249,0.506,2.0094592854552283e-05,-0.0008719631678260249,0.0009874043332360471,0.506,0.9662067586482703,12,1,5000,20260722,1.0,1.0,,
full_sample,add_one_monthly_labor_demand__vs__partial_only,add_one_monthly_labor_demand,partial_only,monthly_labor_demand,add_one,True,strict_pre_final_score_day,score_center_negative_log_predictive_density,lower,183,3.943709149126851e-05,0.0,-0.0011594673898119923,0.0012783318159425236,0.4806,-3.943709149126851e-05,-0.001278331815942524,0.001159467389811992,0.4806,0.9272145570885822,12,1,5000,20260722,1.0,1.0,,
full_sample,add_one_weekly_labor_stress__vs__partial_only,add_one_weekly_labor_stress,partial_only,weekly_labor_stress,add_one,True,strict_pre_final_score_day,score_center_negative_log_predictive_density,lower,183,-0.022731143948128363,0.0,-0.07188545468736604,0.01837120501392826,0.7742,0.022731143948128363,-0.018371205013928266,0.07188545468736598,0.7742,0.44731053789242153,12,1,5000,20260722,1.0,1.0,,
full_sample,leave_one_out_business_investment__vs__student_t_7_combined,leave_one_out_business_investment,student_t_7_combined,business_investment,leave_one_out,True,strict_pre_final_score_day,score_center_negative_log_predictive_density,lower,183,0.011074908458783648,0.0,-0.007995545823140774,0.04380433909426407,0.3186,0.011074908458783648,-0.007995545823140774,0.04380433909426407,0.6814,0.5632873425314937,12,1,5000,20260722,1.0,,1.0,
full_sample,leave_one_out_consumer_demand__vs__student_t_7_combined,leave_one_out_consumer_demand,student_t_7_combined,consumer_demand,leave_one_out,True,strict_pre_final_score_day,score_center_negative_log_predictive_density,lower,183,0.06765019171202348,0.0313316687425238,0.024945328718963693,0.11217060888564048,0.0004,0.06765019171202348,0.024945328718963693,0.11217060888564048,0.9996,0.0015996800639872025,12,1,5000,20260722,0.020795840831833633,,0.011197760447910418,
full_sample,leave_one_out_housing_activity__vs__student_t_7_combined,leave_one_out_housing_activity,student_t_7_combined,housing_activity,leave_one_out,True,strict_pre_final_score_day,score_center_negative_log_predictive_density,lower,183,0.005120873474092486,0.0,-0.00517418814848149,0.0202939901371852,0.2506,0.005120873474092486,-0.00517418814848149,0.0202939901371852,0.7494,0.47110577884423116,12,1,5000,20260722,1.0,,1.0,
full_sample,leave_one_out_inflation_expectations__vs__student_t_7_combined,leave_one_out_inflation_expectations,student_t_7_combined,inflation_expectations,leave_one_out,True,strict_pre_final_score_day,score_center_negative_log_predictive_density,lower,183,8.099306894072417e-06,0.0,0.0,2.429792068221725e-05,0.0,8.099306894072417e-06,0.0,2.429792068221725e-05,0.6742,0.4361127774445111,12,1,5000,20260722,1.0,,1.0,
full_sample,leave_one_out_inflation_input_costs__vs__student_t_7_combined,leave_one_out_inflation_input_costs,student_t_7_combined,inflation_input_costs,leave_one_out,True,strict_pre_final_score_day,score_center_negative_log_predictive_density,lower,183,-0.0014815145974075605,0.0,-0.003737963444810243,0.00032143311201415743,0.9332,-0.0014815145974075605,-0.003737963444810243,0.00032143311201415743,0.0594,0.15356928614277143,12,1,5000,20260722,1.0,,0.7678464307138572,
full_sample,leave_one_out_monthly_labor_demand__vs__student_t_7_combined,leave_one_out_monthly_labor_demand,student_t_7_combined,monthly_labor_demand,leave_one_out,True,strict_pre_final_score_day,score_center_negative_log_predictive_density,lower,183,0.0010386079642867249,0.0,1.2848813893995937e-05,0.0023670321925302698,0.0224,0.0010386079642867249,1.2848813893995937e-05,0.0023670321925302698,0.9776,0.08318336332733453,12,1,5000,20260722,0.9982003599280144,,0.4991001799640072,
full_sample,leave_one_out_weekly_labor_stress__vs__student_t_7_combined,leave_one_out_weekly_labor_stress,student_t_7_combined,weekly_labor_stress,leave_one_out,True,strict_pre_final_score_day,score_center_negative_log_predictive_density,lower,183,0.021805916391183754,0.0,-0.018734578215377287,0.08381071303696772,0.2464,0.021805916391183754,-0.018734578215377287,0.08381071303696772,0.7536,0.4621075784843031,12,1,5000,20260722,1.0,,1.0,
full_sample,leave_out_inflation_pressure_pair__vs__student_t_7_combined,leave_out_inflation_pressure_pair,student_t_7_combined,inflation_pressure_pair,leave_one_out,False,strict_pre_final_score_day,score_center_negative_log_predictive_density,lower,183,-0.0014740521418790703,0.0,-0.003722539900848411,0.0003802080278845462,0.9278,-0.0014740521418790703,-0.003722539900848411,0.0003802080278845462,0.0626,0.15676864627074585,12,1,5000,20260722,,,,0.3135372925414917
